numero;theme;sous_theme;categorie_examen;question;choix_a;choix_b;choix_c;bonne_reponse;reponse_de_la_base;justification;origine;alerte;note;lecon
2;1;1.1;C;Quelle est l'autorité en charge d'agréer les sociétés de gestion de portefeuille ?;L'Autorité des Marchés Financiers (AMF);L'Autorité de Contrôle Prudentiel et de Résolution (ACPR);La Banque de France;A;A;Art L 532-9 du CMF, II;V4 (fév. 2021);;;manuel/01-cadre-institutionnel.md
3;1;1.1;C;La supervision du secteur bancaire et financier en France est assurée entre autres par :;L'Autorité de Contrôle Prudentiel et de Résolution;Le Comité Consultatif du Secteur Financier;Le CECEI (Comité des Établissements de Crédit et des Entreprises d'Investissement);A;A;Ordonnance du 21 Janvier 2010 : création de l'ACP et 26 Juillet 2013 avec la loi de séparation et de régulation des activités bancaires elle devient l'ACPR;V4 (fév. 2021);;;manuel/01-cadre-institutionnel.md
4;1;1.1;C;L'Autorité de Contrôle Prudentiel et de résolution a un pouvoir de sanction :;A l'égard de tout établissement inscrit au registre du commerce;Uniquement à l'égard des établissements qui tombent sous son contrôle ou sous celui de l'Autorité des marchés financiers;Uniquement à l'égard des établissements qui tombent sous son contrôle;C;C;L. 612-1-I CMF;V4 (fév. 2021);;;manuel/01-cadre-institutionnel.md
5;1;1.1;C;Dans quel document sont définies les missions de l'AMF;Le code monétaire et financier;Une instruction du Ministère de l'économie et des finances;La constitution;A;A;Article L621-1 du CMF;V4 (fév. 2021);;;manuel/01-cadre-institutionnel.md
6;1;1.1;C;Quel est le rôle principal du CCSF (Comité consultatif du secteur financier) ?;Agir en tant que médiateur en cas de litige entre un établissement de crédit et un client;Edicter des règlements d'application des lois en matière financière;Proposer des mesures d'amélioration des relations entre les établissements de crédit et leurs clients;C;C;Article L614-1 du code monétaire et financier;V4 (fév. 2021);;;manuel/01-cadre-institutionnel.md
7;1;1.1;C;Quel est le rôle du CCSF (Comité Consultatif du Secteur Financier) ?;C'est une institution consultative qui rédige des avis ou des recommandations dans lesquelles elle propose des mesures sous forme d'avis ou de recommandations législatives, réglementaires ou déontologiques dans le domaine des relations entre les établissements financiers et leurs clientèles respectives;Le CCSF rédige les lois régissant le secteur financier en France;C'est une institution qui veille au respect par les banques et les assurances de leurs obligations en matière de pratiques commerciales à l'égard de leurs clientèles;A;A;C. mon. fin., art. L 614-1.;V4 (fév. 2021);;;manuel/01-cadre-institutionnel.md
8;1;1.1;C;Qui agrée les associations représentatives des CIF (Conseillers en Investissements Financiers) ?;Le ministère des finances;La Banque de France;L'AMF (Autorité des Marchés Financiers);C;C;L 541-1 et suivants Code Monétaire et Financier;V4 (fév. 2021);;;manuel/01-cadre-institutionnel.md
9;1;1.1;C;Quelle est la composition de l'AMF?;Un Collège et des commissions consultatives;Un Collège et une Commission des Sanctions;Un Collège, une Commission des sanctions et des commissions consultatives;C;C;CMF art L.621-2;V4 (fév. 2021);;;manuel/01-cadre-institutionnel.md
10;1;1.1;C;L'Autorité de contrôle prudentiel et de résolution (ACPR) doit veiller :;A la protection de l'épargne investie dans les instruments financiers;A l'information des investisseurs et au bon fonctionnement des marchés d'instruments financiers;A la préservation de la stabilité du système financier et à la protection des clients;C;C;Art. L612-1, I, al. 1 et L 621-1, al. 1 CMF;V4 (fév. 2021);;;manuel/01-cadre-institutionnel.md
12;1;1.1;C;En France, le pouvoir réglementaire est directement exercé par :;Le Comité Consultatif de la Législation et de la Réglementation (CCLRF);Comité européen des régulateurs de marchés de valeurs mobilières (CESR);Le ministre chargé de l'économie;C;C;L. 611-1 CMF;V4 (fév. 2021);;;manuel/01-cadre-institutionnel.md
13;1;1.1;C;Le Comité Consultatif de la Législation et de la Règlementation Financière (CCLRF) est en charge de :;Superviser et contrôler des établissements de crédit;Mettre en place des ratios prudentiels des banques et des sociétés d'assurance;Donner un avis sur tous les projets de textes normatifs relatifs aux secteurs de la banque et de l'assurance;C;C;CMF art. L. 614-2 et Code des Assurances L. 411-2;V4 (fév. 2021);;;manuel/01-cadre-institutionnel.md
14;1;1.1;C;Le HCSF (Haut Conseil de stabilité financière) a pour mission principale de veiller à :;La stabilité des marchés financiers;La surveillance du système financier dans son ensemble;La stabilité des règles utilisées par les banques dans leurs états financiers;B;B;Article L631-2-1 du code monétaire et financier;V4 (fév. 2021);;;manuel/01-cadre-institutionnel.md
15;1;1.1;C;Quel est le rôle du CCLRF (Comité Consultatif de la Législation et de la Réglementation Financières) ?;Le CCLRF édicte lois dans les domaines de la banque et de la finance;C'est une institution consultative qui donne un avis sur les projets de textes législatifs et réglementaires (français ou européens) dans le domaine financier;C'est l'organe de tutelle et de contrôle des marchés financiers en France;B;B;C. mon. fin., art. L 614-2.;V4 (fév. 2021);;;manuel/01-cadre-institutionnel.md
16;1;1.1;C;Qui agrée les SGP (Sociétés de Gestion de Portefeuille) ?;L'AMF (Autorité des Marchés Financiers);L'ACPR (Autorité de Contrôle Prudentiel et de Résolution);L'ORIAS (Organisme pour le Registre des Intermédiaires en Assurance);A;A;L 533 et suivants Code Monétaire et Financier;V4 (fév. 2021);;;manuel/01-cadre-institutionnel.md
18;1;1.1;C;Quel est le rôle du HCSF (Haut Conseil de Stabilité Financière) ?;Assurer la prestation de services spécifiques aux collectivités publiques;Formuler des avis ou recommandations pour prévenir les risques systémiques;Produire des règles en matière de comptabilité;B;B;CMF L631-2-1;V4 (fév. 2021);;;manuel/01-cadre-institutionnel.md
19;1;1.1;C;Quel organisme décide des dispositifs de résolution applicables aux banques défaillantes ?;La cellule TRACFIN (Traitement du renseignement et action contre les circuits financiers clandestins);L'ACPR (Autorité de Contrôle Prudentiel et de Résolution);L'AMF (Autorité des Marchés Financiers);B;B;CMF L612-1 à L612-3;V4 (fév. 2021);;;manuel/01-cadre-institutionnel.md
20;1;1.1;C;Les fonctions de membre du comité consultatif de la législation et de la réglementation financières (CCLRF) sont-elles rémunérées?;Oui, la rémunération est votée en assemblée générale par les membres eux-mêmes;Oui, selon un barème fixé par décret en Conseil d'Etat;Non, elles sont exercées gratuitement;C;C;Article D 614-3, I CMF;V4 (fév. 2021);;;manuel/01-cadre-institutionnel.md
21;1;1.1;C;Quel est le statut de l'AMF ?;Un département du ministère de l'économie et des finances;Une autorité publique indépendante;Un département de la Banque de France;B;B;Article L621-1 du Code monétaire et financier;V4 (fév. 2021);;;manuel/01-cadre-institutionnel.md
22;1;1.1;C;Qui est chargé de contrôler le respect par les sociétés de gestion de portefeuille des dispositions réglementaires qui leurs sont applicables :;Le CCLRF (Comité consultatif de la législation et de la réglementation financières);La Banque de France;L'AMF;C;C;Article L621-9 du code monétaire et financier;V4 (fév. 2021);;;manuel/01-cadre-institutionnel.md
23;1;1.1;C;L'autorité de Contrôle Prudentiel et de résolution (ACPR) est une autorité :;Administrative indépendante;Subordonnée à l'Autorité des marchés financiers (AMF);Adossée à la Banque de France;C;C;https://acpr.banque-france.fr/page-sommaire/presentation-de-lacpr;V4 (fév. 2021);pie;L'ACPR est juridiquement une autorité administrative indépendante ET adossée à la Banque de France. La base attend « adossée à la Banque de France ».;manuel/01-cadre-institutionnel.md
25;1;1.1;C;Quelle autorité assure les contrôles et enquêtes relatives à la régularité des opérations effectuées sur des instruments financiers ?;L'AMF;L'ACPR;Le CCLRF;A;A;"Site de l'AMF ""la procédure de sanction"" et article L621-9 du code monétaire et financier";V4 (fév. 2021);;;manuel/01-cadre-institutionnel.md
26;1;1.1;C;La modification du code de bonne conduite d'une association représentative des conseillers en investissements financiers agréée par l'Autorité des Marchés Financiers (AMF) :;Doit être soumise à l'approbation préalable de l'AMF;Doit être soumise à la ratification postérieure de l'AMF;Est un motif de retrait de son agrément;A;A;Article 325-43, alinéa 2 RGAMF;V4 (fév. 2021);;;manuel/01-cadre-institutionnel.md
27;1;1.1;C;En France, la sécurité des marchés financiers est assurée par :;L'AFB (Association Française des Banques);Le CCSF (Comité Consultatif du Secteur Financier);L'AMF (Autorité des Marchés Financiers);C;C;CMF L621-1;V4 (fév. 2021);;;manuel/01-cadre-institutionnel.md
28;1;1.1;C;Parmi les propositions suivantes, quelle est l'activité sur laquelle l'AMF veille au respect des obligations professionnelles ?;L'intermédiation en assurance vie;Le conseil en investissements financiers;Le service de caisse;B;B;Art L621-9 du CMF;V4 (fév. 2021);;;manuel/01-cadre-institutionnel.md
29;1;1.1;C;Que peut faire l'Autorité des Marchés Financiers en cas de pratiques contraires à son règlement général ou aux obligations professionnelles, notamment en cas d'abus de marché :;La Commission des sanctions peut prononcer des sanctions;La commission des sanctions n'est que consultative, elle transmet ses conclusions au procureur de la République;L'AMF n'a aucun pouvoir de sanction et ne peut transmettre de rapport au procureur de la République par respect du secret professionnel;A;A;articles L621-15 à L621-17-1 CMF;V4 (fév. 2021);;;manuel/01-cadre-institutionnel.md
31;1;1.1;C;Quel est l'organe de tutelle et de contrôle des marchés financiers en France ?;L'ACPR (Autorité de Contrôle Prudentiel et de Résolution);L'AMF (Autorité des Marchés Financiers);La Banque de France;B;B;C. mon. fin., art. L. 621-1 et s.;V4 (fév. 2021);;;manuel/01-cadre-institutionnel.md
32;1;1.1;C;Quelle est la mission du Comité consultatif du secteur financier ?;Donner un avis sur les questions relatives aux relations entre les établissements de crédit et leur clientèle;Veiller à la stabilité du secteur financier;Limiter les risques de nature systémique;A;A;Art L 614-1 du Code Monétaire et Financier;V4 (fév. 2021);;;manuel/01-cadre-institutionnel.md
34;1;1.1;C;L'agrément et le contrôle du respect de la règlementation des établissements de crédit sont assurés par :;Le Ministère de l'Economie et des Finances;L'Autorité des Marchés Financiers;L'Autorité de Contrôle Prudentiel et de Résolution;C;C;Site internet acpr.banque-france.fr et CMF art. L. 612-1 II;V4 (fév. 2021);;;manuel/01-cadre-institutionnel.md
35;1;1.1;C;L'entreprise de marché est habilitée à exercer les droits correspondant au marché réglementé uniquement quand cette qualité est reconnue par:;L'Autorité de Contrôle Prudentiel et de Résolution (ACPR);L'Autorité des Marchés Financiers (AMF);Ministre chargé de l'économie sur proposition de l'Autorité des Marchés Financiers (AMF);C;C;Article 511-9, L. 421-4 du code monétaire et financier;V4 (fév. 2021);;;manuel/01-cadre-institutionnel.md
311;1;1.1;C;Quel est le comité en charge d 'étudier les questions liées aux relations entre les établissements financiers et leurs clientèles et de préconiser des mesures appropriées ?;Le Comité Consultatif du Secteur Financier (CCSF);Le Comité des Etablissements de Crédit et des Entreprises d 'Investissement (CECEI);Le Comité de Bâle au sein de la Banque des règlements internationaux (BRI);A;A;Article L614-1 du CMF;V4 (fév. 2021);;;manuel/01-cadre-institutionnel.md
1079;1;1.1;C;Le Comité Consultatif du Secteur Financier (CCSF) a pour fonction :;D'étudier les questions liées aux relations entre les établissements financiers et leurs clientèles;De protéger la stabilité financière des entreprises sous la surveillance du secteur financier;De protéger la rentabilité financière des entreprises du secteur financier;A;A;CMF art. L. 614-1 à 3;V4 (fév. 2021);;;manuel/01-cadre-institutionnel.md
2604;1;1.1;C;"Le suivi du respect par les fonds labellisés ""Relance"" de la bonne application de la Charte de ce label est assuré par :";La Direction des relations avec les épargnants et leur protection de l'AMF (Autorité des Marchés Financiers);La direction générale du Trésor;La direction de la Banque de France;B;B;;Récente (n° ≥ 2553);;;manuel/01-cadre-institutionnel.md
2628;1;1.1;C;L'AMF est une :;Autorité publique indépendante;Autorité adossée à la Banque de France;Autorité européenne;A;A;;Récente (n° ≥ 2553);;;manuel/01-cadre-institutionnel.md
2668;1;1.1;C;Le HCSF (Haut conseil de stabilité financière) est composé de 8 membres dont :;Le président de l'ACPR;Le ministre de l’action et des comptes public;Un magistrat de la Cour des comptes, proposé par le premier président de la Cour des comptes;A;A;;Récente (n° ≥ 2553);;;manuel/01-cadre-institutionnel.md
2669;1;1.1;C;Le collège de l’AMF est composé de 16 membres dont :;Le gouverneur de la banque de France;Le ministre de l’économie et des finances publiques;Un magistrat de la Cour des comptes, proposé par le premier président de la Cour des comptes;C;C;;Récente (n° ≥ 2553);;;manuel/01-cadre-institutionnel.md
36;1;1.2.1;C;Un établissement de crédit français désirant exercer librement sa prestation de service d'investissements dans l'Union européenne doit obtenir :;Un agrément de la commission européenne;Un passeport européen auprès de l'ACPR;Une autorisation de la Cour Européenne de Justice;B;B;Directive UE 2013/36 - Reglement UE 926/2014 - arrêté du 10 avril 2019 / JORF 20-04-2019;V4 (fév. 2021);;;manuel/01-cadre-institutionnel.md
37;1;1.2.1;C;Quel est l'objectif du marché unique ?;Faciliter la libre circulation des capitaux;Restreindre la circulation des capitaux;Eviter la circulation des capitaux vers les paradis fiscaux;A;A;Articles 63 et 64 du Traité sur l'Union Européenne;V4 (fév. 2021);;;manuel/01-cadre-institutionnel.md
38;1;1.2.1;C;Le passeport européen pour les instruments et les établissements financiers permet :;La libre circulation de l'argent quelle que soit son origine;Dans des cas particuliers de s'affranchir de la réglementation abus de marché;Ce passeport permet la reconnaissance mutuelle des agréments délivrés dans chaque pays européen par les autorités compétentes;C;C;directive 2014/65/UE dite MIF2;V4 (fév. 2021);;;manuel/01-cadre-institutionnel.md
39;1;1.2.1;C;Qu'est-ce que le Mécanisme de surveillance unique (MSU)?;Le système de surveillance financière composé de l'Autorité Bancaire Européenne (ABE) et des autorités compétentes nationales des États membres participants;Le système de surveillance financière composé de l'Autorité Européenne des Marchés Financiers (AEMF) et des autorités compétentes nationales des États membres participants;Le système de surveillance financière composé de la Banque Centrale Européenne (BCE) et des autorités compétentes nationales des États membres participants;C;C;Art. 2 du Règlement (UE) n°1024/2013;V4 (fév. 2021);;;manuel/01-cadre-institutionnel.md
40;1;1.2.1;C;Quel est l'objectif de l'Union Bancaire Européenne ?;Surveiller les établissements de crédit et les entreprises d'assurance européens;Anticiper les risques de crise bancaire et mieux en traiter les conséquences si elle survient;Contrôler la politique budgétaire et les finances publiques des États Européens;B;B;Union bancaire européenne décidée par le conseil européen du 29 juin 2012 . Mécanisme de surveillance unique : règlement (UE) No 1024/2013du conseil du 15 octobre 2013. Mécanisme de résolution unique : règlement (UE) No 806/2014 du parlement européen et du conseil du 15 juillet 2014.;V4 (fév. 2021);;;manuel/01-cadre-institutionnel.md
41;1;1.2.1;C;Qu'est-ce que l'AEMF (ou ESMA)?;L'autorité européenne des mutuelles financières;L'autorité européenne des marchés financiers;L'autorité européenne des mécanismes fiscaux;B;B;Voir le site de l'union européenne : https://europa.eu/european-union/about-eu/agencies/esma_fr https://ec.europa.eu/info/business-economy-euro/banking-and-finance/banking-union/what-banking-union_en;V4 (fév. 2021);;;manuel/01-cadre-institutionnel.md
42;1;1.2.1;C;Parmi les propositions suivantes concernant les organismes européens de supervision, laquelle est vraie ?;Le CERS est l'organisme chargé de la supervision de marchés financiers en Europe;L'AEMF (ESMA en anglais) est l'organisme chargé de la supervision de marchés financiers en Europe;L'AEMF est l'organisme chargé de la supervision des banques en Europe;B;B;Site de la commission européenne;V4 (fév. 2021);;;manuel/01-cadre-institutionnel.md
43;1;1.2.1;C;Quels sont les organes qui assurent la surveillance du secteur financier au niveau européen ?;L'Autorité Bancaire Européenne (ABE) pour le secteur bancaire, l'Autorité Européenne des Assurances et des Pensions Professionnelles (AEAPP) pour le secteur de l'assurance et l'Autorité Européenne des Marchés Financiers (AEMF) pour les marchés des valeurs mobilières. Ensemble, ils assurent la surveillance du secteur financier au niveau européen;Le conseil ECOFIN assure la surveillance du secteur financier au niveau européen;Le groupe consultatif européen sur l'information financière (European Financial Reporting Advisory Group - EFRAG) pour le secteur bancaire et le comité international de normalisation comptable (International Accounting Standards Committee - IASC) pour le secteur financier assurent ensemble la surveillance du secteur financier au niveau européen;A;A;"Règlement (UE) n° 1093/2010 instituant une Autorité européenne de surveillance (Autorité bancaire européenne), modifié par le règlement (UE) n° 1022/2013 ; Règlement (UE) n° 1094/2010 instituant une Autorité européenne de surveillance (Autorité européenne des assurances et des pensions professionnelles) ; Règlement (UE) n° 1095/2010 instituant une Autorité européenne de surveillance (Autorité européenne des marchés financiers).";V4 (fév. 2021);;;manuel/01-cadre-institutionnel.md
44;1;1.2.1;C;"La Directive ""Solvabilité II"" est une réforme de la réglementation européenne qui concerne :";Le secteur de la finance;Le secteur de l'assurance;Le secteur de l'immobilier;B;B;directive UE 2009/138;V4 (fév. 2021);;;manuel/01-cadre-institutionnel.md
47;1;1.2.1;C;L'ESMA (European Securities and Markets Authority) a parmi ses missions de :;Maintenir la stabilité des prix;"Définir la politique monétaire de la zone ""euro""";Veiller à la stabilité financière de l'Union Européenne;C;C;"Directive 2010/78/UE; Règlement européen 1095/2010 du 24 novembre 2010";V4 (fév. 2021);;;manuel/01-cadre-institutionnel.md
48;1;1.2.1;C;Quel est l'objectif principal du passeport européen ?;L'enregistrement centralisé des statuts des sociétés des prestataires de services d'investissement (PSI);La reconnaissance mutuelle des diplômes entre pays européens;La libre prestation de services au sein de l'Union européenne;C;C;C. mon. fin., art. D 532-20 à D 532-23-1.;V4 (fév. 2021);;;manuel/01-cadre-institutionnel.md
49;1;1.2.1;C;Quels sont les états concernés par l'Union Bancaire ?;Les États de la zone euro;Les États de l'Union Européenne;"Les États de la zone euro et les États de l'UE ayant établi une ""coopération rapprochée""";C;C;Art 2 du Règlement UE 1024/2013;V4 (fév. 2021);;;manuel/01-cadre-institutionnel.md
50;1;1.2.1;C;L'Union européenne impose aux marchés financiers des règles communes qui portent sur :;Le fonctionnement des marchés et la protection des épargnants;La nomination des dirigeants des entreprises de marché;La garantie totale des titres placés;A;A;Site de l'AMF;V4 (fév. 2021);;;manuel/01-cadre-institutionnel.md
53;1;1.2.1;C;L'Autorité Bancaire Européenne (EBA en anglais) a pour objectif :;De sauvegarder la stabilité et l'efficacité du système bancaire et se focalise particulièrement sur tout risque présenté par des établissements financiers dont la défaillance risque d'entraver le fonctionnement du système financier ou de l'économie réelle;De créer un fonds commun de recouvrement de toutes les dettes européennes;De superviser l'AMF;A;A;règlement n°1093/2010;V4 (fév. 2021);;;manuel/01-cadre-institutionnel.md
54;1;1.2.1;C;Quelle est la caractéristique principale du passeport européen pour un prestataire de services d'investissement ?;Le prestataire de services d'investissement peut étendre ses activités à tous les pays membres de l'UE sur la base de l'agrément obtenu dans son pays d'origine;Le prestataire de services d'investissement peut étendre ses activités à tous les pays d'Europe sur la base de l'agrément obtenu dans son pays d'origine;Le prestataire de services d'investissement peut étendre ses activités à tous les pays membres de l'UE sur la base de l'agrément obtenu dans n'importe quel pays;A;A;http://ec.europa.eu/internal_market/securities/isd/mifid_fr.htm;V4 (fév. 2021);;;manuel/01-cadre-institutionnel.md
55;1;1.2.1;C;Quel est le rôle de l'Autorité européenne des marchés financiers (AEMF ou ESMA - European Securities and Markets Authority ) ?;Assurer la surveillance individuelle des entreprises de marché;Améliorer la protection des investisseurs et promouvoir la stabilité et le bon fonctionnement des marchés financiers;Agréer les sociétés de gestion de portefeuille;B;B;Règlement (UE) No 1095/2010 du 24 novembre 2010 instituant une Autorité européenne de surveillance (Autorité européenne des marchés financiers) / Site internet de l'Union Européenne : https://europa.eu/european-union/about-eu/agencies/esma_fr;V4 (fév. 2021);;;manuel/01-cadre-institutionnel.md
56;1;1.2.1;C;Parmi les institutions suivantes, laquelle fait partie du système européen de surveillance financière (SESF) ?;L'Autorité européenne des marchés financiers (AEMF);La Fédération bancaire Européenne;La Banque Centrale Européenne;A;A;Article 2 du Règlement UE 1093/2010;V4 (fév. 2021);;;manuel/01-cadre-institutionnel.md
57;1;1.2.1;C;Au niveau européen, il existe deux organes de régulation pour la banque et l'assurance, lesquels ?;L'ESMA et l'AMF;L'ESMA et l'EBA;L'EBA et l'EIOPA;C;C;règlement n°1093/2010;V4 (fév. 2021);;;manuel/01-cadre-institutionnel.md
58;1;1.2.1;C;Comment fonctionne le Système Européen de Surveillance Financière (SESF) ?;Il s'agit d'un dispositif qui repose sur la création d'un corps européen d'inspection des banques;Ce dispositif est organisé en réseau autour de l'Union Bancaire Européenne (UBE) et du Comité Européen des Valeurs Mobilières (CEVM);Ce dispositif est organisé en réseau autour des trois Autorités Européennes de Surveillance (AES), des autorités nationales de surveillance et du Conseil Européen du Risque Systémique (CERS);C;C;"Règlement (UE) 1092/2010 ; https://www.bankingsupervision.europa.eu/about/esfs/html/index.fr.html";V4 (fév. 2021);;;manuel/01-cadre-institutionnel.md
60;1;1.2.1;C;Qui assure la cohérence globale de la régulation des marchés financiers en Europe ?;Le conseil supérieur européen;L' Organisation Internationale des Commissions de Valeurs - OICV;L'Autorité européenne des marchés financiers - ESMA;C;C;Règlement européen n° 1095/2010;V4 (fév. 2021);;;manuel/01-cadre-institutionnel.md
61;1;1.2.1;C;Dans quel but l'Union Européenne veut-elle obtenir l'harmonisation des règles de fonctionnement des marchés financiers ?;Pour limiter la concurrence entre les différents marchés financiers;Pour renforcer la protection des épargnants et le bon fonctionnement des marchés;Pour que les services financiers soient réservés à des investisseurs qualifiés;B;B;economie.gouv.fr / rapport demarigny;V4 (fév. 2021);;;manuel/01-cadre-institutionnel.md
62;1;1.2.1;C;La Directive sur les systèmes de garantie des dépôts (SGD) prévoit une contribution des banques basée :;Sur leur profil de risque et le montant des dépôts garantis;Sur la taille de leur bilan;Leur ancienneté;A;A;Point 36 directive 2014/49/UE du 16 avril 2014 relative aux systèmes de garantie des dépôts (dite SGD);V4 (fév. 2021);;;manuel/01-cadre-institutionnel.md
63;1;1.2.1;C;Avec l'instauration de MiFiD 2, quel dispositif est particulièrement renforcé ?;Les normes comptables IAS et IFRS;L'échange d'informations entre les autorités nationales compétentes;Le périmètre de responsabilité élargi pour le Joint Forum;B;B;Règlement d'exécution UE 2017/981 de la Commission du 07/06/2017, et 2017/586 de la Commission du 14/07/2016;V4 (fév. 2021);;;manuel/01-cadre-institutionnel.md
64;1;1.2.1;C;L'ensemble des régulateurs européens des marchés financiers se réunit au sein :;"L'Autorité Européenne des Marchés Financiers (AEMF; en anglais European Securities and Markets Authority (ESMA))";La Banque Centrale Européenne (BCE);Le Fonds Monétaire International (FMI);A;A;https://www.esma.europa.eu/;V4 (fév. 2021);;;manuel/01-cadre-institutionnel.md
266;1;1.2.1;C;Lequel des organismes français suivants fait partie de l'ESMA (ou AEMF) ?;L'AMF;La Banque de France;L'Autorité de Contrôle Prudentiel et de Résolution (ACPR);A;A;Voir le site : https://www.esma.europa.eu/about-esma/governance/board-supervisors-and-ncas;V4 (fév. 2021);;;manuel/01-cadre-institutionnel.md
281;1;1.2.1;C;Dans le cadre du passeport européen un établissement financier peut offrir ses services soit par le libre établissement d'une succursale soit par la libre prestation de services :;L'autorisation ne vaut que pour les opérations de crédit;L'autorisation ne vaut que pour les services agréés dans le pays d'origine;L'autorisation couvre toutes les opérations que souhaite offrir l'établissement, même celles pour lesquelles il n'a pas d'agrément dans le pays d'origine;B;B;Directive 2014/65/UE art. 34 et 35;V4 (fév. 2021);;;manuel/01-cadre-institutionnel.md
287;1;1.2.1;C;"Dans le cadre du MSU (Mécanisme de Surveillance Unique), qui décide qu'un établissement bancaire est ""significatif"" ?";La BCE (Banque Centrale Européenne);L'ACPR (Autorité de Contrôle Prudentiel et de Résolution);Le ministère des Finances;A;A;Article 39 REGULATION (EU) No 468/2014 OF THE EUROPEAN CENTRAL BANK of 16 April 2014;V4 (fév. 2021);;;manuel/01-cadre-institutionnel.md
298;1;1.2.1;C;Comment appelle-t-on le dispositif qui permet aux PSI agréés d'exercer librement leurs activités dans n'importe quel État membre de l'Union européenne ?;Le mécanisme unique des prestations de service;Le passeport international;Le passeport européen;C;C;https://www.amf-france.org/Acteurs-et-produits/Societes-de-gestion/Passeport;V4 (fév. 2021);;;manuel/01-cadre-institutionnel.md
305;1;1.2.1;C;Quelle institution vote les nouvelles lois européennes?;Le Parlement européen;La Cour de justice de l'Union européenne;La Commission européenne;A;A;https://europa.eu/european-union/about-eu/institutions-bodies_fr;V4 (fév. 2021);;;manuel/01-cadre-institutionnel.md
309;1;1.2.1;C;En cas de crise bancaire, qui peut saisir l'ACPR pour entamer une résolution ?;Le Gouverneur de la Banque de France uniquement;Le Gouverneur de la Banque de France ou le Directeur Général du Trésor;Le Directeur Général du Trésor uniquement;B;B;Communication relative à la stratégie de résolution du Collège de résolution de l'ACPR $ 3.2.5.2. : https://acpr.banque-france.fr/sites/default/files/media/2017/10/25/20140718-communication-relative-a-la-strategie-de-resolution-du-college-de-resolution-de-l-acpr.pdf;V4 (fév. 2021);;;manuel/01-cadre-institutionnel.md
325;1;1.2.1;C;Parmi les autorités suivantes laquelle a un rôle de conseil de la Commission Européenne sur les lois concernant les marchés financiers, de rédaction de normes techniques pour l 'application de ces lois et de contrôle de la mise en œuvre par les Etats membre de l 'UE ?;L 'Esma (autorité européenne des marches financiers);L 'OICV (l 'organisation internationale des commissions de valeur);Le Conseil européen des ministres des finances Ecofin;A;A;Article 8, Règlement (UE) n°1095/2010 du Parlement européen et du Conseil du 24 novembre 2010 instituant une Autorité européenne de surveillance (Autorité européenne des marchés financiers) https://www.esma.europa.eu/about-esma/who-we-are;V4 (fév. 2021);;;manuel/01-cadre-institutionnel.md
2632a;1;1.2.1;C;Le SGD, Système de Garantie des Dépôts, protège, en règle générale, les dépôts de tous les déposants (personnes physiques ou entreprises) à concurrence de :;100 000 euros;50 000 euros;150 000 euros;A;A;;Récente (n° ≥ 2553);;;manuel/01-cadre-institutionnel.md
2666;1;1.2.1;C;L'ESMA :;Exerce une surveillance directe sur certaines entités financières spécifiques comme les agences de notation de crédit et les référentiels centraux;Exerce conjointement avec la Banque Mondiale une surveillance directe sur les grandes banques nationales au niveau mondial;Peut retirer un agrément à un établissement de crédit;A;A;;Récente (n° ≥ 2553);;;manuel/01-cadre-institutionnel.md
65;1;1.2.2;C;L'Organisation Internationale des Commissions de Valeurs (OICV) :;Réglemente au niveau international les échanges commerciaux;Réglemente uniquement les marchés mondiaux de matières premières;Etablit des standards internationaux en matière de marchés financiers;C;C;Publication AMF du 24 juillet 2014 - Les relations institutionnelles de l'AMF à l'international;V4 (fév. 2021);;;manuel/01-cadre-institutionnel.md
66;1;1.2.2;C;Quel est la mission principale du Comité de Bâle ?;Contribuer à l'amélioration de l'état du monde financier en réunissant régulièrement les acteurs internationaux;Renforcer la solidité du système financier mondial,l'efficacité du contrôle prudentiel et la coopération entre régulateurs;Mettre en place les outils de communication entre pays pour limiter au maximum la fraude fiscale;B;B;Site ACPR: les instances : le comité de Bâle;V4 (fév. 2021);;;manuel/01-cadre-institutionnel.md
67;1;1.2.2;C;Quelle est la mission essentielle du Fonds Monétaire International ?;Veiller à la stabilité financière et faciliter le commerce international;Assurer la coordination entre régulateurs nationaux et internationaux dans les domaines de la banque et de l'assurance;Faciliter les travaux d'analyse des investisseurs internationaux;A;A;Accords de Bretton Woods du 22 juillet 1944, modifiés les 31 mai 1968 et le 30 avril 1976;V4 (fév. 2021);;;manuel/01-cadre-institutionnel.md
68;1;1.2.2;C;Quel est l'objectif du Comité de Bâle ?;Le Comité de Bâle a pour objectif de renforcer la solidité du système financier mondial en améliorant l'efficacité du contrôle prudentiel et la coopération entre les régulateurs bancaires;Le Comité de Bâle a pour objectif d'assurer le bon fonctionnement et l'intégrité des marchés financiers suisses;Le Comité de Bâle a pour unique objectif d'assurer la protection des investisseurs en Europe;A;A;Site internet de l'ACPR : https://acpr.banque-france.fr/europe-et-international/banques/instances/comite-de-bale;V4 (fév. 2021);;;manuel/01-cadre-institutionnel.md
69;1;1.2.2;C;L'organisation internationale des commissions de valeurs (OICV) :;Dispose d'un pouvoir de sanctions;A pour objectif principal d'établir des normes internationales;Dispose d'un pouvoir de contrôle;B;B;https://www.amf-france.org/L-AMF/Relations-institutionelles/International/Instances-internationales.html;V4 (fév. 2021);;;manuel/01-cadre-institutionnel.md
70;1;1.2.2;C;Quelle est la mission du Comité de Bâle ?;La définition et la gestion de la politique monétaire dans la zone euro;La surveillance des marchés financiers dans la zone euro;La promotion de la coopération internationale en matière de contrôle prudentiel;C;C;https://www.bis.org/bcbs/index.htm;V4 (fév. 2021);;;manuel/01-cadre-institutionnel.md
73;1;1.2.2;C;En matière de réglementation, l'Autorité des marchés financiers (AMF) :;Peut signer des accords de coopération avec ses homologues internationaux;Ne peut signer des accords de coopération qu'avec ses homologues de la zone euro;Ne peut signer des accords de coopération qu'avec ses homologues de l'Union européenne;A;A;Publication de l'AMF du 4 janvier 2016 - Directive AIFM : l'AMF publie les 34 accords bilatéraux signés avec des autorités non européennes supervisant les gestionnaires de fonds d'investissement alternatifs;V4 (fév. 2021);;;manuel/01-cadre-institutionnel.md
74;1;1.2.2;C;De qui relève l'élaboration des standards internationaux sur les marchés de valeurs mobilières?;Du Forum financier international;Du Comité de Bâle;De l'Organisation Internationale des Commissions de Valeurs;C;C;Objectives and Principles of Securities Regulation de 2003;V4 (fév. 2021);;;manuel/01-cadre-institutionnel.md
75;1;1.2.2;C;Parmi les affirmations suivantes relatives à l'OICV (Organisation Internationale des Commissions de Valeurs), laquelle est correcte?;Il s'agit d'une organisation internationale créée par la Directive MIF 2;Il s'agit d'une organisation regroupement la quasi-totalité des Etats et des Banques Centrales à travers le monde;Son principal objectif est d'établir des standards internationaux permettant notamment de renforcer l'efficacité et la transparence des marchés de valeurs mobilières;C;C;Site internet de l'afg (https://www.afg.asso.fr/categorie-de-document/reglementation-de-la-gestion-dactifs/consultations/oicv-et-joint-forum/);V4 (fév. 2021);;;manuel/01-cadre-institutionnel.md
76;1;1.2.2;C;Qu'est-ce que l'Organisation Internationale des Commissions de Valeurs (OICV ou IOSCO - International Organization of Securities Commissions) ?;"L'OICV est une organisation qui élabore et met en œuvre des normes ( ""standards"" ) en matière de réglementation et de surveillance pour la grande majorité des marchés de valeurs mobilières dans le monde";L'OICV est une organisation qui contrôle les agences de notation au niveau mondial;L'OICV est une organisation qui a pour mission de surveiller et d'analyser les risques qui pèsent sur la stabilité du système financier mondial;A;A;Site internet de l'OICV : https://www.iosco.org/about/?subsection=about_iosco.;V4 (fév. 2021);;;manuel/01-cadre-institutionnel.md
284;1;1.2.2;C;Le comité de Bâle a pour objectif essentiel de :;Faciliter la coopération entre les régulateurs afin de lutter contre le crime financier;Promouvoir l'harmonisation internationale dans le domaine du contrôle prudentiel bancaire;Renforcer la coordination des régulateurs de marchés européens de valeurs mobilières;B;B;bis.org/bcbs/charter.htm ou bis.org/bcbs/history.htm;V4 (fév. 2021);;;manuel/01-cadre-institutionnel.md
295;1;1.2.2;C;Quelles sont les missions du Conseil de stabilité financière ?;Surveiller les établissements financiers au niveau mondial;Surveiller les négociations sur les marchés monétaires au niveau mondial;Surveiller le système financier mondial;C;C;Voir le site : https://www.fsb.org/about/;V4 (fév. 2021);;;manuel/01-cadre-institutionnel.md
299;1;1.2.2;C;Parmi les organisations suivantes, laquelle appartient à l'architecture internationale de la régulation financière ?;L'Eurosystème;Le Comité de Bâle;Le dépositaire central Euroclear;B;B;Bulletin de la commission bancaire N°4, avril 1991, page 1 : https://acpr.banque-france.fr/sites/default/files/media/2017/10/30/cb_bul_04_etu_02.pdf Présentation ACPR du 30/01/2018, page 15 : https://acpr.banque-france.fr/sites/default/files/medias/documents/20180130-lille-fac.pdf;V4 (fév. 2021);;;manuel/01-cadre-institutionnel.md
306;1;1.2.2;C;Le Conseil de Stabilité Financière (Financial Stability Board) a pour mission :;D'identifier les vulnérabilités du système financier mondial et de proposer des mesures pour y remédier;D'identifier les vulnérabilités du système financier européen et de sanctionner les acteurs du système financier;De surveiller les places financières mondiales sous le contrôle du Fonds Monétaire International;A;A;https://www.fsb.org;V4 (fév. 2021);;;manuel/01-cadre-institutionnel.md
310;1;1.2.2;C;Quelle est la mission du Conseil de Stabilité Financière ?;Etablir des standards internationaux en matière de LCB-FT;Faire reculer la pauvreté dans le monde;Elaborer des recommandations de bonne conduite pour assurer la stabilité financière internationale;C;C;G20 Londres avril 2009, déclaration du 02/04/2009, §15 : http://www.g20.utoronto.ca/2009/2009communique0402-fr.pdf confirmé par la présentation ACRPR du 30/01/2018, page 14 : https://acpr.banque-france.fr/sites/default/files/medias/documents/20180130-lille-fac.pdf;V4 (fév. 2021);;;manuel/01-cadre-institutionnel.md
322;1;1.2.2;C;La directive dite CRD (Capital Requirement Directive) fixe les règles à suivre par les établissements de crédit en termes de niveau de fonds propres nécessaires. Cette directive transcrit en droit européen les recommandations issues d 'un accord international atteint sous l 'égide :;Du comité de Bâle au sein de la Banque des Règlements Internationaux;Du Groupe d 'Action Financière (GAFI);Du Fonds Monétaire International (FMI);A;A;DIRECTIVE 2013/36/UE DU PARLEMENT EUROPÉEN ET DU CONSEIL du 26 juin 2013 (considérant 79 et suivant);V4 (fév. 2021);;;manuel/01-cadre-institutionnel.md
2634;1;1.2.2;C;Les accords de Bretton Woods ont permis de créer :;Le FMI;L'ESMA;La SEC;A;A;;Récente (n° ≥ 2553);;;manuel/01-cadre-institutionnel.md
2670;1;1.2.2;C;Le Financial Stability Board est un organisme;National;International;Européen;B;C;;Récente (n° ≥ 2553);err;La base donne « Européen » : c'est FAUX. Le FSB (Conseil de stabilité financière) est un organisme INTERNATIONAL créé par le G20 en 2009. Si la question tombe, réponds « International ».;manuel/01-cadre-institutionnel.md
2671;1;1.2.2;C;La mission du FSB (Financial Stability Board) est de :;Déterminer les vulnérabilités du système financier mondial et identifier et évaluer les régulations à mettre en œuvre pour les prévenir;Contribuer à un niveau élevé d'emplois;Accorder des prêts à effet de levier à des pays en developpement;A;A;;Récente (n° ≥ 2553);;;manuel/01-cadre-institutionnel.md
77;1;1.3;C;Quelle est l'une des conditions d'accès à la profession de Conseiller en Investissements Financiers ?;Aucune condition;Une formation professionnelle adaptée;Un agrément de l'AMF;B;B;RG AMF Art 325-1;V4 (fév. 2021);;;manuel/01-cadre-institutionnel.md
79;1;1.3;C;Que prévoit MiFiD 2 concernant la fourniture de services d'investissement par des entreprises de pays tiers ?;Une immatriculation obligatoire auprès de l'ORIAS;Un LEI (Legal Identifier Entity);Un cadre juridique harmonisé;C;C;Textes européens : Directive 2014/65/UE Articles 16 et 24,Directive déléguée 2017/593,Guidelines de l'ESMA sur la gouvernance des produits. Textes français : articles L533-24 et L 533-24,1 du Code Monétaire et Financier, article 313.1 et suivants du Règlement Général de l'AMF;V4 (fév. 2021);;;manuel/01-cadre-institutionnel.md
80;1;1.3;C;Quelle règle s'applique aux CIF - Conseillers en Investissements Financiers ?;Ils doivent être agréés par l'ACPR;Ils doivent adhérer à une, et une seule, association professionnelle agréée par l'AMF;Ils peuvent exercer librement, sous réserve d'une déclaration à la Banque de France;B;B;Loi sécurité financière n°2003-706 du 1er août 2003 et article 325-2 du RG AMF;V4 (fév. 2021);;;manuel/01-cadre-institutionnel.md
81;1;1.3;C;Le conseiller en investissements financiers (CIF) exerce :;Une profession dont le statut est règlementé par le Code Monétaire et Financier (CMF) et le Règlement Général de l'Autorité des Marchés Financiers (RGAMF);Une profession soumise à l'agrément de la Banque de France;Une profession libre d'exercice;A;A;CMF art. L. 541-1, site de l'AMF et des associations agréées par l'AMF (ANACOFI, CNCGP, CNCIF, Compagnie des CGP);V4 (fév. 2021);;;manuel/01-cadre-institutionnel.md
82;1;1.3;C;Pour être Conseiller en investissements financiers (CIF) il est, entre autres, nécessaire :;De respecter les règles de bonne conduite prévues par le Code Monétaire et Financier, le Règlement Général de l'AMF et celles définies par l'association dont il relève;De représenter une compagnie d'assurances;D'agir sous la responsabilité d'une seule et unique entreprise d'investissement;A;A;Loi de Sécurité Financière n 2003-706 du 01/08/2003;V4 (fév. 2021);;;manuel/01-cadre-institutionnel.md
83;1;1.3;C;Les acteurs habilités à réaliser du conseil en investissement sont :;Uniquement les prestataires de services d'investissement;Les prestataires de services d'investissement et les conseillers en investissements financiers (CIF);Toute personne morale;B;B;Articles et L531-1 et L541-1 du code monétaire et financier;V4 (fév. 2021);;;manuel/01-cadre-institutionnel.md
84;1;1.3;C;Quelle est la condition préalable pour qu'un CIF (Conseiller en Investissements Financiers) puisse formuler un conseil ?;Etre le représentant d'une compagnie d'assurance;Faire signer une lettre de mission à son client;"Justifier d'un minimum de 3 ans d'expérience professionnelle en tant que ""trader""";B;B;RG AMF art 325-6;V4 (fév. 2021);;;manuel/01-cadre-institutionnel.md
85;1;1.3;C;En quoi consiste l'activité d'IOBSP (Intermédiaire en Opérations de Banque et en Services de Paiement) ?;Il s'agit de l'activité qui consiste à présenter, proposer ou aider à la conclusion des services d'investissement ou à effectuer tous travaux et conseils préparatoires à leur réalisation;Il s'agit de l'activité des établissements bancaires et de crédit qui proposent uniquement des services de paiement;Il s'agit de l'activité qui consiste à présenter, proposer ou aider à la conclusion des opérations de banque ou des services de paiement ou à effectuer tous travaux et conseils préparatoires à leur réalisation;C;C;C. mon. fin., art. L 519-1 / Site internet de l'ACPR : https://acpr.banque-france.fr/foire-aux-questions-iobsp.;V4 (fév. 2021);;;manuel/01-cadre-institutionnel.md
86;1;1.3;C;Les conseillers en investissements financiers sont les personnes exerçant à titre de profession habituelle les activités :;De conseil en investissement uniquement;De conseil et de gestion de portefeuille uniquement;De conseil en investissement et de réception/transmission d'ordres;C;C;L. 541-1 CMF;V4 (fév. 2021);;;manuel/01-cadre-institutionnel.md
87;1;1.3;C;Un Conseiller en Investissement Financier (CIF) :;Peut exercer librement en France à la seule condition qu'il commercialise des produits financiers standards;Doit remplir des conditions d'âge et d'honorabilité fixées par décret;Doit obligatoirement être titulaire d'un diplôme de Niveau I (Master, diplôme d'études approfondies, diplôme d'études supérieures spécialisées, diplôme d'ingénieur);B;B;art L 541-1 et suivants du code monétaire et financier;V4 (fév. 2021);;;manuel/01-cadre-institutionnel.md
88;1;1.3;C;Quelle est la condition préalable pour qu'un conseiller en investissements financiers puisse formuler un conseil ?;Etre le représentant d'un IOBSP;Faire signer une lettre de mission à son client;Etre immatriculé au Registre du Commerce et des Sociétés pour son activité;B;B;Loi de Sécurité Financière n 2003-706 du 01/08/2003;V4 (fév. 2021);;;manuel/01-cadre-institutionnel.md
90;1;1.3;C;Pour exercer une activité de gestion de portefeuille, le Prestataire de Service d'Investissement revêt le statut de :;Conseiller en investissement financier;Etablissement de crédit;Société de gestion de portefeuille;C;C;RGAMF 316-2 et suivants;V4 (fév. 2021);;;manuel/01-cadre-institutionnel.md
91;1;1.3;C;L'inscription au registre de l'ORIAS (Organisme pour le registre unique des intermédiaires en assurance, banque et finance) :;N'a pas de date d'expiration;Doit être renouvelée chaque année;Ne peut pas être radiée;B;B;L. 546-1 et R. 546-3-III du Code monétaire et financier;V4 (fév. 2021);;;manuel/01-cadre-institutionnel.md
92;1;1.3;C;Avant de formuler un conseil, le CIF (Conseiller en Investissements Financiers) et son client doivent signer une lettre de mission qui précise :;La fréquence des contacts entre le CIF et le client;Les modalités de rémunération du CIF;Les diplômes et l'expérience professionnelle du CIF;B;B;RG AMF art 325-6;V4 (fév. 2021);;;manuel/01-cadre-institutionnel.md
93;1;1.3;C;Quelle est l'activité habituelle d'un CIF (conseiller en investissements financiers) ?;Fournir des recommandations générales concernant des instruments financiers à des fins d'information ou de publicité;Fournir des recommandations personnalisées à un tiers, soit à sa demande, soit à l'initiative de l'entreprise qui fournit le conseil, concernant une ou plusieurs transactions portant sur des instruments financiers;Déposer les fonds qu'ils ont reçu du public sur un compte ouvert auprès de la CDC (Caisse des Dépôts et Consignations);B;B;C. mon. fin., art. D 321-1 / C. envir., art. L 229-7.;V4 (fév. 2021);;;manuel/01-cadre-institutionnel.md
94;1;1.3;C;Qui effectue le premier niveau de contrôle des conseillers en investissements financiers ?;L'association professionnelle dont ils relèvent;L'ORIAS;L'AMF;A;A;Loi de Sécurité Financière n° 2003-706 du 01/08/2003;V4 (fév. 2021);;;manuel/01-cadre-institutionnel.md
95;1;1.3;C;A quelle condition, un établissement de crédit peut-il distribuer des instruments financiers ?;Dès qu'il a son agrément de prestataire de services d'investissement délivré par l'ACPR, après approbation par l'AMF;Dès qu'il est inscrit auprès d'une association professionnelle de Conseillers en investissements financiers;Dès qu'il a son agrément d'établissement de crédit par l'ACPR;A;A;Article L.532-1 du CMF;V4 (fév. 2021);;;manuel/01-cadre-institutionnel.md
96;1;1.3;C;Outre le conseil, quelles activités un CIF (conseiller en investissements financiers) peut-il pratiquer, sous réserve de respecter les obligations légales afférentes ?;Il peut proposer des services de paiement;Il peut procéder à des saisies-attributions;Il peut faire des opérations de démarchage financier en vue d'obtenir un accord sur une prestation de conseil en investissement (sous certaines conditions);C;C;C. mon. fin., art. L 341-3.;V4 (fév. 2021);;;manuel/01-cadre-institutionnel.md
98;1;1.3;C;Un IOBSP (Intermédiaire en opérations de banque et en services de paiement) est :;Un établissement qui fournit des conseils sur des instruments financiers ou des services de paiement;Une personne qui, contre rémunération, aide à la conclusion d'opérations de banque ou de services de paiement;Une personne physique salariée d'un établissement de crédit;B;B;Statut posé par l'article L 519-1 du Code Monétaire et Financier (modifié par la loi n 2010-1249 DU 22/10/2010) dans son article 36 et par l'ordonnance 2016-351 du 25 Mars 2016;V4 (fév. 2021);;;manuel/01-cadre-institutionnel.md
100;1;1.3;C;Un CIF (conseiller en investissement financier) qui fournit un service de conseil en investissement doit :;Informer ses clients si les conseils sont fournis de manière indépendante ou non;Obligatoirement être affilié à un réseau bancaire ou d'assurance;Fournir son CV à tous ses clients;A;A;RG AMF art 325-6;V4 (fév. 2021);;;manuel/01-cadre-institutionnel.md
101;1;1.3;C;Le statut de conseillers en investissements participatifs est-il cumulable avec d'autres statuts ?;Oui, il peut être cumulé avec celui de IOBSP - Intermédiaire en opérations de banque et en services de paiement;Oui, il peut être cumulé avec celui d'IFP - Intermédiaires en financement participatif;Oui, il peut être cumulé avec celui de CIF - Conseiller en investissements financiers;B;B;Article L547-1 du CMF;V4 (fév. 2021);obs;Statut de CIP supprimé le 10/11/2023 (règlement européen ECSP) : les plateformes d'investissement participatif sont devenues des PSFP agréés par l'AMF. Réponse de la base : cumul CIP + IFP.;manuel/01-cadre-institutionnel.md
102;1;1.3;C;S'agissant des entreprises d'assurance, quelle affirmation est exacte ?;Les entreprises d'assurance sont des intermédiaires en opérations de banque et services de paiement;Les entreprises d'assurance peuvent être des intermédiaires en bourse sur les marchés organisés;Les entreprises d'assurance peuvent proposer des instruments financiers;C;C;Voir le site : https://www.amf-france.org/Epargne-Info-Service/Savoir-bien-investir/Choisir-un-professionnel/A-qui-s-adresser;V4 (fév. 2021);;;manuel/01-cadre-institutionnel.md
103;1;1.3;C;Tous les établissements de crédit sont tenus d'adhérer à un organisme professionnel ou à un organe central lui-même affilié à :;L'Association française des établissements de crédit et des entreprises d'investissement;La Banque Mondiale;L'Association française bancaire;A;A;L. 511-29 CMF;V4 (fév. 2021);;;manuel/01-cadre-institutionnel.md
105;1;1.3;C;Tout conseiller en investissements financiers :;Est libre d'adhérer, ou non, à une association professionnelle de son choix;A l'obligation d'adhérer à une association professionnelle agréée par l'Autorité des Marchés Financiers (AMF);A l'obligation d'adhérer à une association professionnelle agréée par l'Autorité de Contrôle Prudentiel et de Résolution (ACPR);B;B;Art. L 541-4, I et III CMF;V4 (fév. 2021);;;manuel/01-cadre-institutionnel.md
106;1;1.3;C;Qu'est-ce qu'un IOBSP (Intermédiaire en Opérations de Banque et en Services de Paiement) ?;Une personne qui propose à titre habituel et contre rémunération, l'intermédiation en opérations de banque sans se porter ducroire;Une personne employée au guichet dans un établissement de crédit;Le nouveau nom des agences en libre service;A;A;L 519-1 Code Monétaire et Financier;V4 (fév. 2021);;;manuel/01-cadre-institutionnel.md
107;1;1.3;C;Qui agrée les associations représentatives des CIF (Conseillers en Investissement Financiers) ?;L'ACPR (Autorité de Contrôle Prudentiel et de Résolution);L'AMF (Autorité des Marchés Financiers);L'ORIAS (Organisme pour le Registre des Intermédiaires en Assurance);B;B;Article 325-2 Règlement Général de l'AMF;V4 (fév. 2021);;;manuel/01-cadre-institutionnel.md
108;1;1.3;C;Quelle est l'activité principale des CIF (Conseillers en Investissements Financiers) ?;Conseiller leurs clients sur la réalisation d'investissements financiers et d'opérations en biens divers;Déposer les fonds qu'ils ont reçu de leurs clients sur un compte ouvert auprès de la CDC (Caisse des Dépôts et Consignations);Mettre au point de nouveaux produits d'investissements financiers et de nouvelles offres sur biens divers;A;A;C. mon. fin., art. L 541-1.;V4 (fév. 2021);;;manuel/01-cadre-institutionnel.md
110;1;1.3;C;Quels établissements peuvent recevoir un agrément en tant que prestataires de services d'investissement ?;Les établissements de crédit uniquement;Les établissements de crédit, les entreprises d'assurance et les fonds de pension;Les établissements de crédit, les entreprises d'investissement et les sociétés de gestion de portefeuille;C;C;Article L531-1 du code monétaire et financier;V4 (fév. 2021);;;manuel/01-cadre-institutionnel.md
111;1;1.3;C;Quel professionnel a l'obligation de s'inscrire sur le registre unique d'immatriculation des intermédiaires en assurance, banque et finance tenu par l'ORIAS ?;Un agent général d'assurance;Un chargé de clientèle particuliers;Un trader salarié d'un PSI (Prestataire de Services d'Investissement);A;A;CMF L546-1 / orias.fr;V4 (fév. 2021);;;manuel/01-cadre-institutionnel.md
112;1;1.3;C;Un agent général d'assurance :;A toujours le statut de CIF;Est généralement une personne physique;Les deux réponses à la fois;B;B;orias.fr;V4 (fév. 2021);;;manuel/01-cadre-institutionnel.md
113;1;1.3;C;Quels sont les établissements financiers tenus d'adhérer à une association professionnelle elles-mêmes affiliée à l'Association française des établissements de crédit et des entreprises d'investissement, l'AFECEI ?;Les entreprises d'investissement;Les chambres de compensation;Les deux réponses à la fois;C;C;L531-8 et L511-29 CMF;V4 (fév. 2021);;;manuel/01-cadre-institutionnel.md
114;1;1.3;C;Les PSI (Prestataires de Services d'Investissement) sont des entreprises qui exercent leur activité :;Sans aucun agrément;Avec un agrément, quel que soit leur nombre de salariés;Avec un agrément, uniquement si elles ont plus de 10 salariés;B;B;CMF L532-1;V4 (fév. 2021);;;manuel/01-cadre-institutionnel.md
115;1;1.3;C;Quelle obligation est commune aux Conseillers en Investissements Financiers (CIF) et aux Conseillers en Investissements Participatifs(CIP) ?;L'immatriculation au Registre de la Banque de France;L'immatriculation sur le registre unique prévu à l'article L512-1 du Code des Assurances (ORIAS);L'immatriculation au registre tenu par l'Autorité des Marchés Financiers;B;B;Article L546-1 du CMF;V4 (fév. 2021);obs;Mentionne les CIP, statut supprimé depuis le 10/11/2023 (ECSP). Le CIF reste immatriculé à l'ORIAS : la réponse « ORIAS » reste juste.;manuel/01-cadre-institutionnel.md
118;1;1.3;C;Les entreprises d'investissements sont :;Des sociétés de gestion de portefeuille et des établissements de crédit agréées pour fournir des services d'investissement à titre accessoire et occasionnel;Des personnes morales, y compris les sociétés de gestion de portefeuille et les établissements de crédit, qui sont agréées pour fournir à titre de profession habituelle des services d'investissement;Des personnes morales, autres que les sociétés de gestion de portefeuille et les établissements de crédit, qui sont agréées pour fournir à titre de profession habituelle des services d'investissement;C;C;Article L531-4 du CMF;V4 (fév. 2021);;;manuel/01-cadre-institutionnel.md
119;1;1.3;C;Un établissement de crédit ayant obtenu l'agrément pour pouvoir proposer des services d'investissement est classé, selon le code monétaire et financier, comme :;Un prestataire de services d'investissement;Un prestataire de services de paiement;Une entreprise d'investissement;A;A;CMF art L531-1.;V4 (fév. 2021);;;manuel/01-cadre-institutionnel.md
121;1;1.3;C;L'ORIAS est :;L'Office des règlements internationaux pour les assurances;L'Organisme pour le registre unique des intermédiaires en assurance, banque et finance;L'Organisme pour le règlement des intermédiaires en assurance;B;B;orias.fr;V4 (fév. 2021);;;manuel/01-cadre-institutionnel.md
122;1;1.3;C;Quelle autorité dispose d'un pouvoir de contrôle et de sanctions sur les Conseillers en Investissement Financier ?;L'AMF;L'Association des Conseillers en Investissement Financiers (ACIF);L' ACPR;A;A;Code monétaire et financier L 541-1 et suivants du CMF et art 325-1 du RGAMF;V4 (fév. 2021);;;manuel/01-cadre-institutionnel.md
123;1;1.3;C;L'ORIAS a-t-elle la compétence pour contrôler le respect des règles de non cumul de statuts (IAS, IOBSP, CIF, IFP etc) édictées par le Code Monétaire et Financier ?;Oui, cette compétence lui a été expressément confiée par le législateur lors de la création du Registre Unique;Non car il n'existe pas de règles de non cumul de statuts;Non mais ces règles font l'objet d'un rappel spécifique lors des formalités d'inscription et d'une mention publique informative pour les consommateurs;C;C;Site internet de l'ORIAS, NOTE RELATIVE AU FONCTIONNEMENT DU REGISTRE UNIQUE DES INTERMEDIAIRES EN ASSURANCES (IAS), INTERMEDIAIRES EN OPERATIONS DE BANQUE ET SERVICES DE PAIEMENT (IOBSP), CONSEILLERS EN INVESTISSEMENTS FINANCIERS (CIF) ET AGENTS LIES DE;V4 (fév. 2021);;;manuel/01-cadre-institutionnel.md
124;1;1.3;C;Pour exercer leur activité, les sociétés de gestion de portefeuille pour compte de tiers doivent obtenir l'agrément :;De l'AMF (Autorité des Marchés Financiers) et de la BCE (Banque Centrale Européenne);De l'AMF et de l'ACPR;De l'AMF uniquement;C;C;RG AMF art 321-1 et suivants / CMF L532-9;V4 (fév. 2021);;;manuel/01-cadre-institutionnel.md
125;1;1.3;C;Un Conseiller en Investissement Financier (CIF) peut :;Exercer la réception et transmission d'ordres sur des parts ou actions d'OPCVM;Exercer la gestion individualisée sous mandat;Gérer des OPCVM;A;A;CMF art. L. 541-1 et suivants - Site internet AMF Commercialisation et CIF 26 mai 2014;V4 (fév. 2021);;;manuel/01-cadre-institutionnel.md
126;1;1.3;C;Des activités des prestataires de services d'investissement comprennent:;La tenue de Livret A;Le conseil juridique;La négociation pour compte propre;C;C;Article L321-1 Code monétaire et financier;V4 (fév. 2021);;;manuel/01-cadre-institutionnel.md
127;1;1.3;C;Pour exercer une activité d'intermédiaire en opération de banque et de service de paiement, de Conseiller en investissement financier et d'agents liés de Prestataires d'investissement, la personne doit être enregistrée auprès de;L'AMF (Autorité des marchés financiers);L'ACPR (Autorité de contrôle prudentiel et de résolution);L'ORIAS (Organisme pour le registre unique des intermédiaires en assurance, banque et finance);C;C;Arrët2 du 24 septembre 2014;V4 (fév. 2021);;;manuel/01-cadre-institutionnel.md
267;1;1.3;C;Quelle est l'une des obligations des Conseillers en Investissements Financiers ?;Disposer d'un budget minimum de 100 000 euros;Disposer de moyens techniques et de procédures adaptés à son activité;Disposer d'un responsable de la conformité et du contrôle interne;B;B;Voir le site : http://www.amf-france.org/Acteurs-et-produits/Commercialisation/Conseillers-en-investissements-financiers.html#title_paragraph_2;V4 (fév. 2021);;;manuel/01-cadre-institutionnel.md
268;1;1.3;C;Dans quels cas un CIF peut-il recevoir des instruments financiers de ses clients ?;Jamais;Seulement dans le cas où cette réception est habituelle;Seulement s'il en fait la déclaration à l'AMF;A;A;CMF article L 541-6;V4 (fév. 2021);;;manuel/01-cadre-institutionnel.md
269;1;1.3;C;A quelle obligation un CIF est-il soumis ?;Etre agréé par l'AMF;Adhérer à une association professionnelle agréée par l'AMF;Etre titulaire d'un diplôme de second cycle universitaire;B;B;CMF article L. 541-4;V4 (fév. 2021);;;manuel/01-cadre-institutionnel.md
278;1;1.3;C;Un intermédiaire en biens divers est une personne qui commercialise;Un produit d'assurance;Un ou plusieurs biens en mettant en avant son probable rendement financier;Un bien à usage commercial ou professionnel;B;B;CMF Art. L550-1;V4 (fév. 2021);;;manuel/01-cadre-institutionnel.md
292;1;1.3;C;Un Conseiller en investissements financiers peut-il faire du conseil portant sur la réalisation d'opérations sur biens divers ?;Oui, un CIF peut , entre autres, faire du conseil portant sur la réalisation d'opérations sur biens divers;Oui, mais il ne peut le faire qu'à titre accessoire;Non, il ne peut absolument pas faire de conseil portant sur la réalisation d'opérations sur biens divers;A;A;Article L541-1 du CMF;V4 (fév. 2021);;;manuel/01-cadre-institutionnel.md
313;1;1.3;C;Une entreprise d 'investissement est :;Une personne morale, autre qu 'une société de gestion de portefeuille ou un établissement de crédit, agréée pour fournir à titre de profession habituelle des services d'investissement;Une personne morale, qui peut être une société de gestion de portefeuille, agréée pour fournir à titre de profession accessoire ou habituelle des services d 'investissement;Toute personne morale ou physique agréée pour fournir à titre de profession habituelle des services d'investissement;A;A;Article L 531 - 4 du CMF;V4 (fév. 2021);;;manuel/01-cadre-institutionnel.md
314;1;1.3;C;Parmi les intermédiaires suivants, lequel doit s 'enregistrer auprès de l 'ORIAS ?;Les agents généraux d 'assurance;Les conseillers en émission de titres réalisant aussi le service de placement garanti;Les marchands de biens immobiliers;A;A;Article L 512 - 1 du Code des assurances;V4 (fév. 2021);;;manuel/01-cadre-institutionnel.md
323;1;1.3;C;"Le sigle CGPI signifie ""Conseiller en Gestion de Patrimoine Indépendant"" , il s 'agit :";D 'un statut réglementé par la loi et qui autorise celui qui l 'acquiert à commercialiser des instruments financiers aussi bien que des contrats d 'assurance sur la vie;D 'un statut qui n 'a pas d 'existence légale et ne donne aucun droit à celui qui s 'en prévaut;Du statut de tout professionnel inscrit dans le fichier des démarcheurs bancaires et financiers;B;B;Rapport législatif relatif aux Conseillers en Gestion de Patrimoine, juillet 2011, Assemblée Nationale, M. le Député Louis Giscard - d 'Estaing;V4 (fév. 2021);;;manuel/01-cadre-institutionnel.md
2629;1;1.3;C;L’AMF est habilitée à délivrer un agrément :;Pour les établissements de crédit;Pour les sociétés de gestion de portefeuille;Pour les établissements de monnaie électronique;B;B;;Récente (n° ≥ 2553);;;manuel/01-cadre-institutionnel.md
2632b;1;1.3;C;Le CIF peut :;Adhérer à plusieurs associations professionnelles agréées par l'AMF;Adhérer à une seule association professionnelle agréée par l'AMF;Adhérer à une association professionnelle agréée par l'ACPR;B;B;;Récente (n° ≥ 2553);;;manuel/01-cadre-institutionnel.md
2633;1;1.3;C;Pour fournir des services d'investissement, les entreprises d'investissement et les établissements de crédit doivent obtenir un agrément délivré par :;L'AMF;L'ACPR;L'ESMA;B;B;;Récente (n° ≥ 2553);;;manuel/01-cadre-institutionnel.md
2636;1;1.3;C;Les gestionnaires de plates-formes de négociation sont supervisés :;Par l'AMF uniquement;Conjointement par l'ACPR et l'AMF;Par l'ACPR uniquement;B;B;;Récente (n° ≥ 2553);;;manuel/01-cadre-institutionnel.md
2672;1;1.3;C;Les sociétés de gestion de portefeuille ont un agrément délivré par :;L'AMF;L'ACPR;L'EBA;A;A;;Récente (n° ≥ 2553);;;manuel/01-cadre-institutionnel.md
2673;1;1.3;C;Le CIF est habilité :;A fournir une recommandation personnalisée à un client concernant des transactions portant sur des instruments financiers;A fournir un service de gestion de portefeuille pour le compte de tiers;A fournir un service de gestion de portefeuille pour son compte propre;A;A;;Récente (n° ≥ 2553);;;manuel/01-cadre-institutionnel.md
EF26-07;1;1.3;C;Outre le conseil, quelles activités un CIF (conseiller en investissements financiers) peut-il pratiquer, sous réserve de respecter les obligations légales afférentes ?;Proposer des services de paiement;Prendre des décisions d'investissement à la place de son client et gérer activement son portefeuille;Fournir le service de réception et de transmission d'ordres sur OPC (organismes de placement collectif) pour le compte de ses clients;C;C;Art. L541-1 CMF : le CIF peut fournir le service de réception et de transmission d'ordres sur parts ou actions d'OPC pour le compte du client auquel il a fourni un conseil.;BTS Banque 2026 (EF2);pie;même énoncé que la question 96 de la base, mais la réponse de la base (démarchage financier en vue d'un conseil) n'est pas proposée ici. Bonne réponse : la réception et la transmission d'ordres sur OPC.;manuel/01-cadre-institutionnel.md
128;1;1.5.1;C;Qui détermine l'orientation de la politique monétaire européenne ?;Le Système Européen des Banques Centrales;Le Parlement européen;Les gouvernements des pays de l'espace européen;A;A;Articles 3 et 13 du traité sur l'Union européenne : La conduite de la politique monétaire dans la zone euro figure parmi les responsabilités principales confiées à la BCE par les traités. La BCE constitue avec les banques centrales de tous les États membr;V4 (fév. 2021);;;manuel/01-cadre-institutionnel.md
129;1;1.5.1;C;Les politiques économiques des Etats membres de l'UE :;Sont librement fixées par les Etats membres, ce domaine ne faisant pas partie du périmètre de compétence de l'UE;Doivent être conformes aux grandes orientations des politiques économiques des États membres et de l'Union élaborées par le Conseil de l'Union Européenne (UE);Sont déterminées directement et précisément par la Banque Centrale Européenne (BCE) qui ne laisse aucune marge de manœuvre aux Etats membres en la matière;B;B;Art. 121 du traité sur l'Union européenne et du traité sur le fonctionnement de l'Union européenne;V4 (fév. 2021);;;manuel/01-cadre-institutionnel.md
131;1;1.5.1;C;Quel est le rôle principal des marchés financiers dans l'économie ?;De mettre en relation directe des agents économiques ayant des besoins de capitaux avec des agents économiques ayant des capacités de financement;De réguler les économies nationales;De soutenir la politique monétaire des Etats;A;A;Article 421-1 du code monétaire et financier;V4 (fév. 2021);;;manuel/01-cadre-institutionnel.md
132;1;1.5.1;C;Qui mène la politique monétaire de l'Union monétaire Européenne ?;La BCE seule;La Commission européenne;L'Eurosystème;C;C;Article 282 du Traité de l'Union européenne;V4 (fév. 2021);;;manuel/01-cadre-institutionnel.md
133;1;1.5.1;C;La Banque Centrale Européenne (BCE) a comme objectif principal de :;Réduire le chômage dans les pays membres de l'Union Européenne;Exécuter les décisions des Etats membres de la zone euro dans le domaine de la politique monétaire;Maintenir la stabilité des prix dans les pays membres de la zone euro;C;C;ecb.europa.eu / traité de fonctionnement de l'UE - art 127;V4 (fév. 2021);;;manuel/01-cadre-institutionnel.md
134;1;1.5.1;C;L'objectif principal de la BCE consiste à :;Maintenir la stabilité des prix dans la zone euro;Surveiller des marchés financiers dans la zone euro;Agréer les établissements de crédit dans la zone euro;A;A;Article 127 du Traité sur le fonctionnement de l'Union européenne https://www.ecb.europa.eu/ecb/tasks/monpol/html/index.fr.html;V4 (fév. 2021);;;manuel/01-cadre-institutionnel.md
135;1;1.5.1;C;Comment se définit l'inflation ?;La perte du pouvoir d'achat de la monnaie;La dépréciation de l'euro par rapport aux autres devises;L'augmentation du pouvoir d'achat de la monnaie;A;A;Définition site de l'INSEE;V4 (fév. 2021);;;manuel/01-cadre-institutionnel.md
136;1;1.5.1;C;Pour apprécier le niveau de l'inflation, nous utilisons essentiellement :;L'indice des prix à la consommation;L'indice des prix à la production;L'indice des prix des actifs financiers;A;A;Site internet insee.fr - Site internet france-inflation.com;V4 (fév. 2021);;;manuel/01-cadre-institutionnel.md
137;1;1.5.1;C;Quelle est la fonction d'origine généralement attribuée aux marchés financiers ?;Absorber les excédents de liquidités des entreprises industrielles;Participer au financement de l'économie;Permettre aux banques de placer leurs fonds propres;B;B;Site internet AMAFI - Publication - Le rôle central du marché financier;V4 (fév. 2021);;;manuel/01-cadre-institutionnel.md
140;1;1.5.1;C;Le régime de change d'une devise peut être :;Fixe;Indexé sur le taux d'inflation;Dépendant de la politique fiscale du pays concerné;A;A;La finance pour tous.;V4 (fév. 2021);;;manuel/01-cadre-institutionnel.md
141;1;1.5.1;C;Parmi les instruments financiers suivants, quels sont ceux principalement concernés par la notion de sensibilité aux variations de taux d'intérêt ?;Les actions;Les obligations;Les warrants;B;B;Site internet de la Bourse de Paris : http://www.boursedeparis.fr/centre-d-apprentissage / Définition Vernimmen consultée sur le site internet Les Echos : https://www.lesechos.fr/finance-marches/vernimmen/definition_sensibilite.html.;V4 (fév. 2021);;;manuel/01-cadre-institutionnel.md
143;1;1.5.1;C;La Banque centrale européenne :;Est dépendante des Etats membres dans l'exercice de ses pouvoirs et dans la gestion de ses finances;Est habilitée à autoriser l'émission de l'euro concurremment aux Banques centrales des Etats membres de l'UE;A la personnalité juridique;C;C;Art. 282, 3 du traité sur l'Union européenne et du traité sur le fonctionnement de l'Union européenne;V4 (fév. 2021);;;manuel/01-cadre-institutionnel.md
145;1;1.5.1;C;L'Inflation mesure la variation :;Des taux d'intérêt;De la croissance;Des prix des biens et services;C;C;Blanchard, Cohen, Johnson (2016);V4 (fév. 2021);;;manuel/01-cadre-institutionnel.md
147;1;1.5.1;C;Que représente le PIB?;Le résultat final de l'activité de commercialisation des unités commerciales résidentes;Le résultat final de l'activité d'investissement des unités d'investissement résidentes;Le résultat final de l'activité de production des unités productrices résidentes;C;C;Définition de l'INSEE : Le Produit Intérieur Brut est le résultat final de l'activité de production des unités productrices résidentes sur une année. C'est-à-dire : (somme des valeurs ajoutées brutes des différents secteurs + les impôts - les subvention;V4 (fév. 2021);;;manuel/01-cadre-institutionnel.md
148;1;1.5.1;C;A quoi est liée la fluctuation des marchés financiers ?;Uniquement aux résultats financiers des entreprises cotées;A l'achat par le FMI des titres des entreprises cotées;A un ensemble de paramètres, comme les résultats financiers des entreprises cotées, au niveau de croissance du pays, au taux de chômage ou encore au niveau des taux d'intérêt;C;C;Bourse: les clés d'un bon choix, Comment évaluer un titre à sa juste valeur, Didier VTRAC;V4 (fév. 2021);;;manuel/01-cadre-institutionnel.md
149;1;1.5.1;C;"Qu'appelle-t-on ""fluctuations intraday"" ?";L'évolution du risque de contrepartie au cours d'une séance de Bourse;Les variations du cours d'une action entre le cours de clôture du jour précédent et le cours d'ouverture;Les variations du cours d'une action durant la journée, entre l'ouverture et la clôture;C;C;Site internet de la Bourse de Paris : http://www.boursedeparis.fr/centre-d-apprentissage;V4 (fév. 2021);;;manuel/01-cadre-institutionnel.md
150;1;1.5.1;C;Dans la zone euro, quel est l'objectif principal de la politique monétaire ?;La stabilité des prix, définie comme une inflation à moyen terme nulle;La stabilité de la masse monétaire en euro;"La stabilité des prix, définie comme une inflation à moyen terme ""inférieure à, mais proche de 2%""";C;C;Fiche Banque de France : Qu'est-ce que la politique monétaire ? Janvier 2019;V4 (fév. 2021);obs;Cible d'inflation BCE : « inférieure à, mais proche de 2 % » remplacée en juillet 2021 par une cible de 2 % symétrique à moyen terme. À l'examen, si les choix sont identiques, la réponse attendue reste la seule qui mentionne 2 %.;manuel/01-cadre-institutionnel.md
151;1;1.5.1;C;Qui définit la politique monétaire unique ?;La BCE (Banque Centrale Européenne) seule;Les banques centrales nationales;L'Eurosystème;C;C;Article 127 Traité sur le fonctionnement de l'Union Européenne (TFUE);V4 (fév. 2021);;;manuel/01-cadre-institutionnel.md
152;1;1.5.1;C;Quel est le rôle de la BCE (Banque Centrale Européenne) ?;Définir et mettre en œuvre la politique monétaire de la zone Euro;Emettre les billets de banque;Faire des prêts aux pays émergents;A;A;127-6 Traité de l'Union Européenne;V4 (fév. 2021);;;manuel/01-cadre-institutionnel.md
153;1;1.5.1;C;La BCE (Banque Centrale Européenne) conduit une politique monétaire commune pour :;L'UE (Union Européenne);Les pays de la zone euro;Uniquement les 11 pays fondateurs de l'euro;B;B;105-1 Traité de l'Union Européenne;V4 (fév. 2021);;;manuel/01-cadre-institutionnel.md
155;1;1.5.1;C;Quelles sont les composantes de l'Eurosystème ?;La BCE et des banques centrales nationales de la zone Euro;La BCE et des banques centrales nationales des pays souhaitant y participer;La BCE et des banques centrales nationales de l'UE;A;A;Article 282 du Traité de l'Union européenne;V4 (fév. 2021);;;manuel/01-cadre-institutionnel.md
156;1;1.5.1;C;Quelle est la bonne définition du produit intérieur brut (PIB) ?;Le PIB est la somme de toutes les activités de production du territoire national;Le PIB est la somme des valeurs ajoutées sur le territoire national;Le PIB est la somme de toutes les activités de production du territoire européen;B;B;http://www.insee.fr/fr/methodes/default.asp?page=definitions/produit-inter-brut-prix-march.htm;V4 (fév. 2021);;;manuel/01-cadre-institutionnel.md
158;1;1.5.1;C;Quel taux fait partie des taux directeurs de la Banque Centrale Européenne (BCE) ?;L'EONIA (Euro Overnight Index Average);Le taux des opérations principales de refinancement ou REFI;L'EURIBOR (Euro Interbank Offered Rate);B;B;Traité de fonctionnement de l'UE - art 127 / ORIENTATION (UE) 2015/510 DE LA BANQUE CENTRALE EUROPÉENNE du 19 décembre 2014 concernant la mise en œuvre du cadre de politique monétaire de l'Eurosystème (BCE/2014/60) - JOUE;V4 (fév. 2021);;;manuel/01-cadre-institutionnel.md
159;1;1.5.1;C;Dans le cadre de la politique monétaire, la Banque centrale européenne fixe :;Le taux de change de l'euro vis-à-vis des autres devises;Le taux de croissance économique;Les taux directeurs;C;C;Article 12 protocole N°4 versions consolidées du traité sur l'Union européenne et du Traité sur le fonctionnement de l'Union européenne OJ C 202, 7.6.2016;V4 (fév. 2021);;;manuel/01-cadre-institutionnel.md
160;1;1.5.1;C;Le Produit Intérieur Brut (PIB) totalise :;Les valeurs ajoutées créées par l'ensemble des facteurs de production situés dans un pays;Les valeurs ajoutées créées par l'ensemble des facteurs de production détenus par des nationaux aussi bien dans le pays qu'à l'étranger;Les valeurs ajoutées créées par l'ensemble des facteurs de production étrangers dans le pays;A;A;Blanchard, Cohen, Johnson (2016);V4 (fév. 2021);;;manuel/01-cadre-institutionnel.md
161;1;1.5.1;C;Quel indicateur permet de mesurer la croissance économique d'un pays ?;Son taux de chômage;Son PNB;Son PIB;C;C;INSEE : Pour comprendre la croissance économique;V4 (fév. 2021);;;manuel/01-cadre-institutionnel.md
162;1;1.5.1;C;Pour la France, la politique monétaire est décidée par :;La Banque de France;La BCE (Banque Centrale Européenne);Le Parlement;B;B;Traité de fonctionnement de l'UE - art 127 / ORIENTATION (UE) 2015/510 DE LA BANQUE CENTRALE EUROPÉENNE du 19 décembre 2014 concernant la mise en œuvre du cadre de politique monétaire de l'Eurosystème (BCE/2014/60) - JOUE;V4 (fév. 2021);;;manuel/01-cadre-institutionnel.md
163;1;1.5.1;C;La volatilité des marchés financiers est une mesure :;De performance;De variabilité des prix et donc de risque;De coût de transaction;B;B;Blanchard, Cohen, Johnson (2016);V4 (fév. 2021);;;manuel/01-cadre-institutionnel.md
164;1;1.5.1;C;Qu'est-ce que la BCE (Banque Centrale Européenne ou ECB - European Central Bank) ?;C'est la banque centrale de tous les pays de l'Union européenne;C'est la banque qui remplace toutes les banques centrales nationales des pays ayant adopté l'euro. Elle a pour objectif de promouvoir l'euro comme monnaie unique dans toute l'Union européenne;C'est la banque centrale des pays de l'Union européenne ayant adopté l'euro. Elle a pour objectif de maintenir la stabilité des prix dans la zone euro et de préserver le pouvoir d'achat de la monnaie unique;C;C;Site internet de la BCE : https://www.ecb.europa.eu/ecb/html/index.fr.html;V4 (fév. 2021);;;manuel/01-cadre-institutionnel.md
165;1;1.5.1;C;Dans la zone euro, qui décide du niveau des taux d'intérêt directeurs ?;La Banque centrale européenne;Chaque banque centrale nationale;Les acteurs des marchés financiers;A;A;Site de la BCE.;V4 (fév. 2021);;;manuel/01-cadre-institutionnel.md
166;1;1.5.1;C;Dans l'hypothèse où un Etat membre de l'UE applique une politique économique qui risque de compromettre le bon fonctionnement de l'Union économique et monétaire :;La commission peut exclure cet Etat de l'UE selon une procédure simplifiée;La commission peut imposer, sous astreinte, un changement de la politique économique de cet Etat selon des directives précises;La Commission peut adresser un avertissement à l'État membre concerné;C;C;Article 121, 4 du traité sur l'Union européenne et du traité sur le fonctionnement de l'Union européenne;V4 (fév. 2021);;;manuel/01-cadre-institutionnel.md
167;1;1.5.1;C;Quel facteur est susceptible de faire progresser le cours d'une action ?;Le cours d'une action monte systématiquement lorsque les résultats de l'entreprise émettrice sont publiés;En général, le cours d'une action monte lorsque le chiffre d'affaires de la période s'avère supérieur aux prévisions;Le cours d'une action monte quand le nombre de personnes souhaitant vendre cette action dépasse le nombre de personnes voulant l'acheter;B;B;Site internet de la Bourse de Paris : http://www.boursedeparis.fr/centre-d-apprentissage/actions/pourquoi-les-cours-d-une-action-varient;V4 (fév. 2021);;;manuel/01-cadre-institutionnel.md
168;1;1.5.1;C;On parle d'inflation quand il y a :;Une hausse des prix de certains produits;Une hausse généralisée et continue des prix;Une hausse de la valeur de la monnaie;B;B;insee.fr/definitions;V4 (fév. 2021);;;manuel/01-cadre-institutionnel.md
169;1;1.5.1;C;La politique fiscale dans les pays de l'Union européenne, est du ressort :;De chaque Etat qui peut lui-même en déléguer une partie au niveau régional ou local;De la Banque Centrale Européenne;Du Parlement européen;A;A;http://www.vie-publique.fr/decouverte-institutions/finances-publiques/approfondissements/role-institutions-communautaires-matiere-fiscale.html;V4 (fév. 2021);;;manuel/01-cadre-institutionnel.md
170;1;1.5.1;C;Comment se définit la croissance économique ?;La progression des valorisations sur les marchés financiers;La richesse produite par chaque agent économique;L'augmentation du Produit Intérieur Brut en termes réels sur une ou plusieurs périodes longues;C;C;Source INSEE PIB=Somme des valeurs ajoutées + TVA + Droits de douane sur les exportations-Subventions sur les produits;V4 (fév. 2021);;;manuel/01-cadre-institutionnel.md
171;1;1.5.1;C;Qui est habilité à émettre les billets en euros ?;Uniquement la Banque Centrale Européenne;Uniquement les Banques Centrales Nationales des pays de la zone euro;La BCE et les Banques Centrales Nationales des pays de la zone euro;C;C;Article 128 du Traité sur le fonctionnement de l'Union européenne https://www.ecb.europa.eu/ecb/tasks/euro/html/index.fr.html;V4 (fév. 2021);;;manuel/01-cadre-institutionnel.md
172;1;1.5.1;C;Quel est l'un des principaux effets de l'inflation sur l'économie ?;La variation des cours de bourse;L'érosion de l'épargne liquide des ménages;L'augmentation des prélèvements obligatoires;B;B;"Source INSEE : On observe un ""panier"" pondéré de biens représentatifs de l'ensemble des biens consommés par les ménages. Un indice des prix à la consommation mesure les variations enregistrées sur le panier observé. Ce qui traduit la variation du cout de la vie pour les consommateurs et donc l'inflation";V4 (fév. 2021);;;manuel/01-cadre-institutionnel.md
173;1;1.5.1;C;L'inflation est une situation de hausse généralisée et durable des prix des biens et des services. Cette situation correspond à :;Une hausse du pouvoir d'achat de la monnaie;Une baisse du pouvoir d'achat de la monnaie;Une stabilité du pouvoir d'achat de la monnaie;B;B;Site internet insee.fr - Site internet France-inflation.com;V4 (fév. 2021);;;manuel/01-cadre-institutionnel.md
216;1;1.5.1;C;Qu'est-ce que l'indice des prix à la consommation (IPC) ?;Il s'agit d'un indice qui permet d'estimer le prix de l'ensemble des produits consommés par les ménages sur un territoire donné;Il s'agit d'un instrument de mesure de l'inflation. Il permet d'estimer la variation moyenne des prix des produits consommés par les ménages (hors tabac);Il s'agit d'un indice qui permet d'estimer la valeur de tous les biens et services produits dans un pays donné;B;B;Site internet de l'INSEE : https://www.insee.fr/fr/metadonnees/source/indicateur/p1653/description;V4 (fév. 2021);;;manuel/01-cadre-institutionnel.md
270;1;1.5.1;C;Quel est l'objectif prioritaire du SEBC et de la BCE?;La régulation des banques européennes;La transparence des marchés financiers;Le maintien de la stabilité des prix;C;C;Voir le statut du SEBC : https://www.ecb.europa.eu/ecb/legal/pdf/fr_statute_2.pdf;V4 (fév. 2021);;;manuel/01-cadre-institutionnel.md
271;1;1.5.1;C;Comment la BCE agit-elle sur les taux d'intérêt?;En anticipant les taux d'intérêt que vont appliquer les banques;En fixant les taux d'intérêt auxquels les banques peuvent se refinancer auprès de la banque centrale;En fixant les taux d'intérêt des échanges entre banques;B;B;Voir le site : https://www.lafinancepourtous.com/decryptages/marches-financiers/acteurs-de-la-finance/banque-centrale-europeenne/la-politique-monetaire-de-la-bce/;V4 (fév. 2021);;;manuel/01-cadre-institutionnel.md
282;1;1.5.1;C;Le taux de change de l'Euro contre le dollar :;Est fixé chaque jour sur décision du conseil supérieur de la BCE;Fluctue selon l'offre et la demande de chacune des deux monnaies;Est établi par un comité regroupant les grandes banques centrales internationales (BCE, Federal Reserve, Banque d'Angleterre, Banque du Japon etc...);B;B;Blanchard, Cohen, Johnson (2016);V4 (fév. 2021);;;manuel/01-cadre-institutionnel.md
286;1;1.5.1;C;Le Haut Conseil de Stabilité Financière (HCSF) exerce une surveillance dans le but d'en préserver la stabilité et la capacité à assurer une contribution soutenable à la croissance économique :;Du secteur bancaire uniquement;Du secteur des assurances uniquement;de l'ensemble du secteur financier;C;C;CMF L631-2-1;V4 (fév. 2021);;;manuel/01-cadre-institutionnel.md
288;1;1.5.1;C;Un niveau élevé d'inflation et une croissance faible est une :;Déflation;Désinflation;Stagflation;C;C;Lexique Bourse Finance - http://www.boursereflex.com/lexique/stagflation;V4 (fév. 2021);;;manuel/01-cadre-institutionnel.md
291;1;1.5.1;C;Le risque systémique correspond au :;Risque qu'encourt un établissement financier en cas d'internalisation systématique des ordres de ses clients;Risque de perturbation dans le système financier susceptible d'avoir de graves répercussions sur les marchés et l'économie réelle;Risque de dysfonctionnement prolongé du système informatique d'une banque, en cas d'insuffisance de son programme de continuation d'activité;B;B;Article 2 alinéa c) du règlement (UE) No 1092/2010 du 24 novembre 2010 relatif à la surveillance macroprudentielle du système financier dans l'Union européenne et instituant un Comité européen du risque systémique;V4 (fév. 2021);;;manuel/01-cadre-institutionnel.md
293;1;1.5.1;C;Les infrastructures de marché peuvent-elles présenter un risque systémique ?;Non, seuls les établissements de crédit présentent un risque systémique;Non, ce sont les établissements de crédit et les marchés qui présentent un risque systémique;Oui : intermédiaires, marchés et infrastructures peuvent présenter un risque systémique;C;C;Règlement (UE) n° 1092/2010 - article 2;V4 (fév. 2021);;;manuel/01-cadre-institutionnel.md
294;1;1.5.1;C;Comment est défini le taux d'intérêt légal ?;Selon le rendement annuel moyen des bons du Trésor;Par arrêté du ministre chargé de l'économie;En fonction du taux de refinancement fixé par la Banque de France;B;B;CMF art L 313-2;V4 (fév. 2021);;;manuel/01-cadre-institutionnel.md
296;1;1.5.1;C;Par quel événement un risque systémique peut-il être provoqué ?;Par une défaillance de société cotée sur Euronext Growth;Par une défaillance massive des emprunteurs d'un petit établissement financier;Par une défaillance massive des emprunteurs d'un gros établissement financier;C;C;"AMF ""cartographie 2019 des marchés et des risques"" - page 5 - paragraphe 2";V4 (fév. 2021);;;manuel/01-cadre-institutionnel.md
297;1;1.5.1;C;Quel mécanisme de surveillance peut permettre de prévenir un risque systémique ?;La mise en place d'un principe d'optimisation fiscale, obligatoire pour les établissements financiers;La mise en place d'un système de règles prudentielles, obligatoire pour les établissements financiers;La mise en place d'un système de fonds de garantie des négociations financières, obligatoire pour les établissements financiers;B;B;"voir site : https://www.lafinancepourtous.com/decryptages/crise-financiere/mecanique-des-crises/risque-systemique/ - ""nécessité d'une intervention publique"" - paragraphe 2";V4 (fév. 2021);;;manuel/01-cadre-institutionnel.md
300;1;1.5.1;C;On dit qu'un marché financier est liquide lorsque :;L'ampleur des variations du cours d'un actif financier est importante;On peut facilement traiter à l'achat ou à la vente une quantité raisonnable de titres sans trop décaler les cours;Il existe de fortes présomptions de faillite d'un des négociateurs;B;B;"Cahier scientifique de l'AMF 03/2019 ""Mesurer la liquidité sur le marché des obligations d'entreprises"" , chapitre 1.1, page 3, alinea 2 : https://www.amf-france.org/technique/multimedia?docId=workspace://SpacesStore/3ec880aa-ef93-4518-8539-24a99d5070b6_fr_1.0_rendition";V4 (fév. 2021);;;manuel/01-cadre-institutionnel.md
302;1;1.5.1;C;Quelle est l'institution chargée de la surveillance macro prudentielle du système financier dans l'Union européenne ?;L'Autorité bancaire européenne (EBA) et l'Autorité européenne des marchés financiers (ESMA) de façon conjointe;Le Comité européen du risque systémique (CERS);Le Conseil de stabilité financière (FSB);B;B;Article 3 du règlement UE 1092/2010 du 24 novembre 2010 = pPage 5 du document suivant : https://www.esrb.europa.eu/shared/pdf/101216_ESRB_establishment.fr.pdf?d1ccb5ccb54a8a9fb85562d1c3bf7318;V4 (fév. 2021);;;manuel/01-cadre-institutionnel.md
303;1;1.5.1;C;Dans le domaine financier, qu'est-ce que le risque systémique ?;Il s'agit d'un risque de perturbation dans le système financier susceptible d'avoir de graves répercussions sur le marché intérieur et l'économie réelle;Il s'agit d'un risque qui concerne le cadre microprudentiel;Il s'agit d'un risque de perturbation des systèmes d'information des banques;A;A;Règlement (UE) 1092/2010 du Parlement et du Conseil du 24 novembre 2010 relatif à la surveillance macroprudentielle du système financier dans l'Union européenne et instituant un Comité européen du risque systémique, art. 2;V4 (fév. 2021);;;manuel/01-cadre-institutionnel.md
307;1;1.5.1;C;"Un établissement bancaire est dit ""systémique"" :";Lorsque sa faillite causerait des troubles importants au système financier et à l'activité économique;Lorsqu'il est implanté dans plusieurs pays de l'Union européenne;Lorsqu'il est coté en bourse;A;A;https://acpr.banque-france.fr/controler/controle-prudentiel-bancaire/assujettis-au-controle-bancaire/entites-systemiques-du-secteur-bancaire;V4 (fév. 2021);;;manuel/01-cadre-institutionnel.md
315;1;1.5.1;C;Le Produit Intérieur Brut (PIB) est un indicateur important de la richesse d 'un pays. Il représente :;Le résultat final de l 'activité de production de biens et services réalisés dans le pays;La somme totale des impôts et taxes prélevée par l 'Etat sur le secteur productif privé;La valeur ajoutée créée dans le pays diminuée de la rémunération des salariés et des impôts prélevés par l 'Etat;A;A;INSEE;V4 (fév. 2021);;;manuel/01-cadre-institutionnel.md
316;1;1.5.1;C;L 'Eurosystème qui regroupe la Banque Centrale Européenne (BCE) et les banques centrales de la zone euro, met en œuvre la politique monétaire pour la zone Euro définie :;En totale indépendance par le Conseil des gouverneurs au sein de la BCE;Par le président de la BCE après validation des ministres des finances;Par les ministres des finances au sein du Conseil des affaires économiques et financières (Ecofin);A;A;Versions consolidées du traité sur l'Union européenne et du traité sur le fonctionnement de l'Union européenne;V4 (fév. 2021);;;manuel/01-cadre-institutionnel.md
317;1;1.5.1;C;Quelle est la caractéristique commune des prêts accordés par les banques centrales aux banques commerciales dans le cadre de leur politique monétaire ?;Ce sont tous des prêts entre 1 jour et 7 jours;Ce sont tous des prêts sans garanties;Ce sont tous des prêts adossés à une prise de garantie en actifs financiers;C;C;Article L141-3 du CMF Article L141-9 du CMF;V4 (fév. 2021);;;manuel/01-cadre-institutionnel.md
324;1;1.5.1;C;Quel est le taux auquel les banques commerciales peuvent emprunter à la BCE :;Le taux de refinancement;Le taux de dépôt;Le taux de réserves obligatoires;A;A;https://www.lafinancepourtous.com/decryptages/finance-perso/banque-et-credit/taux-d-interet/de-quels-taux-parle-t-on/;V4 (fév. 2021);;;manuel/01-cadre-institutionnel.md
326;1;1.5.1;C;"De nombreux établissements financiers de taille internationale sont appelés par les régulateurs à prévoir des fonds propres complémentaires ( ""capital buffers"" ) pour mieux couvrir leurs risques pondérés ou bien à bloquer une partie de ces mêmes fonds propres pour faire face à de futures pertes potentielles (""Total Loss-Absorbing Capacity""). Ces mesures sont destinées à éviter que se manifeste un risque particulier. Lequel ?";Le risque de marché;Le risque opérationnel;Le risque systémique;C;C;https://www.fsb.org/2018/11/fsb-publishes-2018-g-sib-list/;V4 (fév. 2021);;;manuel/01-cadre-institutionnel.md
411;1;1.5.1;C;Quelle mission relève de la compétence de l'Eurosystème ?;Maintenir la stabilité des prix dans la zone euro;Harmoniser les politiques fiscales en Europe;Assurer le bon fonctionnement des marchés financiers européens;A;A;Traité de Maastricht 1992;V4 (fév. 2021);;;manuel/01-cadre-institutionnel.md
420;1;1.5.1;C;Qu'appelle-t-on la zone Euro ?;L'ensemble des pays européens;L'ensemble des pays de l'Union Européenne ayant adopté l'Euro;L'ensemble des pays du monde entier qui font des transactions en Euros;B;B;Traité de Maastricht 1992;V4 (fév. 2021);;;manuel/01-cadre-institutionnel.md
442;1;1.5.1;C;Pour mettre en œuvre sa politique monétaire, la Banque centrale européenne (BCE) peut utiliser le dispositif d'open market. Que permet-il ?;D'émettre des emprunts obligataires européens;D'élargir la liste des titres admis en collatéral;De piloter les taux d'intérêt entre autres par des opérations de refinancement à 7 jours;C;C;Article 105 du Traité de Lisbonne 2009/Nouvelle orientation de la BCE (bce/2014/60);V4 (fév. 2021);;;manuel/01-cadre-institutionnel.md
443;1;1.5.1;C;En temps de crise, de quel moyen dispose entre autres la BCE ?;Se substituer au marché interbancaire pour proposer davantage de liquidités;Le financement de grands projets européens par des prêts à long terme;La mise sur le marché des stocks d'or des banques centrales nationales;A;A;Traité de Lisbonne 2009;V4 (fév. 2021);;;manuel/01-cadre-institutionnel.md
2630;1;1.5.1;C;La mission principale de la BCE est de :;Faire croitre la valeur de l'euro (€);Maintenir la stabilité des prix;Réguler tous les établissements de crédit dans le monde;B;B;;Récente (n° ≥ 2553);;;manuel/01-cadre-institutionnel.md
2751;1;1.5.1;C;Un marché financier est un lieu où les acteurs du marché (acheteurs, vendeurs) se rencontrent pour négocier des produits financiers. Il permet de financer l'économie, tout en permettant aux investisseurs de placer leur épargne :;Ce lieu est physique, en toutes circonstances;Ce lieu est virtuel, en toutes circonstances;Ce lieu est physique ou virtuel;C;C;;Récente (n° ≥ 2553);;;manuel/01-cadre-institutionnel.md
176;1;1.5.2;C;Les taux de change :;Reflètent des taux de rentabilité potentiels suite à un investissement dans des devises mondiales;Reflètent des parités d'une monnaie contre les principales devises mondiales;Reflètent les coûts du capital d'un pays;B;B;Banque de France, Statistiques, https://www.banque-france.fr/statistiques/taux-et-cours/les-taux-de-change-salle-des-marches;V4 (fév. 2021);;;manuel/01-cadre-institutionnel.md
180;1;1.5.2;C;Lorsqu'un investisseur dont le compte est libellé en euros (EUR) acquiert des actions brésiliennes en real (BRL), il s'expose :;Au risque action uniquement;Au risque de change uniquement;Au risque de change et au risque action;C;C;Blanchard, Cohen, Johnson (2016);V4 (fév. 2021);;;manuel/01-cadre-institutionnel.md
181;1;1.5.2;C;Le risque de liquidité :;Est lié à l'incertitude de faire face aux engagements de long terme;Est lié au risque de défaillance d'un débiteur;Est lié au risque de ne pouvoir vendre son titre financier ou de ne pouvoir le vendre qu'avec l'enregistrement d'une forte décote;C;C;Recueil de la réglementation française relative à l'exercice des activités bancaires et financières 2010, CCLRF;V4 (fév. 2021);;;manuel/01-cadre-institutionnel.md
182;1;1.5.2;C;On dit qu'un actif financier est volatil lorsque :;L'ampleur des variations du cours de cet actif financier est faible;L'ampleur des variations du cours de cet actif financier est importante;Il existe de fortes présomptions de faillite d'un des négociateurs;B;B;vernimmen 2020 - chap 19;V4 (fév. 2021);;;manuel/01-cadre-institutionnel.md
183;1;1.5.2;C;Qui publie chaque année un rapport sur la stabilité financière dans le monde ?;L'INSEE dans son rôle d'analyse et de diffusion d'informations sur l'économie;La Banque de France en tant que participante au Conseil de la Stabilité Financière;Le FMI au titre des rapports qu'il juge utiles pour atteindre ses objectifs;C;C;Article XII,section 7b,des statuts du FMI;V4 (fév. 2021);;;manuel/01-cadre-institutionnel.md
184;1;1.5.2;C;Un marché volatil est un marché :;Sur lequel il est facile d'acheter ou de vendre des titres;Sur lequel les cours peuvent varier fortement en peu de temps;Sur lequel les cours sont peu sensibles aux variations des volumes d'ordres d'achat et de vente;B;B;edubourse.com;V4 (fév. 2021);;;manuel/01-cadre-institutionnel.md
185;1;1.5.2;C;Quel indicateur économique permet de comparer les niveaux de vie à l'échelle internationale ?;L'indicateur de confiance des ménages;Le produit intérieur brut (PIB) par habitant;Le taux d'endettement d'un pays rapporté au nombre d'habitants;B;B;"INSEE - Document ""INSEE en bref - Pour comprendre la croissance économique""";V4 (fév. 2021);;;manuel/01-cadre-institutionnel.md
190;1;1.5.2;C;La balance des paiements :;Est un document de comptabilité privée harmonisé en norme IFRS;Est un document de communication obligatoire pour les sociétés cotées;Est un document de comptabilité nationale harmonisé OCDE;C;C;Voir le site : https://www.lafinancepourtous.com/decryptages/politiques-economiques/theories-economiques/balance-des-paiements/;V4 (fév. 2021);;;manuel/01-cadre-institutionnel.md
191;1;1.5.2;C;Parmi les importants fournisseurs de données boursières au monde, il y a :;Google;MSCI;Euronext worldwide;B;B;Site MSCI.com;V4 (fév. 2021);;;manuel/01-cadre-institutionnel.md
192;1;1.5.2;C;Parmi les propositions suivantes, laquelle ne correspond pas à un risque opérationnel ?;Une panne informatique;Le passage d'un ordre d'achat au lieu d'un ordre de vente;Une forte hausse du dollar par rapport à l'euro;C;C;Recueil de la réglementation française relative à l'exercice des activités bancaires et financières 2010, CCLRF;V4 (fév. 2021);;;manuel/01-cadre-institutionnel.md
194;1;1.5.2;C;L'indicateur économique qui correspond à la différence entre la valeur des biens exportés et celle des biens importés s'appelle :;Le produit intérieur brut (PIB);La balance commerciale;L'excédent brut d'exploitation;B;B;SITE INSEE - Définitions, méthodes et qualité - Définitions - Balance commerciale;V4 (fév. 2021);;;manuel/01-cadre-institutionnel.md
195;1;1.5.2;C;"Le ""Fed Fund target"" est :";Le taux directeur de la banque centrale américaine;Le fonds de réserve du système financier américain;Le taux de dépôt réglementaire auprès de la banque centrale américaine;A;A;Blanchard, Cohen, Johnson (2016);V4 (fév. 2021);;;manuel/01-cadre-institutionnel.md
197;1;1.5.2;C;Les marchés émergents sont caractérisés par une :;Faible volatilité;Faible liquidité;Forte efficience;B;B;AMF, Cartographie des risque 2017, Juillet 2017;V4 (fév. 2021);;;manuel/01-cadre-institutionnel.md
198;1;1.5.2;C;Qu'est-ce que le PIB (Produit intérieur brut) ?;Il s'agit de l'indice des prix à la consommation qui mesure le niveau de l'inflation dans un pays;C'est un indicateur économique qui permet de mesurer la production de la richesse produite, en une année, par les acteurs économiques résidant à l'intérieur d'un pays;C'est un indicateur qui permet de mesurer la production de la richesse produite par les entreprises de même nationalité dans leur propre pays et à l'étranger;B;B;Site internet de l'INSEE : https://www.insee.fr/fr/statistiques/4162920?sommaire=4133299 / Site internet Toute l'Europe : https://www.touteleurope.eu/actualite/le-pib-par-habitant-des-pays-de-l-ue.html;V4 (fév. 2021);;;manuel/01-cadre-institutionnel.md
200;1;1.5.2;C;Le PIB mondial indicateur économique qui mesure les richesses mondiales créées est :;La somme, pondérée des échanges internationaux, de tous les PIB nationaux;Un taux de croissance moyen des taux de croissance nationaux;La somme de tous les PIB nationaux convertis en dollars;C;C;Site Fonds Monétaire International;V4 (fév. 2021);;;manuel/01-cadre-institutionnel.md
202;1;1.5.2;C;Par rapport aux marchés financiers des pays développés, les marchés financiers émergents présentent globalement un niveau de risque :;Inférieur;Supérieur;Identique;B;B;AMF / JUILLET 2019 / CARTOGRAPHIE 2019 DES MARCHÉS ET DES RISQUES;V4 (fév. 2021);;;manuel/01-cadre-institutionnel.md
204;1;1.5.2;C;Quel indicateur permet de mesurer la croissance d'un Etat ?;Le montant du PIB (Produit Intérieur Brut);L'inflation;La variation du PIB d'une année sur l'autre;C;C;Définition INSEE;V4 (fév. 2021);;;manuel/01-cadre-institutionnel.md
207;1;1.5.2;C;Qu'est-ce que €STR (Euro Short-Term Rate) ?;"Il s'agit d'un taux à court terme en euros ayant vocation à remplacer EONIA. Il reflète combien une banque doit payer quand elle emprunte de l'argent au jour le jour sans fournir de garanties (emprunts non garantis ou ""en blanc"" )";Il s'agit d'un taux à court terme en euros . Il reflète combien un particulier doit payer quand il emprunte de l'argent à une banque;Il s'agit d'un nouvel indice de référence destiné à remplacer le PIB (Produit Intérieur Brut) dans l'Union Européenne;A;A;Site internet de la BCE : https://www.ecb.europa.eu/explainers/tell-me-more/html/benchmark_rates_qa.fr.html;V4 (fév. 2021);;;manuel/01-cadre-institutionnel.md
208;1;1.5.2;C;"La ""liquidité"" d'un marché est étroitement liée au :";Volume de transactions quotidiennes effectuées sur ce marché;Niveau de prix atteint par le marché financier en question;Risque lié au marché financier en question;A;A;RG AMF art 312-44;V4 (fév. 2021);;;manuel/01-cadre-institutionnel.md
209;1;1.5.2;C;L'indice de l'université du Michigan aux Etats-Unis mesure la confiance :;Des consommateurs;Des investisseurs;Des acheteurs;A;A;Blanchard, Cohen, Johnson (2016);V4 (fév. 2021);;;manuel/01-cadre-institutionnel.md
211;1;1.5.2;C;Le taux d'intérêt à court terme :;Concerne le rendement des obligations d'État avec une échéance de dix ans;Désigne les taux de change bilatéraux de l'euro;Désigne les taux sur les marchés monétaires pour différentes échéances (au jour le jour, à trois mois);C;C;https://ec.europa.eu/eurostat/fr/web/euro-indicators/monetary-and-financial-indicators;V4 (fév. 2021);;;manuel/01-cadre-institutionnel.md
212;1;1.5.2;C;Qu'est-ce que l'OCDE ?;Office Central du Développement Européen;Organisation de coopération et de développement économiques (OCDE);Organisation du Commerce pour les Denrées et l'Énergie;B;B;Site oecd.org;V4 (fév. 2021);;;manuel/01-cadre-institutionnel.md
213;1;1.5.2;C;Qu'est-ce que le risque de crédit ?;Le risque résultant d'une inadaptation ou d'une défaillance des procédures;Le risque de ne pas pouvoir dénouer une position en cas d'achat ou de vente de titres;Le risque qu'un emprunteur ne rembourse pas tout ou partie de son crédit aux échéances prévues;C;C;vernimmen 2020 - chap 54 / AMF - Document d'informations clés : comprendre l'information sur le risque du placement Publié le 15 mars 2019;V4 (fév. 2021);;;manuel/01-cadre-institutionnel.md
214;1;1.5.2;C;Qu'est que le taux d'épargne ?;Le taux d'épargne est le rapport entre l'épargne des ménages et le revenu disponible brut;Le taux d'épargne désigne le pourcentage d'investissement sur des livrets bancaires;Le taux d'épargne désigne le pourcentage d'investissement en assurance vie;A;A;https://www.insee.fr/fr/metadonnees/definition/c1824;V4 (fév. 2021);;;manuel/01-cadre-institutionnel.md
215;1;1.5.2;C;Le défaut d'un Etat est un risque majeur pour l'investisseur sur les marchés émergent, ce risque est lié à :;La solvabilité de l'Etat;A la position de trésorerie de l'Etat (liquidité);Les deux réponses à la fois;C;C;Blanchard, Cohen, Johnson (2016);V4 (fév. 2021);;;manuel/01-cadre-institutionnel.md
219;1;1.5.2;C;Les marchés financiers de pays comme le Brésil, la Colombie, l'Egypte, le Vietnam font partie :;Des marchés publics;Des marchés émergents;Des marchés développés;B;B;AMF / JUILLET 2019 / CARTOGRAPHIE 2019 DES MARCHÉS ET DES RISQUES;V4 (fév. 2021);;;manuel/01-cadre-institutionnel.md
220;1;1.5.2;C;Parmi ces trois indicateurs, lequel permet de cibler le plus directement les pays à fort potentiel de développement économique ?;Le niveau des taux d'intérêt dans chaque pays;Le taux de croissance du PIB dans chaque pays;Le taux d'inflation dans chaque pays;B;B;OCDE - Perspectives du développement mondial 2019 - Quelles stratégies de développement pour le XXIème siècle ?;V4 (fév. 2021);;;manuel/01-cadre-institutionnel.md
221;1;1.5.2;C;Qu'appelle-t-on réserve de change ?;Les réserves d'or destinées pour tout ou partie à la conversion en devises étrangères;Les réserves en monnaie fiduciaire destinées à la conversion en devises étrangères;Les réserves en devises étrangères détenues par les banques centrales;C;C;La finance pour tous / Réserves de change. Màj du 20/12/2018;V4 (fév. 2021);;;manuel/01-cadre-institutionnel.md
222;1;1.5.2;C;"Qu'est-ce qui a provoqué la fameuse crise des ""subprimes"" ?";"Un encadrement strict du crédit hypothécaire après une période de ""crédits rechargeables"" aux USA";Une hausse conséquente du chômage provoquant des difficultés de paiement pour les ménages;La hausse des taux directeurs de la Fed qui a alourdi les charges des emprunteurs à taux variable;C;C;La finance pour tous / Les crises financières / La crise des subprimes;V4 (fév. 2021);;;manuel/01-cadre-institutionnel.md
223;1;1.5.2;C;La diversification géographique;Permet de gérer le risque de change;N'est pas toujours suffisante pour réduire le risque du portefeuille suite à une forte corrélation entre les mêmes classes d'actifs de différents pays;Permet de diversifier le risque systématique;B;B;AMF, Cartographie des marchés et des risque, Juillet 2019;V4 (fév. 2021);;;manuel/01-cadre-institutionnel.md
224;1;1.5.2;C;Pourquoi les taux de référence interbancaires comme le LIBOR et l'EURIBOR vont-ils évoluer ou disparaître ?;Parce que le Comité de Bâle préconise leur abandon;Parce que la réglementation européenne (MIF, DDA…) rend difficile l'utilisation de ces indices;Parce qu'ils ont fait l'objet de nombreuses manipulations frauduleuses par les banques;C;C;La finance pour tous / Libor et Euribor : des manipulations sanctionnées;V4 (fév. 2021);ctx;"Le LIBOR a disparu (2021-2023, versions synthétiques jusqu'à fin sept. 2024) ; l'EURIBOR a été réformé (méthode hybride) et existe toujours ; l'EONIA a disparu le 3/01/2022 au profit de l'€STR.";manuel/01-cadre-institutionnel.md
227;1;1.5.2;C;Qu'est-ce que le MSCI Emerging Markets ?;Une liste publiée par l'AMF recensant les marchés financiers de pays émergents;Une liste noire des marchés risqués publiée par l'Autorité Européenne des Marchés Financiers (ESMA);"Un indice ""Marchés émergents"" basé sur les actions dans 26 pays émergents";C;C;Brochure de Morgan Stanley : MSCI Emerging Markets , The Modern Index Strategy;V4 (fév. 2021);ctx;Le nombre de pays de l'indice MSCI Emerging Markets évolue (24 aujourd'hui). Retenir : indice actions des pays émergents.;manuel/01-cadre-institutionnel.md
228;1;1.5.2;C;L'investissement dans les indices des pays émergents:;Est moins risqué et plus rentable qu'un investissement dans des pays développés;Permet une meilleure diversification de risque du portefeuille suite à la faible corrélation des actifs des pays émergents avec les actifs des pays développés;Est aussi risqué qu'un investissement dans les pays développés;B;B;AMF, Cartographie des marchés et des risque, Juillet 2019;V4 (fév. 2021);;;manuel/01-cadre-institutionnel.md
272;1;1.5.2;C;le marché des changes;Est un marché réglementé;Est un marché rattaché à une place boursière;Est un marché non régulé;C;C;Voir le site : https://www.lafinancepourtous.com/decryptages/marches-financiers/fonctionnement-du-marche/marche-des-changes-forex/;V4 (fév. 2021);;;manuel/01-cadre-institutionnel.md
273;1;1.5.2;C;le sigle BRICS désigne :;La Banque de Réserve Internationale de Commerce;Le Burundi, le Ruanda, l'Indonésie, le Congo, le Sahel;Le Brésil, la Russie, l'Inde, la Chine, l'Afrique du sud;C;C;Voir le site : https://www.lafinancepourtous.com/decryptages/politiques-economiques/economie-mondiale/brics/;V4 (fév. 2021);;;manuel/01-cadre-institutionnel.md
290;1;1.5.2;C;D'un point de vue systémique, les établissements financiers peuvent être importants pour les économies et les systèmes financiers :;Internationaux uniquement;Internationaux et nationaux uniquement;Internationaux, nationaux et locaux;C;C;RÈGLEMENT (UE) No 1092/2010 DU PARLEMENT EUROPÉEN ET DU CONSEIL du 24 novembre 2010 relatif à la surveillance macroprudentielle du système financier dans l'Union européenne et instituant un Comité européen du risque systémique, considérant n°9;V4 (fév. 2021);;;manuel/01-cadre-institutionnel.md
308;1;1.5.2;C;Le revenu disponible brut des ménages (RDB) :;Désigne le revenu à la disposition des ménages pour la consommation et l'épargne une fois déduits les prélèvements sociaux et fiscaux;Désigne le niveau moyen des salaires versés aux ressortissants d'un pays;Désigne les salaires cumulés versés dans un pays;A;A;https://www.insee.fr/fr/metadonnees/definition/c1633;V4 (fév. 2021);;;manuel/01-cadre-institutionnel.md
231;1;1.8;C;Sont soumis(es) à un agrément de l'AMF :;Les Sociétés Civiles Immobilières (SCI);Les Organismes de Placement Collectif Immobilier (OPCI);Les Sociétés en Commandite par Actions (SCA);B;B;Site internet de l'AMF http://www.amf-france.org/Acteurs-et-produits/Produits-et-SICAV/Presentation;V4 (fév. 2021);;;manuel/01-cadre-institutionnel.md
232;1;1.8;C;Dans quel cas les sociétés de gestion ont elles besoin d'être agréées par l'AMF ?;Quand elles offrent des services de titrisation;Quand elles proposent des services d'épargne forestière;Quand leur objet social unique est la gestion de produits collectifs;C;C;Annexe 1.1 de l'instruction AMF DOC 2008-03;V4 (fév. 2021);;;manuel/01-cadre-institutionnel.md
233;1;1.8;C;Parmi ces services, lequel est un service d'investissement ?;La tenue de Livret A;L'exécution d'ordres pour le compte de tiers;L'émission de bons de caisse;B;B;Article L321-1 du code monétaire et financier;V4 (fév. 2021);;;manuel/01-cadre-institutionnel.md
234;1;1.8;C;La voie de composition administrative implique un engagement :;A verser au Trésor public une somme définie par la commission des sanctions;A verser à l'AMF une somme définie par la commission des sanctions;A récupérer une somme définie par la commission des sanctions auprès du Trésor public;A;A;L621-14-1 CMF;V4 (fév. 2021);;;manuel/01-cadre-institutionnel.md
235;1;1.8;C;Parmi les catégories suivantes, quels produits peuvent être désignés sous le nom de contrats financiers ?;Les contrats d'option relatifs à des instruments financiers;Les fiducies;Les titres de créances négociables (TCN);A;A;C. mon. fin., art. L 211-35.;V4 (fév. 2021);;;manuel/01-cadre-institutionnel.md
236;1;1.8;C;Parmi les prestations suivantes, laquelle constitue un service de conseil en investissement ?;Une analyse financière relative à des valeurs cotées;Une recommandation générale sur la répartition du patrimoine;Une recommandation personnalisée sur une souscription d'OPCVM;C;C;Article D321-1 alinéa 5 du code monétaire et financier;V4 (fév. 2021);;;manuel/01-cadre-institutionnel.md
238;1;1.8;C;La commission des sanctions de l'AMF peut prononcer des sanctions pécuniaires en cas de manquement :;Au respect de l'intégrité des marchés financiers;Aux directives du Comité de Bâle;Aux contrats de travail des collaborateurs des PSI;A;A;article L 465-1 du règlement générale de l'AMF.;V4 (fév. 2021);;;manuel/01-cadre-institutionnel.md
240;1;1.8;C;En cas de manquement à leurs obligations réglementaires, les PSI :;Supportent des risques de sanctions disciplinaires uniquement;Supportent des risques de sanctions pécuniaires uniquement;Supportent des risques de sanctions disciplinaires et pécuniaires;C;C;Missions & compétences Sanctions L'AMF Publié le 25 février 2019 https://amf-france.org/L-AMF/Missions-et-competences/Sanctions?;V4 (fév. 2021);;;manuel/01-cadre-institutionnel.md
242;1;1.8;C;Quelle déclaration concernant des Systèmes Multilatéraux de Négociation (SMNs) est correcte ?;SMNs organisent des transactions uniquement pour les titres qu'ils ont eux-mêmes admis à la négociation;SMNs organisent des transactions pour les titres qu'ils ont eux-mêmes admis à la négociation et aussi pour les titres admis sur des marchés réglementés;SMNs n'ont pas le droit de réaliser les admissions des titres à la négociation, ils organisent des transactions pour les titres admis sur des marchés réglementés;B;B;article L. 561-12 du code monétaire et financier;V4 (fév. 2021);;;manuel/01-cadre-institutionnel.md
243;1;1.8;C;Quel est l'organe de l'AMF qui peut ordonner qu'il soit mis fin aux manquements aux obligations législatives, réglementaires ou professionnelles :;La commission des sanctions;Le collège;La commission paritaire;B;B;L621-14 CMF;V4 (fév. 2021);;;manuel/01-cadre-institutionnel.md
244;1;1.8;C;Dans le cadre de quel statut, un établissement de crédit peut-il proposer le service d'investissement de gestion de portefeuille ?;Le statut de société de gestion de portefeuille (SGP);Le statut d'entreprise d'investissement (EI);Le statut de prestataire de service d'investissement (PSI);C;C;Article L531.1 du Code Monétaire et Financier Art D 321.1;V4 (fév. 2021);;;manuel/01-cadre-institutionnel.md
246;1;1.8;C;Parmi les produits suivants, lesquels sont des instruments financiers ?;Les titres financiers;Les effets de commerce;Les bons de caisse;A;A;C. mon. fin., art. L 211-1;V4 (fév. 2021);;;manuel/01-cadre-institutionnel.md
248;1;1.8;C;Quels PSI doivent obtenir l'agrément de l'AMF pour exercer leur activité ?;Les entreprises d'assurance;Les sociétés de gestion de portefeuille pour compte de tiers;Les établissements de crédit;B;B;RG AMF art 321-1 et suivants / CMF L532-9;V4 (fév. 2021);;;manuel/01-cadre-institutionnel.md
251;1;1.8;C;Un prestataire de services d'investissement qui n'exerce pas à titre principal l'activité de gestion pour compte de tiers, doit obtenir :;Un agrément de l'ACPR et faire agréer son programme d'activité par l'AMF;Un agrément de la part des commissaires aux comptes et faire agréer son programme d'activité par ses clients;Un agrément de l'AMF et faire agréer son programme d'activité par l'ACPR;A;A;L511-10/ L532-1 CMF;V4 (fév. 2021);;;manuel/01-cadre-institutionnel.md
252;1;1.8;C;Un établissement dûment agréé :;Ne peut avoir que le statut d'établissement de crédit;Ne peut avoir que le statut de prestataire de services d'investissements;Peut avoir le statut d'établissement de crédit et de prestataire de services d'investissements;C;C;L 531-1 et L321-1 CMF;V4 (fév. 2021);;;manuel/01-cadre-institutionnel.md
253;1;1.8;C;En ce qui concerne la recherche en investissements et l'analyse financière, quelle affirmation est exacte ?;Ce sont des services connexes aux services d'investissement;Ils sont considérés comme des services de communication;Ce sont des services d'investissement;A;A;Article L321-2 du CMF;V4 (fév. 2021);;;manuel/01-cadre-institutionnel.md
255;1;1.8;C;Quelle règle s'applique à une entreprise qui ne fournit des services d'investissement qu'aux personnes morales faisant partie de son propre groupe ?;Elle est soumise à une procédure d'agrément renforcée;Elle n'est pas soumise à une procédure d'agrément;Elle est soumise à une procédure d'agrément allégée;B;B;Article L 531-2 d) du Code monétaire et financier;V4 (fév. 2021);;;manuel/01-cadre-institutionnel.md
258;1;1.8;C;Quelle autorité de tutelle délivre un agrément à un prestataire de services d'investissement (PSI) dans le cas où son activité principale est la gestion de portefeuille pour compte de tiers ?;L'AMF;L'ACPR;L'AEMF;A;A;Source site AMF, les prestataire de services d'investissement/ article 311-1 du règlement général de l'AMF.;V4 (fév. 2021);;;manuel/01-cadre-institutionnel.md
259;1;1.8;C;Les sociétés de gestion de portefeuille (SGP) ont un niveau de fonds propres :;De droit commun comme toute société commerciale;"Règlementé par le dispositif ""Bâle II""";Règlementé par des dispositions spécifiques définies par le code monétaire et financier et précisées dans le règlement général de l'Autorité des Marchés Financiers et renforcé depuis la Directive AIFM;C;C;Règlement UE n° 575-2013 du 26 juin 2013 - CMF art. L. 532-9 II-2 - RGAMF art. 317-2 - AMF Processus d'agrément des SGP AIFM 8 janvier 2012;V4 (fév. 2021);;;manuel/01-cadre-institutionnel.md
260;1;1.8;C;Parmi les sanctions suivantes, laquelle est du ressort de la Commission des sanctions de l'AMF ?;Le licenciement;L'emprisonnement;Les interdictions d'exercer;C;C;Loi n 2003-706 du 01/08/2003 de Sécurité Financière;V4 (fév. 2021);;;manuel/01-cadre-institutionnel.md
261;1;1.8;C;Qui peut être sanctionné par l'AMF?;Uniquement des professionnels régulés par l'AMF tels que les prestataires de services d'investissement, sociétés de gestion, etc;Les personnes physiques uniquement si elles exercent des fonctions dirigeantes;Les personnes physiques et morales au titre de tout manquement de nature à porter atteinte à la protection des investisseurs ou au bon fonctionnement du marché;C;C;Missions & compétences Sanctions L'AMF Publié le 25 février 2019 https://amf-france.org/L-AMF/Missions-et-competences/Sanctions?;V4 (fév. 2021);;;manuel/01-cadre-institutionnel.md
262;1;1.8;C;Parmi ces activités, laquelle est un service d'investissement ?;La commercialisation d'un compte sur livret;La commercialisation d'un contrat d'assurance-vie;La négociation pour compte propre;C;C;Article L 531-1 du Code Monétaire et Financier;V4 (fév. 2021);;;manuel/01-cadre-institutionnel.md
265;1;1.8;C;Parmi les services suivants, lequel est défini comme un service d'investissement ?;La diffusion de moyens de paiement;L'exploitation d'un système multilatéral de négociation;Les deux;B;B;CMF art. L. 424-1;V4 (fév. 2021);;;manuel/01-cadre-institutionnel.md
275;1;1.8;C;Que doit présenter, entres autres exigences, une société de gestion de portefeuille pour obtenir l'agrément de l'Autorité des Marchés Financiers ?;Une étude économique et boursière sur les marchés dont elle est spécialiste;Un programme d'activité pour chacun des services qu'elle entend exercer;L'une et l'autre;B;B;CMF art. L. 532-9 5° alinéa;V4 (fév. 2021);;;manuel/01-cadre-institutionnel.md
289;1;1.8;C;Pour la commercialisation transfrontière d'un fonds, qui doit obtenir le passeport européen ?;Le dépositaire du fonds;La société de gestion;L'émetteur du fonds;B;B;European Commission (2015), “Action Plan on Building a Capital Markets Union” - Distribution transfrontière des fonds en Europe : AMF 19 septembre 2016;V4 (fév. 2021);;;manuel/01-cadre-institutionnel.md
318;1;1.8;C;Parmi les services suivants, lequel est défini comme un service d 'investissement ?;La Réception Transmission d 'Ordres (RTO) pour le compte de tiers;Le conseil en opérations de banque;Le conseil en biens divers;A;A;Article L 321 - 1 du CMF;V4 (fév. 2021);;;manuel/01-cadre-institutionnel.md
319;1;1.8;C;Parmi les services suivants, lequel est défini comme un service d 'investissement ?;Le prêt de titres;La diffusion de moyens de paiement;La gestion de portefeuille pour compte de tiers;C;C;Article L 321 - 1 du CMF;V4 (fév. 2021);;;manuel/01-cadre-institutionnel.md
320;1;1.8;C;Le fait pour une personne physique ou morale d 'être condamnée par le juge à réparer le dommage causé à une victime relève de :;Sa responsabilité civile;D'une sanction pénale;D'une sanction administrative;A;A;Article 1240 du Code Civil;V4 (fév. 2021);;;manuel/01-cadre-institutionnel.md
321;1;1.8;C;Parmi les autorités suivantes, laquelle est en charge, en France, d'agréer les sociétés de gestion de portefeuille et de contrôler leur respect de la réglementation sur la commercialisation des services qu'elles proposent ?;L 'Autorité de Contrôle Prudentiel et de Résolution (ACPR);L 'Autorité des Marchés Financiers (AMF);Le Ministère de l 'Economie;B;B;Article L532-9 du CMF Article L621-1 du CMF;V4 (fév. 2021);;;manuel/01-cadre-institutionnel.md
2677;1;1.8;C;Le conseil en investissement est le fait de fournir des recommandations personnalisées à un tiers :;A sa demande exclusivement;A l'initiative de l'entreprise qui fournit le conseil uniquement;Soit à sa demande, soit à l'initiative de l'entreprise qui fournit le conseil;C;C;;Récente (n° ≥ 2553);;;manuel/01-cadre-institutionnel.md
2692;1;1.8;C;Le service de conseil en investissement consiste à fournir à un client :;Des recommandations personnalisées relatives à une ou plusieurs transactions portant sur des instruments financiers;Des conseils sur le fonctionnement des marchés financiers;Des conseils d’ordre général concernant un type d’instrument financier;A;A;;Récente (n° ≥ 2553);;;manuel/01-cadre-institutionnel.md
237;2;2.1;A;Quelle fonction, parmi les suivantes, fait partie des fonctions dites'réglementées'?;Responsable du Back Office;Responsable du département juridique;Responsable de la conformité et du contrôle interne;C;C;RG AMF (art 312-2 et 312-3);V4 (fév. 2021);;;manuel/02-deontologie-conformite.md
245;2;2.1;A;Chez un PSI, quelle fonction nécessite une carte professionnelle ?;Analyste financier;Contrôleur des risques;Opérateur de back-office (post-marché);A;A;Articles 312-20 et 312-36 du RG AMF;V4 (fév. 2021);;;manuel/02-deontologie-conformite.md
264;2;2.1;A;Parmi les fonctions suivantes exercées au sein d'une société de gestion de portefeuille, laquelle nécessite une carte professionnelle délivrée par l'AMF ?;Le gérant d'OPC;Le responsable du middle-office;Le Responsable de la Conformité et du Contrôle Interne (RCCI);C;C;Instruction AMF DOC 2006-09;V4 (fév. 2021);;;manuel/02-deontologie-conformite.md
328;2;2.1;A;Y a-t-il une différence entre le responsable de la conformité et du contrôle interne (RCCI) et le responsable de la conformité pour les services d'investissement (RCSI) ?;Non, RCCI et RCSI ont la même signification;Oui, le RCCI est responsable de la conformité au sein des sociétés de gestion de portefeuille alors que le RCSI est responsable de la conformité au sein des autres prestataires de services d'investissement;Oui, le RCSI est responsable de la conformité au sein des sociétés de gestion de portefeuille alors que le RCCI est responsable de la conformité au sein des autres prestataires de services d'investissement;B;B;RG AMF 318-52 et 318-54.;V4 (fév. 2021);;;manuel/02-deontologie-conformite.md
329;2;2.1;A;En matière de règles de bonne conduite, le règlement général de l'AMF précise que les prestataires de services d'investissement doivent :;Restreindre les services qu'ils fournissent pour éviter tout conflit d'intérêt;S'interdire d'exercer des activités de marché;Préserver l'intégrité du marché et les intérêts de leurs clients;C;C;Article 314-3 Règlement général de l'AMF;V4 (fév. 2021);;;manuel/02-deontologie-conformite.md
333;2;2.1;A;Quelle règle s'applique aux personnes travaillant dans la fonction conformité ?;Elles ne sont pas impliquées dans l'exécution des services et activités qu'elles contrôlent;Elles doivent être impliquées dans l'exécution des services et activités qu'elles contrôlent;Elles peuvent être impliquées dans l'exécution de certains services et activités qu'elles contrôlent, sous réserve d'un accord écrit de l'AMF;A;A;article 22-3-d du règlement délégué 2017/565 de la Commission du 25 avril 2016.;V4 (fév. 2021);;;manuel/02-deontologie-conformite.md
335;2;2.1;A;Pour les prestataires de services d'investissement autre que les sociétés de gestion, selon quelle modalité l'AMF délivre-t-elle, en principe, la carte professionnelle de responsable de la conformité pour les services d'investissement au titulaire de ces;Organisation d'un examen professionnel;Sélection sur dossier;Tirage au sort;A;A;Article 312-29 RGAMF;V4 (fév. 2021);;;manuel/02-deontologie-conformite.md
337;2;2.1;A;Quel code édicte les règles de conflit d'intérêt chez les PSI ?;Le Code Monétaire et Financier;Le Code Civil;Le Code Pénal;A;A;COMOFI Art L 533-10 et RG AMF Livre III Art 313-18 à 313-24;V4 (fév. 2021);;;manuel/02-deontologie-conformite.md
339;2;2.1;A;Dans une société de gestion la fonction de conformité est confiée à :;Un responsable de la conformité pour les services d'investissement (RCSI);Un responsable de la conformité et du contrôle interne (RCCI);Un responsable de la conformité et de la sécurité financière (RCSF);B;B;https://www.amf-france.org/Acteurs-et-produits/Responsables-de-la-conformite/Presentation;V4 (fév. 2021);;;manuel/02-deontologie-conformite.md
340;2;2.1;A;Quelles sont les missions du responsable de la conformité d'un prestataire de services d'investissement (PSI) ?;Prendre en charge les conflits entre les professionnels et leurs clients;Contrôler le respect par le PSI de ses obligations professionnelles;Contrôler l'emploi du temps des salariés du PSI;B;B;Article 312-1 du Règlement général de l'AMF;V4 (fév. 2021);;;manuel/02-deontologie-conformite.md
343;2;2.1;A;Quel est l'un des principes fondamentaux des règles de bonne conduite en matière de services d'investissement ?;Fournir à ses clients des informations claires, exactes et non trompeuses;Fournir à ses clients des informations précises et exactes sur les performances futures des investissements proposés;Proposer à ses clients en priorité les investissements susceptibles d'engendrer les gains les plus élevés;A;A;RG AMF, art. 314-3.;V4 (fév. 2021);;;manuel/02-deontologie-conformite.md
345;2;2.1;A;Pour obtenir sa carte professionnelle, le RCCI (Responsable de la Conformité et du Contrôle Interne) doit :;Passer un examen organisé par le PSI (Prestataire de Services d'Investissement);Passer un examen organisé par l'AMF (Autorité des Marchés Financiers);Passer un examen organisé par l'éducation nationale;B;B;313-29 et suivants Règlement Général de l'AMF;V4 (fév. 2021);;;manuel/02-deontologie-conformite.md
347;2;2.1;A;Pour une société de gestion, quels sont les deux niveaux des dispositifs de contrôle interne et de conformité?;Le contrôle permanent, intégrant le dispositif de conformité, et le contrôle périodique;Le contrôle de gestion et le contrôle des risques;L'audit interne et le contrôle interne;A;A;RG AMF (articles 321-83 et 321-85);V4 (fév. 2021);;;manuel/02-deontologie-conformite.md
348;2;2.1;A;Afin de favoriser l'intégrité du marché et de servir au mieux les intérêts des clients, les Prestataires de Services d'Investissement (PSI) doivent agir de manière :;Honnête, loyale et professionnelle;Honnête, loyale et protectrice;Honnête, louable et professionnelle;A;A;Art. L 533-1 et L 533-11 du CMF;V4 (fév. 2021);;;manuel/02-deontologie-conformite.md
349;2;2.1;A;Le code monétaire et financier impose aux PSI d'agir d'une manière qui :;Permet d'offrir aux clients le meilleur rapport qualité-prix des services proposés, sans avoir à préserver l'intégrité du marché;Favorise la circulation d'informations privilégiées;Sert au mieux l'intérêt du client et respecte l'intégrité des marchés;C;C;RG AMF art 314-3 / CMF L533-11;V4 (fév. 2021);;;manuel/02-deontologie-conformite.md
351;2;2.1;A;Le responsable de la conformité d'un prestataire de services d'investissement est en charge :;De la collecte des ordres en provenance des clients;Du traitement administratif des opérations;Du contrôle de l'efficacité des mesures permettant d'éviter tout manquement aux obligations professionnelles;C;C;Article 22 Règlement délégué (UE) 2017/565 du 25 avril 2016;V4 (fév. 2021);;;manuel/02-deontologie-conformite.md
352;2;2.1;A;Le Responsable Conformité est-il titulaire d'une carte professionnelle ?;Oui, il est titulaire d'une carte professionnelle délivrée par le PSI;Oui, il est titulaire d'une carte professionnelle délivrée par l'association professionnelle à laquelle adhère le PSI;Oui, il est titulaire d'une carte professionnelle délivrée par l'AMF;C;C;Article 312-2 du RG AMF;V4 (fév. 2021);;;manuel/02-deontologie-conformite.md
353;2;2.1;A;"La réglementation parle du principe de ""primauté de l'intérêt du client"" . Parmi les propositions suivantes, quelle est celle qui définit le mieux ce principe ?";La conservation des données du client;Le fait de respecter l'ensemble des règles organisant le fonctionnement des marchés réglementés;Le fait d'agir de manière honnête, loyale et professionnelle avec le client;C;C;Art 314-3 du Règlement général de l'AMF.;V4 (fév. 2021);;;manuel/02-deontologie-conformite.md
354;2;2.1;A;Quelles sont les obligations générales du prestataire de services d'investissement (PSI) en matière de conformité ?;Assurer une formation conformité de 75 heures minimum chaque année à ses collaborateurs;Etablir des procédures de détection des risques de manquements à leurs obligations professionnelles par ses dirigeants, salariés et par les personnes travaillant pour son compte;Animer des réunions d'information hebdomadaires et assurer une politique de communication interne dédiées à la conformité;B;B;RG AMF, art. 313-9.;V4 (fév. 2021);;;manuel/02-deontologie-conformite.md
355;2;2.1;A;La personne désignée comme responsable de la conformité :;Peut être choisie librement et sans restriction;Doit avoir obtenu une carte professionnelle délivrée par l'AMF;Doit avoir obtenu une habilitation délivrée par la Préfecture;B;B;RG AMF 312-29;V4 (fév. 2021);;;manuel/02-deontologie-conformite.md
356;2;2.1;A;Le dirigeant d'une société de gestion de portefeuille d'OPCVM peut-il exercer la fonction de responsable de la conformité et du contrôle interne?;Oui, dans ce cas toutefois il devra nommer deux autres personnes responsables: l'une en charge du contrôle périodique et l'autre du contrôle permanent hors conformité;Non, les fonctions de dirigeant et de responsable de la conformité et du contrôle interne sont incompatibles;Oui, dans ce cas il doit également être responsable du contrôle périodique et du contrôle permanent hors conformité;C;C;Article 321-90 RGAMF;V4 (fév. 2021);;;manuel/02-deontologie-conformite.md
358;2;2.1;A;Quel est le champ d'intervention de la conformité pour un PSI ?;Tous les secteurs d'activité du PSI;La supervision de certaines opérations comptables;Les opérations des salles de marché;A;A;reglement UE 2017/565 - art 22 / RG AMF art 312-1;V4 (fév. 2021);;;manuel/02-deontologie-conformite.md
359;2;2.1;A;Parmi les propositions suivantes, quelles sont celles qui relèvent des règles de bonne conduite que doit avoir un prestataire de services d'investissement (PSI) ?;Le PSI doit essentiellement veiller à l'intégrité du marché. La primauté de l'intérêt du client est laissée à la discrétion de chaque PSI;Le PSI doit, d'une part, agir de manière honnête, loyale et professionnelle pour servir au mieux l'intérêt des clients, et, d'autre part, favoriser l'intégrité du marché;En tant que professionnel, le PSI a des obligations vis-à-vis de ses clients. La réglementation ne lui impose pas le respect de règles de bonne conduite vis-à-vis du marché;B;B;Art 314-3 du Règlement général de l'AMF.;V4 (fév. 2021);;;manuel/02-deontologie-conformite.md
360;2;2.1;A;Comment s'appelle le responsable de la conformité au sein d'une société de gestion de portefeuille ?;Le RCCI : Responsable de la conformité et du contrôle interne;Le RCCI : Responsable du contenu collectif des investissements;Le RCCI : Responsable de la coordination des contrôleurs internes;A;A;Article 321-32 du RG AMF;V4 (fév. 2021);;;manuel/02-deontologie-conformite.md
361;2;2.1;A;Le responsable de la conformité et du contrôle interne (RCCI) est le responsable de la conformité au sein :;Des sociétés de gestion de portefeuille;Des prestataires de services d'investissement (PSI) autres que les sociétés de gestion de portefeuille;Des établissements de crédit;A;A;https://www.amf-france.org/Acteurs-et-produits/Responsables-de-la-conformite/Presentation;V4 (fév. 2021);;;manuel/02-deontologie-conformite.md
362;2;2.1;A;Au sein d'une Société de Gestion de Portefeuille (SGP), qui doit être titulaire d'une carte professionnelle délivrée par l'Autorité des Marchés Financiers (AMF) ?;Le Responsable de la Conformité pour les Services d'Investissement (RCSI);Le Responsable de la Conformité et des Instruments Financiers (RCIF);Le Responsable de la Conformité et du Contrôle Interne (RCCI);C;C;RGAMF art.318-29;V4 (fév. 2021);;;manuel/02-deontologie-conformite.md
364;2;2.1;A;Au sein d'un prestataire de services d'investissement, autre qu'une Société de Gestion de Portefeuille, peut-il y avoir plusieurs titulaires de cartes professionnelles de responsable de la conformité, délivrées par l'Autorité des Marchés Financiers ?;Non, en aucun cas;Oui, si l'AMF s'assure que le nombre des titulaires de ces cartes est en adéquation avec la nature et les risques des activités du prestataire de services d'investissement, sa taille et son organisation;Oui, mais limités au nombre de trois;B;B;RG AMF 312-32;V4 (fév. 2021);;;manuel/02-deontologie-conformite.md
453;2;2.1;A;Parmi les règles de bonne conduite imposées par la directive MIF aux prestataires de services d'investissement figure l'obligation :;De nommer un responsable de conformité pour chaque service d'investissement;De s'abstenir de commercialiser des produits risqués aux clients;De délivrer des informations correctes, claires et non trompeuses aux clients;C;C;Article 24 alinea 3 de la Directive 2014/65/UE du Parlement européen et du Conseil du 15 mai 2014 concernant les marchés d'instruments financiers (dite MIF2);V4 (fév. 2021);;;manuel/02-deontologie-conformite.md
454;2;2.1;A;Les responsables de la conformité doivent disposer d'une carte professionnelle délivrée par :;La Banque de France;L'Autorité des Marchés Financiers (AMF);L'Autorité de Contrôle Prudentiel et de Résolution (ACPR);B;B;Instruction AMF - DOC 2006-09;V4 (fév. 2021);;;manuel/02-deontologie-conformite.md
456;2;2.1;A;Quel est le rôle principal de la fonction de conformité pour un prestataire de services d'investissement (PSI) ?;La validation du Règlement général de l'AMF;Le contrôle et la sanction des manquements;Le contrôle et l'évaluation des procédures;C;C;RG AMF, art. 312-1.;V4 (fév. 2021);;;manuel/02-deontologie-conformite.md
458;2;2.1;A;Comment définir la déontologie pour un prestataire de services d'investissement (PSI) ?;Elle représente l'ensemble des valeurs de chaque salarié de ce PSI;La déontologie se définit comme l'ensemble des devoirs et des règles qu'impose à des professionnels l'exercice de leur métier;"Elle se définit comme l'ensemble des normes prudentielles à respecter vis-à-vis des clients ""de détail""";B;B;https://www.afg.asso.fr/deontologie-et-gouvernement-dentreprise/deontologie-3/;V4 (fév. 2021);;;manuel/02-deontologie-conformite.md
460;2;2.1;A;Le Prestataire de Services d'Investissement (PSI) doit agir d 'une manière honnête, loyale et professionnelle afin de :;Servir au mieux l 'intérêt du client et respecter l 'intégrité des marchés;Servir au mieux ses intérêts propres sans nuire ni aux intérêts du client ni à l 'intégrité du marché;Servir l 'intérêt du client quitte à ne pas le dénoncer même s 'il réalise un abus de marché;A;A;Article 314-3 RG AMF;V4 (fév. 2021);;;manuel/02-deontologie-conformite.md
461;2;2.1;A;Au sein des Prestataires de Services d 'Investissement (PSI) la mise en place d 'une fonction conformité est :;Optionnelle si le PSI réalise des prestations exclusivement pour des clients professionnels;Obligatoire dans tous les cas;Obligatoirement externalisée à un autre PSI ne faisant pas partie du même groupe pour éviter tous conflits d 'intérêts;B;B;Article 312-1 RG AMF;V4 (fév. 2021);;;manuel/02-deontologie-conformite.md
462;2;2.1;A;Au sein d 'un Prestataire de Services d 'Investissement (PSI) la fonction conformité :;Est directement rattachée aux services opérationnels pour favoriser les interactions et bénéficier des moyens matériels de ces services;Est autonome, rattachée directement à la Direction et doit disposer des moyens matériels et humains suffisants;Est indépendante de tout contrôle et ne rapporte qu 'aux autorités de surveillance (AMF et ACPR) qui contrôlent et valident qu 'elle dispose chaque année d 'une équipe et d 'un budget adéquat;B;B;Article 312-1 RG AMF;V4 (fév. 2021);;;manuel/02-deontologie-conformite.md
469;2;2.1;A;L 'obligation pour les PSI de diffuser une information dont le contenu est exact, clair et non trompeur et permet le cas échéant aux clients de prendre leur décision en connaissance de cause s 'impose :;Pour toutes les communications à destination des clients;Uniquement aux communications promotionnelles;Aux communications promotionnelles et aux documents formalisés obligatoires tel que le Document d 'Information Clé;A;A;Article 44 du Règlement (UE) 2017/565 de la Commission du 25 avril 2016 complétant la Directive MIF 2 en ce qui concerne les exigences organisationnelles et les conditions d'exercice applicables aux entreprises d'investissement et la définition de certains termes aux fins de ladite directive.;V4 (fév. 2021);;;manuel/02-deontologie-conformite.md
921;2;2.1;A;Quelles sont les principales règles de bonne conduite que doit respecter un prestataire de services d'investissement ?;Il doit agir d'une manière honnête, loyale et professionnelle, qui serve au mieux l'intérêt des clients et favorise l'intégrité des marchés;Il doit s'assurer que les services d'investissement qu'il rend dégagent une rentabilité suffisante;Il doit s'assurer que les services d'investissement qu'il rend permettent à son client d'atteindre l'objectif de gain fixé préalablement;A;A;C. mon. fin., art. L 533-11 / RG AMF, art. 314-1 et s.;V4 (fév. 2021);;;manuel/02-deontologie-conformite.md
2637;2;2.1;A;Le RCCI est en charge de :;La fonction de conformité uniquement;La fonction de conformité, du contrôle permanent et du contrôle périodique;La gestion des risques;B;B;;Récente (n° ≥ 2553);;;manuel/02-deontologie-conformite.md
2638;2;2.1;A;Les codes de bonne conduite sont élaborés par :;L'AMF;L'ACPR;Les associations professionnelles;C;C;;Récente (n° ≥ 2553);;;manuel/02-deontologie-conformite.md
2639;2;2.1;A;"En matière de conformité, la ""muraille de Chine"" est synonyme de :";L'indépendance du responsable de la conformité avec les services en front-office;Devoir de non-ingérence;La séparation des activités susceptibles de générer des conflits d'intérêts;C;C;;Récente (n° ≥ 2553);;;manuel/02-deontologie-conformite.md
2682;2;2.1;A;La liste d'interdiction, établit par le responsable de la conformité, recense les :;Délits boursiers;Emetteurs ou les instruments financiers pour lesquels le PSI doit restreindre ses activités;Manquements sanctionnés par l'AMF;B;B;;Récente (n° ≥ 2553);;;manuel/02-deontologie-conformite.md
363;2;2.2;A;Quelle est la conséquence pour un collaborateur qui signale un dysfonctionnement en utilisant, de bonne foi, la procédure d'alerte éthique existant au sein de sa société ?;Il est protégé et ne fera pas l'objet de mesures discriminatoires, notamment en matière de licenciement, de rémunération ou de formation;Il peut faire l'objet de sanctions disciplinaires si les faits dénoncés s'avèrent par la suite inexacts;Il n'encourt pas de sanctions disciplinaires en révélant les faits répréhensibles dont il est l'auteur;A;A;Loi SAPIN 2 Art 8-I;V4 (fév. 2021);;;manuel/02-deontologie-conformite.md
365;2;2.2;A;Parmi les 3 propositions, laquelle est une transaction personnelle au sens de l'AMF?;Une transaction effectuée par le PSI pour son compte propre;Une transaction effectuée par un PSI dans le cadre d'un mandat de gestion confié par une personne concernée;Une transaction effectuée par une personne concernée pour son propre compte portant sur un OPC dont il est le gérant financier;C;C;Art 13 de la Directive d'Application 2010/43/UE du 01/07/2010 et Art 313-9 I du RG AMF;V4 (fév. 2021);;;manuel/02-deontologie-conformite.md
366;2;2.2;A;"Que signifient les expressions ""murailles de Chine"" ou ""barrières à l'information""?";L'identification de toute entité (secteur, service, département...) susceptible de détenir des informations privilégiées et la séparation de ces entités au sein desquelles des personnes concernées sont susceptibles de détenir des informations privilégiées;Le refus de communiquer aux clients des informations les concernant;La mise en place de procédures permettant d'éviter la fuite de capitaux de l'entreprise vers l'étranger;A;A;RG AMF, art. 315-15.;V4 (fév. 2021);;;manuel/02-deontologie-conformite.md
367;2;2.2;A;"Quel est le but des procédures connues sous le nom de ""murailles de Chine"" ?";Prendre toutes les mesures raisonnables pour empêcher les conflits d'intérêts de porter atteinte aux intérêts propres du PSI;Renforcer le contrôle des clients ressortissants des pays émergents;Prendre toutes les mesures raisonnables pour empêcher les conflits d'intérêts de porter atteinte aux intérêts des clients du PSI;C;C;RG AMF (art 321-49);V4 (fév. 2021);;;manuel/02-deontologie-conformite.md
368;2;2.2;A;"Dans quel cas le PSI doit-il maintenir des dispositions opérationnelles pour interdire aux ""personnes concernées"" de réaliser des transactions personnelles ?";Incompatibilités avec les obligations professionnelles du PSI;Utilisation abusive d'informations ordinaires;Transactions n'entrant pas dans le cadre des abus de marché;A;A;Art 313-2, 313-9 à 313-11 et 313-51 du RG AMF;V4 (fév. 2021);;;manuel/02-deontologie-conformite.md
369;2;2.2;A;Lorsqu'un collaborateur signale un manquement au code de déontologie, il exerce :;Sa faculté d'alerte d'urgence;Sa faculté d'alerte hiérarchique;Sa faculté d'alerte éthique;C;C;CMF L634-1 et suivants / loi 2016/1691 art 16 et 17;V4 (fév. 2021);;;manuel/02-deontologie-conformite.md
372;2;2.2;A;Les mesures prises par un prestataire de services d'investissement pour séparer les activités susceptibles d'engendrer des conflits d'intérêts sont appelées :;Mur de l'Atlantique;Paravent de Chine;Murailles de Chine;C;C;RG AMF 315-1;V4 (fév. 2021);;;manuel/02-deontologie-conformite.md
373;2;2.2;A;Une transaction personnelle est une opération réalisée par une personne concernée ou pour son compte :;Lorsque cette personne agit dans le cadre de ses fonctions;Lorsque cette personne agit tant dans le cadre de ses fonctions qu'en dehors de ce cadre;Lorsque cette personne agit en dehors du cadre de ses fonctions;C;C;RGAMF art. 321-42 I° - Instruction AMF n° 2008-01 et instruction AMF n° 2014-01 art.11.3°;V4 (fév. 2021);;;manuel/02-deontologie-conformite.md
374;2;2.2;A;A quoi sert une liste de surveillance?;A recenser les personnes qui ont commis un manquement à la règlementation abus de marché;A indiquer au public les valeurs suivies par l'établissement;A recenser les émetteurs et les instruments financiers sur lesquels le PSI dispose d'une information privilégiée;C;C;Article 315-2 du Règlement général de l'AMF;V4 (fév. 2021);;;manuel/02-deontologie-conformite.md
375;2;2.2;A;"Les procédures dites ""muraille de Chine"" doivent permettre :";De prévenir la circulation indue d'informations privilégiées;D'assurer la liquidité des marchés financiers;De promouvoir la circulation de l'information financière au niveau international;A;A;RG AMF art 315-1;V4 (fév. 2021);;;manuel/02-deontologie-conformite.md
380;2;2.2;A;Les mesures prises par un prestataire de services d'investissement en matière de transactions personnelles ont vocation à s'appliquer :;Aux personnes concernées intervenant dans des activités susceptibles de donner lieu à conflit d'intérêt ou ayant accès à des informations privilégiées ou confidentielles;Exclusivement aux personnes concernées intervenant dans des activités susceptibles de donner lieu à conflit d'intérêt;Exclusivement aux personnes concernées ayant accès à des informations privilégiées ou confidentielles;A;A;RG AMF 321-43;V4 (fév. 2021);;;manuel/02-deontologie-conformite.md
381;2;2.2;A;"À quoi correspond l'acte de ""franchissement de la barrière à l'information"" chez un prestataire de services d'investissement ?";Il s'agit de l'autorisation donnée à un collaborateur de la salle des marchés d'effectuer des opérations sur des marchés non réglementés;Il s'agit de l'autorisation exceptionnelle donnée à une personne d'utiliser une information privilégiée pour une transaction personnelle;Il s'agit de l'autorisation donnée à une personne concernée au sein d'une entité d'apporter son concours à une autre entité dans le cas où l'une des entités détient des informations privilégiées;C;C;RG AMF, art. 315-15.;V4 (fév. 2021);;;manuel/02-deontologie-conformite.md
382;2;2.2;A;Dans le cadre de la réglementation européenne des transactions personnelles, quelle contrainte réglementaire s'applique à une personne dite''concernée''?;Conserver ses titres trois jours minimum avant de les vendre;Informer sans délai son employeur de toute transaction personnelle réalisée;Détenir un compte dans la banque où il travaille;B;B;Article 29 Règlement délégué (UE) 2017/565 du 25 avril 2016;V4 (fév. 2021);;;manuel/02-deontologie-conformite.md
383;2;2.2;A;Les personnes qui participent à la fonction de conformité au sein d'une société de gestion de portefeuille d'OPCVM :;Doivent être impliquées dans l'exécution des services et activités qu'elles contrôlent;Ne doivent pas être impliquées dans l'exécution des services et activités qu'elles contrôlent;Peuvent être impliquées dans l'exécution des services et activités qu'elles contrôlent;B;B;321-32, 3° RGAMF;V4 (fév. 2021);;;manuel/02-deontologie-conformite.md
385;2;2.2;A;"La notion de ""barrières à l'information"" est relative :";Désigne les nouveaux moyens informatiques mis en place pour lutter contre le piratage informatique;Désigne un ensemble de procédures dont l'objet est de prévenir la circulation indue d'informations privilégiées;Désigne les règles de protection de l'information sur les marchés réglementés;B;B;315-1 et suivants du règlement général de l'AMF.;V4 (fév. 2021);;;manuel/02-deontologie-conformite.md
386;2;2.2;A;"Le prestataire de services d'investissement établit et garde opérationnelles des procédures appropriées de contrôle de la circulation et de l'utilisation des informations privilégiées en tenant compte des activités exercées par le groupe auquel il appartient et de l'organisation adoptée au sein de celui-ci. Ces procédures sont dites ""barrières à l'information"" ou :";Murs de Berlin;Muraille de Chine;Aucune réponse ne convient;B;B;RGAMF art 315-1;V4 (fév. 2021);;;manuel/02-deontologie-conformite.md
391;2;2.2;A;L'existence de barrières à l'information :;Interdit à un PSI d'avoir des clients émetteurs et investisseurs;Oblige un PSI à n'exercer qu'une seule prestation de service d'investissement;Impose à un PSI d'identifier et de contrôler spécifiquement les secteurs de son activité où peuvent circuler des informations privilégiées;C;C;Article 315-1 du règlement général de l'AMF;V4 (fév. 2021);;;manuel/02-deontologie-conformite.md
393;2;2.2;A;Les mesures que les prestataires de services d'investissement doivent prendre pour empêcher les conflits d'intérêts de porter atteinte aux intérêts des clients doivent être :;Radicales;Raisonnables et appropriées;Radicales et appropriées;B;B;Source L533-10 CMF;V4 (fév. 2021);;;manuel/02-deontologie-conformite.md
396;2;2.2;A;La politique de gestion des conflits d'intérêts appliquée par un PSI est déterminée :;Par Euronext;Par le PSI lui-même;Par des associations de consommateurs;B;B;RG AMF art 341-48;V4 (fév. 2021);;;manuel/02-deontologie-conformite.md
397;2;2.2;A;Quelle règle s'applique à la liste d'initiés établie par un PSI à l'occasion d'une opération financière ?;Elle est établie une fois par an pour les opérations prévues dans l'année;Elle doit être mise à jour régulièrement;Elle est établie en deux étapes : au début de l'opération concernée, puis à sa clôture;B;B;Article 18 §1 alinéa b) du règlement (UE) No 596/2014;V4 (fév. 2021);;;manuel/02-deontologie-conformite.md
401;2;2.2;A;L'Autorité des marchés financiers (AMF) :;Peut indemniser les lanceurs d'alertes;Est tenue de communiquer immédiatement leurs noms aux PSI concernés;Traite en toute confidentialité les alertes relevant de sa compétence;C;C;Site AMF - Lanceur d'alerte : notification de potentielles infractions à la réglementation - Publié le 14 décembre 2018;V4 (fév. 2021);;;manuel/02-deontologie-conformite.md
402;2;2.2;A;Les modalités de mise en œuvre des murailles de Chine sont les suivantes :;La séparation physique, juridiques ou hiérarchique et décisionnelle;La séparation logique et gestion des flux de données;La séparation physique ou juridique ou hiérarchique ou logique ou une gestion des flux d'information;C;C;CMF Article L533-10 - Modifié par Ordonnance n°2007-544 du 12 avril 2007 - art. 4 JORF 13 avril 2007 en vigueur le 1er novembre 2007;V4 (fév. 2021);;;manuel/02-deontologie-conformite.md
403;2;2.2;A;"On entend par ""transaction personnelle"" une opération réalisée par une"" personne concernée"" :";Pour son compte propre;Pour le compte d'une personne avec laquelle la personne concernée a des liens familiaux ou étroits;Dans les deux cas cités;C;C;Règlement délégué (UE) 2017/565 art 29 - RG AMF 315-2 & 315-4;V4 (fév. 2021);;;manuel/02-deontologie-conformite.md
405;2;2.2;A;Lorsque les mesures prises pour éviter les conflits d'intérêt ne suffisent pas à garantir que le risque de porter atteinte aux intérêts des clients sera évité, le prestataire informe clairement :;L'ACPR;Les clients concernés;Les intermédiaires de marché;B;B;Règlement Général de l'AMF ART 313-23/313-24;V4 (fév. 2021);;;manuel/02-deontologie-conformite.md
406;2;2.2;A;Les activités suivantes sont de façon structurelle en conflit d'intérêts entre elles :;L'analyse et le middle office;La vente et le back office;La négociation pour compte propre avec l'exécution d'ordres pour compte de tiers;C;C;CMF Article L533-10 - Modifié par Ordonnance n°2007-544 du 12 avril 2007 - art. 4 JORF 13 avril 2007 en vigueur le 1er novembre 2007;V4 (fév. 2021);;;manuel/02-deontologie-conformite.md
447;2;2.2;A;"Qu'appelle-t-on ""liste d'interdiction"" ?";Une liste répertoriant les émetteurs ou les instruments financiers dont la négociation n'est pas autorisée à la clientèle particulière;Une liste répertoriant les émetteurs ou les instruments financiers susceptibles d'avoir un lien avec le blanchiment de capitaux;Une liste répertoriant les émetteurs ou les instruments financiers pour lesquels le PSI doit restreindre son activité;C;C;RG AMF (article 315-4);V4 (fév. 2021);;;manuel/02-deontologie-conformite.md
452;2;2.2;A;Un établissement financier qui exerce différentes activités, par exemple pour compte propre et pour compte de clients :;Peut privilégier son compte propre;Doit instaurer des mesures permettant d'empêcher les conflits d'intérêts avec ses clients;N'a aucune obligation règlementaire en la matière;B;B;Point (56) de la partie introductive et article 13 quater alinéa 1 de la Directive 2014/65/UE du Parlement européen et du Conseil du 15 mai 2014 concernant les marchés d'instruments financiers (dite MIF2);V4 (fév. 2021);;;manuel/02-deontologie-conformite.md
463;2;2.2;A;"Quelles opérations réalisées par un gérant de fonds d 'investissement sur les marchés financiers sont considérées comme des ""transactions personnelles"" susceptibles de restrictions voire d'interdiction ?";Les souscriptions pour son propre compte de parts ou actions du fonds d 'investissement qu'il gère;Toutes les opérations effectuées à titre professionnel au titre du fonds d 'investissement qu'il gère;"Aucune transaction ne peut être qualifiée de ""personnelle"" du fait de son statut de gérant professionnel";A;A;Article 321-42 RG AMF;V4 (fév. 2021);;;manuel/02-deontologie-conformite.md
464;2;2.2;A;Le Prestataire de Services d'Investissement (PSI) prend toute mesure raisonnable lui permettant de détecter les situations de conflits d'intérêts entre le PSI et ses clients. Quelle situation parmi les suivantes est une situation de conflit d'intérêts ?;Dans le cadre d'un mandat de gestion, le PSI applique une stratégie d 'investissement que son client n 'a pas validé;Un PSI applique des niveaux de frais à ses clients beaucoup plus élevés que la moyenne du marché;Dans le cadre d 'un conseil en investissement, un PSI incite ses conseillers à proposer le produit procurant au PSI des commissions élevées plutôt que le produit le plus adapté à leur client;C;C;Article 312-45 RG AMF;V4 (fév. 2021);;;manuel/02-deontologie-conformite.md
806;2;2.2;A;"Dans quelle situation les ""personnes concernées"" sont-elles soumises à des règles particulières ?";Lors de la catégorisation de la clientèle;Lors de transactions personnelles;Lors de la recherche d'informations relatives à la nécessité de connaître son client;B;B;Article 321-42 à 45 du RG AMF;V4 (fév. 2021);;;manuel/02-deontologie-conformite.md
808;2;2.2;A;Que doit faire le PSI sollicité pour traiter une opération susceptible de générer un conflit d'intérêts ?;Refuser systématiquement de traiter l'opération en cause;"Prendre, vis-à-vis de certains de ses collaborateurs identifiés comme ""personnes concernées"" , des mesures de restriction, d'interdiction et d'abstention";Obtenir un accord préalable de son autorité de tutelle avant de traiter l'opération;B;B;Articles 321-43 + 321-44 + 321-49 du RG AMF;V4 (fév. 2021);;;manuel/02-deontologie-conformite.md
2558;2;2.2;A;Lorsque les dispositions organisationnelles prises par une société de gestion de portefeuille pour prévenir les conflits d'intérêts ne suffisent pas à garantir que le risque de porter atteinte aux intérêts des clients sera évité, cette société doit d'abord informer de ces risques :;ses clients;le commissaire aux comptes;le dépositaire de ce fonds;A;A;;Récente (n° ≥ 2553);;;manuel/02-deontologie-conformite.md
2559;2;2.2;A;Lorsqu'un conflit d'intérêts est identifié, le PSI a le droit :;De mettre en place une surveillance séparée des personnes impliquées dans des activités donnant lieu à conflits;D'interroger les proches des personnes impliquées dans des activités donnant lieu à conflits;D'accéder aux échanges privés entre personnes impliquées dans des activités donnant lieu à conflits;A;A;;Récente (n° ≥ 2553);;;manuel/02-deontologie-conformite.md
2572;2;2.2;A;Le conseiller en investissements financiers doit réviser sa politique en matière de gestion des conflits d'intérêts :;au moins une fois par an;tous les 3 ans;obligatoirement tous les 6 mois;A;A;;Récente (n° ≥ 2553);;;manuel/02-deontologie-conformite.md
2573;2;2.2;A;Lorsque le conseiller en investissements financiers appartient à un groupe, la politique de gestion des conflits d'intérêts :;Est propre à chaque entité qui reste autonome;N'a pas à tenir compte des circonstances qui pourraient provoquer un conflit d'intérêts résultant de la structure des autres membres du groupe;Doit prendre en compte les circonstances qui pourraient provoquer un conflit d'intérêts résultant des activités professionnelles des autres membres du groupe;C;C;;Récente (n° ≥ 2553);;;manuel/02-deontologie-conformite.md
2574;2;2.2;A;En matière de gestion des conflits d'intérêts, le conseiller en investissements financiers est tenu de mettre à jour :;Une fois par an un registre consignant notamment les types de services d'investissement pour lesquels un conflit d'intérêts comportant un risque d'atteinte aux intérêts de ses clients pourrait se produire;Régulièrement un registre consignant notamment les types de services d'investissement pour lesquels un conflit d'intérêts comportant un risque d'atteinte aux intérêts de ses clients pourrait se produire;Régulièrement et uniquement son site internet en consignant notamment les types de services d'investissement pour lesquels un conflit d'intérêts comportant un risque d'atteinte aux intérêts de ses clients pourrait se produire;B;B;;Récente (n° ≥ 2553);;;manuel/02-deontologie-conformite.md
2594;2;2.2;A;Un lanceur d'alerte salarié d'une entreprise doit effectuer son signalement :;Obligatoirement à sa hiérarchie;Directement aux autorités s'il y a urgence;A aucune personne si le règlement intérieur le lui interdit;B;B;;Récente (n° ≥ 2553);ctx;Loi Waserman (2022) : le lanceur d'alerte choisit librement le signalement interne OU externe (autorité). La réponse « directement aux autorités s'il y a urgence » reste la seule juste parmi les choix.;manuel/02-deontologie-conformite.md
2615;2;2.2;A;Dans la cadre de la gestion de FIA (Fonds d'investissement alternatifs), une société de gestion de portefeuille :;Doit uniquement identifier les éventuels conflits d'intérêts entre les FIA et ses collaborateurs;Doit uniquement identifier les conflits d'intérêts entre les FIA et le ou les dépositaires;Doit identifier tous les conflits d'intérêts existants et potentiels susceptibles d'influencer la gestion des FIA;C;C;;Récente (n° ≥ 2553);;;manuel/02-deontologie-conformite.md
2681;2;2.2;A;La liste de surveillance doit être conservée :;10 ans;5 ans;1 an;B;B;;Récente (n° ≥ 2553);;;manuel/02-deontologie-conformite.md
407;2;2.3;A;Dans quels cas les prestataires de services d'investissement sont-ils tenus d'avoir une procédure de traitement des réclamations ?;Pour les réclamations de tous les clients, quel que soit leur statut;Pour les réclamations des clients non professionnels;Pour les réclamations des clients professionnels;A;A;321-40 RG de l'AMF;V4 (fév. 2021);;;manuel/02-deontologie-conformite.md
408;2;2.3;A;Les prestataires de services d'investissement (PSI) sont-ils soumis à des obligations réglementaires concernant le traitement des réclamations des clients ?;Le traitement des réclamations des clients relève de la seule appréciation du prestataire de services d'investissement (PSI);Le règlement de l'AMF oblige uniquement le prestataire à encadrer l'information à donner au client sur le système de traitement des réclamations ainsi que les procédures à mettre en oeuvre pour un traitement efficace, égal et harmonisé;Il est obligatoire pour les prestataires de services d'investissement (PSI) de mettre en place une procédure de traitement des réclamations des clients;C;C;RG AMF, art. 313-8.;V4 (fév. 2021);;;manuel/02-deontologie-conformite.md
409;2;2.3;A;Le traitement des réclamations adressées par les porteurs de parts ou actionnaires d'OPCVM à la société de gestion de portefeuille lorsqu'aucun service d'investissement ne leur est fourni à l'occasion de la souscription:;Est facturé en fonction d'un barème fixé par décret en conseil d'Etat;Est gratuit;Est facturé librement par la société de gestion de portefeuille;B;B;Article 321-40 RGAMF;V4 (fév. 2021);;;manuel/02-deontologie-conformite.md
410;2;2.3;A;Par qui est nommé le médiateur de l'AMF ?;Par le président de l'AMF après avis de l'ACPR;Par le président de l'AMF après avis du collège;Par le président de l'AMF après avis de l'ESMA;B;B;CMF (art L. 621-19);V4 (fév. 2021);;;manuel/02-deontologie-conformite.md
412;2;2.3;A;Dans quel cas le client d'un PSI peut-il recourir à la médiation de l'AMF ?;Pour une réclamation portant sur la gestion de portefeuille;Pour une réclamation portant sur un crédit;Pour une réclamation concernant ses relevés de compte courant;A;A;Article L621-19 du code monétaire et financier + Publication AMF du 25 avril 2017 - Quel est le champ de compétence du Médiateur ?;V4 (fév. 2021);;;manuel/02-deontologie-conformite.md
413;2;2.3;A;La médiation interne concerne les litiges :;Entre les prestataires de services d'investissement et les particuliers agissant pour des besoins professionnels;Entre les entreprises et les prestataires de services d'investissement;Entre les prestataires de services d'investissement et les particuliers n'agissant pas pour des besoins professionnels;C;C;Art L316-1 du CMF et L151-1 du code de la conso.;V4 (fév. 2021);;;manuel/02-deontologie-conformite.md
414;2;2.3;A;Entre dans le champ de compétence du médiateur de l'AMF en cas de litige :;L'épargne salariale;L'assurance vie;Le plan épargne logement;A;A;L.611-1 à L.616-3 et R612-1 à R616-2) et le Code monétaire et financier (notamment l'article L.316-1 https://www.amf-france.org/;V4 (fév. 2021);;;manuel/02-deontologie-conformite.md
415;2;2.3;A;La saisine du service de la médiation de l'AMF est :;Gratuite;Réservée aux clients patrimoniaux;Payante;A;A;CMF L621-19 / code de la consommation L611-1 et suivants / amf-france.org/Le-mediateur-de-l-AMF;V4 (fév. 2021);;;manuel/02-deontologie-conformite.md
417;2;2.3;A;Quel est le délai d'accusé réception à une réclamation client ?;Dix jours ouvrables maximum à compter de la réception de la réclamation;Un mois maximum à partir de la date de réception de la réclamation;Deux mois maximum à partir de la date de réception de la réclamation;A;A;instruction AMF 2012-07 modifiée au 01/05/2017 - § 3;V4 (fév. 2021);;;manuel/02-deontologie-conformite.md
418;2;2.3;A;La saisine du médiateur de l'Autorité des Marchés Financiers est :;Ouverte uniquement aux professionnels des marchés financiers;Une procédure créée uniquement pour répondre à une action de groupe;Reçue de tout intéressé dont les réclamations entrent par leur objet dans sa compétence sous réserve qu'aucune procédure judiciaire n'ait été engagée;C;C;CMF art. L. 621-19 - Charte de la Médiation de l'AMF;V4 (fév. 2021);;;manuel/02-deontologie-conformite.md
421;2;2.3;A;La médiation est un mode de :;Règlement judiciaire des conflits;Règlement des conflits devant les tribunaux administratifs;Règlement amiable des conflits;C;C;http://www.banque-france.fr/fr/instit/telechar/services/cmb_bilan_2008.pdf;V4 (fév. 2021);;;manuel/02-deontologie-conformite.md
422;2;2.3;A;En cas de litige avec un établissement de crédit, le client :;Doit obligatoirement s'adresser au médiateur de l'AMF;Doit obligatoirement porter le dossier en justice;Peut recourir à la médiation bancaire;C;C;Article L316-1 du code monétaire et financier;V4 (fév. 2021);;;manuel/02-deontologie-conformite.md
423;2;2.3;A;A partir de quand, le client d'un PSI peut-il saisir le médiateur de l'AMF ?;Dès qu'il a un litige avec son prestataire de service;Après une première démarche écrite auprès du PSI, mais qui s'avère insatisfaisante;Dans un délai d'un mois après le constat de la source du litige;B;B;"Guide AMF ""le médiateur de l'AMF"" octobre 2014";V4 (fév. 2021);;;manuel/02-deontologie-conformite.md
424;2;2.3;A;Quand les prestataires de services d'investissement traitent les réclamations des clients, un enregistrement :;N'est absolument pas obligatoire;Est obligatoire pour la réclamation et les mesures prises;Est obligatoire seulement pour la réclamation;B;B;321-40 RG de l'AMF;V4 (fév. 2021);;;manuel/02-deontologie-conformite.md
425;2;2.3;A;Constitue une réclamation au sens du Règlement Général de l'Autorité des Marchés Financiers (AMF):;Un courrier en recommandé avec accusé de réception d'un client exigeant des clarifications sur la gestion de son portefeuille;Un appel téléphonique d'un client faisant acte de son mécontentement envers un prestataire ayant fourni un conseil en investissement;Un mail d'un client ordonnant que lui soient transmises toutes les informations relatives aux exécutions d'ordre réalisées pour son compte;B;B;Instruction AMF n° 2012-07, Introduction, §2;V4 (fév. 2021);;;manuel/02-deontologie-conformite.md
427;2;2.3;A;La procédure de médiation interne est:;Payante selon l'importance du dossier;Payante uniquement pour les frais de constitution de dossier;Gratuite;C;C;Voir le site de la médiation de l'AMF : https://www.amf-france.org/Le-mediateur-de-l-AMF/Presentation;V4 (fév. 2021);;;manuel/02-deontologie-conformite.md
429;2;2.3;A;Qu'impose le règlement général de l'AMF (Autorité des Marchés Financiers) aux PSI (Prestataires de Services d'Investissement) en matière de délai de réponse aux réclamations des clients ?;Répondre sous 1 mois;Répondre sous 2 mois;Répondre sous 3 mois;B;B;313-8 Règlement Général de l'AMF;V4 (fév. 2021);;;manuel/02-deontologie-conformite.md
430;2;2.3;A;Lorsque la décision du médiateur de l'AMF (Autorité des Marchés Financiers) est défavorable à l'épargnant, ce dernier doit :;S'acquitter d'un montant forfaitaire de frais;S'acquitter d'un montant de frais proportionnel au litige;N'acquitter aucun montant, la médiation étant toujours gratuite;C;C;Ordonnance 2015-33 Ministère des finances;V4 (fév. 2021);;;manuel/02-deontologie-conformite.md
431;2;2.3;A;Une demande d'information ou de clarification formulée par un client est-elle considérée comme une réclamation ?;Elle est soumise au responsable conformité qui, selon le cas, la classe ou non dans les réclamations;Non, elle n'est pas considérée comme une réclamation;Elle est considérée comme une réclamation car elle suppose une communication insuffisante;B;B;instruction AMF 2012-07 modifiée au 01/05/2017 - introduction;V4 (fév. 2021);;;manuel/02-deontologie-conformite.md
432;2;2.3;A;Quel est le rôle du médiateur interne d'un PSI sur les dossiers de réclamation qui lui sont transmis ?;Il renvoie les dossiers aux services concernés pour traitement;Il émet un avis après avoir examiné le dossier en droit et en équité;Il impose une solution amiable avec le client;B;B;code de la consommation L611-1 et suivants / fbf.fr;V4 (fév. 2021);;;manuel/02-deontologie-conformite.md
433;2;2.3;A;Dans quel cas le médiateur de l'AMF peut-il intervenir ?;Pour les réclamations émanant d'un client professionnel uniquement;Pour les réclamations émanant d'un client non professionnel uniquement;Pour les réclamations émanant des clients professionnels ou non professionnels;C;C;L 621-19 CMF, Livre VI titre 1 du Code de la Consommation;V4 (fév. 2021);;;manuel/02-deontologie-conformite.md
435;2;2.3;A;Lorsqu'une société de gestion de portefeuille d'OPCVM agréée et ayant son siège social en France commercialise un OPCVM en Espagne:;Elle est libre de répondre aux réclamations des porteurs de parts ou actionnaires résidant en Espagne soit en français, soit en espagnol;Les porteurs de parts ou actionnaires résidant en Espagne devront faire part de leurs éventuelles réclamations en français afin que celles-ci soient prises en compte par la société de gestion de portefeuille;Elle doit établir des procédures et des modalités appropriées afin de garantir qu'elle traitera correctement les réclamations des porteurs de parts ou actionnaires résidant en Espagne et que ceux-ci ne sont pas limités dans l'exercice de leurs droits;C;C;Article 321-41, alinéa 1 RGAMF;V4 (fév. 2021);;;manuel/02-deontologie-conformite.md
438;2;2.3;A;Quelle sont les obligations des PSI en matière de suivi des réclamations ?;Les PSI doivent identifier les dysfonctionnements et mettre en place les actions correctives;Les PSI ont uniquement des obligations de traitement à respecter vis-à-vis des clients;Les PSI ne peuvent pas utiliser les réclamations pour détecter des dysfonctionnements;A;A;instruction AMF 2012-07 modifiée au 01/05/2017 - § 4;V4 (fév. 2021);;;manuel/02-deontologie-conformite.md
439;2;2.3;A;En matière de traitement des réclamations clients, le PSI doit :;Sélectionner les réclamations par rapport à la surface financière du client;Etablir et maintenir opérationnelle une procédure efficace et transparente en vue du traitement raisonnable et rapide des réclamations;Sélectionner les réclamations les plus récentes;B;B;ACPR - Recommandation sur le traitement des réclamations 2016-R-02 du 14 novembre 2016;V4 (fév. 2021);;;manuel/02-deontologie-conformite.md
440;2;2.3;A;Si un client engage une procédure judiciaire, il :;Peut simultanément s'adresser au médiateur de la consommation;Ne peut pas recourir à la médiation de la consommation;Doit obligatoirement adhérer à une association de défense des consommateurs;B;B;Portail de l'Économie, des Finances, de l'Action et des Comptes publics - Accueil de l'espace médiation de la consommation;V4 (fév. 2021);;;manuel/02-deontologie-conformite.md
444;2;2.3;A;Le médiateur de l'AMF, peut être saisi :;Uniquement par les personnes physiques;Par tout épargnant, personne physique ou morale, quand le montant du préjudice est supérieur à 1000 €;Par tout épargnant, personne physique ou morale, quel que soit le montant du préjudice;C;C;"Note AMF ""LE MÉDIATEUR DE L'AMF""";V4 (fév. 2021);;;manuel/02-deontologie-conformite.md
445;2;2.3;A;En cas de litige, un client peut saisir le médiateur de l'AMF en l'absence de réponse de la part du prestataire d'un service financier au bout de :;1 mois;2 mois;3 mois;B;B;"Note AMF ""LE MÉDIATEUR DE L'AMF""";V4 (fév. 2021);;;manuel/02-deontologie-conformite.md
448;2;2.3;A;Quels litiges, parmi les suivants, ne sont pas éligibles à la médiation de l'AMF ?;Les litiges relatifs à la gestion de portefeuille;Les litiges relatifs à la transmission et réception d'ordres de bourse;Les litiges relatifs aux crédits bancaires;C;C;Voir le site : https://www.amf-france.org/Le-mediateur-de-l-AMF/Le-mediateur-mode-d-emploi/Champ-de-competences;V4 (fév. 2021);;;manuel/02-deontologie-conformite.md
465;2;2.3;A;Un Prestataire de Services d'Investissement doit dans son organisation :;Déléguer le traitement des réclamations adressées par ses clients existants ou potentiels à une société externe, indépendante et agréée par l'AMF;Etablir et maintenir opérationnelle une procédure efficace et transparente en vue du traitement raisonnable et rapide des réclamations adressées par ses clients;Vérifier que les réclamations des clients professionnels sont traitées après les réclamations des clients non-professionnels;B;B;RÈGLEMENT DÉLÉGUÉ (UE) 2017/565 DE LA COMMISSION du 25 avril 2016 complétant la directive 2014/65/UE du Parlement européen et du Conseil en ce qui concerne les exigences organisationnelles Instruction AMF Traitement des réclamations - DOC-2012-07;V4 (fév. 2021);;;manuel/02-deontologie-conformite.md
466;2;2.3;A;Lorsqu 'un client porte réclamation, le PSI doit accuser réception de la réclamation dans les dix jours ouvrables à compter de sa réception. Il doit ensuite faire parvenir sa réponse au client :;Dans les 30 jours à partir de la réception de la réclamation;Dans les 2 mois à partir de la réception de la réclamation;Dans les 6 mois à partir de la réception de la réclamation;B;B;Instruction AMF Traitement des réclamations - DOC-2012-07;V4 (fév. 2021);;;manuel/02-deontologie-conformite.md
467;2;2.3;A;La procédure de traitement des réclamations au sein des PSI implique que le client puisse d 'abord présenter sa réclamation à son interlocuteur habituel avant de se tourner vers un service dédié au traitement des réclamations. Ce service doit être autant que possible :;Séparé des équipes opérationnelles pouvant être mises en cause;Contrôlé par les opérationnels pouvant être mis en cause;Dirigé par le médiateur interne du PSI de façon indépendante;A;A;Instruction AMF Traitement des réclamations - DOC-2012-07;V4 (fév. 2021);;;manuel/02-deontologie-conformite.md
468;2;2.3;A;La procédure de réclamation :;Doit toujours être gratuite pour le client;Peut être payante à condition que le prix soit raisonnable et ait vocation à couvrir les frais de traitement du dossier;Doit toujours être gratuite sauf pour avoir recours au médiateur;A;A;RÈGLEMENT DÉLÉGUÉ (UE) 2017/565 DE LA COMMISSION du 25 avril 2016;V4 (fév. 2021);;;manuel/02-deontologie-conformite.md
2640;2;2.3;A;Le médiateur de l'AMF est compétent en matière :;Financière;D'assurance;Bancaire;A;A;;Récente (n° ≥ 2553);;;manuel/02-deontologie-conformite.md
2683;2;2.3;A;La décision du médiateur en cas de litige entre un client et sa banque :;Est imposée aux parties;Met fin au litige;Peut être acceptée ou non par les parties;C;C;;Récente (n° ≥ 2553);;;manuel/02-deontologie-conformite.md
331;3;3;A;Les documents relatifs à l'identité des clients habituels ou occasionnels doivent être conservés :;Pendant cinq ans, à compter de la clôture de leurs comptes ou de la cessation de leurs relations avec eux;Pendant trois ans, à compter de la clôture de leurs comptes ou de la cessation de leurs relations avec eux;Pendant dix ans, à compter de la clôture de leurs comptes ou de la cessation de leurs relations avec eux;A;A;article L. 561-12 du code monétaire et financier;V4 (fév. 2021);;;manuel/03-securite-financiere.md
470;3;3;A;Quels sont les termes utilisés pour caractériser les étapes d'une opération de blanchiment ?;Le placement, la dissimulation et la restitution;Le prélavage, le lavage, l'essorage;Le placement, la dissimulation, la conversion;C;C;Article 324-1 du Code pénal;V4 (fév. 2021);;;manuel/03-securite-financiere.md
471;3;3;A;Le délit de blanchiment est considéré comme aggravé :;Lorsqu'il est commis à un niveau international;Lorsque le montant des sommes blanchies dépasse un certain seuil;Lorsqu'il est commis en bande organisée;C;C;Art. 324-2 du code pénal;V4 (fév. 2021);;;manuel/03-securite-financiere.md
472;3;3;A;Parmi les affirmations suivantes, laquelle est vraie ? Le blanchiment des capitaux :;Est un délit;Est une infraction administrative;Est susceptible d'une contravention;A;A;Articles 324 et suivants du Code pénal.;V4 (fév. 2021);;;manuel/03-securite-financiere.md
473;3;3;A;Quelle est la mission principale de TRACFIN?;Mettre en œuvre les sanctions décidées par l'AMF et concernant la lutte anti blanchiment;Lutter contre les circuits financiers clandestins, le blanchiment de capitaux et le financement du terrorisme;Vérifier les procédures de maîtrise des risques sur les produits dérivés;B;B;Voir le site de Tracfin : https://www.economie.gouv.fr/tracfin/missions-tracfin;V4 (fév. 2021);;;manuel/03-securite-financiere.md
474;3;3;A;Lorsque les investigations menées par TRACFIN mettent en évidence des faits susceptibles de relever du blanchiment du produit d'une infraction punie d'une peine privative de liberté supérieure à un an ou du financement du terrorisme, TRACFIN :;Engage une procédure de sanction en interne;Saisit le procureur de la République;Saisit la police judiciaire;B;B;Article L 561-23 et L561-30-1 CMF;V4 (fév. 2021);;;manuel/03-securite-financiere.md
475;3;3;A;Qu'est-ce que le GAFI ?;Le Groupe d'Action Financière (GAFI) est un organisme intergouvernemental qui a pour objectif de concevoir et de promouvoir des politiques de lutte contre le blanchiment de capitaux et le financement du terrorisme, aussi bien à l'échelon national qu'international;Le Groupe d'Action FInancière (GAFI) est un organisme créé par le Fonds Monétaire International (FMI) qui regroupe tous les ministres des finances des pays industrialisés;Le Groupe d'Action FInancière (GAFI) n'existe plus et a été remplacé par le Comité Mondial de Lutte contre la Criminalité Financière (CMLCF);A;A;Site internet du minitère l'Économie, des Finances, de l'Action et des Comptes publics : http://www.economie.gouv.fr/tracfin/gafi.;V4 (fév. 2021);;;manuel/03-securite-financiere.md
476;3;3;A;Les obligations des prestataires de services d'investissements en matière de LCB-FT consistent notamment à :;Mener un examen renforcé de toute opération supérieure à 150.000 euros;Mener une approche par les risques afin de déterminer le niveau de vigilance adapté;Mener un examen renforcé de toutes les opérations sur titres;B;B;Article L 561-4-1 du Code monétaire et financier;V4 (fév. 2021);;;manuel/03-securite-financiere.md
478;3;3;A;La cellule française de lutte contre le blanchiment d'argent s'appelle :;TRACFIN;GAFI;FIU;A;A;Article L561-23 et R561-33;V4 (fév. 2021);;;manuel/03-securite-financiere.md
480;3;3;A;Quelle obligation s'impose en matière de lutte contre le blanchiment ?;Connaître le client à l'entrée en relation uniquement;Connaître le client à l'entrée en relation et tout au long de la relation d'affaires;Diminuer les obligations de vigilance pour les clients de longue date;B;B;CMF L561-5 et suivants;V4 (fév. 2021);;;manuel/03-securite-financiere.md
481;3;3;A;La loi SAPIN 2 impose une cartographie des risques de corruption :;Aux sociétés employant au moins 500 salariés et dont le chiffre d'affaires dépasse 100 millions d'euros;A l'ensemble des sociétés quelle que soit leur taille;Uniquement aux sociétés dont les dirigeants ont été déjà condamnés pour des faits de corruption;A;A;Article 17 de la Loi n° 2016-1691 du 9 décembre 2016 relative à la transparence, à la lutte contre la corruption et à la modernisation de la vie économique site SAPIN 2;V4 (fév. 2021);;;manuel/03-securite-financiere.md
482;3;3;A;En matière de lutte contre le blanchiment de capitaux et le financement du terrorisme, lorsque le client est une personne politiquement exposée:;Il doit faire l'objet de mesures de vigilance complémentaires;Il y a un allègement des contrôles;Il doit faire l'objet d'un signalement auprès de l'AMF;A;A;Article L 561-10 du CMF;V4 (fév. 2021);;;manuel/03-securite-financiere.md
485;3;3;A;Après la cessation de la relation, quelle est la durée de conservation et d'archivage des documents relatifs à l'identité du client et ses opérations ?;1 an;3 ans;5 ans;C;C;Article L 561-12 du Code monétaire et financier;V4 (fév. 2021);;;manuel/03-securite-financiere.md
486;3;3;A;A partir de quel montant les opérations en espèces effectuées sur un compte dépôt doivent-elles être déclarées à TRACFIN ?;100 000 € sur une année calendaire;100 000 € sur un mois calendaire;10 000 € sur un mois calendaire;C;C;Article R561-31-2 du CMF;V4 (fév. 2021);;;manuel/03-securite-financiere.md
488;3;3;A;La cellule Tracfin est :;Le bureau de représentation du Groupe d'action financière (Gafi) en France;Un service à compétence nationale rattaché au Ministère des Finances et des Comptes Publics;Une agence gouvernementale spécialisée indépendante;B;B;CMF art. R. 561-33- Site internet fatf-gafi.org;V4 (fév. 2021);;;manuel/03-securite-financiere.md
489;3;3;A;Qui exerce le pouvoir de sanctions en cas de manquements aux obligations de déclarations à TRACFIN pour les banques?;L'ACPR;L'AMF;L'IOSCO (ou OICV);A;A;CMF (art L612-1 6° );V4 (fév. 2021);;;manuel/03-securite-financiere.md
490;3;3;A;L'échange automatique d'informations (EAI) est une norme de l'OCDE visant pour les Etats signataires :;Un échange systématique d'informations relatives aux comptes financiers ouverts dans ces Etats;Un échange systématique d'informations relatives à l'ensemble des données personnelles des personnes physiques;Un échange systématique de tout type d'information en cas de force majeure;A;A;OCDE - Norme d'échange automatique de renseignements relatifs aux comptes financiers en matière fiscale du 15 juillet 2014;V4 (fév. 2021);;;manuel/03-securite-financiere.md
491;3;3;A;Le cadre juridique de la lutte contre le blanchiment est délimité par :;Le Code de la consommation;Les articles L561 et suivants du Code monétaire et financier;Le Code de commerce;B;B;Article L. 561-1 et suivants du CMF;V4 (fév. 2021);;;manuel/03-securite-financiere.md
493;3;3;A;TRACFIN (Traitement du Renseignement et Action contre les Circuits Financiers clandestins) doit remplir plusieurs missions. Lesquelles ?;Collecter les déclarations d'ouverture de compte et les analyser;Collecter les déclarations de soupçon, les analyser et enquêter;Collecter des informations, les analyser, enquêter et infliger des sanctions pénales;B;B;CMF L561-23 et suivants;V4 (fév. 2021);;;manuel/03-securite-financiere.md
495;3;3;A;Lorsqu'une opération qui aurait dû faire l'objet d'une déclaration de soupçon auprès de TRACFIN a malgré tout été réalisée:;Les services de TRACFIN doivent en être informés sans délai;Celle-ci sera automatiquement annulée par les tribunaux;Le professionnel risque une interdiction d'exercer son activité pendant au moins cinq années;A;A;Article L 561-16, al. 2 du CMF;V4 (fév. 2021);;;manuel/03-securite-financiere.md
496;3;3;A;Comment qualifie-t-on l'acte d'apporter son concours à une opération de placement du produit direct ou indirect d'un crime ou d'un délit ?;Délit d'initié;Blanchiment d'argent;Manipulation de cours;B;B;C. pén., art. 324-1.;V4 (fév. 2021);;;manuel/03-securite-financiere.md
497;3;3;A;Concernant l'identification du client par les entreprises d'investissement dans le cadre de la lutte anti-blanchiment :;Celle-ci ne concerne que les clients occasionnels du prestataire;Celle-ci se fonde uniquement sur les déclarations verbales du client;Celle-ci doit se faire au regard de justificatifs fournis par le client et vérifiés par le prestataire;C;C;Article R 561-5 CMF;V4 (fév. 2021);;;manuel/03-securite-financiere.md
498;3;3;A;Le client bénéficiaire de la relation d'affaires :;N'a pas besoin d'être connu du PSI;Ne peut être qu'une personne morale;Doit être identifié dès l'entrée en relation;C;C;Article L561-5 du code monétaire et financier;V4 (fév. 2021);;;manuel/03-securite-financiere.md
499;3;3;A;En matière de lutte anti-blanchiment, que doit faire le prestataire de services d'investissement (PSI) s'il n'est pas en mesure d'identifier son client ou d'obtenir des informations sur l'objet et la nature de la relation d'affaires ?;Le prestataire de services d'investissement exécute les opérations prévues mais déclare ses opérations auprès de l'AMF;Le prestataire de services d'investissement n'exécute aucune opération, quelles qu'en soient les modalités, et n'entame aucune relation d'affaires avec ce client. Si la relation a déjà été établie, en raison du risque de blanchiment jugé faible, le prestataire doit y mettre un terme;Le prestataire de services d'investissement exécute les opérations prévues puis réclame à son client les justificatifs nécessaires;B;B;C. mon. fin., art. L561-8.;V4 (fév. 2021);;;manuel/03-securite-financiere.md
500;3;3;A;L'identification du client et la vérification de son identité :;Sont des obligations prévues par la loi qui ne peuvent s'appliquer qu'une fois seulement : lors de l'entrée en relation;Sont des obligations prévues par la loi, qui ne s'appliquent pas à tous les clients;Sont des obligations prévues par la loi lors de l'entrée en relation, qui peuvent également s'accompagner de la vérification du bénéficiaire effectif de la relation;C;C;Art. L. 561-5 du CMF;V4 (fév. 2021);;;manuel/03-securite-financiere.md
501;3;3;A;Les déclarations de soupçon à Tracfin concernent les sommes pouvant provenir d'une infraction passible d'une peine privative de liberté :;Supérieure à 10 ans;Supérieure à 5 ans;Supérieure à 1 an;C;C;Article L 561-15 du Code monétaire et financier;V4 (fév. 2021);;;manuel/03-securite-financiere.md
502;3;3;A;Dans une opération ou transaction dans laquelle l'identité du client a été validée, le montant de l'opération ou de la transaction est faible, les fonds en vue de l'opération ou de la transaction proviennent d'un établissement de crédit, le professionnel;Est exonéré de son obligation de vigilance;Reste soumis aux obligations de vigilance standard en matière d'identification du client et de l'obligation déclarative éventuelle de soupçon;Doit identifier le client mais ne peut pas le déclarer à Tracfin;B;B;"Tracfin ""obligation de vigilance"" - CMF art. L. 561-9 - art. L. 561-2 - art. L. 561-5 et 6 - art. L. 561-36 - AMF site internet""Lutte Anti Blanchiment""";V4 (fév. 2021);;;manuel/03-securite-financiere.md
503;3;3;A;Le déclarant d'un soupçon de financement de terrorisme :;Peut être poursuivi s'il déclare des secrets professionnels;Ne peut être poursuivi pour violation du secret professionnel;Ne peut être poursuivi pour violation du secret professionnel sous réserve que la déclaration de soupçon ait été effectuée de bonne foi;C;C;Article L.561-22 du CMF;V4 (fév. 2021);;;manuel/03-securite-financiere.md
504;3;3;A;Lorsqu'une déclaration de soupçon de blanchiment de capitaux est effectuée auprès de TRACFIN, laquelle de ces propositions est exacte ?;Il est interdit, à l'intérieur d'un groupe financier, de s'informer mutuellement de l'existence et du contenu d'une déclaration de soupçon;La divulgation de la déclaration de soupçon aux personnes visées par la dite déclaration est sanctionnée pénalement;Les déclarations de soupçon concernant des personnes politiquement exposées (PPE) peuvent leur être divulguées;B;B;CMF art. L. 561-19 à 21 - art. L.561-24;V4 (fév. 2021);;;manuel/03-securite-financiere.md
505;3;3;A;Quelle peine maximale encourt un collaborateur d'un organisme financier qui porte son concours à une opération de blanchiment, voire qui utilise les facilités que procure l'exercice de son activité professionnelle ?;10 ans d'emprisonnement et 750.000 euros d'amende;3 ans d'emprisonnement et 500.000 euros d'amende;20 ans d'emprisonnement et 300.000 euros d'amende;A;A;Article 324-2 du Code pénal;V4 (fév. 2021);;;manuel/03-securite-financiere.md
506;3;3;A;Quelle activité, parmi les suivantes, est considérée comme du blanchiment de capitaux?;L'optimisation fiscale;La conversion ou le transfert de biens en vue de déguiser leur origine illicite;Le financement du terrorisme;B;B;Voir le site : https://www.fatf-gafi.org/fr/foireauxquestionsfaq/blanchimentdecapitaux/;V4 (fév. 2021);;;manuel/03-securite-financiere.md
508;3;3;A;Le Prestataire de Services d'Investissement (PSI) qui a un soupçon de blanchiment :;Doit déclarer l'opération ou le client à Tracfin;Peut déclarer l'opération ou le client à Tracfin;Doit signaler l'opération ou le client au Procureur de la République;A;A;Convention du Conseil de l'Europe relative au blanchiment - Décret 2009.874 du 16/07/2009 art.2 - CMF art. L. 565-15 II - Analyse typologique in site Tracfin circuits financiers clandestins;V4 (fév. 2021);;;manuel/03-securite-financiere.md
509;3;3;A;L'évaluation du risque de blanchiment d'un client ou d'une opération est :;Standardisée et homogène pour tous les professionnels assujettis;Définie selon une approche proportionnelle aux risques de chaque client et chaque opération de l'assujetti concerné;Facultative depuis la 4ème directive européenne;B;B;CMF Art. L651-32;V4 (fév. 2021);;;manuel/03-securite-financiere.md
511;3;3;A;Constitue le délit de blanchiment de capitaux le fait d'apporter son concours à une opération de placement, de dissimulation ou de conversion du produit direct ou indirect :;D'un crime exclusivement;D'une infraction quelle qu'elle soit;D'un crime ou d'un délit;C;C;324-1 du code pénal;V4 (fév. 2021);;;manuel/03-securite-financiere.md
512;3;3;A;Lorsqu'il n'existe pas de soupçon de blanchiment ou de financement du terrorisme, des mesures de vigilance simplifiées peuvent être mises en oeuvre :;Dans tous les cas;En aucun cas;Uniquement pour les produits qui présentent un faible risque de blanchiment ou de financement du terrorisme;C;C;CMF L561-9;V4 (fév. 2021);;;manuel/03-securite-financiere.md
513;3;3;A;Dans le cadre de la réglementation FACTA (foreign account tax compliance act) et au moment de l'entrée en relation, les PSI font compléter à leurs clients personnes physiques :;Une déclaration d'intention;Une auto-certification fiscale;Un engagement sur l'honneur de se conformer aux exigences fiscales américaines;B;B;code général des impôts art 1649AC / CMF L564-1;V4 (fév. 2021);;;manuel/03-securite-financiere.md
514;3;3;A;À quels clients les PSI doivent-ils appliquer des mesures de vigilance complémentaire ?;"Aux clients ""Personnes Politiquement Exposées (PPE)""";A tous les clients non-résidents;Aux sociétés cotées sur un marché règlementé situées dans l'Union Européenne;A;A;CMF L561-10;V4 (fév. 2021);;;manuel/03-securite-financiere.md
515;3;3;A;Auprès de qui est placée l'AFA (Agence Française Anti-corruption) ?;Des ministères du Budget et de la Justice conjointement;De l'ACPR (Autorité de Contrôle Prudentiel et de Résolution);De l'AMF (Autorité des Marchés Financiers);A;A;Loi n° 2016-1691 du 9 décembre 2016;V4 (fév. 2021);;;manuel/03-securite-financiere.md
516;3;3;A;Dans le cadre de la loi Sapin 2 relative à la transparence, à la lutte contre la corruption et à la modernisation de la vie économique, en quoi consiste la cartographie des risques ?;A identifier les risques d'exposition de la société à des sollicitations externes aux fins de corruption;A identifier les risques pays par zone géographique;A identifier les risques de non paiement de la société client par client;A;A;Article 17 de la loi n° 2016-1691 du 9 décembre 2016;V4 (fév. 2021);;;manuel/03-securite-financiere.md
517;3;3;A;La déclaration de soupçon d'une transaction doit être envoyée à TRACFIN (Traitement du Renseignement et Action contre les Circuits FINanciers clandestins) :;Immédiatement après l'exécution de la transaction;Préalablement à l'exécution de la transaction;A une périodicité convenue avec TRACFIN;B;B;L561-15 - Code Monétaire et Financier;V4 (fév. 2021);;;manuel/03-securite-financiere.md
518;3;3;A;Dans le cadre de la lutte contre le financement du terrorisme, les déclarations de soupçon sont adressées :;Au GAFI;A TRACFIN;A l'AMF;B;B;Site économie.gouv.fr - Le portail de l'Économie, des Finances, de l'Action et des Comptes publics - Tracfin - Missions;V4 (fév. 2021);;;manuel/03-securite-financiere.md
519;3;3;A;Dans le cadre de la lutte contre le blanchiment, que signifie l'approche par les risques :;Il s'agit de nouveaux ratios;C'est une méthode de blanchiment pour ne pas être pris;C'est la mise en place de mesures de vigilance adaptées au niveau de risque de blanchiment;C;C;Article 13 alinéa 2 et article 30 alinéa 8 de la Directive (UE) 2015/849 du 20 mai 2015 relative à la prévention de l'utilisation du système financier aux fins du blanchiment de capitaux ou du financement du terrorisme;V4 (fév. 2021);;;manuel/03-securite-financiere.md
520;3;3;A;Qu'est-ce que FATCA (Foreign Account Tax Compliance Act) ?;Un traité international permettant de lutter contre la double imposition;Un accord permettant l'échange d'informations entre pays européens sur les ouvertures de comptes;Une loi américaine visant à lutter contre l'évasion fiscale des contribuables américains sur les revenus de leurs comptes détenus à l'étranger;C;C;H.R.3933 - Foreign Account Tax Compliance Act of 2009 - To amend the Internal Revenue Code of 1986 to prevent the avoidance of tax on income from assets held abroad, and for other purposes. (Réponse correspondant au titre de la loi);V4 (fév. 2021);;;manuel/03-securite-financiere.md
521;3;3;A;En matière de lutte anti-blanchiment, le bénéficiaire effectif de la relation d'affaires :;Correspond obligatoirement au représentant légal de l'entreprise;Désigne la ou les personnes physiques qui contrôlent en dernier lieu directement ou indirectement le client, ou pour laquelle ou lesquelles l'opération ou l'activité est réalisée;Est une donnée confidentielle qui n'est pas fournie au banquier lors de l'ouverture de compte;B;B;Article L561-2-2 du code monétaire et financier;V4 (fév. 2021);;;manuel/03-securite-financiere.md
522;3;3;A;Avant l'entrée en relation, puis pendant la durée de la relation, dans quel cas y-a-t-il obligation de vigilance renforcée ?;Le client est un élu local;Le client est un chef d'entreprise;Le client est une personne politiquement exposée;C;C;Article L561-10 2° du code monétaire et financier;V4 (fév. 2021);;;manuel/03-securite-financiere.md
523;3;3;A;Parmi les propositions suivantes quelle personne peut être une personne politiquement exposée ?;Un magistrat de la Cour des comptes;Un juge d'instruction;Un directeur d'une société du CAC 40;A;A;CMF Art. R. 561-18 1 et Numéro spécial Lettre de Tracfin sur les innovations de la 4ème Directive anti-blanchiment, octobre 2015 : page 1 paragraphe 2 et Directive (UE) 2015/849 du Parlement européen http://www.economie.gouv.fr/files/nspecial_4edirective.pdf : page 141/87 - 9) - e);V4 (fév. 2021);;;manuel/03-securite-financiere.md
524;3;3;A;Quel est le rôle du Groupe d'Action Financière - GAFI ?;Superviser les agences de notation financière;Concevoir et diffuser les méthodologies de la normalisation comptable internationale;Concevoir les normes et assurer l'impulsion de la stratégie en matière de lutte contre le blanchiment des capitaux;C;C;Voir le site : https://www.fatf-gafi.org/fr/aproposdugafi/;V4 (fév. 2021);;;manuel/03-securite-financiere.md
525;3;3;A;La 5e Directive LCB-FT impose aux établissements financiers;La mise en place pour une société d'un système de signature électronique;La mise en place, pour une société, d'un système d'identification du bénéficiaire effectif en dernier ressort;La mise en place, pour une société, d'un système d'identification du directeur exécutif;B;B;"ACPR - ""Les apports du décret du 18 avril 2018 renforçant le dispositif français de lutte contre le blanchiment de capitaux et le financement du terrorisme"" et Décret n° 2018-284 du 18 avril 2018 - Titre Ier : DISPOSITIONS MODIFIANT LE CODE MONÉTAIRE ET FINANCIER - Chapitre IV : Dispositions modifiant le chapitre Ier du titre VI du livre V - Article 5";V4 (fév. 2021);;;manuel/03-securite-financiere.md
526;3;3;A;Que prévoit la 5e Directive LCB-FT ?;L'assujettissement à la LCB-FT des services liés aux cryptos-actifs;De différer à la 6e Directive l'assujettissement à la LCB-FT des services liés aux cryptos-actifs;Des mesures d'exonération pour les établissements qui n'interviennent pas sur les crypto-actifs;A;A;Directive (UE) 2018/843 Article 1 -2-d;V4 (fév. 2021);;;manuel/03-securite-financiere.md
527;3;3;A;Quelles sont les entreprises tenues de prendre des mesures destinées à prévenir et à détecter la commission de faits de corruption ou de trafic d'influence ?;Les entreprises de plus de 50 salariés et dont le chiffre d'affaires est supérieur à 10 millions d'euros;Les entreprises de plus de 500 salariés et dont le chiffre d'affaires est supérieur à 100 millions d'euros;Les entreprises de plus de 1000 salariés et dont le chiffre d'affaires est supérieur à 100 millions d'euros;B;B;Article 17 de la loi n° 2016-1691 du 9 décembre 2016 relative à la transparence, à la lutte contre la corruption et à la modernisation de la vie économique;V4 (fév. 2021);;;manuel/03-securite-financiere.md
528;3;3;A;Quelle est l'autorité compétente en matière de contrôle du dispositif de lutte contre le blanchiment mis en place par les sociétés de gestion de portefeuille ?;Tracfin;L'Autorité des Marchés Financiers;La Banque de France;B;B;Article L. 561-36 du code monétaire et financier;V4 (fév. 2021);;;manuel/03-securite-financiere.md
529;3;3;A;À qui s'applique la vigilance renforcée ?;"Aux clients ""personnes politiquement exposées (PPE)""";Aux bénéficiaires effectifs;Aux sociétés cotées sur un marché réglementé situées dans l'Union Européenne;A;A;Site internet : portail economie.gouv.fr./ site TRACFIN / les obligations de vigilance/ Quelles vigilances le professionnel doit-il appliquer ? url : https://www.economie.gouv.fr/tracfin/obligations-vigilance-0;V4 (fév. 2021);;;manuel/03-securite-financiere.md
530;3;3;A;Dans le cadre de la LCB-FT, quelles premières actions les organismes financiers doivent-ils accomplir avant l'entrée en relation avec un client, par rapport à l'identité de ce client ?;Vérifier sa bonne réputation en demandant la communication d'un extrait du casier judiciaire;Vérifier son identité en lui demandant un document officiel et vérifier le caractère probant du justificatif produit;Demander l'autorisation de l'ACPR s'il s'agit d'une entrée en relation dans le cadre du droit au compte;B;B;"Article L.561-5 du Code monétaire et financier : identification et vérification de l'identité du client ""I. - Avant d'entrer en relation d'affaires avec leur client ou de l'assister dans la préparation ou la réalisation d'une transaction, les personnes mentionnées à l'article L. 561-2 : 1° Identifient leur client et, le cas échéant, le bénéficiaire effectif au sens de l'article L. 561-2-2 ; 2° Vérifient ces éléments d'identification sur présentation de tout document écrit à caractère probant. […]""";V4 (fév. 2021);;;manuel/03-securite-financiere.md
531;3;3;A;Quelles sont les peines encourues pour un délit de blanchiment ?;Le délit de blanchiment est puni de cinq ans d'emprisonnement et 375 000 euros d'amende;Le délit de blanchiment aggravé est puni de cinq ans d'emprisonnement et 375 000 euros d'amende;Le délit de blanchiment est puni d'un an d'emprisonnement et de 150 000 euros d'amende;A;A;C. pén., art. 324-1 Al.3 et 324-2.;V4 (fév. 2021);;;manuel/03-securite-financiere.md
532;3;3;A;"La notion de ""blanchiment de capitaux"" recouvre notamment :";La conversion ou le transfert de biens provenant d'une activité criminelle ou d'une participation à une telle activité;Le fait de rapatrier des fonds d'un pays étranger;Le fait de donner une apparence illicite aux fonds issus d'une activité licite;A;A;Code pénal : article 324-1;V4 (fév. 2021);;;manuel/03-securite-financiere.md
533;3;3;A;Quelle est la mission de TRACFIN ?;Sanctionner les organismes financiers et non financiers;Contrôler le dispositif LCB/FT des organismes financiers et non financiers;Recueillir et analyser les déclarations de soupçon transmises par les organismes financiers et non financiers;C;C;Site internet : portail economie.gouv.fr./ site TRACFIN / le rôle de TRACFIN url : https://www.economie.gouv.fr/tracfin/role-tracfin;V4 (fév. 2021);;;manuel/03-securite-financiere.md
534;3;3;A;Quel type d'organisation est le GAFI (Groupe d'action financière) ?;Un organisme dépendant des Nations Unies;Un organisme intergouvernemental regroupant un nombre limité de pays;Un organisme dépendant de l'OCDE;B;B;"Site Internet : GAFI : www.fatf-gafi.org Page ""A propos du GAFI"" /Qui sommes-nous ? url : http://www.fatf-gafi.org/fr/aproposdugafi/";V4 (fév. 2021);;;manuel/03-securite-financiere.md
535;3;3;A;Dans le cadre de la lutte contre le blanchiment de capitaux, lorsque le client d'un Prestataire de Services d'Investissement (PSI) n'est pas physiquement présent lors de l'identification ni représenté par son représentant légal, le PSI doit :;Appliquer au moins une mesure de vigilance complémentaire notamment en vue de confirmer l'identité du client;Rompre sans délai toutes relations d'affaires avec son client;Les déclarations de soupçon concernant des personnes politiquement exposées (PPE) peuvent leur être divulguées;A;A;Article L 561 - 10 du CMF;V4 (fév. 2021);;;manuel/03-securite-financiere.md
536;3;3;A;Dans le cas où le client est une personne morale, la procédure d 'identification, dans le cadre de la réglementation contre le blanchiment des capitaux, implique que le professionnel assujetti :;Applique des mesures d 'examen renforcé;Réalise une vérification de l 'authenticité des documents présentés par le client auprès des autorités qui les ont émis;Etende la procédure d 'identification aux personnes physiques qui contrôlent le client, personne morale;C;C;Article L561-5 du CMF Article R561-5 du CMF;V4 (fév. 2021);;;manuel/03-securite-financiere.md
537;3;3;A;La coopération internationale en termes de lutte contre le blanchiment de capitaux et de financement du terrorisme constitue un des objectifs principaux pour :;Le Groupe d 'Action Financière (GAFI);Le Comité de Bâle;L'Organisation de Coopération et de Développement Economiques (OCDE);A;A;RECOMMANDATIONS DU GAFI ADOPTEES PAR LA PLENIERE DU GAFI EN FEVRIER 2012;V4 (fév. 2021);;;manuel/03-securite-financiere.md
539;3;3;A;Lorsqu 'un professionnel assujetti aux dispositions relatives à la lutte contre le blanchiment des capitaux n 'est pas en mesure d 'identifier son client ou d 'obtenir des informations sur l 'objet et la nature de la relation d 'affaires :;Il ne poursuit aucune relation d 'affaires avec ce client;Il peut exécuter les opérations du client sous réserve d'effectuer une déclaration de soupçon auprès de TRACFIN;Il peut poursuivre la relation d'affaires sous réserve de pouvoir démontrer qu'il a accompli toutes les diligences possibles pour recueillir ces informations;A;A;Article L.561-8 du CMF;V4 (fév. 2021);;;manuel/03-securite-financiere.md
727;3;3;A;"L'acronyme anglais KYC qui signifie ""know your customer"" :";Désigne un logiciel de gestion de la relation commerciale avec un client;Renvoie à la notion de connaissance approfondie d'un client, notamment dans le cadre de la lutte contre le blanchiment des capitaux et le financement du terrorisme;Aucune réponse ne convient;B;B;CMF art. L. 561-5 et CMF art D 533-5;V4 (fév. 2021);;;manuel/03-securite-financiere.md
730;3;3;A;L'identification formelle du client doit se faire :;Avant l'établissement de la relation d'affaire;Dès que possible;Au plus tard 45 jours après l'établissement de la relation d'affaire;A;A;Art. L. 561-5 CMF;V4 (fév. 2021);;;manuel/03-securite-financiere.md
753;3;3;A;La qualification de personne exposée politiquement peut s'étendre :;Au bénéficiaire effectif;Au bénéficiaire indirect;A aucun bénéficiaire;A;A;Art. L. 561-2-2 CMF;V4 (fév. 2021);;;manuel/03-securite-financiere.md
791;3;3;A;L'identification des personnes exposées politiquement a pour but :;La protection d'une catégorie spécifique de clients pour des raisons politiques;La lutte contre le blanchiment d'argent;La prévention du gel des avoirs de ces personnes;B;B;CMF L 561-2;V4 (fév. 2021);;;manuel/03-securite-financiere.md
1127;3;3;A;Quand doit-on vérifier les renseignements obligatoires dans le cadre de l'obligation légale de connaitre son client pour l'ouverture d'un compte ?;Les renseignements obligatoires doivent être vérifiés au plus tard avant l'ouverture du compte;Les renseignements obligatoires doivent être vérifiés au plus tard avant la première opération sur le compte;Les renseignements obligatoires doivent être vérifiés dans un délai de sept jours après l'ouverture du compte;B;B;CMF (article R 561-6);V4 (fév. 2021);;;manuel/03-securite-financiere.md
2553;3;3;A;L'un des principaux objectifs des mesures de gel des avoirs vis-à-vis des personnes incriminées consiste à geler :;Leur patrimoine immobilier uniquement;L'ensemble de leurs comptes titres uniquement;L'ensemble de leurs ressources économiques;C;C;;Récente (n° ≥ 2553);;;manuel/03-securite-financiere.md
2554;3;3;A;En application des directives européennes de lutte contre le blanchiment en vigueur, les sociétés de gestion :;N'ont pas d'obligation en matière de LCB-FT;Doivent s'en remettre au dispositif de LCB-FT de leur teneur de comptes ou de leur dépositaire;Doivent mener une approche par les risques en matière de LCB-FT;C;C;;Récente (n° ≥ 2553);;;manuel/03-securite-financiere.md
2560;3;3;A;Qui est le destinataire exclusif des déclarations adressées par les professionnels qui ont identifié des sommes dont ils soupçonnent qu'elles sont liées au financement du terrorisme ?;TRACFIN;Direction générale des finances publiques (DGFIP);Direction générale du Trésor;A;A;;Récente (n° ≥ 2553);;;manuel/03-securite-financiere.md
2561;3;3;A;TRACFIN peut mener des enquêtes relatives à :;De faux ordres de virement;Un conflit d'intérêt entre un PSI et son client;Une manipulation du cours de titres;A;A;;Récente (n° ≥ 2553);;;manuel/03-securite-financiere.md
2563;3;3;A;Que préconise le Groupe d'action financière (GAFI) aux régulateurs nationaux en cas de soupçon d'utilisation des crypto-actifs à des fins de financement du terrorisme ?;Geler sans délai l'ensemble des fonds ou autres avoirs du propriétaire de ces crypto-actifs;Mener sans délai le contrôle de protocoles de ces actifs numériques;Ouvrir sans délai une enquête auprès des services de renseignement;A;A;;Récente (n° ≥ 2553);;;manuel/03-securite-financiere.md
2575;3;3;A;Les mesures nationales de gel des avoirs :;Sont à mettre en œuvre par toute personne physique ou morale prestataire de services.;Sont à mettre en œuvre uniquement par les personnes assujetties aux obligations de lutte contre le blanchiment de capitaux et le financement du terrorisme (LCB-FT) et qui détiennent des fonds ou des ressources économiques pour le compte d’un client;Ne s'appliquent qu'aux établissements de crédit et aux prestataires de service d'investissement;A;A;;Récente (n° ≥ 2553);;;manuel/03-securite-financiere.md
2576;3;3;A;Les PSAN (Prestataires de Service sur Actifs Numériques), une fois enregistrés auprès de l'AMF :;Ne sont soumis à aucune obligation relative à la LCB-FT et au gel des avoirs;Doivent mettre en œuvre l’intégralité des obligations relatives à la LCB-FT et au gel des avoirs;Sont soumis à une partie seulement des obligations relatives à la LCB-FT et au gel des avoirs;B;B;;Récente (n° ≥ 2553);;;manuel/03-securite-financiere.md
2577;3;3;A;Parmi les propositions suivantes concernant la 5ème Directive LCB-FT sur l'entrée en relation d'affaires à distance, laquelle de ces informations est juste ?;L’identification numérique n'est pas possible avec un niveau de garantie substantiel;Les entrées en relation à distance nécessitent toujours des mesures supplémentaires (ex : collecte d’un second document d’identité) pour les identifications numériques avec un niveau « substantiel »;La 5ème Directive LCB-FT a allégé les mesures de vérification de l'identité des clients concernant la nature du justificatif supplémentaire d'identité.;C;C;;Récente (n° ≥ 2553);;;manuel/03-securite-financiere.md
2579;3;3;A;Parmi les propositions suivantes relatives aux mesures de gel des avoirs par les courtiers en assurance, laquelle de ces informations est juste ?;Seuls les courtiers recevant des fonds de la clientèle sont tenus de mettre en place un dispositif permettant de détecter les opérations ayant pour effet de contourner les mesures de gel de avoirs;Tous les courtiers d'assurance sont tenus de mettre en place un dispositif pour détecter les opérations ayant pour effet de contourner les mesures de gel des avoirs;Les courtiers d'assurance ne rentrent pas dans le champ d'application des personnes visées par les mesures de gel des avoirs;C;C;;Récente (n° ≥ 2553);;;manuel/03-securite-financiere.md
2589;3;3;A;Dans le cadre d'une entrée en relation à distance, que doit faire un organisme financier pour vérifier l'identité du client ?;Vérifier l'inscription du client professionnel sur le registre du tribunal de commerce;Recueillir la copie d’un document officiel en cours de validité et une signature électronique certifiée par un prestataire de service qualifié;Vérifier l'identité du client auprès de l'ACPR;B;B;;Récente (n° ≥ 2553);;;manuel/03-securite-financiere.md
2590;3;3;A;En cas de mesure de gel des avoirs à l'encontre d'un client, que doit faire un organisme financier en priorité ?;Suspendre toutes les opérations au débit et au crédit du compte du client;Demander l'autorisation à l'AMF de suspendre toutes les opérations au débit et au crédit du compte du client;Demander l'autorisation à la Direction Générale du Trésor pour suspendre toutes les opérations au débit et au crédit du compte du client;A;A;;Récente (n° ≥ 2553);;;manuel/03-securite-financiere.md
2596;3;3;A;Les assujettis définissent et mettent en place des dispositifs d’identification et d’évaluation des risques de blanchiment des capitaux et de financement du terrorisme. Lequel de ces risques ne participe pas à cette évaluation ?;Le risque pays;Le risque produits;Le risque de change;C;C;;Récente (n° ≥ 2553);;;manuel/03-securite-financiere.md
2597;3;3;A;Le responsable de la mise en œuvre du dispositif de lutte contre le blanchiment de capitaux et le financement du terrorisme ne peut pas être :;Un dirigeant;Un salarié;Un expert externe;C;C;;Récente (n° ≥ 2553);;;manuel/03-securite-financiere.md
2598;3;3;A;Parmi ces activités, laquelle présente le risque le plus élevé en matière de lutte contre le blanchiment de capitaux et le financement du terrorisme ?;Activité de crédit;Assurance vie;Financement participatif;C;C;;Récente (n° ≥ 2553);;;manuel/03-securite-financiere.md
2599;3;3;A;En matière de lutte contre le blanchiment de capitaux et le financement du terrorisme, le « de-risking » est une pratique qui consiste à :;Exclure les produits à risque;Exclure les pays à risque;Exclure les clients à risque;C;C;;Récente (n° ≥ 2553);;;manuel/03-securite-financiere.md
2641;3;3;A;La phase initiale du blanchiment de capitaux s'appelle :;L'intégration;L'empilement;Le placement;C;C;;Récente (n° ≥ 2553);;;manuel/03-securite-financiere.md
2642;3;3;A;Avant d'entrer en relation d'affaires avec son client ou de l'assister dans la préparation ou la réalisation d'une transaction, la société de gestion de portefeuille identifie et vérifie l'identité :;Du client uniquement;Du client et, le cas échéant, du bénéficiaire effectif uniquement;Du client et des personnes agissant pour le compte du client et, le cas échéant, du bénéficiaire effectif;C;C;;Récente (n° ≥ 2553);;;manuel/03-securite-financiere.md
2684;3;3;A;La déclaration auprès de TRACFIN des sommes inscrites dans leurs livres est :;Validée au préalable par l'AMF;Partagée avec les parties prenantes à l'opération afin d'obtenir en amont leurs éventuels commentaires;Confidentielle;C;C;;Récente (n° ≥ 2553);;;manuel/03-securite-financiere.md
2685;3;3;A;Lorsqu'une société de gestion de portefeuille confie à un prestataire externe la réalisation de tout ou partie des activités relatives aux obligations qui lui incombe au titre de la LCB-FT :;Le prestataire endosse les responsabilités liées aux obligations en matière de LCB-FT;La société de gestion de portefeuille demeure responsable du respect de ses obligations de LCB-FT;La société de gestion de portefeuille n'est plus responsable du respect de ses obligations au regard de la LCB-FT;B;B;;Récente (n° ≥ 2553);;;manuel/03-securite-financiere.md
2686;3;3;A;Le bénéficiaire effectif :;Est nécessairement une ou des personnes physiques;Peut être une personne morale;Peut être une construction juridique;A;A;;Récente (n° ≥ 2553);;;manuel/03-securite-financiere.md
EF26-23;3;3;A;L'ALBC (l'Autorité de lutte contre le blanchiment de capitaux et le financement du terrorisme) harmonise au sein de l'Union européenne :;Les normes prudentielles de Bâle;Les procédures de contrôle interne et de vigilance;Les politiques budgétaires des États membres;B;B;Règlement (UE) 2024/1620 instituant l'autorité européenne de lutte contre le blanchiment (AMLA, appelée ALBC dans le sujet), installée à Francfort.;BTS Banque 2026 (EF2);;;manuel/03-securite-financiere.md
376;4;4;A;Quel est l'objectif principal des listes d'initiés ?;Fournir des fichiers de clients potentiels aux émetteurs;Apporter une meilleure maîtrise des flux d'information privilégiées et faciliter d'éventuelles enquêtes du régulateur;Répertorier les personnes les plus compétentes dans le domaine;B;B;Article 2 du Règlement d'exécution (UE) 2016/347 de la Commission du 10 mars 2016;V4 (fév. 2021);;;manuel/04-abus-de-marche.md
378;4;4;A;Quelles personnes sont concernées par les listes d'initiés ?;Tous les collaborateurs;Exclusivement les analystes financiers actions;"Uniquement les ""personnes concernées"" c'est-à-dire celles disposant d'informations privilégiées";C;C;Art L 465-1 du COMOFI;V4 (fév. 2021);;;manuel/04-abus-de-marche.md
388;4;4;A;Une liste d'initiés est une liste recensant :;Les émetteurs et les instruments financiers sur lesquels le PSI (Prestataire de Services d'Investissement) dispose d'informations privilégiées;Les émetteurs et les instruments financiers sur lesquels le PSI doit restreindre ses activités;Les personnes travaillant pour le PSI ayant accès à des informations privilégiées;C;C;744-1 Règlement Général de l'AMF;V4 (fév. 2021);;;manuel/04-abus-de-marche.md
390;4;4;A;Le responsable d'une liste d'initiés doit, dès qu'une personne est inscrite dans ladite liste, informer rapidement :;Le Comité d'Entreprise;La cellule TRACFIN (Traitement du Renseignement et Action contre les Circuits FINanciers clandestins);La personne concernée;C;C;744-4 Règlement Général de l'AMF;V4 (fév. 2021);;;manuel/04-abus-de-marche.md
395;4;4;A;Pendant combien de temps les listes d'initiés doivent-elles être conservées par les émetteurs ou toute personne agissant en leur nom ou pour leur compte?;Pendant au moins trois ans après leur établissement ou leur mise à jour;Pendant au moins cinq ans après leur établissement ou leur mise à jour;Pendant au moins dix ans après leur établissement ou leur mise à jour;B;B;Article 18,5 du Règlement MAR;V4 (fév. 2021);;;manuel/04-abus-de-marche.md
540;4;4;A;Que risque un salarié qui alerte l'AMF lorsqu'il soupçonne une opération potentiellement constitutive d'un abus de marché ?;Un blâme prononcé par l'AMF si les faits ne sont pas avérés;Des poursuites pénales pour complicité;Aucune sanction s'il agit de bonne foi et de manière désintéressée;C;C;Article L634-3 du code monétaire et financier;V4 (fév. 2021);;;manuel/04-abus-de-marche.md
541;4;4;A;Qu'est-ce qu'une liste d'initiés ?;La liste globale du personnel du prestataire de services d'investissement;Une liste de toutes les personnes ayant accès à des informations privilégiées sur des émetteurs;La liste de personnes expertes en marchés financiers;B;B;Article 18 du Règlement (UE) N° 596/2014 du 16 avril 2014 sur les abus de marché;V4 (fév. 2021);;;manuel/04-abus-de-marche.md
542;4;4;A;Auprès de qui est effectuée la déclaration de soupçon d'abus de marché ?;L'Autorité des Marchés Financiers (AMF);La Banque de France;Le Groupe d'Action Financière (GAFI);A;A;Article 16 §2 du Règlement n° 596/2014 du parlement européen et du Conseil ( Règlement Abus de marché) du 16 avril 2014;V4 (fév. 2021);;;manuel/04-abus-de-marche.md
543;4;4;A;Toutes tentatives d'opération d'initié :;Doivent être déclarées sans retard à l'AMF;Doivent être déclarées sans retard à la Banque de France;Ne doivent pas être déclarées tant que la transaction n'a pas eu lieu;A;A;"Article 16 Règlement (UE) no 596/2014 du 16 avril 2014 et information AMF ""Les déclarations d'opérations suspectes"" du 6 septembre 2016";V4 (fév. 2021);;;manuel/04-abus-de-marche.md
545;4;4;A;Les émetteurs doivent conserver la liste d'initiés pour une période d'au moins :;Un an après son établissement ou sa mise à jour;Cinq ans après son établissement ou sa mise à jour;Dix ans après son établissement ou sa mise à jour;B;B;Article 18 Règlement (UE) no 596/2014 du 16 avril 2014;V4 (fév. 2021);;;manuel/04-abus-de-marche.md
546;4;4;A;Quelle est la bonne définition du late trading ?;Une opération de souscription ou de rachat transmise et acceptée au delà de l'heure limite mentionnée sur le prospectus de l'OPC;Une opération de souscription effectuée par un investisseur étranger avec un fort décalage horaire;Une opération d'arbitrage entre un OPCVM actions et l'achat direct des titres le composant sur le marché des actions;A;A;Position AMF 2004-07 maj le 24 janvier 2019 Art 1.3;V4 (fév. 2021);;;manuel/04-abus-de-marche.md
547;4;4;A;Le market timing correspond :;Au processus de valorisation de parts de fonds d'investissement;Au traitement des ordres collectés sur les parts d'un fonds d'investissement;A une opération d'arbitrage sur la valeur liquidative d'un fonds d'investissement;C;C;Position AMF - Les pratiques de market timing et de late trading - DOC-2004-07 mise à jour le 24 janvier 2019 - Paragraphe 1.1 Qu'est-ce que le market timing ?;V4 (fév. 2021);;;manuel/04-abus-de-marche.md
548;4;4;A;Que peuvent ou doivent faire les personnes détentrices d'une information privilégiée ?;"S'abstenir de toute opération d'achat ou de vente sur les instruments financiers de l'émetteur concerné dès qu'elles ont connaissance d'une ""information privilégiée"" (et ce tant que celle-ci n'a pas été rendue publique)";Intervenir sur le marché du titre concerné, sous réserve (condition nécessaire et suffisante) d'en avertir préalablement la Direction Générale de leur établissement;Procéder à des opérations de vente sur les instruments financiers de l'émetteur concerné mais en aucun cas effectuer des opérations d'achat sur ces instruments financiers;A;A;Article 8 du Règlement n° 596/2014 du parlement européen et du Conseil (Règlement Abus de marché) du 16 avril 2014;V4 (fév. 2021);;;manuel/04-abus-de-marche.md
550;4;4;A;Combien de temps, au minimum, tout émetteur doit-il afficher et conserver sur son site internet toutes les informations privilégiées qu'il est tenu de publier?;Cinq ans;Trois ans;Dix ans;A;A;art. 17, 1, alinéa 2 du Règlement MAR;V4 (fév. 2021);;;manuel/04-abus-de-marche.md
551;4;4;A;Une personne qui vend ou achète des titres d'une société cotée, pour elle-même ou pour un tiers, car elle a eu connaissance d'une information encore confidentielle grâce à sa profession, réalise :;Une diffusion de fausse information;Une manipulation de cours;Un délit d'initié;C;C;RG AMF art 320-2 et suivants;V4 (fév. 2021);;;manuel/04-abus-de-marche.md
553;4;4;A;A quel moment le PSI doit-il effectuer une déclaration de transaction suspecte à l´AMF ?;Uniquement si une procédure judiciaire est entamée;Dès lors qu'il a des raisons manifestes de soupçonner un délit d'initié ou une manipulation de cours;Dans un délai de trois mois maximum après la découverte de l´opération suspecte;B;B;RÈGLEMENT DÉLÉGUÉ (UE) 2016/957 DE LA COMMISSION du 9 mars 2016 complétant le règlement (UE) no 596/2014 du Parlement européen et du Conseil par des normes techniques de réglementation concernant les mesures, systèmes et procédures adéquats et les modèles;V4 (fév. 2021);;;manuel/04-abus-de-marche.md
555;4;4;A;La communication d'informations, avant l'annonce d'une transaction, par un émetteur coté à des investisseurs éventuels est-elle systématiquement constitutive d'un abus de marché ?;Oui, il s'agit d'une manipulation de cours;Oui, il s'agit d'un manquement d'initié;Non, s'il s'agit d'un sondage de marché dans le respect de règles contraignantes;C;C;Article 11 du Règlement n° 596/2014 du parlement européen et du Conseil ( Règlement Abus de marché) du 16 avril 2014;V4 (fév. 2021);;;manuel/04-abus-de-marche.md
557;4;4;A;Pour parer les risques de late trading, quel acteur doit contrôler le respect de la date et de l'heure limite de centralisation des ordres de souscription et de rachat mentionnées dans le prospectus ?;Le centralisateur;L'Autorité des Marchés Financiers (AMF);L'Autorité de Contrôle Prudentiel et de Résolution (ACPR);A;A;Article 411-65 cmf et DOC-2004-07 de l'AMF;V4 (fév. 2021);;;manuel/04-abus-de-marche.md
558;4;4;A;Quelle opération réalisée par un client pourrait constituer une opération suspecte en matière d'abus de marché ?;Après avoir suivi les conseils de sa banque, le client a investi une somme d'argent dans différents instruments financiers;Plusieurs transactions inhabituelles pour le client sur un instrument financier, avant la diffusion d'une information au public, sur les titres d'une société cotée;Le client a ouvert un livret A pour y placer une somme d'argent résultant de la vente d'instruments financiers;B;B;Position-recommandation AMF 2010-23 (modifiée le 17/06/2016)articles 5 et 6.1;V4 (fév. 2021);;;manuel/04-abus-de-marche.md
559;4;4;A;Le fait pour une personne de réaliser des transactions est constitutif d'un délit d'initié :;Dans le cas d'une recommandation publiée dans des journaux spécialisés de faible diffusion;Dans le cas d'une publication dans une lettre de recommandation boursière réservée à ses abonnés;Dans le cas d'une recommandation dont elle sait ou devrait savoir qu'elle est fondée sur une information privilégiée;C;C;Article 8 §3 du Règlement n° 596/2014 du parlement européen et du Conseil (Règlement Abus de marché) du 16 avril 2014;V4 (fév. 2021);;;manuel/04-abus-de-marche.md
560;4;4;A;Une déclaration à l'AMF sur une opération doit être réalisée dès lors:;Qu'elle implique des clients dont la valeur du portefeuille-titres dépasse 1 000 000 euros;Qu'elle implique des clients qui ne sont pas ressortissants de l'UE;Qu'il y a suspicion de délit d'initié ou de manipulation de cours;C;C;CMF (art L621-17-2);V4 (fév. 2021);;;manuel/04-abus-de-marche.md
561;4;4;A;"Pour pallier les risques de ""late-trading"" , opération de souscription-rachat d'un OPCVM, il convient de :";Préciser l'heure limite des réceptions des ordres chez le ou les établissements auxquels la société de gestion a confié le soin de leur centralisation;Communiquer aux investisseurs et/ou certains intermédiaires en temps réel, les éléments portant sur la valorisation des actifs de l'OPCVM;Mettre en œuvre les deux cas énoncés;A;A;Position AMF n° 2004-07 du 23/07/2004 modifié le 1er août 2012 art 1.3 et exemple B;V4 (fév. 2021);;;manuel/04-abus-de-marche.md
563;4;4;A;Le market timing est l'opération qui consiste à :;Tirer profit d'un décalage entre la valeur comptable et la valeur de marché d'un fonds;Transmettre un ordre après l'heure limite inscrite sur le prospectus;Fermer le marché à la clôture;A;A;POSITION AMF DOC-2004-07 version du 24/01/2019;V4 (fév. 2021);;;manuel/04-abus-de-marche.md
564;4;4;A;Lorsqu'il y a soupçon d'abus de marché, une déclaration doit être effectuée;Obligatoirement et sans retard;Obligatoirement dans les 45 jours qui suivent;Dès que le client soupçonné est averti;A;A;Règlement UE 596/2014 art. 16;V4 (fév. 2021);;;manuel/04-abus-de-marche.md
565;4;4;A;"Au sein d'une société émettrice, qui peut être considéré comme une personne ""initiée"" au sens de la règlementation applicable aux abus de marché ?";Uniquement le dirigeant de la société;Uniquement le dirigeant et le commissaire aux comptes de la société;Toute personne disposant dans l'exercice de sa profession ou de ses fonctions d'une information privilégiée, qu'elle soit salariée ou non;C;C;"Règlement UE 596/2014 du 16 avril 2014 sur les abus de marché ( ""règlement MAR"" ) - art 18";V4 (fév. 2021);;;manuel/04-abus-de-marche.md
566;4;4;A;"Quel objectif poursuit, notamment, la règlementation ""abus de marché"" ?";Assurer l'intégrité des marchés;Assurer la liquidité des marchés;Préserver la volatilité des marchés;A;A;"préambule (point (4)) du règlement UE 596/2014 du 16 avril 2014 sur les abus de marché ( ""règlement MAR"" )";V4 (fév. 2021);;;manuel/04-abus-de-marche.md
569;4;4;A;"Les opérations de ""late trading"" ou de""market timing""désignent des pratiques qui :";Sont autorisées afin de permettre une meilleure liquidité des marchés financiers;Sont autorisées pour les fonds dont l'actif est composé de valeur étrangères;Sont interdites;C;C;Article 411-65 ou du 2° du I de l'article 422-43 du Règlement Général de l'AMF;V4 (fév. 2021);;;manuel/04-abus-de-marche.md
570;4;4;A;L'AMF considère le market timing et le late trading comme des pratiques:;Répréhensibles;Neutres;Saines;A;A;Position AMF 2004-07, 2.1 et 9;V4 (fév. 2021);;;manuel/04-abus-de-marche.md
571;4;4;A;Le front running consiste pour un membre de marché :;A transmettre des informations trompeuses sur les émetteurs pour agir sur le cours des actions émises;A exploiter abusivement des informations ayant trait aux ordres de clients en attente d'exécution;A transmettre des ordres à haute fréquence sur les marchés financiers;B;B;Article 7 alinéa 1 d) et point (30) du Règlement (UE) N° 596/2014 du 16 avril 2014 sur les abus de marché - Rapport annuel AMF 2003 - Chapitre 2 La régulation et la coopération internationales, partie 1, A, paragraphe 1 (définition figurant en page 3 du chapitre 2 ou en page 37 du rapport complet);V4 (fév. 2021);;;manuel/04-abus-de-marche.md
572;4;4;A;Quelle proposition, parmi les suivantes, est une manipulation de marché?;Les opérations d'initiés;La diffusion de fausses informations;La mise en place d'une convention de liquidité conclue avec un prestataire;B;B;Règlement européen Abus de marché (UE) N°596/2014 du 16 avril 2014 : Article 12-1 d) - page 173/30;V4 (fév. 2021);;;manuel/04-abus-de-marche.md
573;4;4;A;"L'une des opérations décrites ci-après constitue une opération de ""market timing"" jugée répréhensible par l'AMF. Laquelle ?";"L'analyse financière qui permet de prédire la direction que va prendre un marché et de décider d'acheter ou de vendre des instruments financiers ""au bon moment""";Tout ordre de souscription ou de rachat de parts d'OPCVM transmis par un client à son intermédiaire lorsque le client détient des informations privilégiées sur une société dont les actions constituent une part significative de l'actif de l'OPCVM;L'opération d'arbitrage consistant à tirer profit d'un écart entre la valeur comptable d'un fonds et sa valeur de marché et qui porte atteinte à l'égalité de traitement des porteurs;C;C;Position AMF - DOC 2004-07 - Les pratiques de Market Timing et de Late Trading (1.1 et 1.2) , pages 1 et 2 (document créé le 23 juillet 2004, modifié le 24 janvier 2019).;V4 (fév. 2021);;;manuel/04-abus-de-marche.md
574;4;4;A;"Quel est le périmètre géographique dans lequel s'applique la réglementation ""Abus de marché"" ?";Les pays membres de l'OCDE (Organisation de coopération et de développement économique);Les pays membres de l'Espace économique européen;Les pays du G20;B;B;RÈGLEMENT (UE) No 596/2014 DU PARLEMENT EUROPÉEN ET DU CONSEIL;V4 (fév. 2021);;;manuel/04-abus-de-marche.md
575;4;4;A;Les abus de marché peuvent être :;Des manipulations de marché et des opérations d'initié;Des opérations de blanchiment;Des opérations douteuses;A;A;RÈGLEMENT (UE) No 596/2014 DU PARLEMENT EUROPÉEN ET DU CONSEIL - chapitre2 et Code monétaire et financier Article L465-3;V4 (fév. 2021);;;manuel/04-abus-de-marche.md
576;4;4;A;L'opération d'arbitrage qui consiste à tirer profit d'un écart entre la valeur comptable d'un fonds et sa valeur de marché est dénommée :;"Du ""gap trading""";"Du ""gap financing""";"Du ""market timing""";C;C;Position DOC-2004-07 AMF Applicable au 24 janvier 2019;V4 (fév. 2021);;;manuel/04-abus-de-marche.md
577;4;4;A;Une information privilégiée est :;Une information précise qui n'a pas été rendue publique, et qui, si elle était rendue publique, serait susceptible d'avoir une influence sensible sur le cours des instruments financiers qui lui sont liés;Toute information concernant un émetteur, détenue par les membres de ses organes délibérants et de ses organes exécutifs;Toute information publique susceptible d'avoir une influence sensible sur le cours d'un instrument financier;A;A;Article 7 du RÈGLEMENT (UE) No 596/2014 DU PARLEMENT EUROPÉEN ET DU CONSEIL du 16 avril 2014 Article L465-1 du CMF;V4 (fév. 2021);;;manuel/04-abus-de-marche.md
578;4;4;A;Parmi les opérations suivantes laquelle peut être considérée comme une manipulation de cours :;Emettre des ordres qui donnent des indications fausses sur l 'offre, la demande d 'un instrument financier;Utiliser des informations privilégiées pour prendre une position sur un titre avant que son cours n 'augmente;Diffuser sur son site une recommandation à la vente issue d 'un cabinet de recherche financière tout en vendant à découvert le titre;A;A;Article 12 du RÈGLEMENT (UE) No 596/2014 DU PARLEMENT EUROPÉEN ET DU CONSEIL du 16 avril 2014 Article L465-3-1 du CMF;V4 (fév. 2021);;;manuel/04-abus-de-marche.md
579;4;4;A;Quel agissement parmi les suivants est susceptible d'être sanctionné dans le cadre des sanctions qui s 'appliquent pour les abus de marchés ?;Une tentative échouée d 'abus de marché;Faire paraitre un avis personnel sur l 'opportunité d 'acheter ou de vendre une valeur publiée sur un blog d 'investisseurs;L 'utilisation de transactions de gré à gré à des fins de blanchiment;A;A;Article 14 du RÈGLEMENT (UE) No 596/2014 DU PARLEMENT EUROPÉEN ET DU CONSEIL du 16 avril 2014 Article 15 du RÈGLEMENT (UE) No 596/2014 DU PARLEMENT EUROPÉEN ET DU CONSEIL du 16 avril 2014 Article L465-1 du CMF Article L465-3-1 du CMF;V4 (fév. 2021);;;manuel/04-abus-de-marche.md
2687;4;4;A;"La Règlementation ""Abus de marché"" a pour but, entre autre, de :";Limiter le volume d'achat d'actions sur un marché règlementé;Maintenir la transparence et la confiance du public dans les marchés boursiers;Protéger les investisseurs uniquement sur les marchés règlementés;B;B;;Récente (n° ≥ 2553);;;manuel/04-abus-de-marche.md
2688;4;4;A;Le fait de répandre sur un réseau social professionnel ouvert au public des informations privilégiées sur une société cotée relève :;De la divulgation illicite d'informations privilégiées;Du délit d'initié;D'une pratique autorisée pour les journalistes uniquement;A;A;;Récente (n° ≥ 2553);;;manuel/04-abus-de-marche.md
580;5;5.1;A;La personne démarchée et qui a signé un contrat pour la fourniture d'un service d'investissement dispose d'un délai de :;Quarante-huit heures pour exercer son droit de rétractation, sans avoir à justifier de motifs ni à supporter de pénalités;Sept jours calendaires révolus pour exercer son droit de rétractation, sans avoir à justifier de motifs ni à supporter de pénalités;Quatorze jours calendaires révolus pour exercer son droit de rétractation, sans avoir à justifier de motifs ni à supporter de pénalités;C;C;Articles L341-16 CMF;V4 (fév. 2021);;;manuel/05-commercialisation-demarchage.md
581;5;5.1;A;Le démarcheur bancaire et financier doit :;Recommander tout type de produit à tous ses clients;Informer de manière claire et compréhensible la personne démarchée sur les produits ou services proposés;Faire signer un contrat de décharge en cas de perte pécuniaire sur les produits financiers proposés;B;B;Article L341-11 du code monétaire et financier;V4 (fév. 2021);;;manuel/05-commercialisation-demarchage.md
582;5;5.1;A;Quelles sont les personnes et entités qui sont légalement habilitées à procéder au démarchage bancaire et financier ? a. Les établissements de crédit b. Les entreprises d'investissement c. Les entreprises d'assurance;A uniquement;B uniquement;A, b et c uniquement;C;C;CMF, art. L. 341-3;V4 (fév. 2021);;;manuel/05-commercialisation-demarchage.md
583;5;5.1;A;Tout démarcheur détient à ce titre une carte. Quelle affirmation est exacte ?;Il doit sur simple demande pouvoir présenter sa carte dans les 48 h;Il doit systématiquement présenter sa carte lors de tout acte de démarchage;Cette carte ne peut être vérifiée que par l'AMF ou l'ACPR;B;B;Article L341-8 du code monétaire et financier;V4 (fév. 2021);;;manuel/05-commercialisation-demarchage.md
584;5;5.1;A;Quels sont les produits pour lesquels le démarchage est interdit ?;Les obligations convertibles en action;Les actions des pays émergents;Les produits dont le risque maximum n'est pas connu au moment de la souscription;C;C;CMF art L341-10;V4 (fév. 2021);;;manuel/05-commercialisation-demarchage.md
585;5;5.1;A;Un démarcheur mandaté par un établissement de crédit peut proposer :;Tous types de produits à son client;Tous types de produits à son client uniquement au domicile du client;Les opérations et services pour lesquels il a reçu mandat et qui figurent sur sa carte de démarcheur;C;C;Code monétaire et financier : L. 341-1 à L. 341-17 + D. 341-1 à D. 341-16 / Plus spécifiquement sur la question posée : Code monétaire et financier : L. 341-4, II;V4 (fév. 2021);;;manuel/05-commercialisation-demarchage.md
586;5;5.1;A;Quels sont les principaux objectifs poursuivis par la réglementation en matière de vente à distance ?;Elle vise notamment à limiter les situations de conflit d'intérêts;Elle vise notamment à limiter les risques de blanchiment de capitaux;Elle vise notamment à encadrer de manière plus stricte le statut et les obligations des personnes habilitées à effectuer du démarchage;C;C;http://www.amf-france.org/affiche_page.asp?urldoc=Demarcheurs.htm#&Id_Tab=0;V4 (fév. 2021);;;manuel/05-commercialisation-demarchage.md
587;5;5.1;A;Sont autorisés au démarchage les produits financiers suivants :;Les ventes d'options d'achat;Les actions de sociétés non cotées;Les parts ou actions d'OPCVM;C;C;Article L341-10 du code monétaire et financier;V4 (fév. 2021);;;manuel/05-commercialisation-demarchage.md
588;5;5.1;A;Les règles du démarchage bancaire et financier :;Dispensent le démarcheur d'avoir à respecter la réglementation spécifique au produit vendu;S'ajoutent à toutes les autres règles en vigueur, lorsque le vendeur a recours à ce mode de commercialisation;Sont incompatibles avec les règles relatives à la vente à distance;B;B;Code monétaire et financier : L. 341-1 à L. 341-17 + D. 341-1 à D. 341-16;V4 (fév. 2021);;;manuel/05-commercialisation-demarchage.md
590;5;5.1;A;Lorsque la personne démarchée exerce son droit de rétractation, elle dispose d'un délai maximum de :;15 jours pour restituer toute somme et tout bien qu'elle a reçus du démarcheur;30 jours pour restituer toute somme et tout bien qu'elle a reçus du démarcheur;45 jours pour restituer toute somme et tout bien qu'elle a reçus du démarcheur;B;B;Articles L341-16 CMF;V4 (fév. 2021);;;manuel/05-commercialisation-demarchage.md
591;5;5.1;A;Quelles sont les règles fondamentales en matière de communication à caractère précontractuel ?;Les communications précontractuelles sont facultatives;Les communications précontractuelles doivent permettre au client ou prospect d'apprécier la nature des services ou instruments financiers proposés ainsi que les risques liés à la décision d'investissement en amont de la signature d'un contrat;Le caractère commercial des informations ne doit pas apparaître dans les communications précontractuelles;B;B;C. mon. fin., art. L 533-12.;V4 (fév. 2021);;;manuel/05-commercialisation-demarchage.md
593;5;5.1;A;Constitue un acte de démarchage le fait :;Pour une banque d'envoyer de façon centralisée un mailing présentant une nouvelle gamme d'OPC;D'envoyer un mailing à des clients sélectionnés pour leur présenter des produits d'investissement susceptibles de répondre à leurs attentes, et qu'ils peuvent souscrire en retournant le coupon-réponse joint à la lettre;D'envoyer à un client une lettre personnalisée lui proposant un rendez-vous avec son chargé de clientèle pour faire un point de sa situation financière;B;B;Code monétaire et financier : L. 341-1 à L. 341-17 + D. 341-1 à D. 341-16 / Plus spécifiquement sur la question posée : Code monétaire et financier : L. 341-1;V4 (fév. 2021);;;manuel/05-commercialisation-demarchage.md
595;5;5.1;A;En cas de démarchage physique, le démarcheur doit obligatoirement être en possession de :;Sa carte d'identité;Sa carte de démarcheur;Sa carte de visite;B;B;CMF L341-8;V4 (fév. 2021);;;manuel/05-commercialisation-demarchage.md
596;5;5.1;A;Qui est en charge de la délivrance des cartes de démarchage aux personnes se livrant à une activité de démarchage bancaire ou financier?;L'Autorité des Marchés Financiers (AMF);Le Ministère de l'économie;La personne pour le compte de laquelle ces personnes agissent;C;C;Article L341-8 CMF;V4 (fév. 2021);;;manuel/05-commercialisation-demarchage.md
597;5;5.1;A;Dans le cadre d'un démarchage à domicile, les informations concernant les produits ou services peuvent être fournies :;Par tout moyen (oral ou écrit);Sur support électronique sans l'accord du client;Sur support papier ou sur un autre support durable après accord du client;C;C;Article L341-11 du code monétaire et financier;V4 (fév. 2021);;;manuel/05-commercialisation-demarchage.md
598;5;5.1;A;La carte de démarchage :;Est délivrée par la Banque de France;Doit être présentée par le démarcheur à toute personne démarchée à son domicile, sur demande de cette dernière;Est valable sans limitation de durée;B;B;Code monétaire et financier : L. 341-1 et L. 341-17 + D. 341-1 à D. 341-16 - Plus spécifiquement pour la question posée : L. 341-1, 9ème alinéa;V4 (fév. 2021);;;manuel/05-commercialisation-demarchage.md
599;5;5.1;A;En cas de démarchage et dans le cadre d'un service de réception-transmission d'ordres (RTO), le délai de réflexion est de :;24 heures;48 heures;7 jours;B;B;Articles L341-16 CMF;V4 (fév. 2021);;;manuel/05-commercialisation-demarchage.md
600;5;5.1;A;La réglementation en matière de démarchage bancaire et financier s'applique :;Uniquement aux PSI;Aux vendeurs de contrats d'assurance-vie non titulaires de la carte assurance;A tous les produits d'épargne (produits bancaires, assurance-vie, actions, obligations, OPCVM, etc.);C;C;article 341-3 du code monétaire et financier;V4 (fév. 2021);pie;La base dit que le démarchage bancaire et financier s'applique « à tous les produits d'épargne (… assurance-vie …) », mais la Q634 exclut les produits d'assurance du champ des démarcheurs bancaires et financiers. Retiens chaque formulation telle quelle.;manuel/05-commercialisation-demarchage.md
602;5;5.1;A;Un service de conseil en investissement :;Doit être obligatoirement fourni suite à un contact de visu avec un collaborateur du PSI;Ne peut être fourni au téléphone;Peut être fourni par un système automatisé;C;C;RG AMF Article 325-7;V4 (fév. 2021);;;manuel/05-commercialisation-demarchage.md
604;5;5.1;A;Le fait de se rendre physiquement au domicile des personnes constitue un acte de démarchage :;Uniquement si c'est à la demande du client;Uniquement si c'est à l'initiative du démarcheur;Quelle que soit la personne à l'initiative de la démarche;C;C;Code monétaire et financier : L. 341-1 à L. 341-17 + D. 341-1 à D. 341-16 / Plus spécifiquement sur la question posée : Code monétaire et financier : L. 341-1, 9ème alinéa;V4 (fév. 2021);;;manuel/05-commercialisation-demarchage.md
605;5;5.1;A;Parmi les propositions suivantes, lesquelles peuvent caractériser potentiellement un acte de démarchage.;Le fait pour une personne d'être contacté en dehors des locaux du prestataire de services d'investissement;Le fait de souscrire un produit d'épargne à la suite d'une campagne publicitaire générale;Le fait d'être sollicité au guichet d'un prestataire de services d'investissement sans l'avoir demandé;A;A;Art 341-1 et 341-2 du Code monétaire et financier;V4 (fév. 2021);;;manuel/05-commercialisation-demarchage.md
608;5;5.1;A;Peuvent faire l'objet de démarchage :;Les produits donc le risque de perte n'est pas connu au moment de la souscription;Les instruments financiers admis aux négociations sur les marchés réglementés ou sur les marchés étrangers reconnus;Les bons de caisse;B;B;L 341-10 Code Monétaire et Financier;V4 (fév. 2021);;;manuel/05-commercialisation-demarchage.md
609;5;5.1;A;Dès lors où le distributeur d'un produit est soumis à la loi MIF 2 :;Le producteur du produit l'est aussi forcément;Le producteur du produit ne l'est pas forcément;Le producteur et le distributeur sont forcément le même;B;B;L 533-24 Code Monétaire et Financier;V4 (fév. 2021);;;manuel/05-commercialisation-demarchage.md
610;5;5.1;A;Dans le cadre de MIF 2, qui définit les canaux de distribution du produit ?;Le producteur;Le distributeur;Le régulateur;A;A;L 533-24 Code Monétaire et Financier;V4 (fév. 2021);;;manuel/05-commercialisation-demarchage.md
613;5;5.1;A;Le fait de solliciter une personne dans les locaux du prestataire de services d'investissement dans le but de lui proposer un produit financier :;Constitue un acte de démarchage;"Ne constitue pas un acte de démarchage, si le client est un client ""de détail""";Ne constitue pas un acte de démarchage;C;C;Art 341-1 et 341-2 du Code monétaire et financier;V4 (fév. 2021);;;manuel/05-commercialisation-demarchage.md
616;5;5.1;A;Un prestataire de services d'investissement contacte l'un de ses clients pour lui proposer une opération de placement qui correspond à une opération habituelle pour ce dernier (en termes de nature d'opérations, de risques, de montants).;Cette action est soumise à la réglementation spécifique du démarchage bancaire et financier;Les règles en matière de démarchage bancaire s'appliquent même s'il s'agit d'un client connu et d'une opération habituelle;Il s'agit là d'une opération qui n'entre pas dans le champ d'application du démarchage;C;C;Article 341-2 du code monétaire et financier;V4 (fév. 2021);;;manuel/05-commercialisation-demarchage.md
617;5;5.1;A;Parmi les propositions suivantes relatives à la recommandation personnalisée, laquelle est exacte ?;Une recommandation personnalisée doit porter sur l'achat, la vente, la souscription, l'échange, le remboursement, la détention ou la prise ferme d'un instrument financier particulier;Une recommandation personnalisée peut être produite par un journaliste professionnel qui recommande directement une stratégie d'investissement et la diffuse publiquement;Une recommandation personnalisée ne doit jamais porter sur l'exercice ou le non-exercice du droit conféré par un instrument financier particulier d'acheter, de vendre, de souscrire, d'échanger ou de rembourser un instrument financier;A;A;RG AMF, art. 314-43 et s. / C. mon. fin., art. R 621-30-4 et D 321-1 § 5.;V4 (fév. 2021);;;manuel/05-commercialisation-demarchage.md
618;5;5.1;A;Pour être démarcheur, il faut justifier :;D'une expérience professionnelle minimum de 5 ans;D'une expérience professionnelle minimum de 2 ans et d'une formation supérieure (bac +5);D'un baccalauréat (ou diplôme équivalent) ou d'une expérience minimum de 2 ans;C;C;Article D341-2 du code monétaire et financier;V4 (fév. 2021);;;manuel/05-commercialisation-demarchage.md
620;5;5.1;A;Le mandat délivré dans le cadre d'un démarchage bancaire et financier :;Peut être, ou non, nominatif;Mentionne la nature des produits et services qui en sont l'objet ainsi que les conditions dans lesquelles l'activité de démarchage peut être exercée;A une durée limitée à deux ans non renouvelable;B;B;Article L341-4 du CMF;V4 (fév. 2021);;;manuel/05-commercialisation-demarchage.md
621;5;5.1;A;La loi prévoit des exceptions à l'application des règles concernant le démarchage bancaire et financier.;Lorsqu'il s'agit d'un client pour lequel l'opération constitue une opération inhabituelle;Lorsqu'il s'agit d'un client pour lequel l'opération constitue une opération habituelle;"Lorsqu'il s'agit d'un client ""banque de détail""";B;B;Article 341-2 du code monétaire et financier;V4 (fév. 2021);;;manuel/05-commercialisation-demarchage.md
622;5;5.1;A;Parmi les affirmations suivantes concernant la connaissance du consommateur démarché, laquelle est exacte ?;Avant de formuler une offre, le démarcheur doit s'informer sur la situation financière du consommateur démarché ainsi que sur son expérience et ses objectifs de placement ou de financement;Le démarcheur peut formuler une offre type à tous les démarchés, mais il doit vérifier avant la signature du contrat certaines informations comme la situation financière du consommateur;Avant de formuler une offre, le démarcheur doit uniquement s'informer sur la situation financière du consommateur démarché;A;A;C. mon. fin., art. L 341-11.;V4 (fév. 2021);;;manuel/05-commercialisation-demarchage.md
624;5;5.1;A;Les documents commerciaux faisant la promotion des produits financiers :;Doivent délivrer une information claire, exacte et non trompeuse;Doivent respecter une maquette très stricte avec un contenu-type et un nombre de pages maximum;Ne sont pas encadrés, car le PSI doit remettre également au client le document d'information clé sur le produit;A;A;Article 325-12 du règlement général de l'AMF;V4 (fév. 2021);;;manuel/05-commercialisation-demarchage.md
626;5;5.1;A;Il y a démarchage bancaire et financier lorsqu'un contact commercial auprès d'un prospect s'exerce :;Par téléphone;Par sollicitation au sein de l'agence bancaire;Par campagne publicitaire dans la presse spécialisée;A;A;http://www.amf-france.org/affiche_page.asp?urldoc=Demarcheurs.htm;V4 (fév. 2021);;;manuel/05-commercialisation-demarchage.md
627;5;5.1;A;Les règles concernant le démarchage bancaire ou financier s'appliquent:;Aux démarches effectuées dans les locaux professionnels d'une personne morale à la demande de cette dernière;Aux prises de contact avec les personnes morales dont le chiffre d'affaires est inférieur à 5 millions d'euros;Aux prises de contact avec des personnes morales portant exclusivement sur la recherche en investissements et l'analyse financière;B;B;Article L341-2 et D341-1 CMF;V4 (fév. 2021);;;manuel/05-commercialisation-demarchage.md
628;5;5.1;A;Quelle autorité est compétente pour prononcer des sanctions disciplinaires en cas de non-respect des règles de démarchage ?;Selon la nature du démarcheur, les sanctions peuvent être prononcées par l'AMF ou par l'ACPR;Quelle que soit la nature du démarcheur, les sanctions disciplinaires sont toujours prononcées par l'AMF;Quelle que soit la nature du démarcheur, les sanctions disciplinaires sont toujours prononcées par l'ACPR;A;A;C. mon. fin., art. L 341-17.;V4 (fév. 2021);;;manuel/05-commercialisation-demarchage.md
629;5;5.1;A;Selon la réglementation MIF2, lorsqu'un distributeur décide de commercialiser un instrument financier auprès de sa clientèle, il doit :;Proposer cet instrument financier à tous ses clients sans aucune distinction;Attendre que ses clients se manifestent avant de leur parler de cet instrument financier;Définir un marché cible pour ne proposer l'instrument financier qu'à certains clients;C;C;RG AMF art 313-8 et suivants;V4 (fév. 2021);;;manuel/05-commercialisation-demarchage.md
630;5;5.1;A;"Parmi les 3 services d'investissement listés ci-dessous et proposés à des clients démarchés à leur domicile, lequel ouvre droit à un ""délai de rétractation"" ?";La fourniture d'instruments financiers;Le service d'exécution d'ordres;Le service de gestion de portefeuille pour compte de tiers;C;C;Code monétaire et financier : L. 341-1 à L. 341-17 + D. 341-1 à D. 341-16 / Plus spécifiquement sur la question posée : Code monétaire et financier : L. 341-16, III;V4 (fév. 2021);;;manuel/05-commercialisation-demarchage.md
631;5;5.1;A;N'est pas considéré comme un acte de démarchage bancaire et financier lorsque :;Une personne est contactée par courrier postal sans qu'elle l'ait sollicité;Une personne est contactée par courrier électronique sans qu'elle l'ait sollicité;Une personne est abordée alors qu'elle fait la queue au guichet d'une banque;C;C;"Note AMF ""S'informer sur le démarchage bancaire ou financier"" du 26 mai 2014";V4 (fév. 2021);;;manuel/05-commercialisation-demarchage.md
632;5;5.1;A;La mise en œuvre du droit de rétractation impose au client :;D'indiquer ses motifs;De payer le prix correspondant à l'utilisation du produit ou du service financier fourni prorata temporis, sans motif ni pénalité;Les deux;B;B;CMF art. L. 341-16;V4 (fév. 2021);;;manuel/05-commercialisation-demarchage.md
634;5;5.1;A;Quels sont dans la liste ci-dessous les produits exclus du champ de propositions des démarcheurs bancaires et financiers ?;Les titres de capital;Les produits d'assurance et de protection sociale;Les parts ou actions d'organismes de placement collectif;B;B;CMF art. L. 341-1 et L. 211-1;V4 (fév. 2021);;;manuel/05-commercialisation-demarchage.md
635;5;5.1;A;Les produits dont le risque maximal n'est pas connu au moment de la souscription :;Peuvent être proposés dans le cadre du démarchage;Peuvent être proposés dans le cadre du démarchage, après une mise en garde formalisée;Ne peuvent pas être proposés dans le cadre du démarchage;C;C;Code monétaire et financier : L. 341-1 à L. 341-17 + D. 341-1 à D. 341-16 / Plus spécifiquement sur la question posée : Code monétaire et financier : L. 341-11, 2ème alinéa;V4 (fév. 2021);;;manuel/05-commercialisation-demarchage.md
636;5;5.1;A;Un client démarché à son domicile :;Peut demander à consulter la carte du démarcheur;N'est pas autorisé à consulter le fichier de l'ORIAS;Peut se rétracter dans un délai de 14 jours uniquement s'il justifie sa décision;A;A;Code monétaire et financier : L. 341-1 à L. 341-17 + D. 341-1 à D. 341-16 / Plus spécifiquement sur la question posée : Code monétaire et financier : L. 341-8;V4 (fév. 2021);;;manuel/05-commercialisation-demarchage.md
637;5;5.1;A;Lorsqu'un acteur agit à la fois en tant que producteur et distributeur d'instruments financiers :;Une seule évaluation du marché cible est requise;Aucune évaluation du marché cible n'est requise;Deux évaluations du marché cible en tant que producteur et distributeur sont requises;A;A;RG AMF n°313-19;V4 (fév. 2021);;;manuel/05-commercialisation-demarchage.md
639;5;5.1;A;Une banque n'a pas à se conformer aux règles du démarchage bancaire et financier lorsqu'elle :;Propose à son client de réaliser une opération habituelle;Contacte le client à partir d'une plateforme téléphonique;Envoie au client un courrier personnalisé lui proposant une souscription d'instrument financier;A;A;Code monétaire et financier : L. 341-1 à L. 341-17 + D. 341-1 à D. 341-16 / Plus spécifiquement sur la question posée : Code monétaire et financier : L. 341-2, 5°;V4 (fév. 2021);;;manuel/05-commercialisation-demarchage.md
640;5;5.1;A;Sont habilités à pratiquer le démarchage bancaire et financier :;Les établissements bancaires ou financiers limitativement énumérés par la loi;Toute entreprise commerciale lorsqu'elle se limite à proposer des produits ne présentant aucun risque pour le souscripteur;Les compagnies d'assurance, mais uniquement pour la vente de contrats d'assurance-vie;A;A;Code monétaire et financier : L. 341-1 à L. 341-17 + D. 341-1 à D. 341-16 / Plus spécifiquement sur la question posée : Code monétaire et financier : L. 341-3;V4 (fév. 2021);;;manuel/05-commercialisation-demarchage.md
661;5;5.1;A;Dans quel cas s'appliquent les règles concernant le démarchage bancaire et financier ?;Lors d'une prise de contact non sollicitée avec une personne physique par exemple à son domicile;Lors d'une prise de contact avec des investisseurs qualifiés (au sens des articles L. 411-2 et L. 211-1 du Code Monétaire et Financier);Lors d'une prise de contact avec une personne morale à sa demande dans ses locaux professionnels;A;A;CMF art. L. 341-1 et suivants - art. L. 411-2 et L. 211-1;V4 (fév. 2021);;;manuel/05-commercialisation-demarchage.md
662;5;5.1;A;Quelle obligation ont les personnes mandatées pour pratiquer des activités de démarchage financier ?;Les démarcheurs financiers doivent disposer d'un agrément spécifique de l'AMF;Les démarcheurs financiers doivent pouvoir justifier d'une assurance responsabilité civile professionnelle et posséder une carte de démarchage;Les démarcheurs financiers doivent se faire enregistrer auprès de la Direction Départementale de la Protection des Populations (DDPP);B;B;C. mon. fin., art. L 341-5 et L 341-8 / Position - recommandation AMF 2006-23 / https://www.amf-france.org/Epargne-Info-Service/Savoir-bien-investir/Choisir-un-professionnel/;V4 (fév. 2021);;;manuel/05-commercialisation-demarchage.md
663;5;5.1;A;Aucun démarchage ne peut être réalisé pour la commercialisation des produits :;Dont le risque maximum n'est pas connu au moment de la souscription;Dont le risque est supérieur au risque du marché des actions;Dont le risque est nul;A;A;L341-10 CMF;V4 (fév. 2021);;;manuel/05-commercialisation-demarchage.md
666;5;5.1;A;Quel est le délai de rétractation dont dispose un client qui aurait signé un contrat d'ouverture de compte de dépôt à la suite d'une action de démarchage à domicile ?;7 jours;14 jours;30 jours;B;B;CMF art L 341-16;V4 (fév. 2021);;;manuel/05-commercialisation-demarchage.md
667;5;5.1;A;Quelle est la condition d'âge requise pour être démarcheur ?;Avoir 21 ans;Il n'y a pas de condition d'âge;Avoir la majorité légale;C;C;CMF Article D341-2;V4 (fév. 2021);;;manuel/05-commercialisation-demarchage.md
668;5;5.1;A;Laquelle des situations suivantes est-elle du démarchage bancaire et financier ?;Contacter des personnes, sans sollicitation préalable, par tout moyen pour leur proposer une opération financière;Contacter des personnes clientes de la banque pour faire le point sur leur situation;Proposer des instruments financiers à un prospect, dans l'agence bancaire;A;A;Voir le site : https://www.amf-france.org/Acteurs-et-produits/Commercialisation/Demarcheurs.html;V4 (fév. 2021);;;manuel/05-commercialisation-demarchage.md
671;5;5.1;A;Toutes les informations adressées par un Prestataire de Services d'Investissement, autre qu'une Société de Gestion de Portefeuille, à des clients, notamment potentiels, présentent :;Un contenu compréhensible et honnête, y compris les communications à caractère promotionnel;Un contenu compréhensible, les communications promotionnelles étant clairement identifiables;Un contenu clair, exact et non trompeur, les communications à caractère promotionnel étant clairement identifiables;C;C;CMF art. L 533-12 - Position - recommandation AMF - DOC-2011-24;V4 (fév. 2021);;;manuel/05-commercialisation-demarchage.md
672;5;5.1;A;Tout document promotionnel sur un instrument financier présente un contenu exact, clair et non trompeur. Les communications à caractère promotionnel sont clairement identifiables en tant que telles.;Les performances de l'instrument financier peuvent constituer le thème central de l'information communiquée;Les performances de l'instrument financier présentées doivent préciser l'impact des frais et commissions facturés au client;L'information sur les performances passées est un élément clé à fournir par le Prestataire de Services d'Investissement;B;B;CMF art. L 533-12 et 15 - Position - recommandation AMF - DOC-2011-24;V4 (fév. 2021);;;manuel/05-commercialisation-demarchage.md
674;5;5.1;A;L'ESMA Autorité européenne des marchés financiers;N'a pas autorité à interdire la commercialisation de produits financiers qui est du seul ressort des autorités nationales, elle peut toutefois émettre une recommandation d'agir en ce sens;Peut interdire la commercialisation temporaire aux clients de détail et sur le territoire européen de produits financiers spéculatifs, notamment sur le forex;Ne peut interdire la commercialisation en Europe de produits financiers émanant d'entités étrangères sises hors Union européenne;B;B;Directive 2014/65/UE du 15 mai 2014 - Règlement UE 600/2014 Art 40;V4 (fév. 2021);;;manuel/05-commercialisation-demarchage.md
680;5;5.1;A;Les communications à caractère promotionnel adressées par une société de gestion de portefeuille à des investisseurs :;Sont autorisées mais doivent être clairement identifiables en tant que telles;Sont réservées aux clients professionnels;Sont interdites;A;A;L.533-22-2-1 du Code Monétaire et Financier;V4 (fév. 2021);;;manuel/05-commercialisation-demarchage.md
681;5;5.1;A;Qui définit dans MIF 2, la cible d'un produit financier ?;Le producteur;Le distributeur;Le conservateur;A;A;Article 313-11 Règlement Général de l'AMF;V4 (fév. 2021);;;manuel/05-commercialisation-demarchage.md
682;5;5.1;A;La directive européenne sur les marchés d'instruments financiers 2 (MIF 2) :;Impose aux producteurs de produits financiers de déterminer un marché cible, avec une stratégie de distribution compatible avec ce dernier;Permet aux commercialisateurs d'étendre librement le marché cible défini par les producteurs dès que des opportunités se présentent;Détermine dorénavant le marché cible associé à chaque nature de produits financiers;A;A;Article 24 alinéa 2 de la Directive 2014/65/UE du 15 mai 2014 concernant les marchés d'instruments financiers (dite MIF2);V4 (fév. 2021);;;manuel/05-commercialisation-demarchage.md
683;5;5.1;A;Lorsqu'il recommande des produits financiers, le conseiller :;Doit imposer à ses clients de souscrire à des produits financiers''sans risque'';Doit proposer les mêmes produits quels que soient les clients;Doit proposer des produits en adéquation avec le profil de chaque client;C;C;Article 25 alinéa 6, deuxième paragraphe de la directive 2014/65/UE du 15 mai 2014 concernant les marchés d'instruments financiers et modifiant la directive 2002/92/CE et la directive 2011/61/UE (dite MIF2);V4 (fév. 2021);;;manuel/05-commercialisation-demarchage.md
687;5;5.1;A;Envers quels types de personnes le démarchage bancaire et financier peut-il s'exercer ?;Il ne peut s'exercer qu'envers des personnes physiques;Il ne peut s'exercer qu'envers des personnes physiques et uniquement à leur domicile;Il peut s'exercer aussi bien envers des personnes physiques que des personnes morales;C;C;Article L. 341-1 alinéa 1 du CMF;V4 (fév. 2021);;;manuel/05-commercialisation-demarchage.md
688;5;5.1;A;A qui incombe la charge de la preuve en cas de litige sur les informations relatives à une vente à distance de produit ou service financier ?;Au vendeur;Au client;A l'AMF;A;A;Directive 2002/65/CE — Protection des consommateurs dans la commercialisation à distance de services financiers : Article 15 - page 271/23;V4 (fév. 2021);;;manuel/05-commercialisation-demarchage.md
690;5;5.1;A;Dans le cadre de la gouvernance des instruments financiers, qui doit définir le marché cible ?;L'entreprise d'investissement;L'Autorité des Marchés Financiers;Le client;A;A;Article 16 - paragraphe 3 et article 24 paragraphe 2 de la directive 2014/65/UE;V4 (fév. 2021);;;manuel/05-commercialisation-demarchage.md
691;5;5.1;A;Lorsqu'une entreprise d'investissement agit à la fois en tant que producteur et distributeur :;Une seule évaluation du marché cible est requise;Aucune évaluation du marché cible n'est requise;Deux évaluations du marché cible sont requises en tant que producteur et distributeur;A;A;Article 10 - paragraphe 2 de directive déléguée (UE) 2017/593 complétant la directive 2014/65/UE;V4 (fév. 2021);;;manuel/05-commercialisation-demarchage.md
701;5;5.1;A;Lorsque le démarcheur est salarié d'un prestataire de services d'investissement, la durée de validité de sa carte est :;De 3 ans;De 10 ans;Illimitée tant qu'il est salarié;A;A;Arrêté du 28 septembre 2004 relatif à la carte de démarchage prévue à l'article L. 341-8 du code monétaire et financier - Article 3;V4 (fév. 2021);;;manuel/05-commercialisation-demarchage.md
709;5;5.1;A;Parmi les actions suivantes, laquelle constitue un acte de démarchage ?;Le fait d'adresser par email une documentation sur un produit ou un service financier sur demande d'un client potentiel;Le fait de distribuer aux clients potentiels et existants au sein d 'une agence bancaire des documents sur un produit d 'investissement;Le fait de se rendre au domicile d'un particulier à sa demande en vue de conclure un accord de gestion sous mandat;C;C;Article L341-1 du CMF;V4 (fév. 2021);;;manuel/05-commercialisation-demarchage.md
710;5;5.1;A;Parmi les actions suivantes réalisées auprès d 'une petite entreprise industrielle ou commerciale en vue d 'obtenir son accord pour la prestation d 'un service d 'investissement, laquelle constitue un acte de démarchage bancaire ou financier ?;Une rencontre réalisée à la demande du représentant légal dans ses bureaux;Un appel téléphonique non sollicité à destination du représentant légal;Un entretien dans une agence bancaire avec le représentant légal;B;B;Article L341-1 du CMF;V4 (fév. 2021);;;manuel/05-commercialisation-demarchage.md
711;5;5.1;A;Parmi les instruments financiers suivants, lequel peut faire l'objet d'un acte de démarchage auprès d'une personne physique en vue de son acquisition :;Une action d'une entreprise non admise à la négociation sur un marché réglementé;Une action d 'une Société d'Investissement à Capital Variable (SICAV) luxembourgeoise autorisée à la commercialisation en France;Une part d 'un organisme de titrisation;B;B;Article L341-1 CMF;V4 (fév. 2021);;;manuel/05-commercialisation-demarchage.md
712;5;5.1;A;Si un client souhaite réaliser une transaction sur un instrument financier ou souscrire à un service lui permettant de réaliser des transactions sur instruments financiers, dans quel cas, dispose-t-il d 'un délai de réflexion de 48h ?;Si le service ou la transaction a été réalisé suite à une action de démarchage;Si le service ou la transaction a été réalisé à distance;En aucun cas mais il peut se faire rembourser les instruments financiers acquis pendant 14 jours;A;A;Article L341-16 du CMF;V4 (fév. 2021);;;manuel/05-commercialisation-demarchage.md
713;5;5.1;A;Lorsque qu 'un producteur d 'instruments financiers définit le marché cible vers lequel les produits financiers doivent être orientés, il définit également :;Un Marché cible négatif identifiant les clients vers lesquels il ne faut pas proposer ces produits;Un Marché super-cible identifiant les clients qui doivent souscrire à ces produits;Un Marché anti-cible correspondant aux personnes qui ont l 'interdiction de souscrire ces produits pour des raisons de réglementation sur les abus de marché;A;A;DIRECTIVE DÉLÉGUÉE (UE) 2017/593 DE LA COMMISSION du 7 avril 2016 Article L533-24 du CMF;V4 (fév. 2021);;;manuel/05-commercialisation-demarchage.md
714;5;5.1;A;Le distributeur d 'instruments financiers :;Doit adapter les préconisations du producteur sur le Marché Cible par rapport à la réalité de sa clientèle;Doit définir son propre Marché Cible sans prendre en compte les préconisations du producteur;N 'a pas d 'obligation particulière tant que la définition du Marché Cible est communiquée aux prospects et clients avant leur souscription;A;A;Article 16 de la Directive MIF 2, DIRECTIVE 2014/65/UE DU PARLEMENT EUROPÉEN ET DU CONSEIL du 15 mai 2014 DIRECTIVE DÉLÉGUÉE (UE) 2017/593 DE LA COMMISSION du 7 avril 2016 Article L533-24-1 du CMF;V4 (fév. 2021);;;manuel/05-commercialisation-demarchage.md
715;5;5.1;A;Une obligation structurée est destinée à être commercialisée auprès de toutes les catégories de clients, professionnels et non-professionnels. Son producteur doit-il définir un Marché cible ?;C 'est impératif car le Marché Cible ne se limite pas à la catégorie de clients mais précise les besoins, les profils et les objectifs des clients auxquels est destinée l 'obligation;"Un Marché Cible dit ""blanc"" précisant que le produit peut convenir à tous types de clients doit être communiqué aux distributeurs qui calibreront eux-mêmes leur ciblage commercial";Pour les obligations structurées, il n 'y a pas de Marché Cible à définir puisque leur Document d'Information Clé est suffisamment explicite sur les critères de choix;A;A;DIRECTIVE DÉLÉGUÉE (UE) 2017/593 DE LA COMMISSION du 7 avril 2016 Article L533-24 du CMF;V4 (fév. 2021);;;manuel/05-commercialisation-demarchage.md
1012;5;5.1;A;Une personne démarchée qui exerce ensuite son droit de rétractation :;Peut supporter des pénalités si sa rétractation n'est pas suffisamment justifiée;Peut supporter des pénalités quels que soient les motifs invoqués;N'a pas à justifier les motifs de sa rétractation, ni à subir des pénalités;C;C;Article L341-16 du code monétaire et financier;V4 (fév. 2021);;;manuel/05-commercialisation-demarchage.md
1016;5;5.1;A;Si une personne démarchée pour des services bancaires ou financiers exerce son droit de rétractation :;Elle doit motiver sa décision;Elle doit motiver sa décision par écrit;Elle ne doit pas motiver sa décision;C;C;L341-16 CMF;V4 (fév. 2021);;;manuel/05-commercialisation-demarchage.md
1017;5;5.1;A;Pour quel service le délai de rétractation ne s'applique-t-il pas ?;Réception - transmission d'ordres;Conseil en investissements;Gestion de portefeuille;A;A;Publication AMF du 26/5/2014 (https://www.amf-france.org/Acteurs-et-produits/Commercialisation/Demarcheurs#title_paragraph_3);V4 (fév. 2021);;;manuel/05-commercialisation-demarchage.md
1026;5;5.1;A;Lorsqu'une personne démarchée pour des services bancaires ou financiers exerce son droit de rétractation :;Elle ne peut être tenue qu'au paiement du prix correspondant à l'utilisation du produit ou du service financier effectivement fourni entre la date de conclusion du contrat et celle de l'exercice du droit de rétractation;Elle ne peut être tenue qu'au paiement d'une pénalité;Elle peut être tenue au paiement du prix de l'ensemble du service auquel s'ajoute une pénalité;A;A;L341-16 CMF;V4 (fév. 2021);;;manuel/05-commercialisation-demarchage.md
1039;5;5.1;A;Dans le cadre d'un service de réception-transmission et exécution d'ordres, le délai de réflexion dans le cas d'un démarchage est de :;Vingt-quatre heures;Quarante-huit heures;Sept jours;B;B;Article L341-16 dur CMF;V4 (fév. 2021);;;manuel/05-commercialisation-demarchage.md
2587;5;5.1;A;D’après les exigences en matière de « gouvernance des produits » au titre de la directive MIF2, la définition du marché cible :;Peut inclure l’âge, tout en tenant compte des autres critères pertinents;Ne peut en aucun cas inclure l'âge;Peut inclure uniquement des critères financiers;A;A;;Récente (n° ≥ 2553);;;manuel/05-commercialisation-demarchage.md
2621;5;5.1;A;Le démarchage téléphonique d'un consommateur inscrit sur une liste d'opposition au démarchage téléphonique est :;Interdit en toute circonstance;Interdit sauf lorsqu'il s'agit de sollicitations intervenant dans le cadre de l'exécution d'un contrat en cours et ayant un rapport avec l'objet de ce contrat;Autorisé sauf lorsqu'il s'agit de sollicitations intervenant dans le cadre de l'exécution d'un contrat en cours et ayant un rapport avec l'objet de ce contrat;B;B;;Récente (n° ≥ 2553);;;manuel/05-commercialisation-demarchage.md
2622;5;5.1;A;Une entreprise peut recourir au démarchage téléphonique :;Aux jours et horaires et selon la fréquence de son choix;Aux jours et horaires et selon la fréquence déterminée par décret;Du lundi au samedi de 9h à 19h;B;B;;Récente (n° ≥ 2553);;;manuel/05-commercialisation-demarchage.md
2644;5;5.1;A;Le distributeur d'un instrument financier obtient du producteur des informations nécessaires à la compréhension et la connaissance de l'instrument financier qu'il a l'intention de recommander ou vendre afin que la distribution soit conforme :;Aux besoins, caractéristiques et objectifs du marché cible défini;Aux intérêts du producteur;Au bon fonctionnement du marché financier;A;A;;Récente (n° ≥ 2553);;;manuel/05-commercialisation-demarchage.md
2645;5;5.1;A;En matière de démarchage bancaire, la personne démarchée dispose d'un délai de rétractation de :;3 jours;14 jours;30 jours;B;B;;Récente (n° ≥ 2553);;;manuel/05-commercialisation-demarchage.md
2649;5;5.1;A;Toutes les informations adréssées par un PSI autre qu'une société de gestion de portefeuille à des clients présentent :;Un contenu clair et non trompeur;Un contenu exact, clair et non trompeur;Un contenu exact et clair;B;B;;Récente (n° ≥ 2553);;;manuel/05-commercialisation-demarchage.md
2689;5;5.1;A;La carte de démarcheur doit obligatoirement comporter :;Le nom du démarcheur;La date de délivrance de la carte;Le numéro d'enregistrement du démarcheur;A;A;;Récente (n° ≥ 2553);;;manuel/05-commercialisation-demarchage.md
2690;5;5.1;A;Le démarchage sans avoir obtenu de carte est puni, pour une personne physique, de :;6 mois d'emprisonnement et 7500 euros d'amende;5 ans d'emprisonnement et 375000 euros;37 500 euros d'amende;A;A;;Récente (n° ≥ 2553);;;manuel/05-commercialisation-demarchage.md
2691;5;5.1;A;En matière de vente à distance, le délai de rétractation est, en principe, de :;5 jours;14 jours;30 jours;B;B;;Récente (n° ≥ 2553);;;manuel/05-commercialisation-demarchage.md
641;5;5.2;C;Le document d'information clé pour l'investisseur (DICI) établit par les SICAV et sociétés de gestion pour chacun des OPCVM gérés :;Doit être fourni aux investisseurs préalablement à la souscription;Doit être fourni aux investisseurs uniquement s'ils en font la demande expresse;Ne doit jamais être fourni aux investisseurs car il s'agit d'un document interne couvert par le secret professionnel;A;A;Article L214-23, III CMF;V4 (fév. 2021);obs;Depuis le 1er janvier 2023, le DICI des OPCVM est remplacé par le DIC PRIIPs pour les investisseurs non professionnels (indicateur de risque SRI de 1 à 7 et 4 scénarios de performance). Les questions sur le DICI restent dans la base : retiens leurs réponses (remise avant souscription, échelle 1 à 7, frais…), qui valent aussi pour le DIC. Confirmé par le sujet du BTS Banque 2026 (épreuve EF2) : l'examen emploie désormais le terme DIC, avec les mêmes réponses (question 692 mise à jour).;manuel/05-commercialisation-demarchage.md
643;5;5.2;C;Qu'est-ce que le DICI - document d'information clé pour l'investisseur ?;Un document promotionnel simple remis aux investisseurs potentiels;Un document pré-contractuel qui doit être remis à l'investisseur préalablement à sa souscription;Le document descriptif d'un OPCVM produit par l'AMF;B;B;Instruction AMF 2011-20 Article 27;V4 (fév. 2021);obs;Depuis le 1er janvier 2023, le DICI des OPCVM est remplacé par le DIC PRIIPs pour les investisseurs non professionnels (indicateur de risque SRI de 1 à 7 et 4 scénarios de performance). Les questions sur le DICI restent dans la base : retiens leurs réponses (remise avant souscription, échelle 1 à 7, frais…), qui valent aussi pour le DIC. Confirmé par le sujet du BTS Banque 2026 (épreuve EF2) : l'examen emploie désormais le terme DIC, avec les mêmes réponses (question 692 mise à jour).;manuel/05-commercialisation-demarchage.md
646;5;5.2;C;Les catégories d'actifs dans lesquels l'OPCVM est habilité à investir :;Ne doivent pas être portées à la connaissance des investisseurs car cette information relève du secret des affaires;Doivent être précisées dans le prospectus;Doivent être portées à la connaissance des investisseurs uniquement s'ils en font la demande expresse;B;B;Article 411-116, al 1 RGAMF;V4 (fév. 2021);;;manuel/05-commercialisation-demarchage.md
647;5;5.2;C;Dans le document d'information clé pour l'investisseur (DICI) d'un OPCVM, l'affichage du niveau de risque et de rendement est :;Facultatif, à la discrétion du producteur;Obligatoire et présenté sur une échelle de 1 à 7;Obligatoire seulement si le produit existe depuis plus de 5 ans;B;B;Article 8 et annexe I du Règlement (UE) No 583/2010 du 1er juillet 2010 mettant en oeuvre la directive 2009/65/CE en ce qui concerne les informations clés pour l'investisseur et les conditions à remplir lors de la fourniture des informations clés pour l'investisseur ou du prospectus;V4 (fév. 2021);obs;Depuis le 1er janvier 2023, le DICI des OPCVM est remplacé par le DIC PRIIPs pour les investisseurs non professionnels (indicateur de risque SRI de 1 à 7 et 4 scénarios de performance). Les questions sur le DICI restent dans la base : retiens leurs réponses (remise avant souscription, échelle 1 à 7, frais…), qui valent aussi pour le DIC. Confirmé par le sujet du BTS Banque 2026 (épreuve EF2) : l'examen emploie désormais le terme DIC, avec les mêmes réponses (question 692 mise à jour).;manuel/05-commercialisation-demarchage.md
648;5;5.2;C;Le prospectus d'un OPC est un document à vocation …:;Informationnelle;Promotionnelle;Contractuelle;A;A;RG AMF art 411-113 et suivants;V4 (fév. 2021);;;manuel/05-commercialisation-demarchage.md
649;5;5.2;C;Le document clé de l'investisseur (DICI) doit être visé par :;L'autorité de contrôle prudentiel et de résolution;L'autorité des marchés financiers (AMF);La fédération bancaire française;B;B;"Note AMF ""Le Document d'information clé pour l'investisseur (DICI)""";V4 (fév. 2021);obs;Depuis le 1er janvier 2023, le DICI des OPCVM est remplacé par le DIC PRIIPs pour les investisseurs non professionnels (indicateur de risque SRI de 1 à 7 et 4 scénarios de performance). Les questions sur le DICI restent dans la base : retiens leurs réponses (remise avant souscription, échelle 1 à 7, frais…), qui valent aussi pour le DIC. Confirmé par le sujet du BTS Banque 2026 (épreuve EF2) : l'examen emploie désormais le terme DIC, avec les mêmes réponses (question 692 mise à jour).;manuel/05-commercialisation-demarchage.md
650;5;5.2;C;Quels sont les produits concernés par le DICI (Document d'Information Clé pour l'Investisseur) ?;Les OPCVM (Organismes de Placement Collectif en Valeurs Mobilières);Les titres de capital;Les titres de créances;A;A;411-106 Règlement général de l'AMF;V4 (fév. 2021);obs;Depuis le 1er janvier 2023, le DICI des OPCVM est remplacé par le DIC PRIIPs pour les investisseurs non professionnels (indicateur de risque SRI de 1 à 7 et 4 scénarios de performance). Les questions sur le DICI restent dans la base : retiens leurs réponses (remise avant souscription, échelle 1 à 7, frais…), qui valent aussi pour le DIC. Confirmé par le sujet du BTS Banque 2026 (épreuve EF2) : l'examen emploie désormais le terme DIC, avec les mêmes réponses (question 692 mise à jour).;manuel/05-commercialisation-demarchage.md
652;5;5.2;C;Quelles informations la société de gestion de portefeuille doit-elle obligatoirement fournir aux clients non professionnels, en matière de gestion d'OPC ?;Les frais et commissions;Une comparaison de la performance actuelle et passée;Le montant des dividendes, intérêts et droits, à venir;A;A;règlement UE 583/2010 / RG AMF art 411-126 et suivants;V4 (fév. 2021);;;manuel/05-commercialisation-demarchage.md
655;5;5.2;C;Dans quelle langue les documents destinés à l'information des porteurs de parts ou actionnaires d'OPCVM commercialisés en France doivent-ils être rédigés ?;En français en principe, sauf exception;En français, sans exception;En français ou dans une langue usuelle en matière financière autre que le français, au libre de choix de la société de gestion;A;A;Article L 214-23-1 du CMF;V4 (fév. 2021);;;manuel/05-commercialisation-demarchage.md
656;5;5.2;C;L'information pré-contractuelle remise au client non professionnel avant la souscription d'un OPCVM comprend :;Obligatoirement deux documents : le document d'information clé pour l'investisseur (DICI) et le prospectus de l'OPCVM;Obligatoirement le prospectus, sachant que le DICI peut lui être remis sur simple demande;Obligatoirement le DICI, sachant que le prospectus peut lui être remis sur simple demande;C;C;Article 411-107 du règlement général de l'AMF;V4 (fév. 2021);obs;Depuis le 1er janvier 2023, le DICI des OPCVM est remplacé par le DIC PRIIPs pour les investisseurs non professionnels (indicateur de risque SRI de 1 à 7 et 4 scénarios de performance). Les questions sur le DICI restent dans la base : retiens leurs réponses (remise avant souscription, échelle 1 à 7, frais…), qui valent aussi pour le DIC. Confirmé par le sujet du BTS Banque 2026 (épreuve EF2) : l'examen emploie désormais le terme DIC, avec les mêmes réponses (question 692 mise à jour).;manuel/05-commercialisation-demarchage.md
657;5;5.2;C;Qu'indique le prospectus sur les opérations sur les contrats financiers ?;Il précise si ces opérations sont effectuées à titre de couverture ou de spéculation;Il doit préciser sur quels marchés ces opérations sont acceptées;Il précise avec quels types de contreparties ces opérations sont acceptées;A;A;Article 411-116 du RG AMF;V4 (fév. 2021);;;manuel/05-commercialisation-demarchage.md
658;5;5.2;C;Parmi les affirmations suivantes relatives au document d'information clé pour l'investisseur d'un OPCVM, laquelle est correcte ?;Il contient des informations correctes, claires et non trompeuses et cohérentes avec les parties correspondantes du prospectus de l'OPCVM;Il est rédigé dans un langage technique;Il ne comprend pas de déclaration relative à la politique de rémunération;A;A;Article 411-107, 2°, 5° et 7° RGAMF;V4 (fév. 2021);;;manuel/05-commercialisation-demarchage.md
664;5;5.2;C;Dans le cadre de la remise d'un support d'information aux clients, certaines des informations ci-dessous doivent être présentes lesquelles ?;Les coûts et frais liés à la souscription;Le nom du Directeur financier du prestataire de services d'investissement;La rentabilité certaine sur 12 et 24 mois;A;A;Article L314-12 du code monétaire et financier !, Article 314-33 du règlement général de l'AMF;V4 (fév. 2021);;;manuel/05-commercialisation-demarchage.md
665;5;5.2;C;Le DICI ou KID est un document d'information clé pour l'investisseur, ce document :;Est annexé au prospectus simplifié apportant des informations commerciales sur les OPC;Remplace le prospectus simplifié présentant des informations essentielles sur les OPC;Remplace uniquement la notice d'information;B;B;Instruction AMF n° 2011-22 modifié le 23 mai 2014 - Articles 412-1 et suivants du RGAMF;V4 (fév. 2021);obs;Depuis le 1er janvier 2023, le DICI des OPCVM est remplacé par le DIC PRIIPs pour les investisseurs non professionnels (indicateur de risque SRI de 1 à 7 et 4 scénarios de performance). Les questions sur le DICI restent dans la base : retiens leurs réponses (remise avant souscription, échelle 1 à 7, frais…), qui valent aussi pour le DIC. Confirmé par le sujet du BTS Banque 2026 (épreuve EF2) : l'examen emploie désormais le terme DIC, avec les mêmes réponses (question 692 mise à jour).;manuel/05-commercialisation-demarchage.md
670;5;5.2;C;"Que contient obligatoirement la rubrique ""profil de risque et de rendement"" du DICI d'un OPCVM français ?";Une évaluation détaillée des risques extra-financiers;Une explication des modalités de contrôle des risques;Un indicateur synthétique du risque et du rendement;C;C;Doc AMF : Guide des documents réglementaires des OPC - DOC 2011-05 modifié 2017;V4 (fév. 2021);obs;Depuis le 1er janvier 2023, le DICI des OPCVM est remplacé par le DIC PRIIPs pour les investisseurs non professionnels (indicateur de risque SRI de 1 à 7 et 4 scénarios de performance). Les questions sur le DICI restent dans la base : retiens leurs réponses (remise avant souscription, échelle 1 à 7, frais…), qui valent aussi pour le DIC. Confirmé par le sujet du BTS Banque 2026 (épreuve EF2) : l'examen emploie désormais le terme DIC, avec les mêmes réponses (question 692 mise à jour).;manuel/05-commercialisation-demarchage.md
675;5;5.2;C;Dans le cadre de la réglementation européenne PRIIPS, le document d'information clé doit être remis à tout acheteur :;D'action;D'obligation;D'obligation à formule;C;C;RÈGLEMENT (UE) No 1286/2014 Art.1;V4 (fév. 2021);;;manuel/05-commercialisation-demarchage.md
676;5;5.2;C;Dans le cadre de la réglementation européenne PRIIPS, le document d'information clé est :;Un document publicitaire gratuit;Un document publicitaire payant;N'est pas un document publicitaire;C;C;RÈGLEMENT (UE) No 1286/2014 Art. 6;V4 (fév. 2021);;;manuel/05-commercialisation-demarchage.md
677;5;5.2;C;Le conseiller en investissement doit communiquer les frais d'une opération envisagée par l'épargnant avant le déclenchement de celle-ci, ces frais sont présentés :;En euros uniquement;En % uniquement;En euros et en %;C;C;https://www.amf-france.org/Epargne-Info-Service/Autres-infos-et-guides-pratiques/A-savoir-avant-d-investir/Placements-financiers-Quelle-information-sur-les-frais;V4 (fév. 2021);;;manuel/05-commercialisation-demarchage.md
678;5;5.2;C;Quand un épargnant souscrit un service comme la gestion de son portefeuille auprès d'un prestataire, l'information concernant les frais est à donner :;Uniquement à l'achat de la prestation;Régulièrement et au moins une fois par an;A l'achat et à la clôture de la prestation;B;B;https://www.amf-france.org/Epargne-Info-Service/Autres-infos-et-guides-pratiques/A-savoir-avant-d-investir/Placements-financiers-Quelle-information-sur-les-frais;V4 (fév. 2021);;;manuel/05-commercialisation-demarchage.md
679;5;5.2;C;Le document d'information clé (DIC) d'un PRIIP (Package Retail and Insurance-based Investment Product) concerne :;Les plans d'épargne logement;Les contrats d'assurance multirisques habitation;Certains contrats d'assurance-vie en unités de compte;C;C;Règlement délégué UE 2017 / 653 du 8 mars 2017 complétant le règlement (UE) no 1286/2014 du Parlement européen et du Conseil sur les documents d'informations clés relatifs aux produits d'investissement packagés de détail et fondés sur l'assurance (PRIIP) Reglement UE 1286 / 2014 sur les documents d'informations clés relatifs aux produits d'investissement packagés de détail et fondés sur l'assurance;V4 (fév. 2021);;;manuel/05-commercialisation-demarchage.md
684;5;5.2;C;L'objectif du règlement PRIIPs (produits d'investissement packagés de détail et fondés sur l'assurance) est :;D'interdire la commercialisation de produits risqués aux clients non professionnels;De faciliter la compréhension des caractéristiques des produits par les clients non professionnels et leur comparaison, par la mise en place d'un document d'information standardisé;De favoriser l'investissement dans les fonds en euros;B;B;Chapitre 1 - Article premier du règlement (UE) N° 1286/2014 du 26 novembre 2014 sur les documents d'informations clés relatifs aux produits d'investissement packagés de détail et fondés sur l'assurance (dit PRIIPS);V4 (fév. 2021);;;manuel/05-commercialisation-demarchage.md
685;5;5.2;C;Dans le document d'Informations clés (DIC) encadré par le règlement PRIIPs (produits d'investissement packagés de détail et fondés sur l'assurance), les scénarios de performances futures sont, sauf cas particulier, au nombre de :;Trois (scénarios positif, neutre et négatif);Quatre (scénarios favorable, intermédiaire, défavorable et de tensions);Sept (scénarios correspondant aux niveaux de risques de 1 à 7);B;B;Annexe IV Scénarios de performance, Nombre de scénarios, alinéa 1. du Règlement délégué (UE) 2017/653 du 8 mars 2017 complétant le règlement (UE) no 1286/2014 sur les documents d'informations clés relatifs aux produits d'investissement packagés de détail et fondés sur l'assurance (PRIIP) par des normes techniques;V4 (fév. 2021);;;manuel/05-commercialisation-demarchage.md
686;5;5.2;C;Le DICI (Document d'information clé pour l'investisseur) d'un OPCVM :;Comporte les informations sur les frais d'entrée et de sortie ainsi que les frais courants;Ne mentionne que les droits d'entrée et les droits de sortie, les frais courants étant difficiles à estimer;Ne traite pas des frais, ceux-ci étant repris dans les dispositions tarifaires du dépositaire de l'OPCVM;A;A;Article 10 alinéa 2. points a) et b) du Règlement (UE) No 583/2010 du 1er juillet 2010 mettant en oeuvre la directive 2009/65/CE en ce qui concerne les informations clés pour l'investisseur et les conditions à remplir lors de la fourniture des informations clés pour l'investisseur ou du prospectus sur un support durable autre que le papier ou au moyen d'un site web;V4 (fév. 2021);obs;Depuis le 1er janvier 2023, le DICI des OPCVM est remplacé par le DIC PRIIPs pour les investisseurs non professionnels (indicateur de risque SRI de 1 à 7 et 4 scénarios de performance). Les questions sur le DICI restent dans la base : retiens leurs réponses (remise avant souscription, échelle 1 à 7, frais…), qui valent aussi pour le DIC. Confirmé par le sujet du BTS Banque 2026 (épreuve EF2) : l'examen emploie désormais le terme DIC, avec les mêmes réponses (question 692 mise à jour).;manuel/05-commercialisation-demarchage.md
689;5;5.2;C;Comment s'appelle le document d'information précontractuelle pour les OPCVM ?;Le Prospectus;Le Document d'information des actionnaires;Le Document d'informations clés pour l'investisseur;C;C;Articles 411-106 et 411-107 du RG AMF;V4 (fév. 2021);obs;Depuis le 1er janvier 2023, le DICI des OPCVM est remplacé par le DIC PRIIPs pour les investisseurs non professionnels (indicateur de risque SRI de 1 à 7 et 4 scénarios de performance). Les questions sur le DICI restent dans la base : retiens leurs réponses (remise avant souscription, échelle 1 à 7, frais…), qui valent aussi pour le DIC. Confirmé par le sujet du BTS Banque 2026 (épreuve EF2) : l'examen emploie désormais le terme DIC, avec les mêmes réponses (question 692 mise à jour).;manuel/05-commercialisation-demarchage.md
692;5;5.2;C;L'affichage du niveau de risque et de rendement d'un produit dans le document d'informations clés (DIC) est présenté :;Sur une échelle allant de 1 à 5;Sur une échelle allant de 1 à 7;Sur une échelle allant de 1 à 10;B;B;Annexe III de l'Instruction AMF n° 2011-20 relative aux procédures d'agrément, à l'établissement d'un DICI et d'un prospectus et à l'information périodique des OPCVM non coordonnés -;V4 (fév. 2021), formulation BTS Banque 2026 (EF2);ctx;"formulation mise à jour d'après le sujet du BTS Banque 2026 (épreuve EF2, question 31). L'examen parle désormais du DIC (document d'informations clés PRIIPs), qui a remplacé le DICI ; la réponse reste l'échelle de 1 à 7.";manuel/05-commercialisation-demarchage.md
693;5;5.2;C;Combien de scénarios de performances figurent dans un document d'informations clés (DIC) ?;Deux scénarios de performances;Trois scénarios de performances;Quatre scénarios de performances;C;C;"""Document d'informations clés : comprendre les scénarios de performance"" , Publication AMF du 20 novembre 2018 (https://www.amf-france.org/Epargne-Info-Service/Autres-infos-et-guides-pratiques/A-savoir-avant-d-investir/Document-d-informations-cl-s-comprendre-les-sc-narios-de-performance)";V4 (fév. 2021);;;manuel/05-commercialisation-demarchage.md
694;5;5.2;C;Quel document d'information doit-on obligatoirement remettre à un souscripteur d'OPC ?;Le document d'information détaillé de l'OPC;Le document d'information clé pour l'investisseur de l'OPC (DICI);Le rapport annuel de la société de gestion;B;B;"Instruction AMF 2011-20 Guide AMF ""s'informer sur le document d'information clé pour l'investisseur"" 04/2015";V4 (fév. 2021);obs;Depuis le 1er janvier 2023, le DICI des OPCVM est remplacé par le DIC PRIIPs pour les investisseurs non professionnels (indicateur de risque SRI de 1 à 7 et 4 scénarios de performance). Les questions sur le DICI restent dans la base : retiens leurs réponses (remise avant souscription, échelle 1 à 7, frais…), qui valent aussi pour le DIC. Confirmé par le sujet du BTS Banque 2026 (épreuve EF2) : l'examen emploie désormais le terme DIC, avec les mêmes réponses (question 692 mise à jour).;manuel/05-commercialisation-demarchage.md
695;5;5.2;C;Les frais de gestion d'un OPC comprennent, entre autres :;Les frais de négociation du portefeuille;Les commissions de souscription;Les frais de gestion financière;C;C;"Guide AMF ""s'informer sur les frais liés à vos investissements financiers"" 04/2015 POSITION - RECOMMANDATION AMF DOC-2012-12 GUIDE RELATIF AUX FRAIS";V4 (fév. 2021);;;manuel/05-commercialisation-demarchage.md
697;5;5.2;C;Quels sont les frais d'un OPC, non prélevés sur la valeur liquidative et payés directement par l'investisseur ?;Les frais de gestion;Les frais de souscription et de rachat;Les frais de transaction;B;B;"Guide AMF ""s'informer sur les frais liés à vos investissements financiers"" 04/2015 Recommandation AMF 2012-12 du 03/01/2019";V4 (fév. 2021);;;manuel/05-commercialisation-demarchage.md
698;5;5.2;C;Quels sont les produits concernés par le DICI (Document d'Information Clé pour l'Investisseur) ?;Le DICI est uniquement obligatoire pour les fonds d'investissement commercialisés en France;Le DICI est obligatoire pour les fonds d'investissement commercialisés au sein de tous les pays membres de l'OCDE (Organisation de Coopération et de Développement Économiques) non européens;Le DICI est obligatoire pour tous les fonds d'investissement commercialisés en Union européenne;C;C;Instruction AMF - DOC-2011-20 - Procédures d'agrément, établissement d'un DICI et d'un prospectus et information périodique des fonds d'investissement à vocation générale, fonds de fonds alternatifs et fonds professionnels à vocation générale, art. 24, page 32 (document créé le 21 décembre 2011, modifié le 26 novembre 2019).;V4 (fév. 2021);obs;Depuis le 1er janvier 2023, le DICI des OPCVM est remplacé par le DIC PRIIPs pour les investisseurs non professionnels (indicateur de risque SRI de 1 à 7 et 4 scénarios de performance). Les questions sur le DICI restent dans la base : retiens leurs réponses (remise avant souscription, échelle 1 à 7, frais…), qui valent aussi pour le DIC. Confirmé par le sujet du BTS Banque 2026 (épreuve EF2) : l'examen emploie désormais le terme DIC, avec les mêmes réponses (question 692 mise à jour).;manuel/05-commercialisation-demarchage.md
699;5;5.2;C;Que signifie l'acronyme DIC (ou KID en anglais) ?;Document d'Information Clé;Document d'Information des Clients;Document d'Investissement des Clients;A;A;Règlement (UE) 1286/2014 du Parlement européen et du Conseil du 26 novembre 2014 sur les documents d'informations clés relatifs aux produits d'investissement packagés de détail et fondés sur l'assurance.;V4 (fév. 2021);;;manuel/05-commercialisation-demarchage.md
702;5;5.2;C;Dans le cadre de la vente de produits et services financiers, la réglementation prévoit que des documents d'information (DICI, DIC, etc.) soient fournis :;Avant la souscription;Après la souscription;Au plus tard un jour franc après la souscription;A;A;https://www.amf-france.org/Reglementation/Dossiers-thematiques/Epargne-et-prestataires/Commercialisation/L-Europe-uniformise-l-information-pre-contractuelle-pour-les-produits-d-investissement#title_paragraph_2;V4 (fév. 2021);;;manuel/05-commercialisation-demarchage.md
703;5;5.2;C;Dans le DICI, les frais de souscription d'un OPCVM sont :;Généralement exprimés en pourcentage;Généralement exprimés en euros;Généralement jamais précisés;A;A;https://www.amf-france.org/Epargne-Info-Service/Comprendre-les-produits-financiers/Placements-collectifs/OPC/Les-frais-des-fonds-et-sicav;V4 (fév. 2021);obs;Depuis le 1er janvier 2023, le DICI des OPCVM est remplacé par le DIC PRIIPs pour les investisseurs non professionnels (indicateur de risque SRI de 1 à 7 et 4 scénarios de performance). Les questions sur le DICI restent dans la base : retiens leurs réponses (remise avant souscription, échelle 1 à 7, frais…), qui valent aussi pour le DIC. Confirmé par le sujet du BTS Banque 2026 (épreuve EF2) : l'examen emploie désormais le terme DIC, avec les mêmes réponses (question 692 mise à jour).;manuel/05-commercialisation-demarchage.md
719;5;5.2;C;Le Règlement européen PRIIPS (Packaged Retail Investment and Insurance Products) a vocation à harmoniser et standardiser la communication de certains produits d 'investissement proposés aux clients non-professionnels. Lesquels parmi les suivants sont concernés par PRIIPS ? I. L 'assurance vie en unités de compte II. Les FIA III. Les EMTN structurés;I uniquement;I et II uniquement;I, II et III;C;C;Article 1, 2 et 4 du RÈGLEMENT (UE) No 1286/2014 DU PARLEMENT EUROPÉEN ET DU CONSEIL du 26 novembre 2014;V4 (fév. 2021);;;manuel/05-commercialisation-demarchage.md
1204;5;5.2;C;Comment est symbolisé le profil de risque et de rendement des FCP et des SICAV ?;Par une échelle allant de 1 à 7, le niveau 1 correspondant aux niveaux de risque et de performance potentielle les plus faibles;Par une échelle allant de 1 à 5, le niveau 5 correspondant aux niveaux de risque et de performance potentielle les plus faibles;Par une échelle allant de 1 à 10, le niveau 1 correspondant aux niveaux de risque et de performance potentielle les plus faibles;A;A;Site internet de l'AMF, Comprendre les produits financiers Placements collectifs: OPC (Fonds & SICAV) (https://www.amf-france.org/Epargne-Info-Service/Comprendre-les-produits-financiers/Placements-collectifs/OPC/Investir-en-fonds-et-Sicav-comprendre-le-pr;V4 (fév. 2021);obs;Depuis le 1er janvier 2023, le DICI des OPCVM est remplacé par le DIC PRIIPs pour les investisseurs non professionnels (indicateur de risque SRI de 1 à 7 et 4 scénarios de performance). Les questions sur le DICI restent dans la base : retiens leurs réponses (remise avant souscription, échelle 1 à 7, frais…), qui valent aussi pour le DIC. Confirmé par le sujet du BTS Banque 2026 (épreuve EF2) : l'examen emploie désormais le terme DIC, avec les mêmes réponses (question 692 mise à jour).;manuel/05-commercialisation-demarchage.md
2646;5;5.2;C;Le DICI est communiqué :;Aux seuls investisseurs qui le requièrent;Aux investisseurs préalablement à la souscription;Aux investisseurs dans la foulée de la souscription;B;B;;Récente (n° ≥ 2553);obs;Depuis le 1er janvier 2023, le DICI des OPCVM est remplacé par le DIC PRIIPs pour les investisseurs non professionnels (indicateur de risque SRI de 1 à 7 et 4 scénarios de performance). Les questions sur le DICI restent dans la base : retiens leurs réponses (remise avant souscription, échelle 1 à 7, frais…), qui valent aussi pour le DIC. Confirmé par le sujet du BTS Banque 2026 (épreuve EF2) : l'examen emploie désormais le terme DIC, avec les mêmes réponses (question 692 mise à jour).;manuel/05-commercialisation-demarchage.md
2647;5;5.2;C;Dans le DICI, les performances sont calculées :;En tenant compte de certains frais uniquement;Nettes des seuls frais de souscription;Nettes de frais;C;C;;Récente (n° ≥ 2553);obs;Depuis le 1er janvier 2023, le DICI des OPCVM est remplacé par le DIC PRIIPs pour les investisseurs non professionnels (indicateur de risque SRI de 1 à 7 et 4 scénarios de performance). Les questions sur le DICI restent dans la base : retiens leurs réponses (remise avant souscription, échelle 1 à 7, frais…), qui valent aussi pour le DIC. Confirmé par le sujet du BTS Banque 2026 (épreuve EF2) : l'examen emploie désormais le terme DIC, avec les mêmes réponses (question 692 mise à jour).;manuel/05-commercialisation-demarchage.md
2693;5;5.2;C;Le DICI est l’acronyme de :;Document d’information clé pour l’investisseur;Document d’information pour le conseil en investissement;Document international du conseiller en investissement;A;A;;Récente (n° ≥ 2553);obs;Depuis le 1er janvier 2023, le DICI des OPCVM est remplacé par le DIC PRIIPs pour les investisseurs non professionnels (indicateur de risque SRI de 1 à 7 et 4 scénarios de performance). Les questions sur le DICI restent dans la base : retiens leurs réponses (remise avant souscription, échelle 1 à 7, frais…), qui valent aussi pour le DIC. Confirmé par le sujet du BTS Banque 2026 (épreuve EF2) : l'examen emploie désormais le terme DIC, avec les mêmes réponses (question 692 mise à jour).;manuel/05-commercialisation-demarchage.md
2694;5;5.2;C;Le DICI est obligatoire pour :;Tous les OPCVM commercialisés en Europe;Les seuls OPCVM commercialisés en France;Tous les fonds d’investissement commercialisés dans le monde;A;A;;Récente (n° ≥ 2553);obs;Depuis le 1er janvier 2023, le DICI des OPCVM est remplacé par le DIC PRIIPs pour les investisseurs non professionnels (indicateur de risque SRI de 1 à 7 et 4 scénarios de performance). Les questions sur le DICI restent dans la base : retiens leurs réponses (remise avant souscription, échelle 1 à 7, frais…), qui valent aussi pour le DIC. Confirmé par le sujet du BTS Banque 2026 (épreuve EF2) : l'examen emploie désormais le terme DIC, avec les mêmes réponses (question 692 mise à jour).;manuel/05-commercialisation-demarchage.md
721;6;6.1.1;A;Quelle démarche le PSI doit-il effectuer dans le cadre de la catégorisation des clients ?;Le PSI informe ses clients de leur catégorisation;Le PSI transmet le nom des clients à l'AMF;Le PSI transmet la catégorisation à l'AMF qui informe les clients;A;A;RG AMF (Article 314-4);V4 (fév. 2021);;;manuel/06-relations-clients.md
722;6;6.1.1;A;En matière de catégorisation des clients, les Prestataires de Services d'investissement autre que les sociétés de gestion de portefeuille :;Déterminent librement les différentes catégories dans lesquelles les clients seront classés;N'ont pas l'obligation d'indiquer à leurs clients dans quelle catégorie ils sont classés;Etablissent et mettent en œuvre des politiques et des procédures appropriées et écrites permettant de classer leurs clients;C;C;Article D 533-4 CMF;V4 (fév. 2021);;;manuel/06-relations-clients.md
723;6;6.1.1;A;Les catégorisations de clients suivantes sont possibles : 1. Client professionnel 2. Client non professionnel 3. Contrepartie non éligible;1 et 2;2 et 3;1, 2 et 3;A;A;RG AMF 314-4 et CMF D 533-12;V4 (fév. 2021);;;manuel/06-relations-clients.md
724;6;6.1.1;A;Qu'est-ce que la catégorisation des clients au sens de la directive Marchés d'Instruments Financiers (MIF) ?;Une procédure de notation des clients;Une procédure décrivant les modalités de classement des clients dans 3 catégories;Une procédure de segmentation marketing;B;B;Article 314-4 du Règlement Général AMF;V4 (fév. 2021);;;manuel/06-relations-clients.md
725;6;6.1.1;A;La directive européenne sur les marchés et instruments financiers (MIF) classe les clients en :;Deux catégories : clients non professionnels ou clients professionnels;Trois catégories : clients non professionnels, clients professionnels ou contreparties éligibles;Quatre catégories : clients non professionnels, clients professionnels, contreparties éligibles ou contreparties personnes morales;B;B;Article D533-4 du CMF;V4 (fév. 2021);;;manuel/06-relations-clients.md
728;6;6.1.1;A;Lorsqu'un PSI propose des services d'investissement à un client non professionnel, quelles informations doit-il recueillir ?;Les coordonnées de son employeur;Les informations inscrites au Fichier des Incidents de Remboursement des Crédits aux Particuliers (FICP);Les informations sur ses connaissances et son expérience en matière d'instruments financiers;C;C;CMF D533-4 et suivants;V4 (fév. 2021);;;manuel/06-relations-clients.md
729;6;6.1.1;A;Un client non professionnel peut-il renoncer à la protection accordée par les règles de bonne conduite s'imposant aux prestataires de services d'investissement autre que les sociétés de gestion de portefeuille ?;Non, il s'agit d'une règle d'ordre public à laquelle le bénéficiaire lui-même ne peut pas renoncer;Oui, il peut y renoncer en indiquant au prestataire, oralement ou par écrit, qu'il souhaite être traité comme un client professionnel;Oui, il peut y renoncer en respectant une procédure détaillée dans le Code Monétaire et Financier;C;C;Article D 533-12-1 CMF;V4 (fév. 2021);;;manuel/06-relations-clients.md
732;6;6.1.1;A;Quels critères de taille sont notamment requis pour qualifier une entreprise française de contrepartie éligible ?;Total de bilan supérieur ou égal à 20 millions d'euros et chiffre d'affaires net supérieur ou égal à 40 millions d'euros;Total de bilan supérieur ou égal à 10 millions d'euros et capitaux propres supérieur ou égal à 1 million d'euros;Effectif supérieur à 200 personnes;A;A;Article D533-13 du Code Monétaire et Financier;V4 (fév. 2021);;;manuel/06-relations-clients.md
733;6;6.1.1;A;Un client non-professionnel peut-il renoncer à une partie de la protection que lui offrent les règles de bonne conduite ?;Non, il ne peut pas changer de catégorie ni renoncer à la protection afférente à sa catégorie;Oui, il peut, tout en gardant sa catégorie, renoncer librement aux protections que cette catégorie lui apporte;Oui, il peut, s'il respecte certains critères, renoncer à une partie de la protection que lui offre sa catégorie;C;C;Article D 533-12 du CMF;V4 (fév. 2021);;;manuel/06-relations-clients.md
736;6;6.1.1;A;Les unions de mutuelles :;Sont des clients professionnels par nature;Peuvent être qualifiées de clients professionnels au cas par cas;Ne peuvent pas être considérées comme clients professionnels;A;A;Art. D. 533-11-1-d du CMF;V4 (fév. 2021);;;manuel/06-relations-clients.md
739;6;6.1.1;A;L'information à recueillir auprès des clients non professionnels, avant tout conseil en investissement :;Concerne uniquement leur situation financière;Concerne uniquement leurs objectifs d'investissement;Porte également sur leur degré de tolérance au risque et leur capacité à faire face aux pertes;C;C;Article L533-13 du code monétaire et financier;V4 (fév. 2021);;;manuel/06-relations-clients.md
741;6;6.1.1;A;Quelle proposition suivante est exacte ?;Le Prestataire de Services d'Investissement (PSI) peut décider unilatéralement de classer un client non professionnel par nature en client professionnel;Un client professionnel peut demander au PSI à être traité comme un client non professionnel;Le PSI à l'obligation d'accepter la demande d'un client professionnel d'être traité comme un client non professionnel;B;B;Article 314-5 du Règlement Général AMF;V4 (fév. 2021);;;manuel/06-relations-clients.md
742;6;6.1.1;A;Au regard de la réglementation, un client professionnel est un client qui :;Exerce une activité professionnelle telle que commerçant, artisan ou profession libérale;A déjà souscrit par le passé à des produits d'épargne;Possède les connaissances, l'expérience et la compétence nécessaires pour prendre ses propres décisions d'investissement et évaluer correctement les risques encourus;C;C;Article L533-16 du code monétaire et financier;V4 (fév. 2021);;;manuel/06-relations-clients.md
744;6;6.1.1;A;Les clients non-professionnels bénéficient :;Du plus bas degré de protection en tant qu'investisseur;Du plus haut degré de protection en tant qu'investisseur;Du même niveau de protection que tous les autres investisseurs;B;B;D533-4 CMF & décret n° 2017/1324 du 06/09/2017;V4 (fév. 2021);;;manuel/06-relations-clients.md
745;6;6.1.1;A;Dans quelle catégorie un organisme de placement collectif (OPC) est-il classé par nature ?;Client professionnel;Contrepartie éligible;Contrepartie personne morale;A;A;Article D533-11 du CMF;V4 (fév. 2021);;;manuel/06-relations-clients.md
746;6;6.1.1;A;Lorsqu'un prestataire de services d'investissement autre qu'une société de gestion de portefeuille constate qu'un client professionnel ou une contrepartie éligible ne remplit plus les conditions qui lui valaient d'être catégorisé comme tel :;Il doit prendre les mesures appropriées;Il doit attendre d'être contacté par le client;Il doit mettre fin à la relation contractuelle;A;A;Article D 533-4, IV CMF;V4 (fév. 2021);;;manuel/06-relations-clients.md
749;6;6.1.1;A;Suite à la directive MIF2, le profilage des clients non professionnels inclut obligatoirement :;Le contrôle sur pièce du montant des avoirs déclarés par les clients et détenus dans d'autres banques;L'évaluation de leur capacité à subir des pertes et leur niveau de tolérance au risque;Le recueil de leur curriculum vitae exhaustif;B;B;Article L533-13 du code monétaire et financier;V4 (fév. 2021);;;manuel/06-relations-clients.md
750;6;6.1.1;A;A propos des diligences à effectuer par les PSI dans le cadre de la connaissance du client, quelle proposition est exacte ?;Les responsables Conformité des PSI sont chargés de rechercher les informations manquantes;Seuls les collaborateurs des PSI en charge de la relation avec la clientèle sont habilités à effectuer ces diligences;Les PSI peuvent confier, sous certaines conditions, à des tiers le soin d'effectuer ces diligences;C;C;Article L561-7 Du Code Monétaire et financier;V4 (fév. 2021);;;manuel/06-relations-clients.md
751;6;6.1.1;A;La catégorie à laquelle appartient le client :;Peut être communiquée par le PSI au client;Ne peut en aucun cas être communiquée par le PSI au client;Doit obligatoirement être communiquée par le PSI au client;C;C;CMF D533-4 et suivants;V4 (fév. 2021);;;manuel/06-relations-clients.md
752;6;6.1.1;A;Pour fournir les services adéquats à leurs clients, les PSI sont-ils habilités à se fonder sur les informations fournies par le client ?;Non, ils doivent trouver des compléments d'information extérieurs;Oui, à moins qu'ils ne sachent que celles-ci sont manifestement erronées;Oui, même si celles-ci sont manifestement erronées;B;B;Position AMF 2013-02 alinéa 2.3;V4 (fév. 2021);;;manuel/06-relations-clients.md
754;6;6.1.1;A;Le conseiller en investissements financiers (CIF) peut-il interroger son client sur sa situation financière ?;Oui, il doit avoir une vision exacte de cette situation pour catégoriser le client et lui proposer des produits en adéquation avec sa situation;Oui, mais uniquement concernant les liquidités disponibles ce qui permet de catégoriser le client;Oui, mais uniquement dans le cadre d'une négociation en bourse pour lui proposer un prix en adéquation avec sa situation;A;A;RG AMF - 325-8 - II;V4 (fév. 2021);;;manuel/06-relations-clients.md
756;6;6.1.1;A;Le changement de catégorie de clients :;Ne peut résulter que d'un choix discrétionnaire du prestataire de services d'investissements;Peut être réalisé à l'initiative du prestataire de services d'investissements ou à la demande du client;Est impossible;B;B;CMF D533-4;V4 (fév. 2021);;;manuel/06-relations-clients.md
758;6;6.1.1;A;En matière d'évaluation des clients, la réglementation impose au PSI :;De faire contrôler trimestriellement par l'AMF leurs outils de profilage;De mettre en place des dispositifs permettant de déceler les inexactitudes manifestes dans les informations reçues des clients;De mettre à jour au moins une fois par trimestre le profil des clients;B;B;Article 54 paragraphe 7. d) du règlement délègué (UE) 2017/565 du 25 avril 2016 complétant la directive 2014/65/UE en ce qui concerne les exigences organisationnelles et les conditions d'exercice applicables aux entreprises d'investissement et la définition de certains termes;V4 (fév. 2021);;;manuel/06-relations-clients.md
759;6;6.1.1;A;Parmi ces clients, quels sont ceux qui ont la qualité de client professionnel ?;Les personnes qui possèdent l'expérience, les connaissances et la compétence en matière d'investissement financier pour prendre leurs propres décisions et évaluer les risques encourus;Les commerçants;Les personnes exerçant en profession libérale;A;A;Article L533-16 du Code Monétaire et Financier;V4 (fév. 2021);;;manuel/06-relations-clients.md
762;6;6.1.1;A;La demande d'un client professionnel qui souhaiterait être traité comme un non professionnel peut-elle être prise en compte par le PSI ?;Oui, elle est même obligatoirement prise en compte par le PSI;Non, elle ne peut pas être prise en compte;Oui, elle peut être prise en compte par le PSI;C;C;Article D 533-11-1 du CMF;V4 (fév. 2021);;;manuel/06-relations-clients.md
763;6;6.1.1;A;Pour catégoriser ses clients, un PSI doit :;Consulter les fichiers de la Banque de France;Recueillir des informations sur le client au moment de l'entrée en relation;Connaître les produits demandés par le client;B;B;CMF D533-4 et suivants;V4 (fév. 2021);;;manuel/06-relations-clients.md
767;6;6.1.1;A;La classification d'un client par un PSI (Prestataire de Services d'Investissement) dans la catégorie la moins experte en matière financière a quel effet ?;Le client bénéficie d'un niveau de protection le plus élevé;L'entrée en relation est refusée;Le client est dirigé vers un établissement public;A;A;Directive européenne MIF;V4 (fév. 2021);;;manuel/06-relations-clients.md
768;6;6.1.1;A;"Parmi ces catégories de clients, quelles sont celles qui ont la qualité de ""client non professionnel"" ?";"Les personnes non catégorisées ""client professionnel"" ou""contrepartie éligible""";Toutes les personnes à l'ouverture du compte;Obligatoirement les personnes physiques;A;A;314-4 Règlement Général de l'AMF;V4 (fév. 2021);;;manuel/06-relations-clients.md
769;6;6.1.1;A;Un client est classé dans la catégorie des clients professionnels par le PSI (Prestataire de Services d'Investissement), lorsqu'il :;Est le représentant légal d'une structure inscrite au Registre du Commerce et des Sociétés;Possède l'expérience, les connaissances et la compétence lui permettant d'évaluer correctement les risques encourus par ses décisions d'investissement;Possède une carte professionnelle;B;B;533-16 Règlement Général de l'AMF;V4 (fév. 2021);;;manuel/06-relations-clients.md
770;6;6.1.1;A;Quels critères de taille sont requis pour qualifier une entreprise non financière de contrepartie éligible ?;Total de bilan supérieur ou égal à 20 millions d'euros et CA net supérieur ou égal à 40 millions d'euros;Total de bilan supérieur ou égal à 10 millions d'euros et CA net supérieur ou égal à 20 millions d'euros;Total de bilan supérieur ou égal à 1 million d'euros et CA net supérieur ou égal à 5 millions d'euros;A;A;Annexe 2 Directive européenne MIF;V4 (fév. 2021);;;manuel/06-relations-clients.md
771;6;6.1.1;A;Les PSI (Prestataires de Services d'Investissement) doivent classer leurs clients en trois catégories : les clients non professionnels, les clients professionnels et les contreparties éligibles. Un client peut demander à :;Changer de catégorie;Ne pas être classé;Choisir lui-même sa catégorie;A;A;Directive MIF;V4 (fév. 2021);;;manuel/06-relations-clients.md
772;6;6.1.1;A;MIF 2 a ajouté des critères d'évaluation de l'adéquation client/conseil. Désormais, le conseiller devra examiner, en plus des critères existant auparavant :;Les connaissances et l'expérience du client en matière d'investissement;La tolérance du client au risque;La situation matrimoniale du client;B;B;325-8 Règlement Général de l' AMF;V4 (fév. 2021);;;manuel/06-relations-clients.md
773;6;6.1.1;A;La classification des clients au regard de la Directive MIF :;Est obligatoire et communiquée au client;Est exclusive de toute autre segmentation;Ne doit pas lui être communiquée;A;A;Article D533-4 du code monétaire et financier;V4 (fév. 2021);;;manuel/06-relations-clients.md
774;6;6.1.1;A;À quel moment le PSI doit-il procéder à la catégorisation de ses clients ?;A chaque opération;A l'entrée en relation;Au plus tard une semaine après l'entrée en relation;B;B;CMF D533-5;V4 (fév. 2021);;;manuel/06-relations-clients.md
776;6;6.1.1;A;Parmi les critères qu'une entreprise doit satisfaire pour être considérée comme un client professionnel, quel est le montant minimum du total du bilan ?;Un total du bilan égal ou supérieur à 20 millions d'euros;Un total du bilan égal ou supérieur à 100 millions d'euros;Un total du bilan égal ou supérieur à 200 millions d'euros;A;A;CMF (article D533-11 critère 2);V4 (fév. 2021);;;manuel/06-relations-clients.md
777;6;6.1.1;A;Dans quelles circonstances, un client non professionnel peut-il changer de catégorie ?;Le prestataire de services d'investissement (PSI) lui suggère de changer de catégorie sans autre démarche;Le changement de catégorie intervient sur demande du client après évaluation par le PSI de la compétence, de l'expérience et de la connaissance de client;Le changement de catégorie ne peut intervenir qu'après accord préalable de l'Autorité des marchés financiers;B;B;C. mon. fin., art. D 533-12-1 et s. / Position AMF n°2012-13 - Exigences relatives à l'adéquation pour un client de services d'investissement ou d'instruments financiers.;V4 (fév. 2021);;;manuel/06-relations-clients.md
779;6;6.1.1;A;Quel est l'objectif de la catégorisation de la clientèle ?;Déterminer le niveau de protection dont pourra bénéficier le client;Déterminer la fiscalité applicable aux opérations des clients;Attribuer les clients aux conseillers de clientèle selon leur catégorie;A;A;CMF D533-5;V4 (fév. 2021);;;manuel/06-relations-clients.md
780;6;6.1.1;A;Les clients des prestataires de services d'investissement autre que les sociétés de gestion de portefeuille doivent-ils être informés de leur catégorisation ?;Seulement s'ils en font la demande écrite;Oui, notamment car cela influence leur degré de protection;Non, cela ne présente aucun intérêt pour eux;B;B;Article D533-4, II CMF;V4 (fév. 2021);;;manuel/06-relations-clients.md
781;6;6.1.1;A;Quelle obligation pèse sur le PSI lors du recueil des informations sur le client ?;Il doit prendre des mesures raisonnables pour s'assurer que les informations recueillies sont fiables;Il doit proposer de façon nécessaire et suffisante un questionnaire d'auto évaluation au client;Il doit impérativement s'abstenir de tout commentaire même si les réponses paraissent incohérentes;A;A;Position AMF 2012-13 point 5.1;V4 (fév. 2021);;;manuel/06-relations-clients.md
782;6;6.1.1;A;Au sens de la directive européenne MIF, un client non professionnel peut être classé professionnel :;Sur simple demande;A sa demande et après évaluation du PSI, basée notamment sur des critères définis réglementairement;Par l'Autorité des marchés financiers (AMF);B;B;Article D533-12 du code monétaire et financier;V4 (fév. 2021);;;manuel/06-relations-clients.md
784;6;6.1.1;A;Les entités remplissant au moins 2 des 3 critères suivants ont la qualité de clients professionnels :;Total du bilan égal ou supérieur à 20 millions d'euros, chiffre d'affaires net ou recettes nettes égaux ou supérieurs à 40 millions d'euros et capitaux propres égaux ou supérieurs à 2 millions d'euros;Total du bilan égal ou supérieur à 2 millions d'euros, chiffre d'affaires net ou recettes nettes égaux ou supérieurs à 4 millions d'euros et capitaux propres égaux ou supérieurs à 200 000 euros;Total du bilan égal ou supérieur à 10 millions d'euros, chiffre d'affaires net ou recettes nettes égaux ou supérieurs à 20 millions d'euros et capitaux propres égaux ou supérieurs à 1 million d'euros;A;A;Article D533-11, 2 CMF;V4 (fév. 2021);;;manuel/06-relations-clients.md
785;6;6.1.1;A;Quelle règle s'applique sur les diligences menées par les PSI en matière de recueil d'informations sur son client ?;Elles sont orales, confidentielles et ne doivent pas être enregistrées sur aucun support;Elles peuvent être enregistrées ou non sur des supports durables ou non, au choix du PSI;Elles doivent être traçables et contrôlables par l'AMF;C;C;Position AMF 2013-02 alinéa 2.2.2;V4 (fév. 2021);;;manuel/06-relations-clients.md
786;6;6.1.1;A;La catégorisation des clients est faite par :;Le prestataire de services financiers;Le client lui-même;Obligatoirement par un tiers;A;A;CMF D533-4;V4 (fév. 2021);;;manuel/06-relations-clients.md
788;6;6.1.1;A;Que doit faire le PSI lorsqu'un client apporte des réponses manifestement incohérentes lors du questionnaire ?;Le PSI doit être capable de les identifier et d'attirer l'attention du client sur cette situation;Le PSI ne peut pas intervenir, sauf pour les clients mineurs;Le PSI veille alors à ce que le questionnaire soit bien signé par le client;A;A;Position AMF 2013-02 art 4.3.1;V4 (fév. 2021);;;manuel/06-relations-clients.md
789;6;6.1.1;A;Pour être éligible au statut de client professionnel, une entreprise doit :;Respecter uniquement des critères propres à son PSI;Respecter deux critères comptables sur les trois définis par la réglementation;Avoir son siège social en France;B;B;Article D533-11 du code monétaire et financier;V4 (fév. 2021);;;manuel/06-relations-clients.md
790;6;6.1.1;A;Le prestataire de services d'investissement doit-il revoir régulièrement la catégorisation de ses clients ?;La catégorisation d'un client est définitive, elle ne peut être modifiée;Le prestataire qui constate qu'un client professionnel ou une contrepartie éligible par nature ne remplit plus les conditions relatives à sa catégorie doit prendre les mesures appropriées;Le prestataire peut changer unilatéralement un client non professionnel de catégorie;B;B;C. mon. fin., art. D 533-11-1 / Position AMF n°2012-13 - Exigences relatives à l'adéquation pour un client de services d'investissement ou d'instruments financiers.;V4 (fév. 2021);;;manuel/06-relations-clients.md
792;6;6.1.1;A;Lorsqu'un client non professionnel d'un prestataire de services d'investissement autre qu'une société de gestion de portefeuille souhaite renoncer à une partie de la protection que lui offrent les règles de bonne conduite applicables à la profession:;Ledit client est alors présumé posséder une connaissance et une expérience du marché comparables à celles des clients professionnels;Cette diminution de la protection n'est réputée valide qu'à la condition qu'une évaluation adéquate de la compétence, de l'expérience et des connaissances du client procure au PSI l'assurance raisonnable que celui-ci est en mesure de prendre ses décisions;Le prestataire de services d'investissement peut traiter ce client non professionnel comme un client professionnel à la seule condition que ce dernier le lui en fasse la demande expresse et explicite par courrier recommandé avec accusé de réception;B;B;Article D533-12 CMF;V4 (fév. 2021);;;manuel/06-relations-clients.md
793;6;6.1.1;A;Le prestataire de services d'investissement peut classer ses clients dans les catégories suivantes :;Client professionnel, client non professionnel, contrepartie éligible;Client professionnel ou client non professionnel uniquement;Investisseurs ou particuliers;A;A;CMF D533-4;V4 (fév. 2021);;;manuel/06-relations-clients.md
794;6;6.1.1;A;Parmi ces clients, quels sont ceux qui peuvent avoir la qualité de contreparties éligibles ?;Les employés de banque;Les notaires;Les investisseurs institutionnels;C;C;CMF D533-13;V4 (fév. 2021);;;manuel/06-relations-clients.md
795;6;6.1.1;A;Que peut faire une contrepartie éligible qui estime ne pas être en mesure d'évaluer les risques auxquels elle est amené à s'exposer ?;Elle doit prendre les assurances supplémentaires pour couvrir ces risques et en avertir le PSI;Elle doit augmenter ses fonds propres pour faire face à nouveaux risques et en avertir le PSI;Elle peut demander au PSI à être placé dans une catégorie offrant une plus grande protection;C;C;Article D 533-4 V du CMF;V4 (fév. 2021);;;manuel/06-relations-clients.md
797;6;6.1.1;A;Le prestataire de services d'investissement doit classer ses clients en catégories. Laquelle des affirmations suivantes est correcte ?;"Les termes ""contrepartie éligible"" et""client professionnel""sont synonymes";La contrepartie éligible représente la catégorie de client la moins avertie;Le client non professionnel peut, sous certaines conditions, demander à changer de catégorie;C;C;C. mon. fin., art. D 533-11-1 / Position AMF n°2012-13 - Exigences relatives à l'adéquation pour un client de services d'investissement ou d'instruments financiers.;V4 (fév. 2021);;;manuel/06-relations-clients.md
798;6;6.1.1;A;Concernant la catégorisation d'un client, que pouvez-vous affirmer ?;Un client non professionnel peut devenir contrepartie éligible;Un client professionnel peut demander au PSI de le considérer comme non professionnel pour une transaction déterminée;Le changement de catégorie s'effectue sur la seule demande du client;B;B;Article D533-11-1 du CMF;V4 (fév. 2021);;;manuel/06-relations-clients.md
799;6;6.1.1;A;Quelles sont les obligations des Prestataires de Services d'Investissements (PSI) en matière de connaissance du client non professionnel ?;Collecter des données personnelles relatives à la vie privée;Vérifier le casier judiciaire du client;Déterminer les connaissances et expérience du client en matière d'investissements financiers;C;C;Article L533-13 du CMF + Position AMF - DOC-2013-02 mise à jour en novembre 2014 (§ 2.1.1 et 2.1.2);V4 (fév. 2021);;;manuel/06-relations-clients.md
802;6;6.1.1;A;Parmi les acteurs suivants, qui peut avoir la qualité de client professionnel par nature ou la qualité de contrepartie éligible ?;Les entreprises d'investissement;Les conseillers en investissements financiers;Toutes personnes morales;A;A;Articles D533-11 et D533-13 du CMF;V4 (fév. 2021);;;manuel/06-relations-clients.md
803;6;6.1.1;A;Dans le cadre de la procédure de connaissance de ses clients, le prestataire de services d'investissement autre qu'une société de gestion de portefeuille :;Doit informer ses clients de leur catégorisation en qualité de client non professionnel, de client professionnel ou de contrepartie éligible;Informe ses clients de leur catégorisation uniquement s'ils la demandent;Ne doit pas informer ses clients de leur catégorisation;A;A;Article D533-4 du CMF;V4 (fév. 2021);;;manuel/06-relations-clients.md
804;6;6.1.1;A;Un client non-professionnel personne physique :;Ne peut renoncer à une partie de sa protection;Peut renoncer à une partie de sa protection de sa propre initiative;Renoncer à une partie de sa protection uniquement après l'évaluation adéquate de ses compétences, expériences et situation financière par le Prestataire de Services d'Investissement (PSI) concerné;C;C;ArtD533-12CMF;V4 (fév. 2021);;;manuel/06-relations-clients.md
805;6;6.1.1;A;Quels sont les critères de catégorisation des clients professionnels ?;Nature ou taille du client;Ancienneté de la relation d'affaires;Notation de crédit;A;A;Article D533-11 du CMF;V4 (fév. 2021);;;manuel/06-relations-clients.md
809;6;6.1.1;A;Lorsque la vérification de l'identité ne peut avoir lieu en présence de la personne physique en cause, que doit faire, notamment l'entreprise d'investissement ?;Demander une attestation de taxe d'habitation pour mieux identifier la personne;Obtenir, par exemple, une pièce justificative supplémentaire permettant de confirmer l'identité de la personne et plus généralement renforcer les diligences mises en œuvre;Demander une attestation de taxe d'habitation et une copie de la dernière déclaration de revenus de la personne;B;B;CMF art. R. 561-5 et R. 561-20 1°;V4 (fév. 2021);;;manuel/06-relations-clients.md
810;6;6.1.1;A;Pour les Prestataires de Services d'Investissement, sont considérés comme clients professionnels par nature :;Les avocats;Les notaires;Les sociétés de capital risque;C;C;CMF art. D. 533-11 - Directive MIF 2004/39/CE et décret 2007-904 du 15/05/2007;V4 (fév. 2021);;;manuel/06-relations-clients.md
811;6;6.1.1;A;Durant la relation avec un client, le collaborateur a connaissance d'un changement de situation du client. Quelle attitude doit-il adopter ?;Actualiser les informations recueillies;Inviter le client à demander un changement de catégorisation;Attendre que le client se manifeste;A;A;Position AMF - DOC-2013-02 mise à jour en novembre 2014 (§ 4.1.4);V4 (fév. 2021);;;manuel/06-relations-clients.md
812;6;6.1.1;A;Les personnes physiques sont par nature des :;Clients professionnels s'ils ont plus de 10 ans d'expérience;Clients professionnels s'ils ont plus de 20 ans d'expérience;Clients non professionnels;C;C;Article D533-4 du CMF;V4 (fév. 2021);;;manuel/06-relations-clients.md
949;6;6.1.1;A;Que doit faire le PSI lorsque le client lui communique des informations sur ses propres connaissances et expériences dans le cadre du test d'adéquation ?;Ne pas se fier indûment à l'auto-évaluation réalisée par le client;L'aider à apporter les bonnes réponses pour pouvoir accéder au service souhaité;Le laisser apporter des réponses que l'on sait incorrectes;A;A;Orientations ESMA concernant certains aspects relatifs aux exigences d'adéquation de la directive MiFID II - 06/11/2018 | ESMA35-43-1163 FR (Orientation générale N°4 § 44);V4 (fév. 2021);;;manuel/06-relations-clients.md
1126;6;6.1.1;A;Dans le cadre de la catégorisation d'un client, qui informe ce client de la catégorie à laquelle il est affecté ?;L'AMF;L'ACPR;Le PSI;C;C;CMF (article D533-4);V4 (fév. 2021);;;manuel/06-relations-clients.md
1128;6;6.1.1;A;Quelle catégorie de client ne fait pas partie des définitions contenues dans la directive européenne MIF2 ?;Les prospects;Les clients non professionnels;Les contreparties éligibles;A;A;Directive 2014/65/EU du Parlement européen;V4 (fév. 2021);;;manuel/06-relations-clients.md
1150;6;6.1.1;A;Que doit faire un PSI qui constate qu'un client professionnel ne remplit plus les conditions qui lui valaient d'être catégorisé comme tel ?;Il doit rompre la relation d'affaires, devenue inappropriée;Il doit le signaler à l'AMF;Il doit prendre les mesures appropriées;C;C;Article D 533-4 IV du CMF;V4 (fév. 2021);;;manuel/06-relations-clients.md
1151;6;6.1.1;A;Quelle règle s'applique en matière d'information des clients sur leur catégorisation ?;Le PSI ne doit pas informer ses clients de leur catégorie;Le PSI doit informer ses clients de leur catégorie;Le PSI n'informe que les clients non professionnels de leur catégorie;B;B;Article D 533-4 II du CMF;V4 (fév. 2021);;;manuel/06-relations-clients.md
1152;6;6.1.1;A;Que peut faire le PSI lors de la détermination des objectifs et de l'horizon d'investissement du client ?;Il peut proposer au client de remplir pour lui cette partie du questionnaire;Il peut proposer une liste d'objectifs d'investissement;Il ne peut pas intervenir et influencer le client;B;B;Position AMF 2013-02, modifiée le 6 novembre 2014 art 4.2.3;V4 (fév. 2021);;;manuel/06-relations-clients.md
1159;6;6.1.1;A;Dans quel cas le conseiller en investissements financiers manque-t-il à ses obligations de recueil d'informations ?;Lorsqu'il réunit des éléments suffisants compte tenu du service fourni ou du produit proposé;Lorsqu'il n'a pas pris de mesures pour garantir la cohérence des informations communiquées par le client;Lorsque le prestataire refuse de fournir le service ou de proposer un produit à un client non professionnel quand celui-ci refuse de répondre à tout questionnaire d'informations;B;B;Article 325-8 du Règlement Général AMF, § VI - 4° https://www.amf-france.org/eli/fr/aai/amf/rg/article/325-8/20190222/notes/fr.html;V4 (fév. 2021);;;manuel/06-relations-clients.md
1160;6;6.1.1;A;Dans quel cas le client professionnel est-il traité comme un client non professionnel pour des services d'investissement ou des transactions déterminées ?;Dès qu'il en fait la demande;S'il en fait la demande et si le prestataire accepte;Seulement si la demande porte sur la totalité des services d'investissement ou des transactions;B;B;Article D533-11-1 du CMF : https://www.legifrance.gouv.fr/affichCodeArticle.do?cidTexte=LEGITEXT000006072026&idArticle=LEGIARTI000035530314;V4 (fév. 2021);;;manuel/06-relations-clients.md
1161;6;6.1.1;A;Le Prestataire de Services d'Investissement établit et met en œuvre des politiques et des procédures appropriées et écrites permettant de classer ses clients. Dans quelle catégorie seront classés les clients particuliers personnes physiques ou encore les entreprises de petite taille ou les professions libérales ?;Clients spécifiques;Clients non professionnels;Clients professionnels;B;B;Article 314-4 RG AMF;V4 (fév. 2021);;;manuel/06-relations-clients.md
1162;6;6.1.1;A;"Depuis la mise en place de Directive européenne 2004/39/CE dite ""Marchés d'Instruments Financiers"" , les clients sont en droit de connaître la catégorie de classification à laquelle ils appartiennent :";Dans tous les cas;Dans certains cas;En aucun cas;A;A;Article D 533-4 du CMF;V4 (fév. 2021);;;manuel/06-relations-clients.md
1163;6;6.1.1;A;Dans le cadre de la catégorisation des clients parmi ces 3 propositions, laquelle est vraie ?;Un client a l 'interdiction de changer de catégorie d'investisseur au fil du temps;Un client peut appartenir à plusieurs catégories d 'investisseur en fonction des différents services qui lui sont proposés;La connaissance par le client des risques financiers n 'est pas prise en compte pour définir la catégorie d 'appartenance du client;B;B;Article D 533-4 du CMF Article D533-11-1 du CMF Article D533-12 du CMF;V4 (fév. 2021);;;manuel/06-relations-clients.md
1164;6;6.1.1;A;Un Prestataire de Services d 'Investissement (PSI) a une obligation de classification de ses clients par catégorie. Dans ce cadre, parmi les affirmations suivantes, laquelle est vrai ?;Un client peut demander à changer de catégorie;"Un client peut refuser d 'être classé dans une catégorie prédéfinie et demander à être ""hors catégorie""";La classification par catégories de clients ne s 'applique pas aux établissements publics mais uniquement aux acteurs privés;A;A;Article D533-4 du CMF;V4 (fév. 2021);;;manuel/06-relations-clients.md
1165;6;6.1.1;A;Lors de l 'entrée en relation, un Prestataire de Services d'Investissement doit déterminer la catégorie d 'appartenance de son client. Parmi les clients suivants, lesquels entreront dans la catégorie des clients professionnels ?;Les grandes sociétés industrielles ou commerciales;Les salariés d 'entreprises d 'investissement;Les personnes physiques résidantes dans un autre Etat partie à l 'accord sur l 'Espace Economique Européen;A;A;Article L533-16 du CMF Article D533-11 du CMF;V4 (fév. 2021);;;manuel/06-relations-clients.md
1166;6;6.1.1;A;Un Prestataire de Services d 'Investissement (PSI) a une obligation de classification de ses clients par catégorie. Dans ce cadre, un client qui appartient à la catégorie des clients professionnels est un client :;Qui possède l'expérience, les connaissances et la compétence nécessaires pour prendre ses propres décisions d'investissement et évaluer correctement les risques encourus;Qui occupe des fonctions ou responsabilités au sein d 'un Prestataire de Services d 'Investissement (PSI), d 'un établissement de crédit ou d 'un teneur de compte conservateur;Qui occupe ou a occupé une profession libérale dont l 'activité ne constitue ou ne constituait pas une activité financière;A;A;Article L533-16 du CMF;V4 (fév. 2021);;;manuel/06-relations-clients.md
1167;6;6.1.1;A;Un Prestataire de Services d 'Investissement a une obligation de classification de ses clients par catégorie. Dans ce cadre, parmi les clients d 'un Prestataire de Services d 'Investissement suivants, lesquels ont la qualité de client professionnel par nature :;Les sociétés de gestion de portefeuille;Les agences de notation financière;Les notaires;A;A;Article D533-11 du CMF;V4 (fév. 2021);;;manuel/06-relations-clients.md
1168;6;6.1.1;A;Pour répondre à l 'obligation de s'assurer de l 'identité d'un client personne morale, il suffit que celui-ci présente au Prestataire de Services d 'Investissement (PSI) :;Un extrait de registre officiel de moins de trois mois indiquant la dénomination, la forme juridique, l'adresse du siège social et l'identité des associés et dirigeants sociaux de la personne morale;Un document officiel comportant la photographie d 'un des dirigeants ou d 'un associé majoritaire de la personne morale;Les statuts de la personne morale;A;A;Article R 561-5-1 du CMF;V4 (fév. 2021);;;manuel/06-relations-clients.md
1169;6;6.1.1;A;Un Prestataire de Service d 'Investissement (PSI) doit recueillir des informations auprès de ses clients afin d 'obtenir une connaissance approfondie des profils et besoins des clients. Dans ce cadre le PSI :;Peut recueillir ces informations par questionnaire automatisé mais en vérifiant autant que possible leur véracité par des éléments objectifs;Doit recueillir ces informations uniquement lors d 'un entretien de vis-à-vis ou au téléphone avec un représentant du PSI;Peut aller lui-même chercher les informations notamment sur internet pour éviter de déranger le client s 'il le connait bien;A;A;POSITION AMF DOC- 2019-03 EXIGENCES D'ADEQUATION DE LA DIRECTIVE MIFID II Textes de référence : I de l 'article L. 533-13 du CMF et articles 54 et 55 du règlement délégué (UE) 2017/565 de la Commission du 25 avril 2016;V4 (fév. 2021);;;manuel/06-relations-clients.md
2650;6;6.1.1;A;La catégorie des clients non professionnels :;Existe et est définie dans le Code monétaire et financier;Existe et est définie dans le Règlement général de l'AMF;Est une des quatre catégories de clients existantes;A;A;;Récente (n° ≥ 2553);;;manuel/06-relations-clients.md
2651;6;6.1.1;A;Un client professionnel est un client qui possède :;L'expérience, les connaissances et la compétence nécessaires pour prendre ses propres décisions d'investissement;Des actions en portefeuille;Une appétence au risque suffisante pour investir dans des produits complexes;A;A;;Récente (n° ≥ 2553);;;manuel/06-relations-clients.md
2680;6;6.1.1;A;L'évaluation de la tolérance au risque de l'investisseur ainsi que son appréciation de sa capacité à subir des pertes est prévue dans la directive :;AIFM;MIF2;MADII;B;B;;Récente (n° ≥ 2553);;;manuel/06-relations-clients.md
2695;6;6.1.1;A;Les clients qui ont le droit de demander une catégorisation différente sont :;Les clients non professionnels, les clients professionnels et les contreparties éligibles;Uniquement les contreparties éligibles;Uniquement les clients professionnels et les contreparties éligibles;A;A;;Récente (n° ≥ 2553);;;manuel/06-relations-clients.md
2697;6;6.1.1;A;La charge de la preuve d'évaluer les capacités du client non professionnel avant de prendre sa décision de souscrire à un produit complexe revient :;Au client;Au PSI et au client;Au PSI;C;C;;Récente (n° ≥ 2553);;;manuel/06-relations-clients.md
247;6;6.1.2;C;Le commissaire aux comptes d'une société de gestion de portefeuille peut-il opposer le secret professionnel lors d'une enquête de l'Autorité des Marchés Financiers :;Dans certains cas;En aucun cas;Toujours;B;B;CMF Art. L. 631-1, L. 632-16 et L. 532-19;V4 (fév. 2021);;;manuel/06-relations-clients.md
256;6;6.1.2;C;Les sanctions pénales encourues par un salarié d'une banque violant le secret professionnel sont :;Un an d'emprisonnement et 15 000 euros d'amende;Six mois d'emprisonnement uniquement;5 000 euros d'amende uniquement;A;A;code pénal art 226-13;V4 (fév. 2021);;;manuel/06-relations-clients.md
734;6;6.1.2;C;La conservation des données clients en matière de conformité est d'une durée de :;Un an pour les clients occasionnels;Deux ans, que les clients soient habituels ou occasionnels;Cinq ans à compter de la fin de la relation d'affaire, pour les clients habituels et occasionnels;C;C;CMF Art.L561-12 al 1;V4 (fév. 2021);;;manuel/06-relations-clients.md
765;6;6.1.2;C;Quelles sont les règles de conservation des documents relatifs à la connaissance du client ?;Conservation pendant toute la durée de la relation et au minimum 5 ans à compter de la fin de la relation;Conservation pendant toute la durée de la relation et au minimum 10 ans à compter de la fin de la relation;Pas de durée après la fin de la relation;A;A;223-31 Règlement Général de l'AMF;V4 (fév. 2021);;;manuel/06-relations-clients.md
813;6;6.1.2;C;Un client peut avoir accès à ses informations personnelles détenues par son PSI :;Uniquement si le PSI autorise cette démarche;Uniquement sur réquisition de justice;A tout moment à sa demande;C;C;Article 15 du règlement (UE) 2016/679 du 27 avril 2016 relatif à la protection des personnes physiques à l'égard du traitement des données à caractère personnel et à la libre circulation de ces données (RGPD);V4 (fév. 2021);;;manuel/06-relations-clients.md
814;6;6.1.2;C;Le secret bancaire peut être levé en toute légalité lorsque la demande d'information provient :;De l'employeur du client;De la commission de surendettement de la Banque de France;Des parents du client lorsque celui-ci vient d'être majeur;B;B;CMF L511-33;V4 (fév. 2021);;;manuel/06-relations-clients.md
815;6;6.1.2;C;En cas de non-respect de la loi Informatique et Liberté, la CNIL :;N'a aucun pouvoir pour infliger des sanctions financières;Peut infliger une sanction financière dès le premier manquement;Peut infliger une sanction financière seulement en cas de récidive;B;B;Article 20 de la loi informatique et liberté (juin 2019);V4 (fév. 2021);;;manuel/06-relations-clients.md
816;6;6.1.2;C;Quelle(s) autorité(s) a(ont) accès aux informations personnelles des clients détenues par des Prestataires de Services d'Investissement assujettis au secret professionnel ?;Seules la Banque de France, l'Autorité des Marchés Financiers, l'Autorité de Contrôle Prudentiel et de Résolution ont accès aux informations personnelles des clients;Seule l'Autorité judiciaire agissant dans le cadre d'une procédure pénale a accès aux informations personnelles des clients;La Banque de France, l'Autorité des Marchés Financiers, l'Autorité de Contrôle Prudentiel et de Résolution et l'Autorité judiciaire agissant dans le cadre d'une procédure pénale ont accès aux informations personnelles des clients;C;C;CMF art. L. 511-33 et art. L 511-6 - Site internet bdf.fr;V4 (fév. 2021);;;manuel/06-relations-clients.md
817;6;6.1.2;C;A quel objectif répond l'enregistrement des conversations téléphoniques par un PSI ?;Pour faciliter le contrôle de la régularité et de la conformité des opérations effectuées;Pour l'établissement des statistiques de marché;Pour mesurer la vitesse d'exécution de ses opérateurs;A;A;Article 312-40 du RG AMF;V4 (fév. 2021);;;manuel/06-relations-clients.md
818;6;6.1.2;C;Parmi les propositions suivantes, laquelle constitue une des obligations relatives à la protection des données personnelles ?;Cartographier la gestion des conflits d'intérêts;Cartographier les traitements de données personnelles;Cartographier les traitements des commissions perçues;B;B;"Voir le document CNIL : ""se préparer en 6 étapes""";V4 (fév. 2021);;;manuel/06-relations-clients.md
819;6;6.1.2;C;Laquelle de ces institutions est habilitée à lever le secret bancaire ?;La Fédération bancaire française;L'administration des douanes;La Compagnie nationale des commissaires aux comptes;B;B;CMF - (article L.511-33);V4 (fév. 2021);;;manuel/06-relations-clients.md
820;6;6.1.2;C;L'obligation de conservation des enregistrements par les prestataires de services d'investissement (PSI) autres que les sociétés de gestion de portefeuille en relation avec les transactions conclues concerne :;Uniquement l'enregistrement des conversations téléphoniques;Uniquement l'enregistrement des communications électroniques;L'enregistrement des conversations téléphoniques ou des communications électroniques;C;C;Article L533-10 du CMF;V4 (fév. 2021);;;manuel/06-relations-clients.md
821;6;6.1.2;C;Quelle nature de conversations téléphoniques avec un client est-il obligatoire d'enregistrer ?;Uniquement celles destinées à informer le client sur la position de son compte;Uniquement celles destinées à conclure une transaction;Tout type de communication téléphonique;B;B;Art 16,7 de MIFID2;V4 (fév. 2021);;;manuel/06-relations-clients.md
822;6;6.1.2;C;Le responsable du traitement des données personnelles qui constate une violation de celles-ci, doit en informer la CNIL dans les meilleurs délais et au plus tard :;30 minutes après en avoir pris connaissance;72 heures après en avoir pris connaissance;1 semaine après en avoir pris connaissance;B;B;Point (85) du règlement (UE) 2016/679 du 27 avril 2016 relatif à la protection des personnes physiques à l'égard du traitement des données à caractère personnel et à la libre circulation de ces données (RGPD);V4 (fév. 2021);;;manuel/06-relations-clients.md
823;6;6.1.2;C;Dans quel cas peut-il y avoir poursuite pour violation du secret professionnel ?;Lorsqu'un banquier communique à la presse des informations sur un client sans avoir l'autorisation de celui-ci;Lorsqu'un banquier refuse de communiquer à son client le contenu d'une déclaration de soupçon;Lorsqu'un banquier refuse de communiquer à son client des informations sur les autres clients du même secteur d'activité;A;A;Art L 511-33 du CMF;V4 (fév. 2021);;;manuel/06-relations-clients.md
824;6;6.1.2;C;Au sein d'une entreprise d'investissement, le secret professionnel :;Interdit absolument la communication d'informations;Interdit la communication d'informations sauf accord du client ou circonstances particulières;Interdit la communication d'informations sauf autorisation d'une agence de notation;B;B;L531-12 CMF;V4 (fév. 2021);;;manuel/06-relations-clients.md
825;6;6.1.2;C;Quels documents le PSI doit-il conserver pour remplir son obligation de connaissance du client ?;Les plus importants pendant 10 ans à compter de la fin de la relation;Tous les documents pendant 5 ans à compter de la fin de la relation;Uniquement les documents d'identité officiels pendant la durée de la relation;B;B;CMF L533-10 / RG AMF art 312-39 et suivants;V4 (fév. 2021);;;manuel/06-relations-clients.md
826;6;6.1.2;C;La durée de conservation minimale des données relatives à une opération sur instruments financiers est de :;1 an après la fin de l'opération;5 ans après la fin de l'opération;10 ans après la fin de l'opération;B;B;533-8 Règlement Général de l'AMF;V4 (fév. 2021);;;manuel/06-relations-clients.md
827;6;6.1.2;C;Les établissements de crédit peuvent diffuser des informations couvertes par le secret professionnel aux agences de notation pour les besoins de la notation des produits financiers.;Vrai;Faux;Après accord de l'AMF (Autorité des marchés Financiers);A;A;L 511-33 Code Monétaire et Financier;V4 (fév. 2021);;;manuel/06-relations-clients.md
828;6;6.1.2;C;Un membre de marché doit conserver les données relatives aux transactions et aux ordres pendant :;1 an;5 ans;10 ans;B;B;Livre I Article 8302/1 Règles NYSE Euronext;V4 (fév. 2021);;;manuel/06-relations-clients.md
829;6;6.1.2;C;La fourniture d'informations à un client non professionnel au moyen de communications électroniques est considérée comme :;Un support durable;Un support non durable;Est interdit;A;A;Art 3(1) RD MIF2;V4 (fév. 2021);;;manuel/06-relations-clients.md
831;6;6.1.2;C;Quelles est la principale caractéristique du secret bancaire ?;Une personne en litige avec le client d'une banque peut demander la levée du secret bancaire;Le Code pénal sanctionne la violation du secret professionnel;Le secret bancaire ne souffre aucune exception et ne peut jamais être levé;B;B;C. pén., art. 226-13 / C. mon. fin., art. L 511-33 et 511- 34.;V4 (fév. 2021);;;manuel/06-relations-clients.md
833;6;6.1.2;C;Au sein d'un établissement de crédit, le secret professionnel n'est pas opposable :;A l'autorité de contrôle prudentiel et de résolution;Aux clients;Aux clients identifiés;A;A;L531-12 CMF;V4 (fév. 2021);;;manuel/06-relations-clients.md
834;6;6.1.2;C;Les entreprises d'investissements sont-elles soumises au secret professionnel?;Oui mais il ne peut pas être opposé à l'Autorité de contrôle prudentiel et de résolution (ACPR);Oui mais seules y sont soumises les personnes qui participent à la direction de l'entreprise d'investissement;Oui, et il peut être opposé à l'Autorité des marchés financiers (AMF);A;A;Article L 531-12, I, alinéa 1 et 2 CMF;V4 (fév. 2021);;;manuel/06-relations-clients.md
835;6;6.1.2;C;Quelle est la durée minimale de conservation des informations pertinentes relatives aux transactions sur instruments financiers par les PSI ?;2 ans;5 ans;10 ans;B;B;Art 312-39 RG AMF et L533-10 du CMF;V4 (fév. 2021);;;manuel/06-relations-clients.md
836;6;6.1.2;C;Parmi les missions suivantes, quelle est celle qui est confiée à la CNIL ?;Contrôler le traitement des données personnelles;Prononcer des sanctions pénales concernant le traitement des données personnelles;Les deux propositions à la fois;A;A;Article 11 de la loi Informatique et Liberté;V4 (fév. 2021);;;manuel/06-relations-clients.md
837;6;6.1.2;C;Quelles sont les principales règles en matière de protection des données personnelles ?;Chaque client bénéficie d'un droit d'accès aux informations personnelles le concernant détenues par un prestataire de services d'investissement;L'AMF veille à la possibilité pour un client d'accéder aux informations personnelles le concernant détenues par un prestataire de services d'investissement;Le client peut bénéficier d'un droit d'accès aux informations personnelles relatives à toute personne de sa famille détenues par un prestataire de services d'investissement;A;A;Loi n° 78-17 du 6 janvier 1978 relative à l'informatique, aux fichiers et aux libertés (modifiée le 20/06/2018) / Décret n° 2005-1309 du 20 octobre 2005 / C. pén., art. 131-13.;V4 (fév. 2021);;;manuel/06-relations-clients.md
839;6;6.1.2;C;Les prestataires de services d'investissement (PSI) autres que les sociétés de gestion de portefeuille :;Ont une obligation d'enregistrement des conversations téléphoniques ou des communications électroniques uniquement celles relatives aux transactions conclues;Ont une obligation d'enregistrement des conversations téléphoniques ou des communications électroniques relatives aux transactions conclues ou destinées à donner lieu à des transactions conclues même si elles n'ont pas donné lieu à la conclusion de telles transactions;N'ont pas d'obligation d'enregistrement des conversations téléphoniques ou des communications électroniques;B;B;Article L533-10 du CMF;V4 (fév. 2021);;;manuel/06-relations-clients.md
842;6;6.1.2;C;Lorsque des services d'investissement concernant la réception, la transmission et l'exécution d'ordres de clients sont fournis au téléphone, les prestataires de services d'investissement (PSI) :;Doivent informer à l'avance du fait que leurs conversations téléphoniques sont enregistrées;Ne sont pas tenus d'informer à l'avance du fait que leurs conversations téléphoniques sont enregistrées;Ne sont pas tenus d'informer du fait que leurs conversations téléphoniques sont enregistrées;A;A;Article L533-10 du CMF;V4 (fév. 2021);;;manuel/06-relations-clients.md
843;6;6.1.2;C;A quel organisme le secret professionnel peut-il être opposable ?;Autorités judiciaires;AFTI;Administrations douanières et fiscales;B;B;Art 226-13 du Code Pénal;V4 (fév. 2021);;;manuel/06-relations-clients.md
1071;6;6.1.2;C;Parmi les propositions suivantes, quel est le Règlement européen protégeant les données des personnes physiques ?;Le Règlement MIF (Marchés d'Instruments Financiers);Le Règlement EMIR (European Market Infrastructures Regulation);Le Règlement RGPD (Règlement Général sur la protection des Données);C;C;Règlement n 2016/679 de l'Union Européenne;V4 (fév. 2021);;;manuel/06-relations-clients.md
1080;6;6.1.2;C;Quelle commission est au centre du dispositif de protection des données informatiques et des données personnelles des individus ?;La CNIL;La Commission Européenne;Le Défenseur des droits;A;A;http://www.cnil.fr/;V4 (fév. 2021);;;manuel/06-relations-clients.md
1084;6;6.1.2;C;La révélation d'une information à caractère secret par une personne qui en est dépositaire, est passible d'une sanction :;Civile;Pénale;Commerciale;B;B;L226-13 Code pénal;V4 (fév. 2021);;;manuel/06-relations-clients.md
1094;6;6.1.2;C;En matière de protection des données personnelles présentes dans des fichiers informatiques, un client :;A un droit d'accès aux données d'un tiers;A un droit de rectification des données stockées;A un droit d'accès à toutes les données de l'entreprise;B;B;http://www.cnil.fr/vos-libertes/vos-droits/vos-droits-en-questions/;V4 (fév. 2021);;;manuel/06-relations-clients.md
1129;6;6.1.2;C;à quels organismes, notamment, le secret bancaire n'est-il pas opposable ?;Aux commissaires aux comptes;Aux huissiers;Aux commissions d'enquêtes parlementaires;C;C;CMF Article L511-33;V4 (fév. 2021);;;manuel/06-relations-clients.md
1130;6;6.1.2;C;par quel responsable peuvent être écoutés les enregistrements téléphoniques d'une opération financière ?;Par le Directeur général de l'établissement ou toute personne déléguée par lui;Par le Responsable de la Conformité ou toute personne déléguée par lui;Par le DRH ou toute personne déléguée par lui;B;B;RG AMF article 312-40;V4 (fév. 2021);;;manuel/06-relations-clients.md
1147;6;6.1.2;C;Pendant combien de temps les prestataires de services d'investissements, autres que les sociétés de gestion de portefeuille, doivent-ils conserver, en principe, les enregistrements de tout service qu'ils fournissent et de toute transaction qu'ils effectuent?;Trois ans;Cinq ans;Sept ans;B;B;Art. L 533-10, I, 5° et III, alinéa 2 CMF;V4 (fév. 2021);;;manuel/06-relations-clients.md
1170;6;6.1.2;C;Toute personne dispose de droits concernant l 'enregistrement et les traitements d 'informations à caractère personnel. Ainsi, toute personne a le droit :;De refuser dans tous les cas et en toutes circonstances d 'être identifiée dans un fichier informatique;De prendre connaissance des données figurant dans un fichier et concernant sa famille directe;De savoir si des informations la concernant figurent dans un fichier informatique;C;C;Article 15 du Règlement (UE) 2016/679 du Parlement européen et du Conseil du 27 avril 2016;V4 (fév. 2021);;;manuel/06-relations-clients.md
1171;6;6.1.2;C;Pour avoir accès aux informations personnelles d 'une personne décédée détenues par un Prestataire de Services d 'Investissement (PSI), une personne physique doit disposer du statut :;D'héritier;De conjoint;D'associé au sein d'une personne morale;A;A;Article 724 du code Civil;V4 (fév. 2021);;;manuel/06-relations-clients.md
2653;6;6.1.2;C;Le traitement des données à caractère personnel qui révèle,notamment, l'origine raciale ou ethnique, les opinions politiques, les convictions religieuses ou philosophiques ou l'appartenance syndicale :;Est strictement interdit, en toutes circonstances;Est interdit, à moins qu'une condition parmi la liste des conditions réglementairement listées soit remplie;Est possible pour autant que les données concernées ne fassent pas l'objet d'un transfert hors de France;B;B;;Récente (n° ≥ 2553);;;manuel/06-relations-clients.md
2700;6;6.1.2;C;En matière de RGPD, le «consentement» d'une personne à ce que ses données à caractère personnel fassent l'objet d'un traitement n'est valable par une déclaration ou par un acte positif clair, de façon :;Libre, spécifique, éclairée et univoque;Libre, général, éclairée et univoque;Libre, spécifique, éclairée et non univoque;A;A;;Récente (n° ≥ 2553);;;manuel/06-relations-clients.md
2701;6;6.1.2;C;Une «violation de données à caractère personnel» consiste en une violation de la sécurité :;De manière accidentelle uniquement;De manière accidentelle ou illicite;De manière illicite uniquement;B;B;;Récente (n° ≥ 2553);;;manuel/06-relations-clients.md
2716;6;6.1.2;C;Les données à caractère personnel doivent être :;Adéquates, pertinentes et limitées à ce qui est nécessaire au regard des finalités pour lesquelles elles sont traitées;Conservées pendant 10 ans après leur utilisation;Anonymisées quelque soit l'utilisation qui en est faite;A;A;;Récente (n° ≥ 2553);;;manuel/06-relations-clients.md
735;6;6.2;A;Quelles informations le prestataire de services d'investissement (PSI) doit-il donner à ses clients sur les instruments financiers ?;Il doit donner une description générale de la nature et des risques des instruments financiers en tenant compte notamment de la catégorisation de son client en tant que client non professionnel ou client professionnel;Il doit donner une copie des articles du règlement général de l'AMF relatifs à toutes les obligations du prestataire vis-à-vis de son client non professionnel;Aucune obligation d'information ne pèse sur les PSI en matière d'instruments financiers;A;A;Position 2019-03 / Position AMF n°2012-13 - Exigences relatives à l'adéquation pour un client de services d'investissement ou d'instruments financiers.;V4 (fév. 2021);;;manuel/06-relations-clients.md
844;6;6.2;A;Quelle est la proposition exacte concernant l'information sur les instruments financiers qu'un PSI doit donner à un investisseur potentiel ?;Les performances passées constituent le thème central de l'information;Le PSI n'est pas tenu de présenter les risques liés aux instruments financiers;L'information doit être claire, exacte et non trompeuse;C;C;RG AMF art 411-126 et suivants;V4 (fév. 2021);;;manuel/06-relations-clients.md
845;6;6.2;A;Lorsqu'un PSI communique des informations sur des performances futures d'un instrument financier, laquelle de ces affirmations est exacte ?;Les informations se fondent exclusivement sur des simulations de performances passées;Les informations reposent sur des hypothèses raisonnables fondées sur des éléments objectifs;Les informations peuvent mentionner uniquement des performances brutes, si le PSI communique par ailleurs à sa clientèle la tarification applicable aux opérations;B;B;Recommandation AMF Simulations de performances futures - DOC-2017-07 (3e);V4 (fév. 2021);;;manuel/06-relations-clients.md
846;6;6.2;A;Les sociétés de gestion de portefeuille sont-elles tenues de fournir aux porteurs de parts ou actionnaires d'OPCVM des informations afférentes à leur politique d'exécution ?;Non, cela relève du secret des affaires;Non, cela est facultatif sauf si ces derniers en font la demande expresse;Oui, celles-ci doivent être données en temps utile avant la prestation du service;C;C;Art. 321-111 RGAMF;V4 (fév. 2021);;;manuel/06-relations-clients.md
849;6;6.2;A;Les conseillers en investissement agissant de manière indépendante :;Peuvent recevoir des rétrocessions de commissions de la part des producteurs de produits financiers sans en avertir leurs clients;Peuvent recevoir des rétrocessions de commissions de la part des producteurs de produits financiers, dès lors qu'ils en informent leurs clients;Ne peuvent pas recevoir des rétrocessions de commissions de la part des producteurs;C;C;Article L541-8-1 du code monétaire et financier;V4 (fév. 2021);;;manuel/06-relations-clients.md
850;6;6.2;A;Parmi les propositions suivantes, quel instrument financier est considéré comme complexe ?;Une action;Un fonds d'investissement alternatif (FIA) à formule;Une obligation à taux fixe;B;B;Position AMF La commercialisation des instruments financiers complexes - DOC-2010-05 (modifié le 8 octobre 2018);V4 (fév. 2021);;;manuel/06-relations-clients.md
853;6;6.2;A;Que doit faire le PSI en matière d'information du client sur la politique en matière de conflits d'intérêt ?;Fournir spontanément au client une description détaillée, sur un support durable, de sa politique en matière de conflits d'intérêts;Informer son client si les mesures prises pour éviter les conflits d'intérêt ne suffisent pas à garantir d'éviter les risques de porter atteinte à ses intérêts;Fournir les éléments au client dès que celui -ci en fait expressement la demande;B;B;Article 34 §4 du règlement délégué de la commission européenne du 25/04/2016 complétant MIF2;V4 (fév. 2021);;;manuel/06-relations-clients.md
854;6;6.2;A;Quelles doivent être les caractéristiques de l'information communiquée au client sur les performances passées d'un produit financier ?;Les indications de performance doivent faire référence à des notes élaborées par des agences de notation;Les données doivent porter sur les 5 dernières années minimum ou sur la durée depuis laquelle le service existe et pour des tranches complètes de 12 mois;Ces informations doivent clairement indiquer qu'il s'agit d'un indicateur fiable permettant d'anticiper les performances futures;B;B;Règlement (UE) n° 583/2010 de la Commission 1er juill. 2010, art. 15 et ann. III / Instruction AMF n° 2011-19, 21 déc. 2011, ann. XIII / Questions-réponses ESMA/2016/181, 1er févr. 2016 / Position-Recommandation AMF n° 2011-05, Guide des documents réglementaires des OPCVM et OPCI, § 1.1.2.6.;V4 (fév. 2021);;;manuel/06-relations-clients.md
857;6;6.2;A;L'information à caractère promotionnel concernant les performances passées d'un produit proposé depuis plus de 5 ans :;Doit porter sur au moins 3 ans;Doit porter sur 5 ans, ou une période plus longue définie par le PSI;Peut porter sur n'importe quelle durée;B;B;Article 325-12 du règlement général de l'AMF;V4 (fév. 2021);;;manuel/06-relations-clients.md
864;6;6.2;A;La description des risques que le prestataire de service financier doit fournir au client, varie en fonction :;Des commissions payées par le client;Du type de client, et donc du niveau de connaissance de celui-ci;Du rendement moyen de l'investissement;B;B;RG AMF 325-8-IV;V4 (fév. 2021);;;manuel/06-relations-clients.md
866;6;6.2;A;Quelles caractéristiques doit avoir l'information sur un instrument financier adressée par le PSI à ses clients non professionnels ?;Détaillée, exhaustive et pertinente;Incontestable, actualisée et vérifiable;Claire, exacte et non trompeuse;C;C;règlement UE 2017/565 - art 48;V4 (fév. 2021);;;manuel/06-relations-clients.md
868;6;6.2;A;Dans quel délai, le PSI doit fournir à son client les informations essentielles concernant l'exécution d'un ordre (sauf option du client pour une périodicité particulière d'information avec le PSI) ?;Dans un délai raisonnable;Sans délai;Dans les huit jours qui suivent la demande expresse du client;B;B;Art 314-86 du Règlement Général AMF;V4 (fév. 2021);;;manuel/06-relations-clients.md
870;6;6.2;A;En cas de fourniture de conseils en investissement, quelle information le PSI doit-il donner à son client ?;Les moyens dont il dispose pour assurer cette activité de conseil;Si le conseil est fourni de manière indépendante ou non;Les références du PSI en matière de conseil financier sur les deux dernières années;B;B;Art 325-6 du règlement AMF + Art 24 de la Directive MIF2 2014/65/UE (§4);V4 (fév. 2021);;;manuel/06-relations-clients.md
871;6;6.2;A;L'information relative à la commission versée par un tiers à une société de gestion de portefeuille en liaison avec la gestion d'un OPCVM doit être fournie aux porteurs de parts ou actionnaire de cet OPCVM de manière :;Complète, exacte et compréhensible;Résumée, correcte et simplifiée;Détaillée, adéquate et codifiée;A;A;Article 321-116, 2°, b) RGAMF;V4 (fév. 2021);;;manuel/06-relations-clients.md
873;6;6.2;A;Que mentionne le compte-rendu d'exécution d'un ordre adressé au client non professionnel par un PSI ?;L'existence d'une politique de prévention et de gestion des conflits d'intérêts du prestataire;Les performances passées de l'instrument financier;L'identification du lieu d'exécution de cet ordre;C;C;Art 314-89 du Règlement Général AMF;V4 (fév. 2021);;;manuel/06-relations-clients.md
876;6;6.2;A;Une société de gestion de portefeuille d'OPCVM peut-elle divulguer les conditions principales des accords en matière de rémunérations, de commissions et d'avantages non monétaires sous une forme résumée ?;Oui, sous réserve qu'elle s'engage à fournir des précisions supplémentaires à la demande du porteur de parts ou actionnaire et qu'elle respecte cet engagement;Non, ces informations doivent toujours être données sous une forme détaillée;Oui, sous réserve qu'elle ait fourni des précisions supplémentaires à l'AMF et qu'elle s'engage à lui communiquer en détail l'intégralité des rémunérations, commissions et avantages non monétaires versés ou perçus;A;A;Article 321-116, 2°, c) RGAMF;V4 (fév. 2021);;;manuel/06-relations-clients.md
877;6;6.2;A;Quel degré de précision doit apparaître sur l'avis d'opération envoyé au client ?;Il doit préciser le mois boursier et la journée d'exécution de l'ordre;Il doit préciser la journée et l'heure d'exécution de l'ordre;Il doit préciser uniquement la journée d'exécution de l'ordre;B;B;Article 59-4 du Règlement délégué de la commission européenne du 25/04/2016 complétant MIF2;V4 (fév. 2021);;;manuel/06-relations-clients.md
878;6;6.2;A;Le PSI (Prestataire de Services d'Investissement) doit-il fournir la même description générale de la nature et des risques des instruments financiers qu'il propose ?;Oui, à tous ses clients;Non, à certains clients, selon leur classification;Non, seulement aux clients qui en font la demande;B;B;Article 48(1) RD MIF 2;V4 (fév. 2021);;;manuel/06-relations-clients.md
879;6;6.2;A;Quel historique doit être mentionné dans l'indication des performances passées d'un instrument ou d'un indice financier ?;Les 12 derniers mois;Les 5 dernières années;Au choix du PSI (Prestataire de Services d'Investissement);B;B;314-13 Règlement Général de l'AMF;V4 (fév. 2021);;;manuel/06-relations-clients.md
881;6;6.2;A;Un avis d'opéré doit obligatoirement être adressé au client :;Mensuellement avec son relevé bancaire;Après chaque exécution d'ordre;Annuellement;B;B;reglement UE 2017/565 - art 59;V4 (fév. 2021);;;manuel/06-relations-clients.md
882;6;6.2;A;Les conseillers en investissement agissant de manière indépendante :;Doivent disposer d'un éventail limité d'instruments financiers pour éviter de se disperser;Doivent disposer d'un éventail diversifié d'instruments financiers;Ne peuvent diffuser que des produits financiers conçus par eux-mêmes;B;B;Article L541-8-1 du code monétaire et financier;V4 (fév. 2021);;;manuel/06-relations-clients.md
883;6;6.2;A;Lorsqu'une société de gestion de portefeuille reçoit un ordre de souscription ou de rachat de parts ou actions d'OPCVM, elle doit transmettre à l'investisseur les informations essentielles concernant l'exécution de cet ordre :;Sans délai;Dans le délai de cinq jours de négociation;Dans les 48h (jours ouvrables);A;A;Article 321-126, 1° RGAMF;V4 (fév. 2021);;;manuel/06-relations-clients.md
884;6;6.2;A;Si le prix d'une prestation de service d'investissement n'est pas déterminé :;Il faut informer le client dès que possible lorsque le prix devient déterminable;Il faut indiquer au client les modalités de calcul qui permettront de l'établir;Le prix n'est transmis que si le client en fait la demande;B;B;Art. L. 533-12 du CMF;V4 (fév. 2021);;;manuel/06-relations-clients.md
885;6;6.2;A;Quel est le délai d'envoi d'un avis d'opération à un client non-professionnel ?;Au plus tard au cours du premier jour ouvrable suivant l'exécution de l'ordre;Au plus tard au cours du mois boursier d'exécution de l'ordre;Libre, en fonction de l'organisation interne du PSI;A;A;Article 59-1-b du Règlement délégué de la commission européenne du 25/04/2016 complétant MIF2;V4 (fév. 2021);;;manuel/06-relations-clients.md
886;6;6.2;A;Les porteurs de parts et actionnaires doivent-ils être informés sur la gestion d'un OPCVM effectuée par la société de gestion de portefeuille ?;Non, cela relève du secret des affaires;Oui, ils doivent recevoir toute l'information nécessaire sur cette gestion;Oui, s'ils en font la demande expresse, les informations essentielles de cette gestion doivent leur être transmises;B;B;Article 321-131, al 1 RGAMF;V4 (fév. 2021);;;manuel/06-relations-clients.md
887;6;6.2;A;En matière d'information des clients sur les avantages et rémunérations perçus par les prestataires de services d'investissement autre que les sociétés de gestion, donner des informations génériques est :;Recommandé;Insuffisant;Satisfaisant;B;B;Position - recommandation AMF DOC-2013-10, 2.1 (complétée par Position - recommandation AMF DOC-2017-08 dont l'actualisation au regard des textes transposant MIF 2 et séparant le régime juridique des entreprises d'investissement et des sociétés de gestio;V4 (fév. 2021);;;manuel/06-relations-clients.md
888;6;6.2;A;Quelles mentions doivent apparaître sur l'avis d'opération envoyé au client pour les souscriptions de parts ou actions d'un placement collectif ?;Un montant net sans précision du montant total des commissions et des frais facturés;Le montant total des commissions et des frais facturés;Elles sont variables en fonction de l'organisation interne du PSI et de la Société de gestion;B;B;Article 59-4 du Règlement délégué de la commission européenne du 25/04/2016 complétant MIF2;V4 (fév. 2021);;;manuel/06-relations-clients.md
889;6;6.2;A;Dans le cadre d'une prestation de service d'investissement, les communications à caractère promotionnel :;Doivent être clairement identifiables en tant que telles;Font l'objet d'une information similaire à toute autre communication;Il est interdit de diffuser des informations à caractère promotionnel;A;A;Art. L. 533-12 du CMF;V4 (fév. 2021);;;manuel/06-relations-clients.md
890;6;6.2;A;L'obligation d'enregistrement de tout service ou transaction, prévue par le Code monétaire et financier, qui incombe au prestataire et permet à l'AMF de contrôler qu'il respecte ses obligations, s'applique-t-elle à l'avis d'opéré ?;Oui, car elle permet au prestataire de justifier du respect de ses obligations d'information à l'égard de ses clients;Non, car elle ne constitue pas une preuve suffisante pour l'AMF du respect de ses obligations à l'égard de ses clients;Oui, mais uniquement pour les avis d'opérés envoyés à ses clients non professionnels;A;A;Position - Recommandation AMF n° 2007-25 - Questions - réponses relatives aux règles de bonne conduite applicables aux prestataires de services d'investissement, question 2.2 / RG AMF art 314-12.;V4 (fév. 2021);;;manuel/06-relations-clients.md
891;6;6.2;A;En matière de commercialisation auprès de clients non professionnels, quels sont les instruments financiers considérés comme complexes par l'AMF ?;Les OPCVM actions internationales;Les fonds à formule;L'ensemble des instruments financiers commercialisables;B;B;Position AMF - La commercialisation des instruments financiers complexes - DOC-2010-05 modifiée le 8 octobre 2018 - Point 1. Sur le champ d'application de la position de l'AMF;V4 (fév. 2021);;;manuel/06-relations-clients.md
892;6;6.2;A;Au niveau réglementaire, l'avis d'opéré lié à l'exécution d'un ordre de vente d'un instrument financier doit mentionner obligatoirement :;Le prix moyen d'acquisition de l'instrument financier vendu;La plus-value réalisée;Le jour et l'heure de négociation de la vente;C;C;Article 59 du Règlement délégué (UE) n°C(2016)2398 du 25 avril 2016 complétant la directive 2014/65/UE en ce qui concerne les exigences organisationnelles et les conditions d'exercice applicables aux entreprises d'investissement et la définition de certains termes aux fins de ladite directive;V4 (fév. 2021);;;manuel/06-relations-clients.md
893;6;6.2;A;La politique de gestion des conflits d'intérêt varie en fonction de :;La nature de l'activité du prestataire de service;Le nombre de clients du prestataire de service;Le volume de la transaction;A;A;RG AMF 325-29;V4 (fév. 2021);;;manuel/06-relations-clients.md
894;6;6.2;A;Dans quel but le PSI doit-il respecter un ensemble de règles relatives à l'information sur les produits et services ?;Pour mettre l'accent sur les performances passées du produit;Pour les décrire de manière compréhensible par un investisseur moyen;Pour informer l'investisseur sur la gestion de son bilan;B;B;reglement UE 2017/565 - art 48;V4 (fév. 2021);;;manuel/06-relations-clients.md
896;6;6.2;A;Le porteur de parts ou actionnaire d'un OPCVM doit-il être informé lorsqu'une rémunération, une commission ou un avantage non monétaire est versé par un tiers à une société de gestion de portefeuille en liaison avec la gestion d'un OPCVM ?;Oui, il doit être informé de son existence uniquement;Oui, il doit être informé de son existence et de sa nature uniquement;Oui, il doit être informé de son existence, sa nature et de son montant;C;C;Article 321-116, 2°, a) RGAMF;V4 (fév. 2021);;;manuel/06-relations-clients.md
897;6;6.2;A;Quelles sont les obligations du PSI lorsque l'ordre du client est exécuté par tranches ?;Le PSI peut informer le client soit du prix de chaque tranche, soit du prix moyen;Le PSI doit impérativement donner le prix détaillé de chaque tranche;Le PSI doit donner un prix global sans détails car il ne les reçoit pas lui-même;A;A;Article 59-4 du Règlement délégué de la commission européenne du 25/04/2016 complétant MIF2;V4 (fév. 2021);;;manuel/06-relations-clients.md
898;6;6.2;A;La société de gestion de portefeuille d'OPCVM doit-elle informer l'investisseur de l'état de l'exécution de son ordre ?;Oui, à sa demande;Non, cela ne présente aucun intérêt;Oui, automatiquement;A;A;Article 321-127 RGAMF;V4 (fév. 2021);;;manuel/06-relations-clients.md
899;6;6.2;A;L'information à caractère promotionnel adressée à un client par un prestataire de services d'investissement est-elle réglementée ?;Non, la réglementation de l'information concerne les informations à caractère officiel mais pas les informations à caractère promotionnel;Oui, toute information, y compris à caractère promotionnel, adressée par un prestataire à un client doit respecter les conditions posées par le Code monétaire et financier;Uniquement pour les prestataires de services d'investissement réalisant un chiffre d'affaires supérieur à 20 millions d'euros pendant au moins 2 années consécutives;B;B;Règlement (UE) 2017/565 art 46 §5 et s. / RG AMF, art. 314-6.;V4 (fév. 2021);;;manuel/06-relations-clients.md
900;6;6.2;A;Quelle information le PSI doit-il obligatoirement donner au client non professionnel ?;Les pays dans lesquels il est présent;Le nombre de ses effectifs;Une brève description des mesures de protection des instruments financiers ou des espèces qu'il détient pour le compte des clients;C;C;Règlement délégué 2017/565/UE Chap 3 - Art 47 - 1- g);V4 (fév. 2021);;;manuel/06-relations-clients.md
901;6;6.2;A;"Lors de l'exécution d'un ordre, la notion de ""prix total"" ou""coût total"" correspond :";Au prix de l'instrument financier;Aux coûts liés à l'exécution;Au prix de l'instrument financier augmenté des coûts liés à l'exécution;C;C;CMF art. L533-18;V4 (fév. 2021);;;manuel/06-relations-clients.md
902;6;6.2;A;Les informations fournies aux clients concernant les risques pertinents :;Peuvent être présentées dans une note de bas de page;Doivent utiliser une couleur rouge et une police égale au double de la police employée de manière prédominante dans les informations communiquées;Doivent utiliser une police d'une taille au moins égale à celle employée de manière prédominante dans les informations communiquées;C;C;Article 325-12 du RG AMF;V4 (fév. 2021);;;manuel/06-relations-clients.md
903;6;6.2;A;Quel historique doit être mentionné dans l'indication des performances passées d'un instrument ou d'un indice financier ?;Dernière année;3 dernières années;5 dernières années;C;C;Règlement délégué 2017/565/UE Chap 3 Art 44,4 b);V4 (fév. 2021);;;manuel/06-relations-clients.md
904;6;6.2;A;Laquelle de ces propositions relatives à l'information sur un produit est exacte ?;L'information met en avant les performances passées du produit;L'information est détaillée sur des documents non standardisés propres à chaque prestataire;L'information fournie sur le produit met en avant autant les avantages potentiels que les risques éventuels correspondants;C;C;Règlement délégué 2017/565/UE Chap 3 - Art 44.2 - b);V4 (fév. 2021);;;manuel/06-relations-clients.md
905;6;6.2;A;Que doit faire le PSI lorsque l'information sur un instrument financier comporte des simulations de performances passées ou y fait référence ?;Préciser que les chiffres se réfèrent à des simulations des performances passées et que les performances passées ne préjugent pas des performances futures;Préciser que les performances passées ont obligatoirement fait l'objet d'un classement dans un palmarès européen;Faire figurer ces simulations sur une période maximale de 3 années;A;A;Règlement délégué 2017/565/UE Chap 3 Art 44.5 c);V4 (fév. 2021);;;manuel/06-relations-clients.md
906;6;6.2;A;Dans le cadre d'un conseil en investissements financiers, l'information ex-post sur les coûts doit être fournie au client sur une base :;Mensuelle;Semestrielle;Annuelle;C;C;"Note AMF : ""MIF 2 GUIDE SOCIETES DE GESTION DE PORTEFEUILLE""";V4 (fév. 2021);;;manuel/06-relations-clients.md
908;6;6.2;A;La politique d'exécution des ordres, pour un client non professionnel est un document :;Interne et confidentiel appartenant au Prestataire de Services d'Investissement et non communiqué aux clients;Publié sur le Site internet du Prestataire de Services d'Investissement;Communiqué aux clients avant la prestation de services;C;C;CMF art. L. 533-18 - 2 dernier al.;V4 (fév. 2021);;;manuel/06-relations-clients.md
909;6;6.2;A;Lorsqu'un ordre de bourse est exécuté en plusieurs fois dans une même journée, le PSI informe le client non professionnel :;Soit du prix de chaque tranche, soit du prix moyen d'exécution;En lui envoyant autant d'avis d'opérations qu'il y a eu d'exécutions;En lui envoyant un seul avis d'opéré sans possibilité de connaître le détail de l'exécution;A;A;Règlement délégué 2017/565/UE Chap 3 - Art 59.4 - Aux fins du point k);V4 (fév. 2021);;;manuel/06-relations-clients.md
932;6;6.2;A;Quelle indication sur les frais doit apparaître dans le cas où l'information sur un instrument financier fait état de performances passées ?;Il ne faut en aucun cas indiquer l'effet des frais et commissions sur la performance;Il faut indiquer l'effet des frais et commissions sur la performance;Il faut en faire le thème central de l'information communiquée;B;B;RG AMF - Article 314-13;V4 (fév. 2021);;;manuel/06-relations-clients.md
1011;6;6.2;A;L'information que le PSI doit fournir à son client sur les frais relatifs à l'instrument financier souscrit doit porter :;Uniquement sur les taxes;Uniquement sur les frais d'intermédiation hors taxe;Sur l'ensemble des frais et taxes de manière détaillée;C;C;reglement UE 2017/565 - art 50 + annexe II;V4 (fév. 2021);;;manuel/06-relations-clients.md
1021;6;6.2;A;Le PSI (Prestataire de Services d'Investissement) doit-il informer de la tarification des services fournis préalablement à la fourniture de service ?;Tous les clients;Les clients non professionnels uniquement;Les clients professionnels uniquement;A;A;322-5 Règlement Général de l'AMF;V4 (fév. 2021);;;manuel/06-relations-clients.md
1030;6;6.2;A;Les frais liés à un investissement dans un placement collectif :;Sont précisés aux clients uniquement s'ils en font la demande expresse par écrit;Sont présentés sous la forme d'un montant global en pourcentage dans le document d'information clé pour l'investisseur (DICI) et en détail dans le prospectus;Sont présentés en détail dans le document d'information clé pour l'investisseur (DICI) et sous la forme d'un montant global en pourcentage dans le prospectus;B;B;Guide AMF, S'informer sur les frais liés à vos investissements financiers (accessible via https://www.amf-france.org/Epargne-Info-Service/Savoir-bien-investir/Cadrer-son-projet/Reperes-utiles-sur-les-frais-des-placements-financiers);V4 (fév. 2021);;;manuel/06-relations-clients.md
1031;6;6.2;A;Lors de la commercialisation d'un produit financier, l'indication des coûts totaux dans la documentation remise aux clients :;Est interdite car elle oblige à faire des simulations pour certains frais;Relève d'un service à valeur ajoutée apprécié par les clients;Est imposée par la réglementation;C;C;Article D533-15 du code monétaire et financier;V4 (fév. 2021);;;manuel/06-relations-clients.md
1131;6;6.2;A;Dans le cadre d'un conseil indépendant, le CIF;Peut conserver les avantages monétaires perçus d'un tiers s'il en indique la provenance à l'AMF;Ne peut pas conserver les avantages monétaires reçus d'un tiers;Peut conserver les avantages monétaires perçus d'un tiers s'il les partage avec son client;B;B;"Document AMF : ""MIF 2 - Guide conseiller en investissement"" juin 2018 - Fiche N°4";V4 (fév. 2021);;;manuel/06-relations-clients.md
1132;6;6.2;A;dans le cadre de MIF 2, quels sont notamment les documents à adresser à son client par le CIF ?;La description du type de conseil : indépendant ou pas;Les prévisions d'évolution des marchés;Le compte rendu de gestion de portefeuille;A;A;"Document AMF : ""MIF 2 - Guide conseiller en investissement"" juin 2018";V4 (fév. 2021);;;manuel/06-relations-clients.md
1141;6;6.2;A;Les Prestataires de Services d'Investissement doivent communiquer des informations :;Claires, exactes et non trompeuses aux clients non professionnels;Claires, exactes et non trompeuses, quelle que soit la catégorie du client et le type de communication;Claires, exactes et non trompeuses, mais cela ne concerne pas la communication promotionnelle;B;B;CMF art. L. 533 -12;V4 (fév. 2021);;;manuel/06-relations-clients.md
1148;6;6.2;A;L'information à caractère promotionnel produite par un PSI sur ses produits financiers:;Peut inclure des comparaisons avec d'autres instruments financiers;Ne peut pas inclure de comparaison avec d'autres instruments financiers;Ne comprend pas d'indications sur les commissions;A;A;Article 325-12 alinéa III du Règlement général de l'AMF;V4 (fév. 2021);;;manuel/06-relations-clients.md
1153;6;6.2;A;Quelle règle s'applique sur la communication de l'agrément utilisé pour délivrer un service d'investissement ?;Il peut être détaillé au client qui en fait la demande;C'est une information technique ne faisant pas l'objet de communication aux clients;Il doit être déclaré au client, avec le nom de l'autorité qui l'a délivré;C;C;Article 47-1-d du Règlement délégué de la commission européenne du 25/04/2016 complétant MIF2;V4 (fév. 2021);;;manuel/06-relations-clients.md
1157;6;6.2;A;Que peut-on dire de la Politique d'exécution d'un PSI autre qu'une SGP ?;Le client ne doit pas connaître le détail de cette politique, qui est confidentielle;Le client doit donner son accord préalable à cette politique d'exécution;Le client doit donner son accord à cette politique à l'issue de chaque opération;B;B;CML Art. L533-18 - III - paragraphe 2;V4 (fév. 2021);;;manuel/06-relations-clients.md
1172;6;6.2;A;Lorsqu'un Prestataire de Services d'Investissement communique auprès d 'un client sur les performances passées d'un instrument financier ou d 'un service d 'investissement, cette information :;Doit constituer un indicateur certain des performances futures;Doit être le thème central de l'information communiquée;Doit inclure au moins 5 exercices, et plus si la durée de placement recommandée est supérieure à 5 ans;C;C;Article 44 du RÈGLEMENT DÉLÉGUÉ (UE) 2017/565 DE LA COMMISSION du 25 avril 2016;V4 (fév. 2021);;;manuel/06-relations-clients.md
1173;6;6.2;A;Parmi les informations suivantes le concernant, laquelle doit être obligatoirement communiquée par le PSI à ses clients non professionnels, lorsqu 'il leur propose un service d 'investissement ?;La nature, la fréquence et les dates des comptes rendus concernant les performances du service à fournir par le PSI;Le montant total du bilan comptable et des fonds propres du PSI;Le cas échéant, l 'existence éventuelle de sanctions décidées par la commission des sanctions de l 'AMF à l 'encontre du PSI qui ont été rendues publiques;A;A;Article 47 du RÈGLEMENT DÉLÉGUÉ (UE) 2017/565 DE LA COMMISSION du 25 avril 2016 Article L533-15 du CMF;V4 (fév. 2021);;;manuel/06-relations-clients.md
1174;6;6.2;A;Lorsqu'un Prestataire de Services d'Investissement (PSI) communique des informations concernant le traitement fiscal d'un service ou instrument financier, quelle mention doit-il faire figurer ?;Le traitement fiscal des gains et pertes est attaché à la situation individuelle du client et peut évoluer dans le temps;Le traitement fiscal des gains et pertes ne doit pas être une motivation pour définir l 'opportunité d 'un investissement;Le traitement fiscal des gains et pertes peut être plus avantageux dans certains pays;A;A;Article 44 du RÈGLEMENT DÉLÉGUÉ (UE) 2017/565 DE LA COMMISSION du 25 avril 2016;V4 (fév. 2021);;;manuel/06-relations-clients.md
1175;6;6.2;A;Lorsqu 'un Prestataire de Services d 'Investissement (PSI) propose un service d 'investissement à ses clients non-professionnels, il a l 'obligation de leur communiquer un ensemble d 'informations pour qu 'ils prennent leur décision en connaissance de cause. Parmi les informations suivantes, laquelle doit être obligatoirement communiquée ?;La perte maximale constatée sur les douze derniers mois pour le type d 'instrument financier proposé;La nature des garanties offertes par la chambre de compensation;Les coûts et l 'ensemble des frais induits par l 'instrument financier;C;C;Article 50 du RÈGLEMENT DÉLÉGUÉ (UE) 2017/565 DE LA COMMISSION du 25 avril 2016 Article L533-12 du CMF;V4 (fév. 2021);;;manuel/06-relations-clients.md
1177;6;6.2;A;Lorsqu 'il propose des services d 'investissements, quelle information parmi les suivantes, le Prestataire de Services d 'Investissement (PSI) doit-il communiquer à ses clients non professionnels ?;Si le prix total à payer par le client n 'est pas encore connu, sa base de calcul, permettant au client de le vérifier;Le taux moyen de la marge brute que le PSI réalise sur les services d 'investissement qu 'il propose au client;La moyenne des prix payés par l 'ensemble des clients du PSI sur les douze derniers mois pour ce service d 'investissement;A;A;Article 50 du RÈGLEMENT DÉLÉGUÉ (UE) 2017/565 DE LA COMMISSION du 25 avril 2016;V4 (fév. 2021);;;manuel/06-relations-clients.md
1178;6;6.2;A;Dans le cadre d 'un service d 'exécution d 'ordres, un compte rendu avec les informations essentielles concernant la transaction doit être envoyé au client (professionnel ou non professionnel) :;Sans délai dès qu 'une transaction a lieu;A la fin du mois boursier;Sur demande du client uniquement;A;A;Article 59 du RÈGLEMENT DÉLÉGUÉ (UE) 2017/565 DE LA COMMISSION du 25 avril 2016;V4 (fév. 2021);;;manuel/06-relations-clients.md
1179;6;6.2;A;Avant de prodiguer un conseil en investissements financiers à un client, un conseiller doit lui préciser un certain nombre d 'informations. Laquelle parmi les suivantes doit lui être obligatoirement communiquée ?;Si le conseil est indépendant ou non;Si le conseiller dispose de la certification professionnelle des professionnels des marchés;Le montant de la couverture de son assurance de responsabilité civile;A;A;Article 52 du RÈGLEMENT DÉLÉGUÉ (UE) 2017/565 DE LA COMMISSION du 25 avril 2016 Article L541-8-1 du CMF;V4 (fév. 2021);;;manuel/06-relations-clients.md
1180;6;6.2;A;Avant de prodiguer un conseil en investissements financiers à un client, un conseiller doit lui préciser un certain nombre d 'informations. Parmi les suivantes, laquelle doit lui être obligatoirement communiquée ?;Si le conseiller évaluera régulièrement l 'adéquation des instruments conseillés avec les besoins du client ou non;Si le conseil prodigué intégrera la dimension fiscale des produits ou non;La durée du délai pendant lequel le client aura le droit de se rétracter après remise du compte rendu de conseil;A;A;Article 54 du RÈGLEMENT DÉLÉGUÉ (UE) 2017/565 DE LA COMMISSION du 25 avril 2016;V4 (fév. 2021);;;manuel/06-relations-clients.md
1607;6;6.2;A;Que suppose pour un CIF la notion de conseil indépendant ?;L'obligation de ne proposer que très peu d'instruments financiers;L'obligation de comptabiliser les avantages reçus pour la distribution des produits financiers sélectionnés;L'obligation de proposer un choix assez vaste d'instruments financiers;C;C;voir le site AMF : https://www.amf-france.org/Acteurs-et-produits/Commercialisation/Conseillers-en-investissements-financiers#title_paragraph_2;V4 (fév. 2021);;;manuel/06-relations-clients.md
2571;6;6.2;A;En matière de gestion des conflits d'intérêts, un conseiller en investissements financiers établit une politique :;qui est indépendante de la taille de son entité;qui doit demeurer opérationnelle et appropriée au regard de sa taille et de son organisation;qui est indépendante de la complexité de son activité;B;B;;Récente (n° ≥ 2553);;;manuel/06-relations-clients.md
2614;6;6.2;A;Une société de gestion de portefeuille :;Doit disposer d'une politique de gestion des conflits d'intérêts écrite;Peut disposer d'une politique de gestion des conflits d'intérêts écrite;Est exonérée de l'obligation d'élaborer une politique de gestion des conflits d'intérêts;A;A;;Récente (n° ≥ 2553);;;manuel/06-relations-clients.md
2654;6;6.2;A;Parmi les instruments financiers suivants, quelle catégorie est assimilée à un instrument financier complexe contraignant le PSI à vérifier son caractère approprié :;Les actions admises à la négociation sur un marché réglementé;Les obligations et autres titres de créance;Les OPCVM structurés;C;C;;Récente (n° ≥ 2553);;;manuel/06-relations-clients.md
2656;6;6.2;A;Les avantages non monétaires mineurs sont :;Conservés par le PSI, dès lors qu'ils remplissent certaines conditions légalement définis;Sont conservés sans aucune condition;Sont conservés pour autant que l'AMF donne son accord de principe en amont;A;A;;Récente (n° ≥ 2553);;;manuel/06-relations-clients.md
2657;6;6.2;A;La SGP qui reçoit un ordre de souscription ou de rachat de parts ou actions d'OPCVM adresse à l'investisseur non professionnel sur un support durable un avis confirmant l'exécution de l'ordre :;Dès que possible et au plus tard au cours du premier jour ouvrable suivant l'exécution de l'ordre;Avant la fin du mois en cours;Sous 5 jours ouvrés à compter de l'exécution de l'ordre;A;A;;Récente (n° ≥ 2553);;;manuel/06-relations-clients.md
2704;6;6.2;A;Le client doit :;Etre informé de tous les droits, commissions et avantages que l'enteprise a reçus en rapport avec le service d'investissement fourni;Verser à l'enteprise des avantages pécuniaires en sus de ceux prévus au contrat;Payer des droits d'entrée pour tout investissement réalisé seulement si il est catégorisé comme contrepartie éligbile;A;A;;Récente (n° ≥ 2553);;;manuel/06-relations-clients.md
738;6;6.3;A;Quel est l'objectif de l'évaluation de l'adéquation réalisée par les prestataires de services d'investissement dans le cadre de la fourniture de services d'investissement de gestion de portefeuille pour le compte de tiers à des clients?;Permettre à ces prestataires d'agir au mieux des intérêts de leurs clients;Amener leurs clients à décider par eux-mêmes du caractère adéquat ou non d'un investissement;Faire peser sur le client la responsabilité de la reconnaissance du caractère adéquat d'un investissement;A;A;Position AMF DOC-2019-03 et Orientations de l'ESMA concernant certains aspects relatifs aux exigences d'adéquation de la directive MiFID II (ESMA35-43-1163), Orientation générale nº 1 (§15);V4 (fév. 2021);;;manuel/06-relations-clients.md
743;6;6.3;A;Que doit faire le PSI lorsqu'un client qui veut bénéficier du service de conseil en investissement refuse de communiquer les informations requises ?;S'abstenir de fournir le service demandé;Mettre en garde le client, mais lui fournir le service demandé;Ne fournir le service qu'après que le client ait signé une lettre de décharge;A;A;Position AMF - DOC-2013-02 mise à jour en novembre 2014 (§ 2.4);V4 (fév. 2021);;;manuel/06-relations-clients.md
757;6;6.3;A;Que doit faire un prestataire de services d'investissement si son client qui a sollicité un conseil en investissement financier ne lui fournit pas les informations demandées ?;Il doit noter les références de sa demande dans son dossier pour être dégagé de toute responsabilité;Il peut présumer que son client prendra sa décision d'investissement en toute connaissance de cause s'il n'a pas répondu à ses demandes;Il doit s'abstenir de recommander à ce client des instruments financiers ou de gérer son portefeuille;C;C;C. mon. fin., art. L. 533-13 § 3.;V4 (fév. 2021);;;manuel/06-relations-clients.md
760;6;6.3;A;"Les prestataires de services d'investissement doivent recueillir les ""informations nécessaires"" concernant les connaissances, l'expérience, la situation financière et les objectifs d'investissement du client :";Toujours avant la fourniture des services de gestion de portefeuille pour le compte de tiers;"Avant la fourniture des services de gestion de portefeuille pour le compte de tiers uniquement si le client est catégorisé ""non professionnel""";Au plus tard 15 jours calendaires suivant la fourniture des services de gestion de portefeuille pour le compte de tiers;A;A;Position Position AMF DOC-2019-03 et Orientations de l'ESMA concernant certains aspects relatifs aux exigences d'adéquation de la directive MiFID II (ESMA35-43-1163), Orientation générale nº 3, §33;V4 (fév. 2021);;;manuel/06-relations-clients.md
764;6;6.3;A;Concernant les informations recueillies sur le client, de quoi doit s'assurer le PSI ?;Que le questionnaire est compréhensible et permet de fixer une tarification sur les services proposés;Que le questionnaire est compréhensible et autorise à passer les ordres de bourse;Que le questionnaire est compréhensible et permet d'évaluer l'adéquation des produits ou services proposés;C;C;RG AMF - 325-8 - VI - 3°;V4 (fév. 2021);;;manuel/06-relations-clients.md
800;6;6.3;A;Le test de caractère approprié pratiqué par un Prestataire de Services d'Investissement auprès de son client est facultatif lorsqu'il porte sur :;Un client professionnel par nature;L'exécution simple des ordres;Un client dont le total de bilan est supérieur à 20 millions d'euros;B;B;ArtL533-13-IIICMF;V4 (fév. 2021);;;manuel/06-relations-clients.md
801;6;6.3;A;Lorsqu'un PSI propose des services d'investissement autres que l'exécution simple à un client non professionnel, quelles informations doit-il recueillir ?;Les coordonnées de son employeur;Les informations inscrites au Fichier des Incidents de remboursement des Crédits aux Particuliers (FICP);Les informations sur ses connaissances et son expérience en matière d'instruments financiers;C;C;Orientations générales de l'ESMA en matière d'adéquation de la Directive MIF2 (06/11/2018 | ESMA35-43-1163 FR) Orientation générale N°3 - points 33 et suivants (36-38 par ex);V4 (fév. 2021);;;manuel/06-relations-clients.md
912;6;6.3;A;Dans quel cas le PSI qui fournit un service d'exécution ou de réception-transmission d'ordres est exempté de procéder au test de caractère approprié ?;Le client l'a exonéré expressément de cette obligation dans la convention de services;Le service est à l'initiative du client et porte sur des instruments financiers non complexes;Le service n'est pas fourni à l'initiative du client;B;B;Art L533-13 du CMF;V4 (fév. 2021);;;manuel/06-relations-clients.md
914;6;6.3;A;Face à un client non professionnel, pour quel service d'investissement le PSI doit-il réaliser un test d'adéquation ?;L'exécution simple d'ordres;La réception et la transmission d'ordres;La gestion de portefeuille;C;C;Orientations ESMA concernant certains aspects relatifs aux exigences d'adéquation de la directive MiFID II - 06/11/2018 | ESMA35-43-1163 FR (partie I);V4 (fév. 2021);;;manuel/06-relations-clients.md
916;6;6.3;A;Dans quel cas le PSI n'est-il pas tenu d'évaluer si l'instrument financier ou le service est adapté au client ?;Lors de la fourniture du service d'exécution simple des ordres;Lors de la fourniture d'un instrument financier ou d'un service par téléphone;Lors de la fourniture d'un instrument financier ou d'un service à une personne morale;A;A;CMF - 3° du III de l'article L. 533-13;V4 (fév. 2021);;;manuel/06-relations-clients.md
917;6;6.3;A;Un prestataire de services d'investissement (PSI) qui n'a pas obtenu les renseignements suffisants pour évaluer le caractère adéquat du service de conseil en investissement ou de gestion de portefeuille peut-il tout de même fournir ces services ?;Oui, si le client signe une décharge dégageant le prestataire de toute responsabilité;Non, le prestataire doit s'abstenir de fournir ces deux types de services;Non, le prestataire doit alors déléguer la fourniture de ces services à un organisme spécialement habilité à cet effet par l'AMF;B;B;point 8 de l'art 54 du RÈGLEMENT DÉLÉGUÉ (UE) 2017/565 DE LA COMMISSION du 25 avril 2016;V4 (fév. 2021);;;manuel/06-relations-clients.md
918;6;6.3;A;Pour un client non professionnel, quel service d'investissement nécessite, notamment, un test d'adéquation ?;Le conseil en investissement;L'exécution d'un ordre d'achat en bourse sur une action cotée;L'exécution d'un ordre de vente en bourse sur une action cotée;A;A;Orientations ESMA concernant certains aspects relatifs aux exigences d'adéquation de la directive MiFID II - 06/11/2018 | ESMA35-43-1163 FR (partie I);V4 (fév. 2021);;;manuel/06-relations-clients.md
920;6;6.3;A;Que doit faire le PSI quand le client refuse de lui fournir les informations nécessaires pour le test d'adéquation ?;S'abstenir de fournir le service d'investissement;Mettre en garde le client;Offrir au client un délai de réflexion;A;A;reglement UE 2017/565 - art 54;V4 (fév. 2021);;;manuel/06-relations-clients.md
922;6;6.3;A;Dans le cadre de la relation client, le test d'adéquation s'applique :;Uniquement aux clients non professionnels;A la gestion de portefeuille et au conseil en investissement;A l'exécution simple;B;B;Article L533-13 du code monétaire et financier, paragraphe I faisant référence aux points 4 et 5 de l'article L 321-1 du code monétaire et financier;V4 (fév. 2021);;;manuel/06-relations-clients.md
925;6;6.3;A;Concernant le test d'adéquation, quel type d'information doit permettre de vérifier si le client est financièrement capable de faire face aux risques ?;Le but de l'investissement;L'existence de pertes et gains déjà réalisées dans le passé;La capacité du client à subir des pertes;C;C;Orientations ESMA concernant certains aspects relatifs aux exigences d'adéquation de la directive MiFID II - 06/11/2018 | ESMA35-43-1163 FR (Orientation générale N°2 § 27) + Art L533-13 du CMF;V4 (fév. 2021);;;manuel/06-relations-clients.md
926;6;6.3;A;Le régime d'exécution simple d'ordres concerne :;Uniquement les instruments financiers non complexes;Exclusivement des actions;Uniquement les actions admises sur un marché réglementé;A;A;CMF art. L. 533-13-III;V4 (fév. 2021);;;manuel/06-relations-clients.md
927;6;6.3;A;Le délai dont dispose le prestataire de services d'investissement (PSI) pour vérifier qu'un vendeur nouvellement recruté justifie du niveau de connaissances minimales est de :;Un mois à partir de la date à laquelle le collaborateur concerné commence à exercer;Trois mois à partir de la date à laquelle le collaborateur concerné commence à exercer;Six mois à partir de la date à laquelle le collaborateur concerné commence à exercer;C;C;RG AMF Article 314-9;V4 (fév. 2021);;;manuel/06-relations-clients.md
928;6;6.3;A;Un client qui possède l'expérience et les connaissances nécessaires pour comprendre les risques inhérents à la transaction recommandée ou au service de gestion de portefeuille fourni:;Est par conséquent toujours réputé en connaître le caractère adéquat;N'est pas réputé en connaître le caractère adéquat;Est par conséquent parfois réputé en connaître le caractère adéquat;B;B;CMF 533-13;V4 (fév. 2021);;;manuel/06-relations-clients.md
929;6;6.3;A;L'évaluation de l'adéquation réalisée afin de pouvoir recommander aux clients des produits ou des services adéquats relève de la responsabilité :;Du prestataire de services d'investissement;De l'AMF;Des clients;A;A;Position AMF DOC-2019-03 et Orientations de l'ESMA concernant certains aspects relatifs aux exigences d'adéquation de la directive MiFID II (ESMA35-43-1163), Orientation générale nº 1 (§15);V4 (fév. 2021);;;manuel/06-relations-clients.md
930;6;6.3;A;En cas de conseil en investissement portant sur une offre groupée de produits ou services, le test d'adéquation :;Est supprimé;Ne porte que sur le produit ou service principal;Porte sur l'ensemble de l'offre groupée;C;C;Article L533-13 du code monétaire et financier, paragraphe I;V4 (fév. 2021);;;manuel/06-relations-clients.md
931;6;6.3;A;"Pour un PSI, servir au mieux ""l'intérêt du client"" repose sur quel type d'obligation ?";Une obligation de résultat;Une obligation de moyens;Une obligation de performance;B;B;RG AMF 314-3;V4 (fév. 2021);;;manuel/06-relations-clients.md
933;6;6.3;A;Dans quelle directive est mentionnée l'obligation d'agir au mieux des intérêts des clients ?;Abus de Marché;Normes Comptables IAS;MIF 1 (Marchés d'Instruments Financiers) renforcé par MIF 2;C;C;Directive MIF 2004/39/CE et ses mesures d'exécution Directive 2006/73/CE;V4 (fév. 2021);;;manuel/06-relations-clients.md
935;6;6.3;A;Quand un prestataire de conseils en investissement indépendant perçoit une rémunération d'un producteur, il doit :;La refuser;La reverser à son client;La conserver en informant mensuellement le régulateur;B;B;24-7 Directive 2014/65/UE;V4 (fév. 2021);;;manuel/06-relations-clients.md
937;6;6.3;A;Quelles sont les informations que le prestataire de services d'investissement, autre qu'une société de gestion de portefeuille, doit recueillir auprès de son client en vue de lui fournir un service de conseil en investissement adapté ?;Celles qu'il juge opportunes, cette précision n'étant apportée par aucun texte en vigueur;Celles relatives à ses connaissances et son expérience en matière d'investissement uniquement;Celles relatives à sa situation financière, ses objectifs d'investissement, ses connaissances et expériences en matière d'investissement ainsi que sa capacité à subir des pertes et sa tolérance au risque;C;C;Article L533-13, I du CMF et L 321-1, 5 du CMF;V4 (fév. 2021);;;manuel/06-relations-clients.md
939;6;6.3;A;Le prestataire de services d'investissement doit s'assurer que les personnes qui assurent des conseils pour son compte disposent des connaissances minimales dans les 6 mois de la prise de fonction. Lorsqu'il s'agit de formation en alternance :;Le prestataire doit vérifier les connaissances avant que la moitié de la période de formation soit dépassée, par ex, 3 mois pour une formation de 6 mois;Le prestataire peut ne pas procéder à la vérification;La vérification des connaissances doit être réalisée dans les 6 mois;B;B;Art.314-9 RG AMF;V4 (fév. 2021);;;manuel/06-relations-clients.md
940;6;6.3;A;Réglementairement, le régime d'exécution simple des ordres, sans test d'appropriation :;Peut porter sur tous les instruments financiers;Ne concerne que les produits dérivés;Porte uniquement sur des instruments non complexes et uniquement pour les ordres à l'initiative du client;C;C;Article L533-13, paragraphe III du code monétaire et financier;V4 (fév. 2021);;;manuel/06-relations-clients.md
942;6;6.3;A;De quelle manière les prestataires de services d'investissement doivent-ils informer leurs clients que l'évaluation de l'adéquation a pour objectif de permettre au prestataire d'agir au mieux de leurs intérêts ?;De manière claire et simple;De manière rapide et technique;De manière succincte et simplifiée;A;A;Position AMF DOC-2019-03 et Orientations de l'ESMA concernant certains aspects relatifs aux exigences d'adéquation de la directive MiFID II (ESMA35-43-1163) Orientation générale nº 1 §15;V4 (fév. 2021);;;manuel/06-relations-clients.md
943;6;6.3;A;Lorsqu'un nouveau conseiller qui devra informer et conseiller les clients en vue de transactions sur instruments financiers est recruté par un PSI, la vérification des connaissances minimales de l'AMF doit avoir lieu au plus tard :;6 mois après le recrutement;2 ans après le recrutement;5 ans après le recrutement;A;A;RG AMF D314-9/10;V4 (fév. 2021);;;manuel/06-relations-clients.md
944;6;6.3;A;Les avantages perçus par un conseiller lors de la fourniture d'un service d'investissement sont encadrés. Quel avantage est considéré mineur et donc acceptable parmi les suivants :;L'invitation à une conférence de formation sur un instrument financier;Une invitation à un spectacle culturel ou sportif pour un budget raisonnable;La mise à disposition d'une voiture de fonction;A;A;Art.314-20 RG AMF;V4 (fév. 2021);;;manuel/06-relations-clients.md
945;6;6.3;A;Comment une recommandation personnalisée doit-elle être présentée au client ?;"Elle doit lui être présentée par lettre recommandée avec accusé de réception ; le client ne peut pas accepter la recommandation avant l'expiration d'un délai de 48 heures à compter de la réception de la lettre";Elle doit lui être présentée comme étant adaptée à sa situation, ou fondée sur l'examen de sa situation propre;Elle doit lui être présentée par un collaborateur ayant au minimum trois ans d'expérience dans la profession ou par un mandataire social de la société prestataire de services d'investissement;B;B;C. mon. fin., art. D. 321-1 / - RG AMF, art. 325-17 / Position - recommandation AMF n° 2008-23 actualisée- Questions-réponses sur l'exercice du service d'investissement de conseil en investissement.;V4 (fév. 2021);;;manuel/06-relations-clients.md
946;6;6.3;A;Si un PSI est dans l'impossibilité de réaliser le test d'adéquation réglementaire, il peut seulement rendre le service :;De conseil en investissement;Gestion sous mandat;De crédit immobilier;C;C;Article L533-13 du code monétaire et financier, paragraphe I faisant référence au point 5 de l'article L 321-1 du code monétaire et financier;V4 (fév. 2021);;;manuel/06-relations-clients.md
948;6;6.3;A;Dans le cas d'un client qui refuse de communiquer des informations sur sa situation financière, le prestataire :;Ne doit pas lui fournir le service de gestion de portefeuille pour compte de tiers;Met en garde son client, avant de lui fournir le service de gestion de portefeuille pour compte de tiers;Peut lui fournir le service de gestion de portefeuille pour compte de tiers;A;A;Articles L533-13 CMF;V4 (fév. 2021);;;manuel/06-relations-clients.md
950;6;6.3;A;Quels sont les deux tests qui permettent aux PSI de formaliser leurs diligences règlementaires vis-à-vis de leurs clients ?;Le test d'adéquation et le test de connaissance;Le test d'adéquation et le test de caractère approprié;Le test d'adéquation et le test d'expérience;B;B;Art 25 de la Directive MIF2 2014/65/UE;V4 (fév. 2021);;;manuel/06-relations-clients.md
951;6;6.3;A;Parmi ces objectifs, lequel répond à l'obligation du PSI d'agir de manière honnête, loyale et professionnelle ?;Recruter des collaborateurs ayant des aptitudes commerciales;Servir au mieux les intérêts du client;Mettre à la charge du client la preuve qu'il a été mal conseillé;B;B;Art 24-1 de la Directive MIF2 2014/65/UE;V4 (fév. 2021);;;manuel/06-relations-clients.md
952;6;6.3;A;Avant de fournir un conseil en investissement à un client non-professionnel, le Prestataire de Services d'Investissement (PSI) doit évaluer :;Ses objectifs d'investissement, sa situation financière;Son expérience et ses connaissances pour appréhender les risques;Ses objectifs d'investissement, sa situation financière (notamment sa capacité à subir des pertes), son expérience et ses connaissances pour appréhender les risques;C;C;Orientations ESMA 35-43-620 §16 et 21 - CMF - Art D 533-4 - AMAFI Guide de mise en œuvre MIF 2 Gouvernance et produits;V4 (fév. 2021);;;manuel/06-relations-clients.md
953;6;6.3;A;Comment le PSI détermine-t-il l'étendue des informations à collecter auprès de la clientèle ?;L'étendue des informations collectées peut être variable, notamment en fonction de la complexité du produit financier proposé;L'étendue des informations collectées est fixe quel que soit le service ou le produit proposé;L'étendue des informations collectées peut être variable en fonction de la catégorie socio professionnelle du client;A;A;Orientations ESMA concernant certains aspects relatifs aux exigences d'adéquation de la directive MiFID II - 06/11/2018 | ESMA35-43-1163 FR (Orientation générale N°3 § 33);V4 (fév. 2021);;;manuel/06-relations-clients.md
955;6;6.3;A;En vue de fournir un service autre que le conseil en investissement ou la gestion de portefeuille pour le compte de tiers, le Prestataire de Services d'Investissement doit s'enquérir auprès de son client notamment potentiel, de ses connaissance et expérience en matière d'investissement. Dans quel but ?;Pour savoir s'il accepte les frais encourus sur l'opération;Pour savoir s'il accepte la durée de l'investissement uniquement;Pour déterminer si le service ou le produit proposé est approprié au profil investisseur du client;C;C;CMF art. L. 533-13-II;V4 (fév. 2021);;;manuel/06-relations-clients.md
1006;6;6.3;A;Le Règlement général de l'AMF encadre les rémunérations versées ou perçues par les prestataires de services d'investissement afin de les rendre compatibles avec leur obligation d'agir au mieux des intérêts du client. Quels sont les éléments de rémunération concernés ?;Cette réglementation concerne uniquement les rémunérations monétaires et les commissions;Cette réglementation concerne uniquement les avantages en nature;Cette réglementation concerne les rémunérations monétaires, les commissions ainsi que les avantages non monétaires;C;C;RG AMF, art. 314-42.;V4 (fév. 2021);;;manuel/06-relations-clients.md
1033;6;6.3;A;Comment le service de conseil en investissement délivré de manière indépendante peut-il être rémunéré ?;Uniquement par le client, sous forme d'honoraires ou de commissions;Uniquement par des versements réalisés par des tiers;Par des commissions et honoraires versés indifféremment par le client ou par des tiers;A;A;Articles L533 12-2 à 12-4 du CMF + Guide sur MIF2 pour les SGP publié le 16 mars 2016 et modifié le 6/2/2017 (Fiche N°3);V4 (fév. 2021);;;manuel/06-relations-clients.md
1133;6;6.3;A;L'évaluation des connaissances des vendeurs travaillant pour le compte d'un PSI doit être effectuée sous quel délai ?;Dans l'année suivant leur entrée en fonction;Dans les 6 mois suivant leur entrée en fonction;Dans les 3 mois suivant leur entrée en fonction;B;B;RG AMF article 314-10;V4 (fév. 2021);;;manuel/06-relations-clients.md
1142;6;6.3;A;Pour agir au mieux des intérêts du client, le Conseiller en Investissement Financier (CIF) doit indiquer dans une lettre de mission la nature et les modalités de la prestation comprenant :;L'ensemble des solutions d'investissement préconisées au client;Le montant des rétrocessions touchées par le cabinet en valeur absolue;La prise de connaissance par le client du document d'entrée en relation présentant le Conseiller, la nature et les modalités de la prestation, les modalités de rémunération;C;C;RGAMF art. 325-6;V4 (fév. 2021);;;manuel/06-relations-clients.md
1154;6;6.3;A;Quelle règle s'applique lorsque les recommandations personnalisées orientent un client vers un produit illiquide ?;La recommandation doit permettre une rémunération étalée dans le temps pour le PSI et pour le conseiller de clientèle;La recommandation doit être accompagnée d'une offre de crédit permanent permettant de gérer un éventuel besoin de trésorerie;La recommandation doit tenir compte de la durée pendant laquelle le client est prêt à conserver le placement;C;C;Position AMF 2012-13 § 8.2.d;V4 (fév. 2021);;;manuel/06-relations-clients.md
1181;6;6.3;A;Dans le cadre d 'une prestation de conseil en investissement non-indépendant, le prestataire pourra-t-il conserver d 'éventuelles rétrocessions de commission versées par les producteurs des fonds ou instruments qu 'il recommandera à son client, si ce dernier y souscrit où les achète ?;Oui mais à la condition que le client en soit informé;Non c 'est un conflit d 'intérêt manifeste interdit par MIF2;Oui mais il devra en reverser au moins la moitié à son client;A;A;POSITION AMF DOC- 2019-03 EXIGENCES D'ADEQUATION DE LA DIRECTIVE MIFID II Textes de référence : I de l 'article L. 533-13 du CMF et articles 54 et 55 du règlement délégué (UE) 2017/565 de la Commission du 25 avril 2016;V4 (fév. 2021);;;manuel/06-relations-clients.md
1184;6;6.3;A;Dans le cadre d 'un conseil en investissement, avant de recommander un instrument financier à un client professionnel par nature, un Prestataire de Services d'Investissement doit recueillir des informations pour vérifier :;Que l 'instrument financier répond à ses objectifs d 'investissement y compris à sa tolérance au risque;Qu'il possède l 'expérience et les connaissances pour comprendre les risques liés à l 'instrument financier;Qu'il est financièrement en mesure de faire face aux risques et pertes possibles liés à l 'instrument financier;A;A;Article 54 du RÈGLEMENT DÉLÉGUÉ (UE) 2017/565 DE LA COMMISSION du 25 avril 2016 Article L533-13 du CMF POSITION AMF DOC- 2019-03 EXIGENCES D'ADEQUATION DE LA DIRECTIVE MIFID II Textes de référence : I de l 'article L. 533-13 du CMF et articles 54 et 55 du;V4 (fév. 2021);;;manuel/06-relations-clients.md
2616;6;6.3;A;Les prestataires de services d'investissement qui reçoivent des rémunérations, commissions ou avantages non monétaires en rapport avec la fourniture d’un service d’investissement ou d’un service connexe :;Doivent fournir au moins une fois par an à leurs clients une information individualisée portant sur le montant réel du ou des paiements ou avantages reçus;Doivent fournir tous les 6 mois à leurs clients une information individualisée portant sur le montant réel du ou des paiements ou avantages reçus;Doivent fournir tous les 3 mois à leurs clients une information individualisée portant sur le montant réel du ou des paiements ou avantages reçus;A;A;;Récente (n° ≥ 2553);;;manuel/06-relations-clients.md
2658;6;6.3;A;Le PSI doit indiquer au client si le conseil en investissement est fourni de manière indépendante :;Seulement si le client le demande;A posteriori de la fourniture du service;Avant la fourniture du service;C;C;;Récente (n° ≥ 2553);;;manuel/06-relations-clients.md
2662;6;6.3;A;Le PSI fournissant le service de gestion de portefeuille pour le compte de tiers doit communiquer à son client un récapitulatif personnalisé et consolidé de l’ensemble des coûts et charges ayant impacté la performance du portefeuille à une périodicité :;Mensuelle;Trimestrielle;Annuelle;C;C;;Récente (n° ≥ 2553);;;manuel/06-relations-clients.md
2696;6;6.3;A;Le PSI doit vérifier que :;Les vendeurs jusitifent du niveau de connaissances maximales;Les vendeurs jusitifient du niveau de connaissances minimales;Les vendeurs n'ont pas besoin d'un niveau de connaissances minimales;B;B;;Récente (n° ≥ 2553);;;manuel/06-relations-clients.md
2707;6;6.3;A;Tout avantage non monétaire mineur :;Est divulgué au client seulement s'il le demande par écrit;Est divulgué au client avant la fourniture du service d'investissement concerné;Est divulgué au client, mais peu importe le moment eu égard à son caractère mineur;B;B;;Récente (n° ≥ 2553);;;manuel/06-relations-clients.md
2708;6;6.3;A;Les PSI se procurent les informations nécessaires concernant les connaissances et l'expérience de leurs clients en matière d'investissement, leur situation financière et leurs objectifs d'investissement de manière à pouvoir leur recommander :;Les services d'investissement et les instruments financiers appropriés à leurs portefeuilles;Les services d'investissement et les instruments financiers adéquats et adaptés à leur tolérance au risque et à leur capacité à subir des pertes;Les services d'investissement et les instruments financiers parmi ceux disponibles à la commercialisation;B;B;;Récente (n° ≥ 2553);;;manuel/06-relations-clients.md
858;6;6.4;A;Lorsqu'un Prestataire de Services d'Investissement transmet à un autre prestataire des ordres pour exécution :;Le PSI n'est pas tenu de revoir annuellement la politique de meilleure exécution mise en place;Le Prestataire de Services d'Investissement est assujeti à une obligation de meilleure exécution des ordres;Le Prestataire de Services d'Investissement est tenu de sélectionner, dans le cadre de sa politique de meilleure sélection, pour chaque classe d'instruments financiers, les prestataires auxquels seront transmis les ordres pour exécution;C;C;RGAMF art. 321-114 et 321-115;V4 (fév. 2021);;;manuel/06-relations-clients.md
956;6;6.4;A;La politique d'exécution des ordres définie par un prestataire de services d'investissements autre qu'une société de gestion de portefeuille :;Doit lui permettre d'obtenir, pour les ordres de ses clients, le meilleur résultat possible;Relève du secret des affaires: les clients n'ont pas à en être informés;Ne peut pas prévoir que l'exécution des ordres des clients sera effectuée en dehors d'un marché réglementé ou d'un système multilatéral de négociation;A;A;Article L533-18 du CMF, I et III;V4 (fév. 2021);;;manuel/06-relations-clients.md
957;6;6.4;A;"Dans le cadre de la ""Best execution"" , quel critère permet entre autres, d'obtenir le meilleur résultat possible pour son client ?";Le coût total d'une transaction;Euronext Paris comme lieu d'exécution privilégié;La qualité de l'avis d'opéré;A;A;MIF COMOFI RG AMF LIVRE III POSITION RECOMMANDATION AMF 2014-07;V4 (fév. 2021);;;manuel/06-relations-clients.md
959;6;6.4;A;L'exécution d'un ordre d'un client en dehors d'une plateforme de négociation :;N'est pas possible;Est possible sans accord préalable du client;Nécessite le consentement préalable exprès du client, sous forme d'un accord général ou à chaque transaction;C;C;Article L533-18 du code monétaire et financier, paragraphe III;V4 (fév. 2021);;;manuel/06-relations-clients.md
960;6;6.4;A;La politique d'exécution d'un PSI inclut, entre autres :;La politique d'exercice des droits de vote;La tarification des droits de garde;La détermination des lieux d'exécution;C;C;MIF COMOFI RG AMF LIVRE III POSITION RECOMMANDATION AMF 2014-07;V4 (fév. 2021);;;manuel/06-relations-clients.md
961;6;6.4;A;Le PSI doit mettre en place une politique de sélection des intermédiaires. Celle-ci :;Est réexaminée tous les ans;Est réexaminée tous les 2 ans;Est réexaminée tous les 5 ans;A;A;RG AMF 321-114;V4 (fév. 2021);;;manuel/06-relations-clients.md
962;6;6.4;A;L'obligation d'obtenir le meilleur résultat possible par le prestataire de services d'investissement (PSI) s'applique :;A tous les instruments financiers;Uniquement pour les produits dérivés;Uniquement pour les actions;A;A;Articles L533-18 CMF;V4 (fév. 2021);;;manuel/06-relations-clients.md
963;6;6.4;A;Dans le cadre de l'exécution des ordres des clients en dehors d'une plate-forme de négociation :;Le prestataire de services d'investissement n'est pas tenu d'informer ses clients de cette possibilité;Le prestataire de services d'investissement est tenu uniquement d'informer ses clients après l'exécution des ordres;Le prestataire de services d'investissement doit obtenir le consentement préalable exprès de ses clients avant de procéder à l'exécution des ordres;C;C;Articles L533-18 CMF;V4 (fév. 2021);;;manuel/06-relations-clients.md
964;6;6.4;A;"Dans quel cas le PSI est exonéré de son obligation de ""best execution"" ?";Lorsque l'ordre porte sur un instrument financier non complexe;Lorsque le client est classé dans la catégorie des clients professionnels;Lorsque le PSI exécute un ordre en suivant les instructions spécifiques de son client;C;C;MIF COMOFI RG AMF LIVRE III POSITION RECOMMANDATION AMF 2014-07;V4 (fév. 2021);;;manuel/06-relations-clients.md
965;6;6.4;A;Lorsque le PSI qui fournit le service de gestion de portefeuille ou qui gère un OPCVM transmet des ordres à un intermédiaire :;Il doit s'assurer que le choix de cet intermédiaire procure le meilleur résultat pour son client;Il ne doit pas prendre en compte les coûts de transactions facturés par cet intermédiaire;Il doit avoir le consentement préalable de son client sur le choix de cet intermédiaire;A;A;CMF L533-18 et suivants;V4 (fév. 2021);;;manuel/06-relations-clients.md
966;6;6.4;A;"Qu'impose l'obligation de ""meilleure exécution"" au PSI ?";L'obligation de mettre en œuvre tous les moyens possibles pour garantir les meilleures conditions en termes de prix, rapidité et montants;L'obligation de mettre en œuvre tous les moyens possibles pour garantir le délai d'éxécution;L'obligation de mettre tous les moyens en œuvre pour garantir le meilleur résultat en termes de marge;A;A;CMF L533-18;V4 (fév. 2021);;;manuel/06-relations-clients.md
967;6;6.4;A;A quelle fréquence le PSI réexamine-t-il sa politique de sélection des intermédiaires ?;Annuellement et à chaque modification substantielle;Tous les deux ans, sauf modification substantielle;Une fois par an uniquement;A;A;Article 65.7 du Règlement délégué de la commission européenne du 25/04/2016 complétant MIF2;V4 (fév. 2021);;;manuel/06-relations-clients.md
968;6;6.4;A;Avant de procéder à l'exécution des ordres de leurs clients en dehors d'une plate-forme de négociation, les prestataires de services d'investissement autres que les sociétés de gestion de portefeuille doivent :;Obtenir le consentement préalable exprès de leurs clients;Obtenir le consentement préalable exprès de l'AMF;Obtenir le consentement préalable exprès de leur assureur en responsabilité civile professionnelle;A;A;Article L533-18, III, al 3 CMF;V4 (fév. 2021);;;manuel/06-relations-clients.md
970;6;6.4;A;Quelle est l'obligation des prestataires de services d'investissement (PSI) en matière de politique d'exécution des ordres ?;Les prestataires de services d'investissement fournissent des informations appropriées à Euronext sur leur politique d'exécution des ordres;Les prestataires présentent chaque année à leurs clients leurs obligations légales et réglementaires en matière de politique d'exécution des ordres;Les prestataires de services d'investissement obtiennent le consentement préalable de leurs clients sur leur politique d'exécution des ordres;C;C;Règlement (UE) n° 2017/565, art 58 et s. / C. mon. fin., art. L 533-18 III et 314-10-1 / Position - recommandation AMF n°2014 - 07 Guide relatif à la meilleure exécution.;V4 (fév. 2021);;;manuel/06-relations-clients.md
971;6;6.4;A;Lorsque les PSI exécutent des ordres pour le compte de clients non professionnels, la meilleure exécution se base sur :;Le coût total de l'instrument financier;Les frais d'exécution uniquement;Le cours uniquement;A;A;Article L533-18 du code monétaire et financier, paragraphe I;V4 (fév. 2021);;;manuel/06-relations-clients.md
972;6;6.4;A;Dès qu'un prestataire gérant un OPCVM a connaissance de l'exécution d'un ordre, il transmet au dépositaire de l'OPCVM l'affectation précise des bénéficiaires de cette exécution;Cette affectation peut être modifiée en fonction de l'étroitesse du marché ou de la nature du lieu d'exécution;Cette affectation est définitive;Cette affectation est facultative;B;B;Directive MIF 2004/39/CE - RGAMF art. 314-12;V4 (fév. 2021);;;manuel/06-relations-clients.md
973;6;6.4;A;Dans le cadre de l'exécution des ordres pour le compte de clients non professionnels, le meilleur résultat possible est déterminé :;Sur la base du prix de l'instrument financier;Sur la base du prix de l'instrument financier augmenté des frais de compensation;Sur la base du coût total incluant toutes les dépenses liées à l'exécution de l'ordre;C;C;Articles L533-18 CMF;V4 (fév. 2021);;;manuel/06-relations-clients.md
974;6;6.4;A;"Quels sont les critères retenus pour définir la ""meilleure exécution"" ?";Les évaluations des internautes sur les lieux d'exécution des ordres (marché réglementé ou SMN);Le prix, le coût, la rapidité et la probabilité d'exécution et de règlement;La relation de capital entre le PSI et l'entreprise de marché ou le SMN où se fera l'exécution;B;B;Article L 533-18 du CMF;V4 (fév. 2021);;;manuel/06-relations-clients.md
975;6;6.4;A;La politique de sélection des intermédiaires utilisés par une société de gestion pour l'exécution d'ordres pour le compte de ses OPCVM :;Ne peut être communiquée aux porteurs de parts car elle est confidentielle;N'est communiquée qu'aux porteurs de parts ayant le statut de clients professionnels;Figure dans son rapport de gestion;C;C;Article 321-114 du règlement général de l'AMF;V4 (fév. 2021);;;manuel/06-relations-clients.md
976;6;6.4;A;Les procédures appliquées par les prestataires de services d'investissement, autres que les sociétés de gestion de portefeuille, en vue de fournir le service d'exécution d'ordres pour le compte de tiers :;Doivent garantir l'exécution rapide des ordres de leurs clients et de façon équitable par rapport aux ordres de leurs autres clients ou aux ordres pour leur propre compte;Doivent garantir l'exécution immédiate des ordres de leurs clients et privilégier les ordres pour leur compte propre par rapport aux ordres de leurs autres clients;Doivent garantir l'exécution instantanée des ordres de leurs clients et privilégier les ordres de leurs autres clients par rapport aux ordres pour leur compte propre;A;A;Article L533-19, I al 1 CMF;V4 (fév. 2021);;;manuel/06-relations-clients.md
977;6;6.4;A;"En quoi consiste une politique de meilleure sélection ( ""best selection"" ) ?";Sélectionner les lieux d'exécution où sont transmis les ordres de bourse;Sélectionner les intermédiaires auprès desquels les ordres sont transmis pour exécution;Sélectionner les systèmes de règlement-livraison des ordres exécutés;B;B;MIF COMOFI RG AMF LIVRE III POSITION RECOMMANDATION AMF 2014-07;V4 (fév. 2021);;;manuel/06-relations-clients.md
978;6;6.4;A;La politique de négociation des ordres peut prévoir que les ordres des clients soient exécutés hors d'un marché réglementé ou d'un système multilatéral de négociation (SMN). Dans ce cas, quelle est l'obligation spécifique des prestataires ?;Le prestataire est tenu de publier sa politique d'exécution des ordres dans un journal d'annonces légales;Le prestataire doit en informer ses clients ou prospects et obtenir leur consentement exprès avant de procéder à l'exécution de leurs ordres hors d'un marché réglementé ou d'un SMN;Le prestataire doit conclure un accord et externaliser ce service auprès d'un prestataire spécialement dédié à l'exécution des ordres en dehors des marchés réglementés ou des SMN;B;B;Règlement (UE) n° 2017/565, art. 58 et 66 et s., C. mon. fin., art. L 533-18 et s. / Position - recommandation AMF n°2014 - 07 Guide relatif à la meilleure exécution.Règlement (UE) n° 2017/565, art. 58 et 66 et s. / C. mon. fin., art. L 533-18 et s. / Position - recommandation AMF n°2014 - 07 Guide relatif à la meilleure exécution.;V4 (fév. 2021);;;manuel/06-relations-clients.md
979;6;6.4;A;"Un PSI (Prestataire en Services d'Investissement) est dégagé de son obligation de ""meilleure exécution"" quand :";Son client dépose une instruction spécifique;Son client ne donne pas d'indication de marché;Son client de donne pas de cours;A;A;Article 65(1) du RD MIF 2;V4 (fév. 2021);;;manuel/06-relations-clients.md
980;6;6.4;A;"Dans quel cas le PSI (Prestataire de Services d'Investissement) est dégagé de son obligation de ""best execution"" ?";Lorsque le PSI exécute un ordre en suivant les instructions spécifiques de son client;Lorsque l'ordre est exécuté sur un marché étranger;Lorsque le PSI exécute un ordre au meilleur prix;A;A;Article 64(2) du RD MIF 2;V4 (fév. 2021);;;manuel/06-relations-clients.md
982;6;6.4;A;Dans le cas où le PSI (Prestataire de Services d'Investissement) confie à des tiers intermédiaires l'exécution des ordres provenant de ses clients, il doit s'assurer :;"Que l'intermédiaire respecte ses règles de meilleure exécution ( ""best execution"" )";Que le client est aussi un client de l'intermédiaire;Le prestataire de service n'a aucune obligation de vérification;A;A;314-75 Règlement Général de l'AMF;V4 (fév. 2021);;;manuel/06-relations-clients.md
985;6;6.4;A;Le choix du lieu d'exécution d'un ordre par un PSI parmi la liste de ceux définis dans sa politique d'exécution :;Est totalement libre;Est fondé obligatoirement sur certains critères comme le prix et la rapidité d'exécution;Ne fait pas l'objet d'une communication écrite de la part du PSI;B;B;Article L533-18 du code monétaire et financier, paragraphe I;V4 (fév. 2021);;;manuel/06-relations-clients.md
986;6;6.4;A;Quelle obligation doit remplir la politique d'exécution des ordres d'un PSI ?;La politique d'exécution doit rester confidentielle pour préserver le PSI de la concurrence;La politique d'exécution des ordres doit être adaptée individuellement à chaque client;La politique d'exécution des ordres doit être approuvée par le client;C;C;reglement UE 2017/565 - art 66 / CMF L533-18 et suivants / recommandation AMF 2014-07;V4 (fév. 2021);;;manuel/06-relations-clients.md
987;6;6.4;A;Lorsque les ordres peuvent être exécutés en dehors d'un marché réglementé ou d'un système multilatéral de négociation (SMN) :;Le client doit l'accepter expressément;Le client est réputé l'avoir accepté au vu de la politique de meilleure exécution;Le prestataire doit s'abstenir de traiter l'ordre en dehors d'un marché réglementé ou d'un SMN;A;A;Art. L 533-18 du CMF;V4 (fév. 2021);;;manuel/06-relations-clients.md
988;6;6.4;A;Lorsque les prestataires de services d'investissement autres que les sociétés de gestion de portefeuille exécutent des ordres pour le compte de clients non professionnels, sur quelle base le meilleur résultat possible est-il déterminé ?;Sur la base du coût total;Sur la base du seul prix de l'instrument financier;Sur la base choisie librement par le prestataire;A;A;Article L533-18, I, al 2 CMF;V4 (fév. 2021);;;manuel/06-relations-clients.md
989;6;6.4;A;En cas de litige entre un PSI et son client sur l'exécution d'un ordre, le PSI :;Doit pouvoir démontrer qu'il a exécuté son ordre conformément à sa politique d'exécution;Doit obligatoirement en informer l'AMF;Doit mettre le client en relation avec le gestionnaire du système de cotation sur lequel l'ordre a été exécuté;A;A;Article L533-18 du code monétaire et financier, paragraphe IV;V4 (fév. 2021);;;manuel/06-relations-clients.md
990;6;6.4;A;Le principe général que doivent adopter les PSI lors de l'exécution des ordres est de rechercher le meilleur résultat possible :;Pour les contreparties éligibles;Pour les clients professionnels;Pour tous les clients;C;C;reglement UE 2017/565 - art 66 / CMF L533-18 et suivants / recommandation AMF 2014-07;V4 (fév. 2021);;;manuel/06-relations-clients.md
992;6;6.4;A;En cas d'instruction spécifique donnée par son client pour l'exécution d'un ordre :;Le PSI doit rejeter cette instruction pour protéger le client, même si l'ordre peut être exécuté;Le PSI doit changer le lieu d'exécution souhaité par le client au profit de celui permettant de garantir la meilleure exécution;Le PSI doit exécuter l'ordre en suivant l'instruction du client, mais ce dernier ne bénéficie plus de la meilleure exécution;C;C;Article 65 du règlement délégué (UE) 2017/565 du 25 avril 2016 complétant la directive 2014/65/UE en ce qui concerne les exigences organisationnelles et les conditions d'exercice applicables aux entreprises d'investissement et la définition de certains termes aux fins de ladite directive;V4 (fév. 2021);;;manuel/06-relations-clients.md
993;6;6.4;A;En matière d'exécution des ordres, les prestataires de services d'investissement autres que les sociétés de gestion de portefeuille doivent-ils suivre les instructions spécifiques de leurs clients lorsqu'ils en donnent ?;Oui, l'ordre doit être exécuté en suivant ces instructions;Oui, seulement si ces instructions permettent d'obtenir, selon l'avis du prestataire, le meilleur résultat possible pour leurs clients;Non, les clients ne peuvent pas donner d'instructions spécifiques au prestataire en cette matière;A;A;Article L533-18, I, al 1 CMF;V4 (fév. 2021);;;manuel/06-relations-clients.md
994;6;6.4;A;Quelles sont les conditions de révision de la politique d'exécution des ordres du PSI ?;Il est autorisé uniquement à modifier sa politique en situation de crise ou de perturbations graves des marchés;Il peut changer sa politique d'exécution à tout moment afin de préserver ses intérêts;Il doit revoir annuellement la pertinence de sa politique;C;C;MIF COMOFI RG AMF LIVRE III POSITION RECOMMANDATION AMF 2014-07;V4 (fév. 2021);;;manuel/06-relations-clients.md
995;6;6.4;A;Que doit faire le PSI fournissant le service de réception et de transmission d'ordres lorsqu'il transmet des ordres de clients à d'autres entités pour exécution ?;"Il est tenu d'appliquer sa politique d'exécution des ordres (obligation de ""best execution"" )";"Il est tenu d'appliquer sa politique de sélection des intermédiaires (obligation de ""best selection"" )";"Il est tenu d'appliquer sa politique de réception des ordres (obligation de ""best registration"" )";B;B;MIF COMOFI RG AMF LIVRE III POSITION RECOMMANDATION AMF 2014-07;V4 (fév. 2021);;;manuel/06-relations-clients.md
997;6;6.4;A;Une politique d'exécution :;N'est pas tenue d'inclure des lieux d'exécution;Doit inclure plusieurs lieux d'exécution;Peut n'inclure qu'un seul lieu d'exécution à condition de démontrer que le meilleur résultat possible dans la plupart des cas est obtenu avec la plateforme sélectionnée;C;C;Position - recommandation AMF n° 2014-07 - Guide relatif à la meilleure exécution;V4 (fév. 2021);;;manuel/06-relations-clients.md
998;6;6.4;A;Parmi les propositions suivantes, laquelle caractérise le respect de l'obligation de la meilleure sélection de l'intermédiaire ?;Etablir et mettre en œuvre une politique de sélection des intermédiaires par type d'instruments financiers;Signer des accords avec les intermédiaires prévoyant le reversement de commissions au PSI donneur d'ordre;Retenir l'intermédiaire qui a les meilleurs résultats sans tenir compte du caractère professionnel ou non du client;A;A;MIF COMOFI RG AMF LIVRE III POSITION RECOMMANDATION AMF 2014-07;V4 (fév. 2021);;;manuel/06-relations-clients.md
999;6;6.4;A;Quelle obligation doit remplir la politique d'exécution des ordres d'un PSI ?;La politique d'exécution doit rester confidentielle pour préserver la concurrence;La politique d'exécution des ordres doit être réexaminée tous les deux ans, les éventuelles modifications apportées devant être signalées au client;La politique d'exécution des ordres doit être approuvée par le client préalablement à la transaction;C;C;MIF COMOFI RG AMF LIVRE III POSITION RECOMMANDATION AMF 2014-07;V4 (fév. 2021);;;manuel/06-relations-clients.md
1000;6;6.4;A;Le Prestataire de Services d'Investissement (PSI) qui n'exécute pas lui-même les ordres reçus ou résultant de ses décisions d'investissement, est tenu d'examiner sa politique de meilleure sélection des intermédiaires :;Au moins une fois tous les deux ans;Au moins une fois par an;Au moins une fois tous les cinq ans;B;B;RGAMF art. 321-113;V4 (fév. 2021);;;manuel/06-relations-clients.md
1134;6;6.4;A;Parmi les propositions suivantes, laquelle peut constituer un lieu d'exécution des ordres ?;Un internalisateur systématique;Une chambre de compensation;Un dépositaire central;A;A;RG AMF article 321-110;V4 (fév. 2021);;;manuel/06-relations-clients.md
1145;6;6.4;A;Dans le cadre de la meilleure exécution des ordres, parmi ces lieux, lesquels doivent faire l'objet d'un accord préalable du client ?;Les marchés règlementés;Les plateformes multilatérales de négociation;Les internalisateurs systématiques;C;C;L533-18 Code Monétaire et Financier;V4 (fév. 2021);;;manuel/06-relations-clients.md
1155;6;6.4;A;En matière de lieux d'exécution des ordres, quelle information le PSI fournit-il à ses clients non professionnels ?;La liste des lieux possibles d'exécution;La liste des lieux d'exécution auxquels il fait le plus confiance pour honorer ses obligations;La liste des marchés organisés et des SMN européens;B;B;Article 66.3 du Règlement délégué de la Commission européenne du 25/04/2016 complétant MIF2;V4 (fév. 2021);;;manuel/06-relations-clients.md
1176;6;6.4;A;Dans le cadre de services d 'exécution d 'ordres, quelle information, parmi les suivantes, le Prestataire de Services d 'Investissement (PSI) doit-il communiquer à ses clients non professionnels ?;Sa marge commerciale lors de l 'exécution d 'un ordre du client en fonction du lieu sur lequel il exécute cet ordre;L'importance qu 'il attribue à différents facteurs pour déterminer les lieux d 'exécution lui permettant de remplir son obligation de meilleure exécution;Le délai d 'exécution auquel il s 'engage à partir de l 'instant où il reçoit un ordre du client;B;B;Article 65 du RÈGLEMENT DÉLÉGUÉ (UE) 2017/565 DE LA COMMISSION du 25 avril 2016 Article 66 du RÈGLEMENT DÉLÉGUÉ (UE) 2017/565 DE LA COMMISSION du 25 avril 2016 Article L533-12 du CMF Article L533-18 du CMF;V4 (fév. 2021);;;manuel/06-relations-clients.md
1185;6;6.4;A;"La politique dite de ""meilleure exécution"" concerne la sélection des marchés sur lesquels un Prestataire de Services d 'Investissement (PSI) va pouvoir exécuter les ordres de ses clients dans les meilleures conditions. Pour la réalisation de quel service d 'investissement parmi les suivants le PSI doit-il définir et appliquer cette politique ?";L 'exécution d 'ordres pour compte de tiers;La Réception Transmission d 'Ordres (RTO);Le Conseil en investissement;A;A;Article 4 de la DIRECTIVE 2014/65/UE DU PARLEMENT EUROPÉEN ET DU CONSEIL du 15 mai 2014 Article L533-18 CMF;V4 (fév. 2021);;;manuel/06-relations-clients.md
1186;6;6.4;A;Dans le cadre de la politique de meilleure exécution, lorsqu 'un Prestataire de Services d'Investissement (PSI) exécute des ordres pour le compte de clients non professionnels, le meilleur résultat possible doit être déterminé :;Sur la base du coût total c 'est-à-dire le prix de l'instrument financier augmenté des coûts liés à l'exécution;Sur la base des facteurs propres à la politique d 'exécution du PSI et qui a été préalablement communiquée au client;Sur la base de la rapidité de l 'exécution de l 'ordre dans les marchés;A;A;Article 27 de la DIRECTIVE 2014/65/UE DU PARLEMENT EUROPÉEN ET DU CONSEIL du 15 mai 2014 Article L533-18 du CMF Article L533-18 du CMF;V4 (fév. 2021);;;manuel/06-relations-clients.md
1187;6;6.4;A;Un Prestataire de Services d 'Investissement (PSI) qui a déterminé une politique dite de meilleure exécution pour l 'exécution des ordres de ses clients :;Doit réexaminer cette politique de meilleure exécution a minima une fois par an;Doit réexaminer cette politique de meilleure exécution uniquement sur injonction de l 'AMF;N 'est autorisé à modifier cette politique de meilleure exécution qu 'une seule fois par période de 6 mois;A;A;Article 66 du RÈGLEMENT DÉLÉGUÉ (UE) 2017/565 DE LA COMMISSION du 25 avril 2016 Politique d'exécution (Article 27, paragraphes 5 et 7, de la directive 2014/65/UE);V4 (fév. 2021);;;manuel/06-relations-clients.md
1188;6;6.4;A;Dans le cadre de la divulgation de la politique de meilleure exécution des prestataires de services d 'investissement, la réglementation impose depuis la Directive MIF 2 :;De divulguer chaque année les cinq lieux les plus utilisés pour chaque instrument, avec la part des transactions qui y sont réalisées et la qualité d'exécution obtenue;La divulgation en temps réel des cinq lieux les plus actifs, avec les quantités négociées et les conditions obtenues, instrument par instrument;La publication de tous les lieux d'exécution et des volumes traités pour contrôler la cohérence de la politique avec la réalité de l'exécution;A;A;Article 65 du RÈGLEMENT DÉLÉGUÉ (UE) 2017/565 DE LA COMMISSION du 25 avril 2016 Article L533-18-1 du CMF;V4 (fév. 2021);obs;"La publication annuelle des « 5 premiers lieux d'exécution » (RTS 28) a été supprimée par la révision de MIF 2 (2024) ; l'ESMA a demandé dès 2024 de ne plus la contrôler. La base garde l'ancienne règle : c'est la réponse attendue si la question tombe.";manuel/06-relations-clients.md
1189;6;6.4;A;Un Prestataire de Services d 'Investissement (PSI) qui réalise une prestation de Réception Transmission d 'Ordres (RTO) reçoit des ordres de son client et les transmet à un intermédiaire qui les exécutera. Dans ce cadre le PSI doit :;Définir et mettre en œuvre une politique de sélection des intermédiaires en charge de réaliser l 'exécution des ordres reçus du client;Transférer au client les politiques de meilleure exécution des intermédiaires à qui le PSI transmet les ordres;Ne donner aucune information à son client sur les modalités d 'exécution de ses ordres;A;A;Article 65 du RÈGLEMENT DÉLÉGUÉ (UE) 2017/565 DE LA COMMISSION du 25 avril 2016;V4 (fév. 2021);;;manuel/06-relations-clients.md
1190;6;6.4;A;Dans le cadre d 'un service d 'exécution d 'ordres pour le compte d 'un client non professionnel, si le Prestataire de Services d 'Investissement (PSI) souhaite réaliser des transactions en dehors des marchés organisés, le PSI doit :;Obtenir un consentement exprès du client auparavant;Informer a posteriori que des transactions ont eu lieu en dehors de marchés organisés;Demander au client de passer client professionnel avant de pouvoir réaliser ce type d 'exécution;A;A;Article L533-18 du CMF Position - recommandation AMF n° 2014-07 Textes de référence : articles L533-18, L533-19, L533-20 du CMF et 314-69, 314-70, 314-71, 314-72, 314-73, 314-74, 314-75, 314-76 du RG AMF.;V4 (fév. 2021);;;manuel/06-relations-clients.md
2660;6;6.4;A;Lorsque la politique d'exécution des ordres prévoit que les ordres des clients peuvent être exécutés en dehors d'une plate-forme de négociation, les PSI informent notamment leurs clients ou leurs clients potentiels de cette possibilité :;Aucun consentement particulier n'est requis;Le consentement des clients découlent de l'acceptation des conditions générales de fonctionnement de leurs compte-titres;Les PSI obtiennent le consentement préalable exprès de leurs clients avant de procéder à l'exécution de leurs ordres en dehors d'une plate-forme de négociation;C;C;;Récente (n° ≥ 2553);;;manuel/06-relations-clients.md
2705;6;6.4;A;La politique d'exécution :;Contient des informations générales et standard;Contient des informations spécifiques valables dans des cas précis;Doit être revue tous les 5 ans;A;A;;Récente (n° ≥ 2553);;;manuel/06-relations-clients.md
2710;6;6.4;A;Lorsque les PSI exécutent des ordres pour le compte de clients non professionnels, le meilleur résultat possible est déterminé :;Sur la base du prix de l'instrument financier;Sur la base de la rapidité d'exécution;Sur la base du coût total;C;C;;Récente (n° ≥ 2553);;;manuel/06-relations-clients.md
2711;6;6.4;A;Les procédures du PSI prévoient l'exécution des ordres de ses clients en fonction du moment de leur réception :;Sous réserve que le client concerné confirme expressément sous 24h sa demande;Toutes catégories d'ordres confondues, peu importe leur taille, type ou nature;En tenant compte uniquement des ordres comparables (notamment eu égard à leur taille, leur type et la nature des instruments financiers sur lesquels ils portent);C;C;;Récente (n° ≥ 2553);;;manuel/06-relations-clients.md
851;6;6.5;C;Quelle information sur les tarifications des instruments financiers doit fournir le démarcheur au client ?;Le prix total dû ou un historique du prix payé;Le prix total dû ou une estimation de la performance future;Le prix total dû ou la base de calcul permettant de le déterminer;C;C;CMF L. 341-12;V4 (fév. 2021);;;manuel/06-relations-clients.md
1001;6;6.5;C;"Quelle affirmation est conforme à la règlementation, au sujet de la ""commission de mouvement"" prélevée lors des transactions effectuées sur un compte géré sous mandat ?";Elle est perçue exclusivement par le dépositaire;Elle ne peut pas servir à rémunérer même partiellement, une société de gestion délégataire;Elle peut être partagée entre la société de gestion de portefeuille et le dépositaire;C;C;Art 314-79 du Règlement AMF (2e);V4 (fév. 2021);;;manuel/06-relations-clients.md
1003;6;6.5;C;La tarification des services fournis par le teneur de compte-conservateur (ex : droits de garde) :;Est réglementée et fixée par le ministre en charge de l'économie;Est définie par les émetteurs des titres;Est fixée dans la convention de compte-titres signée par le client ou dans une brochure remise lors de la signature;C;C;Article 322-5 du règlement général de l'AMF;V4 (fév. 2021);;;manuel/06-relations-clients.md
1004;6;6.5;C;Dans le cadre de gestion de FIA, la commission de gestion :;Peut comprendre une part variable liée à la surperformance du FIA géré par rapport à l'objectif de gestion;Peut comprendre une part variable uniquement pour les clients professionnels;Ne peut pas comprendre une part variable et doit être fixée à l'avance;A;A;RG AMF Article 319-13;V4 (fév. 2021);;;manuel/06-relations-clients.md
1005;6;6.5;C;Comment sont calculés les frais de transaction sur achat et vente de titres (actions ou obligations) ?;Ils sont fixés par décret, consultable dans le code monétaire et financier;Ils sont fixés par l'AMF;"Ils sont libres et respectent le cadre juridique de la ""publicité des tarifs bancaires""";C;C;Article R312-1 du code monétaire et financier;V4 (fév. 2021);;;manuel/06-relations-clients.md
1007;6;6.5;C;Qui fixe la rémunération perçue par un PSI en tant qu'intermédiaire négociateur et transmetteur d'ordre ?;Le PSI lui-même;L'AMF;L'entreprise de marché;A;A;Position AMF n° 2013-24 - Politiques et pratiques de rémunération des prestataires de services d'investissement - applicables à compter du 31 janvier 2014;V4 (fév. 2021);;;manuel/06-relations-clients.md
1008;6;6.5;C;Les droits de garde sont prélevés par :;L'Autorité des Marchés Financiers;L'entreprise de marché par laquelle est passé l'achat des titres;Le prestataire de services d'investissement (PSI), teneur du compte;C;C;"Guide ""Vous êtes actionnaire"" AMF";V4 (fév. 2021);;;manuel/06-relations-clients.md
1009;6;6.5;C;Dans le cadre d'un investissement financier, les frais d'entrée sont également dénommés :;Commissions de souscription;Commissions de rachat;Commissions d'intervention;A;A;Fiche AMF, s'informer sur les frais liés à vos investissements financiers, page 2 (https://www.amf-france.org/Publications/Guides/Pedagogiques?docId=workspace%3A%2F%2FSpacesStore%2F8a3b7340-70c9-40e4-8732-c3667e3dd246);V4 (fév. 2021);;;manuel/06-relations-clients.md
1010;6;6.5;C;Les frais de tenue de compte perçus par la banque :;Peuvent être assortis d'un minimum annuel de perception par compte;Ne peuvent pas être assortis d'un minimum annuel de perception par compte;Les frais de tenue de compte sont interdits par la réglementation;A;A;CMF R312-1 et suivant;V4 (fév. 2021);;;manuel/06-relations-clients.md
1013;6;6.5;C;Les droits de garde sont :;Prélevés au titre de la conservation des titres;Prélevés au titre des frais de souscription;Prélevés uniquement s'il y a eu des opérations dans l'année;A;A;"Guide ""Vous êtes actionnaire"" AMF";V4 (fév. 2021);;;manuel/06-relations-clients.md
1014;6;6.5;C;Les droits de garde relatifs aux services fournis par le teneur de compte-conservateur sont :;Fixés par l'Autorité des Marchés Financiers;Fixés par la Banque de France;Fixés par une convention entre le teneur de compte-conservateur et son client;C;C;RG AMF Article 322-5;V4 (fév. 2021);;;manuel/06-relations-clients.md
1018;6;6.5;C;Dans le cadre de l'épargne salariale, les frais de tenue de compte sont :;Obligatoirement à la charge de l'employeur;Obligatoirement à la charge de l'employé;Partagés de manière égale entre l'employeur et l'employé;A;A;Fiche AMF, s'informer sur les frais liés à vos investissements financiers, page 9;V4 (fév. 2021);;;manuel/06-relations-clients.md
1019;6;6.5;C;Que représentent les droits de garde ?;Le prix facturé par le PSI pour la conservation des titres sur un compte-titres ou un PEA;Le prix facturé par le PSI pour la gestion des titres sous mandat;Le prix facturé par le PSI pour la conservation des titres dans un coffre;A;A;Voir le site : https://www.amf-france.org/Epargne-Info-Service/Savoir-bien-investir/Cadrer-son-projet/Reperes-utiles-sur-les-frais-des-placements-financiers;V4 (fév. 2021);;;manuel/06-relations-clients.md
1020;6;6.5;C;La commission de gestion d'un OPCVM (Organisme de Placement Collectif en Valeurs Mobilières) peut comprendre une part variable liée :;A la surperformance de l'OPCVM;Aux coûts de gestion imprévus;Au nombre de souscripteurs de l'OPCVM;A;A;321-18 Règlement Général de l'AMF;V4 (fév. 2021);;;manuel/06-relations-clients.md
1023;6;6.5;C;Lorsque le document d'information clé pour l'investisseur mentionne la présence de commissions de surperformance, celles-ci :;Rémunèrent la société de gestion lorsque le fonds a dépassé les objectifs de performance;Rémunèrent le distributeur s'il a dépassé ses objectifs de commercialisation;Viennent en déduction des frais de gestion;A;A;Articles 319-13 (FIA) et 321-118 (OPCVM) du règlement général de l'AMF;V4 (fév. 2021);;;manuel/06-relations-clients.md
1024;6;6.5;C;Les frais de courtage sont :;Les frais liés à l'exécution des ordres de bourse;Les frais correspondants à la rémunération du fonds;Les frais liés à la conservation des titres;A;A;"Guide ""Vous êtes actionnaire"" AMF";V4 (fév. 2021);;;manuel/06-relations-clients.md
1025;6;6.5;C;Parmi les affirmations suivantes relatives aux droits de garde pouvant être facturés au client dans le cadre d'un investissement en actions cotées en bourse, laquelle est correcte ?;Ces frais correspondent à la conservation des titres et aux opérations administratives effectuées pour le compte du client;Ces frais ne sont jamais négociables;Ces frais représentent en moyenne 10% du montant total du portefeuille;A;A;Savoir bien investir Cadrer son projet: Comparer les frais (https://www.amf-france.org/Epargne-Info-Service/Savoir-bien-investir/Cadrer-son-projet/Reperes-utiles-sur-les-frais-des-placements-financiers);V4 (fév. 2021);;;manuel/06-relations-clients.md
1028;6;6.5;C;Dans quel cas la commission de gestion d'un OPC peut-elle comprendre une part variable liée à la surperformance de l'OPC ?;Lorsque la société de gestion estime qu'elle est raisonnablement justifiée;Lorsque cette surperformance est imprévue et supérieure à l'objectif de gestion;Lorsqu'elle est expressément prévue dans le DICI et qu'elle est cohérente avec l'objectif de gestion;C;C;Article 319-13 du RG AMF;V4 (fév. 2021);;;manuel/06-relations-clients.md
1034;6;6.5;C;La commission de souscription à un Organisme de Placement Collectif équivaut à :;Un impôt;Un droit d'entrée;Ni l'un, ni l'autre;B;B;RGAMF art. 321-116, 321-117, 321-118 et 411-130;V4 (fév. 2021);;;manuel/06-relations-clients.md
1035;6;6.5;C;Dans le cadre de la commission de gestion des FIA, la société de gestion de portefeuille peut avoir une rémunération liée à la surperformance :;A condition qu'elle soit expressément prévue dans le DICI;Après accord avec le client même si elle ne figure pas dans le DICI;Après autorisation de la Banque de France même si elle ne figure pas dans le DICI;A;A;Article 319-13 du RG AMF;V4 (fév. 2021);;;manuel/06-relations-clients.md
1037;6;6.5;C;La commission de rachat équivaut :;Au droit de sortie;Aux impôts;Au droit de sortie augmentée, s'il y a lieu, des impôts sur la plus-value;A;A;RGAMF art. 321-116, 321-117 & 321-118;V4 (fév. 2021);;;manuel/06-relations-clients.md
1038;6;6.5;C;Laquelle des trois caractéristiques ci-dessous la commission de surperformance doit-elle respecter en matière d'Organisme de Placement Collectif (OPC) ?;Elle correspond à une prise de risque par rapport à la stratégie d'investissement de l'OPC;Elle peut être calculée au regard d'un indicateur de référence (benchmark);Elle résulte d'opérations effectuées sur des produits dérivés;B;B;Art 319-13 et 321-118 du RG AMF + Dossier thématique AMF Utilisation des indices de référence publié le 12/1/2017 + Guide AFG-AFTI sur les commissions de surperformance, publié en novembre 2018;V4 (fév. 2021);;;manuel/06-relations-clients.md
1040;6;6.5;C;Que peut comprendre la rémunération de la gestion de portefeuille sous mandat ?;La rétrocession de frais d'intermédiation;La commission de gestion et la commission de surperformance;La commission perçue par un tiers (par exemple de l'émetteur);B;B;"Pour la commission de surperformance : Doc AMF 2018-11 (Article unique point 7) Pour la commission de gestion, c'est une évidence, que l'on peut justifier par exemple dans la ""Synthèse des contrôles spot GSM"" de l'AMF de mai 2019 (bonnes pratiques en page 4)";V4 (fév. 2021);;;manuel/06-relations-clients.md
1135;6;6.5;C;Dans la gestion d'un FIA, quels frais parmi les suivants, peuvent être des frais de transaction ?;Les frais d'intermédiation pour la réception et transmission d'ordres;Les frais de souscription;Les frais de rachat;A;A;RG AMF Article 319-14;V4 (fév. 2021);;;manuel/06-relations-clients.md
1191;6;6.5;C;En principe et sauf convention contraire, lorsqu 'un client transmet pour exécution un ordre à un Prestataire de Services d'Investissement (PSI), il peut l 'annuler :;A la condition qu 'il ne soit pas encore exécuté;En aucune façon dès qu 'il a été transmis au marché sur lequel il doit être exécuté;Dans un délai qui ne peut excéder les 30 minutes après qu 'il ait été officiellement exécuté;A;A;Règles de marché d 'Euronext;V4 (fév. 2021);;;manuel/06-relations-clients.md
1193;6;6.5;C;Les frais qu 'un investisseur doit payer dans le cadre d 'une transaction financière sur les marchés financiers :;Sont libres et dépendent de l 'intermédiaire qui exécute l 'ordre pour le compte du client;Sont fixés par l 'entreprise de marché et sont égaux pour tous les investisseurs;Sont libres mais encadrés par l 'AMF qui fixe des prix maximums en fonction du type d 'instrument pour éviter les abus;A;A;Article 313-14 RG AMF Article D533-15 du CMF Article 314-17 RG AMF;V4 (fév. 2021);;;manuel/06-relations-clients.md
2119;6;6.5;C;La Directive sur les Marchés d'Instruments Financiers (Directive MIF) impose entre autres :;La séparation de la facturation entre des frais de recherche/d'analyse et les commissions de négociation;Le rapprochement entre les différentes bourses traditionnelles;La pratique du démarchage en instruments financiers;A;A;Directive MIF II Guide AMF sur le financement de la recherche par les prestataires de services d'investissement dans le cadre de MIF 2;V4 (fév. 2021);;;manuel/06-relations-clients.md
2712;6;6.5;C;Les droits de garde prélevés au client en cas d'investissement :;Varient selon les titres détenus et le nombre de lignes;Sont revus mensuellement;Sont nuls si le client investi pour un montant supérieur à 1 M€;A;A;;Récente (n° ≥ 2553);;;manuel/06-relations-clients.md
2713;6;6.5;C;Les frais de gestion annuels :;Sont indiqués dans le prospectus du fonds;Sont indiqués seulement à la demande du client;Sont absents du prospectus;A;A;;Récente (n° ≥ 2553);;;manuel/06-relations-clients.md
1041;6;6.6;C;Le compte joint peut être ouvert entre plusieurs personnes :;Obligatoirement parentes;Pas nécessairement parentes;Ne dépassant pas le nombre de trois;B;B;Code civil art. 1197 à 1216 -CGI art. 753;V4 (fév. 2021);;;manuel/06-relations-clients.md
1043;6;6.6;C;Quelles caractéristiques possède un compte titre démembré ?;En l'absence de convention, certains actes doivent faire l'objet d'un accord entre nu-propriétaire et usufruitier;Les dividendes des actions ne peuvent qu'être réinvestis dans des titres du portefeuille;Le compte titres démembré n'existe que dans le cas d'une succession (usufruit du conjoint survivant);A;A;C. civ., art. 1844 et s. / Arrêt Cass. du 12/11/1998, N° pourvoi 96-18.041.;V4 (fév. 2021);;;manuel/06-relations-clients.md
1044;6;6.6;C;La capacité civile :;Concerne les majeurs et les mineurs;Permet à une personne sous sauvegarde de justice d'effectuer seule toutes les opérations sur son compte;Ne permet pas à une personne d'effectuer seule tous les actes de la vie civile;A;A;Code Civil ( Art. 216, 388 et s, 481, 488 et s….);V4 (fév. 2021);;;manuel/06-relations-clients.md
1045;6;6.6;C;Le compte-titres peut prendre la forme :;Uniquement d'un compte individuel uniquement;Uniquement d'un compte individuel ou d'un compte joint;D'un compte individuel, d'un compte joint ou d'un compte indivis;C;C;Note AMF du 26 juin 2013 https://www.amf-france.org/Epargne-Info-Service/Comprendre-les-produits-financiers/Supports-d-investissement/Compte-titre;V4 (fév. 2021);;;manuel/06-relations-clients.md
1046;6;6.6;C;Dans quel document les modalités de dénonciation d'un mandat de gestion doivent-elles figurer ?;Dans le rapport d'opération transmis au client;Dans le mandat de gestion signé par les clients;Dans le rapport de gestion annuel communiqué au client;B;B;Voir le site AMF : https://www.amf-france.org/Epargne-Info-Service/Comprendre-les-produits-financiers/Supports-d-investissement/Mandat-de-gestion;V4 (fév. 2021);;;manuel/06-relations-clients.md
1049;6;6.6;C;A quelle condition un mineur peut-il ouvrir tout seul un compte de chèques à son nom ?;S'il est accompagné par son père;S'il est accompagné de deux témoins majeurs;S'il est émancipé;C;C;Art 1146 du Code civil;V4 (fév. 2021);;;manuel/06-relations-clients.md
1050;6;6.6;C;Quel régime de protection permet à une personne majeure incapable de conserver l'exercice de ses droits mais dont les actes peuvent être annulés s'ils nuisent à ses intérêts ?;Le régime de la curatelle;Le régime de la tutelle;Aucun;A;A;Code civil;V4 (fév. 2021);pie;"La définition donnée (conserve l'exercice de ses droits, actes annulables s'ils lui nuisent) correspond juridiquement à la sauvegarde de justice ; comme elle n'est pas proposée, la base attend « curatelle ».";manuel/06-relations-clients.md
1051;6;6.6;C;Un compte d'instruments financiers peut être ouvert :;Obligatoirement sous forme individuelle;Obligatoirement sous forme de compte joint;Sous forme individuelle ou collective;C;C;cbanque.com/bourse/compte-titres;V4 (fév. 2021);;;manuel/06-relations-clients.md
1052;6;6.6;C;Un mandat sans acceptation du mandataire est-il valable ?;Il est toujours valable;Il n'est jamais valable;Il est valable dans certains cas précis prévus par la loi;B;B;C. civ., art. 1984.;V4 (fév. 2021);;;manuel/06-relations-clients.md
1053;6;6.6;C;Le compte-titres :;Peut être détenu en nue-propriété ou en usufruit;Ne peut pas être détenu en nue-propriété ou en usufruit;Peut être détenu en nue-propriété ou en usufruit sous réserve d'une autorisation préalable de l'AMF;A;A;Note AMF du 26 juin 2013 https://www.amf-france.org/Epargne-Info-Service/Comprendre-les-produits-financiers/Supports-d-investissement/Compte-titre;V4 (fév. 2021);;;manuel/06-relations-clients.md
1136;6;6.6;C;Qu'est-ce qu'un compte joint ?;C'est un compte ouvert au nom de plusieurs titulaires;C'est un compte ouvert pour une association;C'est un compte courant couplé à un compte titres;A;A;voir site : https://www.lafinancepourtous.com/pratique/banque/le-compte-bancaire/comptes-separes-compte-joint-et-procuration/compte-joint-fonctionnement-et-cloture/;V4 (fév. 2021);;;manuel/06-relations-clients.md
1149;6;6.6;C;Une procuration :;Ne requiert pas l'acceptation du mandataire;Nécessite obligatoirement la signature d'un acte notarié entre le mandant et le mandataire;Nécessite la signature d'un acte sous seing privé voire notarié entre le mandant et le mandataire;C;C;Articles 1984 et 1985 du code civil;V4 (fév. 2021);;;manuel/06-relations-clients.md
1194;6;6.6;C;Dans le cadre d 'un compte d 'instruments financiers en usufruit et nue-propriété, la ou les personne(s) qui bénéficie(nt) du paiement du dividende et des rémunérations des instruments financiers qui sont inscrits dans ce compte est (sont) :;L 'usufruitier;Le nu-propriétaire;L 'usufruitier et le nu propriétaire conjointement;A;A;Article 582 du code Civil Article 584 du code Civil;V4 (fév. 2021);;;manuel/06-relations-clients.md
1195;6;6.6;C;Un compte d 'instruments financiers joint :;Permet à chaque personne pour laquelle le compte est ouvert de faire, séparément, toutes opérations sur ce compte d 'instruments financiers;Requiert la signature conjointe de toutes les personnes pour lesquelles le compte est ouvert ou qui ont reçu procuration ou mandat d 'une ou plusieurs de ces personnes pour réaliser toutes opérations sur ce compte;Différencie dans les droits et pouvoirs la personne à qui appartient le capital de la personne à qui les revenus des titres sont versés;A;A;Article 1311 du code civil Article 1313 du code civil Article 1319 du code civil;V4 (fév. 2021);;;manuel/06-relations-clients.md
2714;6;6.6;C;Un compte bancaire appartenant à plusieurs cotitulaires, sur lequel toutes les opérations (retrait, dépôt…) doivent être validées par tous les cotitulaires est :;Un compte collectif;Un compte joint;Un compte indivis;C;C;;Récente (n° ≥ 2553);;;manuel/06-relations-clients.md
1054;6;6.7;C;Lorsque la situation du débiteur est irrémédiablement compromise, que peut faire la commission de surendettement ?;Proposer un plan de redressement;Mettre en place une procédure de rétablissement personnel;Laisser le débiteur trouver un accord avec ses créanciers;B;B;code de la consommation L711-1 et suivants;V4 (fév. 2021);;;manuel/06-relations-clients.md
1056;6;6.7;C;Dans le cas d'insolvabilité du client particulier, le rétablissement personnel est décidé par :;La commission de surendettement;L'Autorité des marchés financiers (AMF);Le prestataire de services d'investissement (PSI);A;A;Note Banque de France https://particuliers.banque-france.fr/sites/default/files/media/2017/12/28/2018_817272_guide_surendettement_web.pdf;V4 (fév. 2021);;;manuel/06-relations-clients.md
1057;6;6.7;C;Le dépôt d'un dossier auprès de la commission de surendettement :;Concerne les personnes morales;Concerne les dettes non professionnelles des personnes physiques;Concerne les personnes morales et les personnes physiques;B;B;Article L711-1 du code de la consommation;V4 (fév. 2021);;;manuel/06-relations-clients.md
1058;6;6.7;C;Une procédure de liquidation judiciaire peut être ouverte :;Lorsque le débiteur est en état de cessation de paiements ou que son redressement est manifestement impossible;Au bénéfice d'une personne physique en dehors du cadre de son activité professionnelle;Lorsque le débiteur est en état de cessation de paiements et que son redressement est manifestement impossible;C;C;art. L 640-1 et L 640-2 c. com.;V4 (fév. 2021);;;manuel/06-relations-clients.md
1060;6;6.7;C;Quelle est la finalité du redressement judiciaire d'une entreprise en difficulté ?;La liquidation de l'entreprise;La poursuite de l'activité, le maintien de l'emploi et l'apurement du passif;La sauvegarde de la valeur actionnariale de l'entreprise;B;B;Article L631-1 du Code de Commerce;V4 (fév. 2021);;;manuel/06-relations-clients.md
1061;6;6.7;C;Parmi les situations suivantes, laquelle doit attirer l'attention du prestataire de services d'investissement (PSI) sur la situation financière de son client personne physique ?;L'inscription du client sur le fichier FIBEN;La demande du client de clôturer tous ses comptes;L'inscription du client sur le fichier FICP;C;C;Art 313-6 du CMF;V4 (fév. 2021);;;manuel/06-relations-clients.md
1062;6;6.7;C;Les particuliers concernés par des incidents de paiement caractérisés et les plans conventionnels ou judiciaires de redressement sont recensés par le fichier :;FCC;FICOBA;FICP;C;C;Arrêté du 26 octobre 2010 relatif au fichier national des incidents de remboursement des crédits aux particuliers;V4 (fév. 2021);;;manuel/06-relations-clients.md
1063;6;6.7;C;À quelle condition la procédure de rétablissement personnel est-elle ouverte ?;La procédure de rétablissement personnel peut être ouverte lorsque le débiteur se trouve dans une situation irrémédiablement compromise;La procédure de rétablissement personnel est systématiquement ouverte au-delà de deux créanciers;La procédure de rétablissement peut être ouverte quelle que soit le niveau de difficulté financière du débiteur;A;A;C. consom., art. L. 741-1 et s.;V4 (fév. 2021);;;manuel/06-relations-clients.md
1064;6;6.7;C;Une entreprise est en cessation des paiements :;Lorsque son actif disponible ne peut pas couvrir son passif exigible;Lorsque l'ensemble de ses actifs ne peut plus couvrir son passif exigible;Lorsqu'elle fait des pertes;A;A;Article L631-1 du code du commerce;V4 (fév. 2021);;;manuel/06-relations-clients.md
1066;6;6.7;C;A quoi correspond la notion de cessation de paiement ?;Au fait d'être dans l'impossibilité de faire face au passif exigible avec son actif disponible;Au fait d'avoir eu un premier chèque refusé par la banque;D'avoir une trésorerie négative;A;A;Article L631-1 du code de commerce;V4 (fév. 2021);;;manuel/06-relations-clients.md
1067;6;6.7;C;Le secrétariat des commissions de surendettement est assuré par :;L'Autorité des Marchés Financiers (AMF);La Banque de France;La Fédération bancaire française;B;B;Note Banque de France https://particuliers.banque-france.fr/sites/default/files/media/2017/12/28/2018_817272_guide_surendettement_web.pdf;V4 (fév. 2021);;;manuel/06-relations-clients.md
1068;6;6.7;C;En matière de traitement du surendettement des particuliers, que permet la procédure de rétablissement personnel ?;Elle permet de concilier les parties en vue de l'élaboration d'un plan de remboursement;Elle permet l'effacement total des dettes non professionnelles des débiteurs dont la situation est irrémédiablement compromise;Elle permet aux créanciers d'être intégralement remboursés de leurs créances;B;B;Article L645-11 du Code de Commerce;V4 (fév. 2021);;;manuel/06-relations-clients.md
1137;6;6.7;C;Qui gère le Fichier National des Incidents de remboursement des Crédits aux Particuliers (FICP) ?;L'Autorité de Contrôle Prudentiel et de Résolution (ACPR);La Banque de France;L'Autorité des Marchés Financiers;B;B;Loi Neiertz (1990);V4 (fév. 2021);;;manuel/06-relations-clients.md
1146;6;6.7;C;La cessation de paiement est une situation où une entreprise :;A des disponibilités inférieures à 50% de ses capitaux propres;Est dans l'impossibilité de faire face à son passif exigible avec son actif disponible;A un découvert sur son compte bancaire pendant 3 mois consécutifs;B;B;L. 631-1 du Code de commerce - Loi n°2005-845 du 26 juillet 2006 (complétée par l'ordonnance n°2008-1345 du 18 déc. 2008);V4 (fév. 2021);;;manuel/06-relations-clients.md
1196;6;6.7;C;La situation dans laquelle une entreprise ne peut plus faire face à son passif exigible avec son actif disponible est appelée :;Cessation des paiements;Faillite;Dépôt de bilan;A;A;Article L631-1 code de commerce;V4 (fév. 2021);;;manuel/06-relations-clients.md
1197;6;6.7;C;La procédure collective arrêtée par décision de justice qui a pour objectif de permettre à une entreprise en cessation des paiements de se réorganiser pour continuer son activité autant que possible est appelée :;La procédure de redressement judiciaire;Le dépôt de bilan;La liquidation judiciaire;A;A;Article L631-1 code de commerce;V4 (fév. 2021);;;manuel/06-relations-clients.md
2664;6;6.7;C;Le Fichier des Incidents de Crédit aux Particuliers (FICP) :;Entraine l'interdiction pour un client d'obtenir un crédit si son nom y est inscrit;Peut être consulté par le client sur simple demande auprès de son conseiller;Est géré par la Banque de France;C;C;;Récente (n° ≥ 2553);;;manuel/06-relations-clients.md
2715;6;6.7;C;La survenance de la cessation des paiements oblige l'entreprise en difficulté à déposer la déclaration de sa situation dans les :;20 jours de sa survenance;45 jours de sa survenance;30 jours de sa survenance;B;B;;Récente (n° ≥ 2553);;;manuel/06-relations-clients.md
2717;6;6.7;C;Le droit à l'ouverture d'un compte de dépôt concerne :;Les personnes physiques et les personnes morales;Les personnes physiques seules;Les personnes morales seules;A;A;;Récente (n° ≥ 2553);;;manuel/06-relations-clients.md
1069;6;6.8;C;Qu'est-ce que le Fonds de garantie des dépôts et de résolution (FGDR)?;Une personne morale de droit privé gérée par les banques contribuant au fonds;Une personne morale de droit public gérée par les Etats membres de l'UE;Une personne morale de droit privé géré par la Banque Centrale Européenne (BCE);A;A;Article L 312-9 alinéa 1er et L 312-10, II CMF;V4 (fév. 2021);;;manuel/06-relations-clients.md
1070;6;6.8;C;Le FGDR (Fonds de Garantie des Dépôts et de Résolution) s'applique :;Aux dépôts espèces et aux dépôts titres;Aux dépôts espèces, aux dépôts titres et aux coffres forts;Aux dépôts titres uniquement;A;A;garantiedesdepots.fr;V4 (fév. 2021);;;manuel/06-relations-clients.md
1072;6;6.8;C;Le fonds de garantie et de résolution intervient sur demande :;Des clients lésés;De l'Autorité de contrôle prudentiel et de résolution;De la CNIL;B;B;L312-5 et L322-2 du CMF;V4 (fév. 2021);;;manuel/06-relations-clients.md
1074;6;6.8;C;La réglementation sur les pratiques commerciales trompeuses vise essentiellement à protéger :;Les organismes financiers;Les clients des prestataires de services d'investissement;Les marchés;B;B;Directive Européenne n 2005-29 du 11/05/2005 et Art L 121,1 DU Code de la Consommation;V4 (fév. 2021);;;manuel/06-relations-clients.md
1075;6;6.8;C;Les PSI se livrant à des pratiques anti-concurrentielles, comme les ententes sur les prix, encourent :;Des peines d'emprisonnement et des amendes;Uniquement des rappels à la loi;Uniquement des amendes;A;A;Articles L420-1 et L420-6 du code du commerce;V4 (fév. 2021);;;manuel/06-relations-clients.md
1076;6;6.8;C;Les PSI peuvent-ils utiliser les titres appartenant à leur client ?;Oui, à condition d'être toujours en mesure de leur restituer dans un délai raisonnable;Oui, s'ils ont le consentement exprès des clients;Oui, à condition d'en aviser expressément l'AMF;B;B;Article L533-10 §II alinéa 7 du CMF;V4 (fév. 2021);;;manuel/06-relations-clients.md
1078;6;6.8;C;Quelles procédures, parmi les suivantes, les PSI doivent-ils mettre en place en vue de sauvegarder les droits de leurs clients sur les instruments financiers leur appartenant ?;Des protections contre les risques opérationnels de perte et de fraude;Des protections contre le risque d'insolvabilité des clients;Des protections contre le risque de marché;A;A;RG AMF (art 312-6);V4 (fév. 2021);;;manuel/06-relations-clients.md
1082;6;6.8;C;Le fonds de garantie et de résolution est :;Une personne morale de droit public;Une personne morale de droit privé;Une autorité sans personnalité juridique;B;B;CMF 312-9;V4 (fév. 2021);;;manuel/06-relations-clients.md
1083;6;6.8;C;Parmi les propositions suivantes, qu'est-ce qui est exclu du dispositif de protection du FGDR (Fonds de Garantie des Dépôts et de Résolution) ?;Le solde espèces du compte courant;Le solde espèces du PEA (Plan d'Epargne en Actions);Le contenu du coffre-fort du client;C;C;garantiedesdepots.fr;V4 (fév. 2021);;;manuel/06-relations-clients.md
1085;6;6.8;C;Un PSI (Prestataire de Services d'Investissement), peut-il procéder à des cessions temporaires de titres en utilisant les instruments financiers qu'il détient pour le compte d'un client ?;Non, jamais;Oui, mais en informant le client qu'il y avait une opportunité à le faire;Oui, mais avec l'accord préalable du client;C;C;L 533-1 à L 533-24 Code Monétaire et Financier;V4 (fév. 2021);;;manuel/06-relations-clients.md
1087;6;6.8;C;Quel est le montant de la garantie des titres, par client et par établissement ?;70 000 euros des titres indisponibles et éligibles à la garantie, présents dans tous les comptes-titres d'un client;100 000 euros des titres indisponibles et éligibles à la garantie, présents dans tous les comptes-titres d'un client;200 000 euros des titres indisponibles et éligibles à la garantie, présents dans tous les comptes-titres d'un client;A;A;C. mon. fin., art. L 322-1 à L 322-4, L 322-6, L 322-8, L 322-10.;V4 (fév. 2021);;;manuel/06-relations-clients.md
1090;6;6.8;C;Dans quel délai les titulaires de dépôts bancaires doivent-ils être indemnisés en cas de défaillance de la banque (dans la limite du montant garanti)?;20 jours ouvrables;10 jours ouvrables;7 jours ouvrables;C;C;Art. 11 Arrêté du 27 octobre 2015 relatif à la mise en œuvre de la garantie des dépôts, au plafond d'indemnisation et aux modalités d'application de l'article L. 312-4-1 du CMF;V4 (fév. 2021);;;manuel/06-relations-clients.md
1091;6;6.8;C;En France, quel organisme est en charge de constater les infractions par rapport au droit de la consommation tous produits et services confondus ?;La Fédération bancaire française (FBF);La Banque de France;La Direction générale de la concurrence, de la consommation et de la répression des fraudes (DGCCRF);C;C;Article L511-3 du code de la consommation;V4 (fév. 2021);;;manuel/06-relations-clients.md
1092;6;6.8;C;Comment est calculé le plafond d'indemnisation par le fonds de garantie des dépôts et de résolution ?;Par déposant tous établissements confondus;Par foyer fiscal tous établissements confondus;Par déposant et par établissement;C;C;Article 7 de l'arrêté du 27 octobre 2015 relatif à la mise en œuvre de la garantie des dépôts;V4 (fév. 2021);;;manuel/06-relations-clients.md
1093;6;6.8;C;Les PSI détenant des instruments financiers appartenant aux clients :;Doivent assurer la séparation de ces instruments par rapport aux leurs au moyen de registres et comptes séparés;Doivent assurer la séparation de ces instruments par rapport aux leurs par l'intervention d'un établissement tiers;N'ont aucune obligation pour assurer la séparation de ces instruments par rapport aux leurs;A;A;312-6 du RG de l'AMF;V4 (fév. 2021);;;manuel/06-relations-clients.md
1095;6;6.8;C;En ce qui concerne les titres, le FGDR intervient à hauteur de :;30 000 € maximum par déposant et par établissement;50 000 € maximum par déposant et par établissement;70 000 € maximum par déposant et par établissement;C;C;garantiedesdepots.fr;V4 (fév. 2021);;;manuel/06-relations-clients.md
1096;6;6.8;C;Le mécanisme de la garantie des titres est mis en œuvre à l'initiative de :;L'Autorité de Contrôle Prudentiel et de Résolution (ACPR);L'Autorité des Marchés Financiers (AMF);La Banque de France;A;A;Comité de la réglementation bancaire et financière n° 99-05 modifié art. 7;V4 (fév. 2021);;;manuel/06-relations-clients.md
1097;6;6.8;C;Comment est déterminé le plafond du système d'indemnisation des investisseurs par le Fonds de garantie des titres ?;Par investisseur et par établissement pour l'ensemble des comptes titres ouverts dans cet établissement;Par investisseur et par établissement pour chacun des comptes titres ouverts dans l'établissement;Par investisseur pour tous ses comptes titres ouverts dans tous les établissements;A;A;Directive 2014/49/UE du 16/04/2014 et Ordonnance française n 2015-1024 du 20/08/2015;V4 (fév. 2021);;;manuel/06-relations-clients.md
1100;6;6.8;C;"Quel est le montant maximum du remboursement des dépôts en titres garanti par le ""Fonds de garantie des dépôts"" en cas de faillite d'un établissement de crédit dont le siège social est situé en France ?";20.000 euros par déposant;70.000 euros par déposant;120.000 euros par déposant;B;B;Directive relative au redressement des banques et à la résolution de leurs défaillances (BRRD) a été transposée par ordonnance à la France le 21/08/2018;V4 (fév. 2021);;;manuel/06-relations-clients.md
1138;6;6.8;C;en France, quel est le plafond d'indemnisation des comptes courants par déposant et par établissement, en cas de résolution bancaire ?;10 000 Euros;50 000 Euros;100 000 Euros;C;C;Voir site : https://www.garantiedesdepots.fr/fr/garanties-du-fgdr/la-garantie-des-depots;V4 (fév. 2021);;;manuel/06-relations-clients.md
1139;6;6.8;C;Quel est le délai d'indemnisation des déposants en France ?;Il est de 20 jours ouvrables;Il est de 10 jours ouvrables;Il est de 7 jours ouvrables;C;C;Voir site : https://www.garantiedesdepots.fr/fr/garanties-du-fgdr/la-garantie-des-depots;V4 (fév. 2021);;;manuel/06-relations-clients.md
1156;6;6.8;C;Quel est le délai d'indemnisation des déposants par le Fonds de garantie des dépôts et de résolution ?;7 jours ouvrables;20 jours ouvrables;Maximum 1 an;A;A;Article 11 de l'arrêté du 27 octobre 2015 relatif à la mise en œuvre de la garantie des dépôts;V4 (fév. 2021);;;manuel/06-relations-clients.md
1198;6;6.8;C;En France, dans le cadre du dispositif de garantie des titres, le montant maximum de l 'indemnisation pour les pertes subies suite à l 'incapacité du Prestataire de Services d 'Investissement qui détenait les instruments financiers à les restituer, s 'élève pour un compte d'instruments financiers donné à :;70 000 €;90 000 €;150 000 €;A;A;Article 5 du Règlement CRBF n° 99-14 du 23 septembre 1999 modifié par le règlement n° 2002-07 du 21 novembre 2002 et les arrêtés du 15 mai 2006, du 18 décembre 2009 et du 15 mai 2014 Article L322-3 du CMF;V4 (fév. 2021);;;manuel/06-relations-clients.md
1199;6;6.8;C;En France, la gestion de l 'ensemble des mécanismes de protection des dépôts, titres ou cautions est à la charge :;Du Fonds de garantie des dépôts et de résolution;De la Caisse des dépôts et Consignations (CDC);De la Banque Centrale Européenne (BCE);A;A;Article L312-4 du CMF;V4 (fév. 2021);;;manuel/06-relations-clients.md
1200;6;6.8;C;Le système de garantie des dépôts :;Est progressivement harmonisé au niveau européen dans un système de fonds européen de garantie des dépôts;Existe uniquement au niveau national sous l 'égide de la Banque de France;Est mutualisé au niveau international pour constituer un fonds mondial en 2025 géré par la Banque Mondiale;A;A;Article L312-4 du CMF;V4 (fév. 2021);;;manuel/06-relations-clients.md
2613;6;6.8;C;En matière de commercialisation de produits financiers à des personnes âgées vulnérables, les mesures de vigilance renforcée peuvent prévoir :;Une procédure d'examen systématique des souscriptions, désinvestissements et arbitrages au-delà d'un âge de référence défini en interne;L'interdiction totale faite aux clients d'effectuer toutes ces opérations au-delà de cet âge de référence;La saisine obligatoire d'un juge des tutelles pour approuver leurs opérations;A;A;;Récente (n° ≥ 2553);;;manuel/06-relations-clients.md
2665;6;6.8;C;Le système d'indemnisation des investisseurs au niveau national s'appelle :;Le Fonds de Garantie des Dépôts et de Résolution (FGDR);Le Fonds de Garantie National (FGN);Le Fonds d'Indemnisation et de Garantie des Dépôts (FIGD);A;A;;Récente (n° ≥ 2553);;;manuel/06-relations-clients.md
1101;6;6.9;C;La commercialisation, la distribution et la vente d'options binaires en France :;Sont interdites par l'AMF, aussi bien auprès de clients non professionnels que de clients professionnels et de contreparties éligibles;Ne sont pas réglementées par l'AMF;Sont interdites par l'AMF auprès de clients non professionnels;C;C;AMF, Décision du 2 juillet 2019 interdisant, en France ou depuis la France, la commercialisation, la distribution ou la vente d'options binaires à des investisseurs non professionnels (https://www.amf-france.org/Reglementation/Regles-professionnelles-appr;V4 (fév. 2021);;;manuel/06-relations-clients.md
1102;6;6.9;C;"La Loi dite ""Sapin II"" relative à la transparence, à la lutte contre la corruption et à la modernisation de la vie économique :";Encadre la publicité par voie électronique adressée à des clients non professionnels portant sur des contrats financiers considérés comme spéculatifs et risqués;Encadre la publicité par voie électronique portant sur tous les titres financiers;Interdit la publicité par voie électronique adressée à des clients professionnels et non professionnels portant sur des contrats financiers considérés comme spéculatifs et risqués;A;A;Article L533-12-7 du CMF et DOC-2007-01 de l'AMF;V4 (fév. 2021);;;manuel/06-relations-clients.md
1103;6;6.9;C;La publicité, directe ou indirecte, adressée par voie électronique à des clients non professionnels relative à la fourniture de services d'investissement portant sur les contrats d'options binaires est :;Autorisée sans restriction;Autorisée si les options binaires ont un prix supérieur à 100 €;Interdite;C;C;AMF - Décision du 2 juillet 2019 interdisant, en France ou depuis la France, la commercialisation, la distribution ou la vente d'options binaires à des investisseurs non professionnels;V4 (fév. 2021);;;manuel/06-relations-clients.md
1104;6;6.9;C;La publicité électronique concernant les options binaires sur le marché des changes :;Ne peut s'adresser aux particuliers;Est de diffusion libre;Est uniquement réservée aux particuliers;A;A;Loi 2016/1691 Art. 28;V4 (fév. 2021);;;manuel/06-relations-clients.md
1106;6;6.9;C;comment définiriez-vous les CFD ?;Ce sont des produits financiers peu risqués;Ce sont des produits financiers spéculatifs;Ce sont des OPC dédiés;B;B;Voir le site de l'AMF https://www.amf-france.org/Epargne-Info-Service/Autres-infos-et-guides-pratiques/Les-autres-produits-d-investissement/Options-binaires--CFD-la-commercialisation-est-d-sormais-interdite-et-ou-limit-e;V4 (fév. 2021);;;manuel/06-relations-clients.md
1107;6;6.9;C;Pour protéger les investisseurs, l'AMF publie :;Des évaluations des différentes produits financiers;Des listes noires mettant en évidence les sites frauduleux;Un classement non officiel des meilleurs gérants;B;B;Site de l'AMF et https://www.regafi.fr;V4 (fév. 2021);;;manuel/06-relations-clients.md
1108;6;6.9;C;La publicité sur les CFD est-elle autorisée en France?;Non, en aucun cas;Oui, tout à fait;Non, sauf pour ceux bénéficiant d'une protection intrinsèque du capital;C;C;Site internet de l'AMF, Comprendre les produits financiers, Produits complexes: CFD, Les CFD (contracts for difference), §5 (https://www.amf-france.org/Epargne-Info-Service/Comprendre-les-produits-financiers/Produits-complexes/CFD);V4 (fév. 2021);;;manuel/06-relations-clients.md
1109;6;6.9;C;La vente d'options binaires à des investisseurs non professionnels est-elle possible en France ?;Oui, si le commercialisateur a le statut de PSI;Oui, si le niveau de connaissance et de compétence du client le permet;Non, ce n'est plus possible;C;C;Décision AMF du 02/07/2019;V4 (fév. 2021);;;manuel/06-relations-clients.md
1110;6;6.9;C;S'agissant des Contracts For Differences (CFD), l'AMF :;Autorise la commercialisation de ces produits aux clients non professionnels;Interdit la commercialisation de ces produits aux clients non professionnels;Restreint la commercialisation des CFD aux clients non professionnels aux contrats présentant des limites à l'effet de levier;C;C;Décision AMF du 1er aout 2019 restreignant, en France ou depuis la France, la commercialisation, la distribution ou la vente de contrats financiers avec paiement d'un différentiel à des investisseurs non professionnels, partie IV.1. Protection relative aux marges initiales, point 83;V4 (fév. 2021);;;manuel/06-relations-clients.md
1113;6;6.9;C;Le démarchage pour des CFD (contracts for difference) est-il autorisé ?;Oui, tout à fait;Oui, à la condition que la somme investie soit inférieure à un montant défini par Décret en Conseil d'Etat;Non, en aucun cas;C;C;Site internet de l'AMF, Comprendre les produits financiers, Produits complexes: CFD, Les CFD (contracts for difference), §5 (https://www.amf-france.org/Epargne-Info-Service/Comprendre-les-produits-financiers/Produits-complexes/CFD);V4 (fév. 2021);;;manuel/06-relations-clients.md
1115;6;6.9;C;Le règlement général de l'AMF définit des catégories de contrats financiers visés par des mesures renforcées de protection des consommateurs. Dans la liste suivante, quel produit est concerné ?;Les CFD (contract for difference);Les actions ordinaires;Les OPCVM monétaires;A;A;https://www.amf-france.org/Actualites/Communiques-de-presse/AMF/annee-2017.html?docId=workspace%3A%2F%2FSpacesStore%2Ff12bcdf3-0a29-4cde-912f-616b0f8f45c8;V4 (fév. 2021);;;manuel/06-relations-clients.md
1116;6;6.9;C;La publicité électronique sur les produits Forex, les options binaires est interdite car :;Ces produits sont complexes et il est difficile d'appréhender leurs risques;Ces produits ont un rendement trop faible;Ces produits ont des frais d'exécution trop élevés;A;A;Loi 2016/1691 Art. 28;V4 (fév. 2021);;;manuel/06-relations-clients.md
1118;6;6.9;C;Les acteurs et sites internet proposant d'investir via des options binaires alors qu'ils n'ont pas les autorisations nécessaires pour ce faire :;N'intéressent pas l'AMF;N'agissent pas en France;Font l'objet d'une liste noire établie par l'AMF;C;C;Site internet de l'AMF, Protéger son épargne, Listes noires et mises en garde, Mises en garde et listes noires des sociétés et sites non autorisés : Forex, options binaires, biens divers, produits dérivés sur crypto-actifs, usurpation.. (https://www.amf-f;V4 (fév. 2021);;;manuel/06-relations-clients.md
1120;6;6.9;C;Dans les dispositions de la loi Sapin 2, qui peut sanctionner, avec l'AMF (Autorité des Marchés Financiers), les acteurs faisant de la publicité sur les produits à haut risque ?;L'ACPR (Autorité de Contrôle Prudentiel et de Résolution);La DGCCRF (Direction Générale de la Concurrence, de la Consommation et de la Répression des Fraudes);La CNIL (Commission Nationale de l'Informatique et des Libertés);B;B;Loi Sapin 2;V4 (fév. 2021);;;manuel/06-relations-clients.md
1121;6;6.9;C;Quelle caractéristique d'un contrat financier non admis sur un marché organisé le rend interdit de publicité pour un client non professionnel ?;Le produit n'est pas en euro;Le risque maximal n'est pas connu au moment de la souscription;Il y a un risque de perte partielle du capital investi;B;B;L 533-12-7 Code Monétaire et Financier;V4 (fév. 2021);;;manuel/06-relations-clients.md
1122;6;6.9;C;La commercialisation, la distribution et la vente en France ou depuis la France, d'options binaires à des clients non professionnels sont interdites. Ceci s'applique :;Aux établissements français;Aux établissements européens;A tous les établissements;C;C;Décision AMF du 2 juillet 2019;V4 (fév. 2021);;;manuel/06-relations-clients.md
1123;6;6.9;C;L'AMF interdit la commercialisation, la distribution et la vente, en France ou à partir de la France, d'options binaires à des :;Clients professionnels;Clients non professionnels;Clients professionnels, clients non professionnels et contreparties éligibles;B;B;"Communiqués de presse AMF ""Options binaires et CFD : l'AMF adopte des mesures d'intervention à l'échelle nationale"" , 2 juillet 2019";V4 (fév. 2021);;;manuel/06-relations-clients.md
1124;6;6.9;C;Pour un investisseur, quelle est l'une des conséquences financières de l'effet de levier d'un CFD ?;Limiter les pertes éventuelles;Accroître les pertes éventuelles;Compenser les pertes éventuelles;B;B;Mesures ESMA 2018/795 du 22/05/2018 décision AMF du 01/08/2019;V4 (fév. 2021);;;manuel/06-relations-clients.md
1125;6;6.9;C;Quelles sont les catégories de contrats financiers visés par le mécanisme d'interdiction de la publicité instauré par la Loi Sapin II ?;Les futures ou contrats à terme négociés sur les marchés règlementés;Les forwards ou contrats à terme négociés sur les marchés non règlementés;Les options binaires, les CFD et les contrats financiers sur devises sont les catégories de contrats financiers visés par la Loi Sapin II;C;C;"Loi ""Sapin II"" n° 2016-1691 du 9 décembre 2016 art. 72 - CMF art. L. 533-12-7 - RGAMF art 314-31-1";V4 (fév. 2021);;;manuel/06-relations-clients.md
1158;6;6.9;C;Quelle est la réglementation concernant la commercialisation des options binaires ?;La commercialisation d'options binaires est interdite pour les clients particuliers à l'échelle européenne;La commercialisation d'options binaires est autorisée en France pour les clients particuliers de catégorie professionnelle;La commercialisation d'options binaires est interdite en France mais demeure autorisée en Europe;A;A;Décision AMF du 2 juillet 2019 Article 1;V4 (fév. 2021);;;manuel/06-relations-clients.md
1201;6;6.9;C;Si la vente d 'instruments financiers présente d 'importants problèmes de protection des investisseurs, le Règlement européen MiFIR confère à l 'AMF un pouvoir d 'intervention directe l 'habilitant :;A interdire ou à restreindre la commercialisation de ces instruments;A alerter l 'ESMA sur les problèmes de protection pour qu 'elle agisse en conséquence;A mener une injonction de mise en conformité aux prestataires vendant ces instruments;A;A;Article 42 du Règlement (UE) n ° 600/2014 du Parlement européen et du Conseil du 15 mai 2014;V4 (fév. 2021);;;manuel/06-relations-clients.md
1202;6;6.9;C;Une option binaire est un instrument financier qui permet de parier sur la manifestation d'un événement spécifié en rapport avec l'évolution du prix, du niveau ou de la valeur d 'un sous-jacent. C 'est un instrument financier :;Totalement prohibé en France car s'apparentant à un jeu de hasard;Complexe et très risqué dont la commercialisation est interdite aux clients non-professionnels en France;Complexe réservé aux investisseurs avertis à qui le prestataire doit communiquer un avertissement sur le risque élevé avant toute investissement dans une option binaire;B;B;Décision (UE) 2018/795 de l 'Autorité européenne des marchés financiers du 22 mai 2018 Décision (UE) 2018/1466 de l 'Autorité européenne des marchés financiers du 21 septembre 2018;V4 (fév. 2021);;;manuel/06-relations-clients.md
1203;6;6.9;C;"Les CFD (contracts for difference) sont des instruments financiers spéculatifs pariant sur des variations à la hausse ou à la baisse d 'un ""actif sous-jacent"" (un indice, une action, etc) que l 'investisseur ne détient pas. Depuis le 1er août 2018, la commercialisation des CFD aux investisseurs particuliers :";A été restreinte avec notamment une limitation de l 'effet de levier possible selon les sous-jacents;A été totalement interdite en France car ils s 'apparentent à des jeux de hasard;A été réservé aux investisseurs avertis à qui le prestataire doit communiquer un avertissement sur le risque élevé avant toute investissement dans un CFD;A;A;Décision (UE) 2018/796 de l'Autorité européenne des marchés financiers du 22 mai 2018;V4 (fév. 2021);;;manuel/06-relations-clients.md
2601;6;6.9;C;La communication promotionnelle par voie électronique sur certains contrats hautement spéculatifs est prohibée si elle est susceptible d'atteindre des clients potentiels :;Non professionnels;Professionnels;Investisseurs institutionnels;A;A;;Récente (n° ≥ 2553);;;manuel/06-relations-clients.md
1206;7;7.1;C;Comment s'appelle le risque de baisse de la valeur de marché d'un instrument financier ?;Risque de crédit;Risque opérationnel;Risque de marché;C;C;"Ouvrage ""Finance de marché: Instruments de base, produits dérivés, portefeuilles et risques"" Poncet et Portait";V4 (fév. 2021);;;manuel/07-instruments-financiers.md
1207;7;7.1;C;Comment se définit le risque opérationnel ?;Le risque lié à toute opération de marché;Le risque lié aux processus et systèmes, aux personnes ou aux événements externes;Le risque d'inefficacité d'une stratégie de marché;B;B;Publication Comité de Bâle sur le contrôle bancaire : Saines pratiques pour la gestion et la surveillance du risque opérationnel;V4 (fév. 2021);;;manuel/07-instruments-financiers.md
1209;7;7.1;C;Existe-t-il un risque de marché sur la valeur d'une obligation ?;Non, le seul risque est celui du non-remboursement à l'échéance;Oui, la revente avant l'échéance peut entraîner un gain ou une perte;Non, le nominal est toujours garanti;B;B;Glossaire AMF;V4 (fév. 2021);;;manuel/07-instruments-financiers.md
1211;7;7.1;C;La volatilité d'un instrument financier est définie généralement à partir de :;L'écart-type des variations de cours;Le volume quotidien des transactions;Le sens de la variation de son cours par rapport à l'indice de référence;A;A;Lexique finance;V4 (fév. 2021);;;manuel/07-instruments-financiers.md
1212;7;7.1;C;La volatilité est la plus forte sur :;Les actions;Les emprunts d'Etat à un an;Les placements monétaires à 1 mois;A;A;Site internet vernimmen.net (volatilité - obligation) - vernimmen 2011 page 28-29;V4 (fév. 2021);;;manuel/07-instruments-financiers.md
1213;7;7.1;C;Le rendement d'une action est égal :;Au produit entre le dividende et le prix de l'action;Au rapport du dividende sur le cours de l'action;Au rapport du dividende sur le nominal de l'action;B;B;Site internet alabourse.com - vernimmen 2011 page 465 - Etude AMF Rentabilité des actifs et prime de risque Lettre économique et financière 2013-3;V4 (fév. 2021);;;manuel/07-instruments-financiers.md
1214;7;7.1;C;Le rendement moyen d'un investissement :;Est en relation avec son risque;N'est pas en relation avec son risque;Est toujours inversement proportionnel au risque encouru;A;A;Echelle de risque du DICI avec la relation rendement/risque : Article I du Règlement (UE) No 583/2010 du 1er juillet 2010 mettant en oeuvre la directive 2009/65/CE en ce qui concerne les informations clés pour l'investisseur et les conditions à remplir lors de la fourniture des informations clés pour l'investisseur ou du prospectus;V4 (fév. 2021);;;manuel/07-instruments-financiers.md
1215;7;7.1;C;Le risque de baisse du prix d'une obligation à taux fixe dépend de :;Une hausse des taux;Une baisse des taux;Une stabilité des taux;A;A;RG AMG Livre II Titre 1er Ter Position recommandation AMF 2014-06 Guide AMF stress tests 02/2017;V4 (fév. 2021);;;manuel/07-instruments-financiers.md
1216;7;7.1;C;Le risque de change d'un instrument financier correspond :;Au risque de ne pas trouver de contrepartie;A la variation des taux d'intérêt;A la variation du cours des devises;C;C;vernimmen 2020 - chap 19;V4 (fév. 2021);;;manuel/07-instruments-financiers.md
1217;7;7.1;C;Le risque de change d'un actif financier est consécutif à :;La baisse du cours de change de cet actif par rapport à une autre devise;La hausse du cours de change de cet actif par rapport à une autre devise;La variation du cours de change de cet actif par rapport à une autre devise;C;C;vernimmen 2011 pages 377 et 964;V4 (fév. 2021);;;manuel/07-instruments-financiers.md
1219;7;7.1;C;Le risque de crédit est aussi appelé :;Risque de marché;Risque opérationnel;Risque de défaut;C;C;Vernimmen.net;V4 (fév. 2021);;;manuel/07-instruments-financiers.md
1220;7;7.1;C;Le risque de défaillance de l'acheteur ou du vendeur au moment du règlement-livraison se nomme :;Le risque de liquidité;Le risque de crédit;Le risque de contrepartie lié à la transaction;C;C;amf-france.org/Acteurs-et-produits/Marches-financiers-et-infrastructures/Chambre-de-compensation;V4 (fév. 2021);;;manuel/07-instruments-financiers.md
1221;7;7.1;C;Le risque de dysfonctionnement du marché est un risque :;Opérationnel;De crédit;Aucune des deux propositions précédentes;A;A;Les marchés de capitaux Dupuy, Fontaine, Hamet 2018;V4 (fév. 2021);;;manuel/07-instruments-financiers.md
1222;7;7.1;C;Le risque de fluctuation du prix d'un actif financier est le risque de :;Liquidité;Crédit;Volatilité;C;C;vernimmen 2020 - chap 19;V4 (fév. 2021);;;manuel/07-instruments-financiers.md
1223;7;7.1;C;Le risque de liquidité d'un instrument financier est :;La difficulté pour un investisseur de trouver une contrepartie à l'achat ou à la vente;Le risque de fluctuation des prix sur le marché lié à l'évolution des taux d'intérêt;Un risque lié au remboursement de la dette par l'émetteur;A;A;RG AMG Livre II Titre 1er Ter Position recommandation AMF 2014-06 Guide AMF stress tests 02/2017;V4 (fév. 2021);;;manuel/07-instruments-financiers.md
1224;7;7.1;C;Le risque de marché est le risque :;Qu'un opérateur de marché ne puisse procéder à la livraison des titres;D'une évolution défavorable des marchés financiers;D'une envolée des taux d'intérêt court terme;B;B;http://www.vernimmen.net/html/glossaire/definition_risque_de_marche.html;V4 (fév. 2021);;;manuel/07-instruments-financiers.md
1225;7;7.1;C;Le risque de marché pour un investisseur est le risque de perte résultant :;D'une variation du prix des instruments financiers contraire aux intérêts de l'investisseur;De l'incapacité d'une contrepartie de rembourser sa créance dans les termes fixés lors de l'emprunt;De l'impossibilité pour l'investisseur de trouver une contrepartie dans le marché;A;A;vernimmen 2011 pages 382-555-943-964;V4 (fév. 2021);;;manuel/07-instruments-financiers.md
1227;7;7.1;C;Le risque opérationnel correspond pour un PSI (Prestataire de Services d'Investissement) à un risque de :;Moins-value sur une opération financière;Perte lié à une défaillance de procédure;Perte lié à la faillite d'une contrepartie;B;B;RG AMG Livre II Titre 1er Ter Position recommandation AMF 2014-06 Guide AMF stress tests 02/2017;V4 (fév. 2021);;;manuel/07-instruments-financiers.md
1228;7;7.1;C;Le risque opérationnel est :;Le risque généré par l'évolution défavorable d'un marché;Le risque de pertes résultant d'une inadéquation ou d'une défaillance des processus, du personnel et systèmes internes, ou à des événements extérieurs;Le risque de pertes encouru en cas de défaut d'une contrepartie ou d'un émetteur dans l'exécution de ses engagements ou de son obligation de remboursement;B;B;Article 10 point j) de l'arrêté du 3 novembre 2014 relatif au contrôle interne des entreprises du secteur de la banque, des services de paiement et des services d'investissement soumises au contrôle de l'Autorité de contrôle prudentiel et de résolution - version consolidée au 19 juillet 2019;V4 (fév. 2021);;;manuel/07-instruments-financiers.md
1229;7;7.1;C;Le risque qu'un investisseur ne puisse pas revendre ses titres sur le marché est appelé :;Le risque de crédit;Le risque de liquidité;Le risque de crédit et de liquidité;B;B;Les marchés de capitaux Dupuy, Fontaine, Hamet 2018;V4 (fév. 2021);;;manuel/07-instruments-financiers.md
1230;7;7.1;C;lequel de ces instruments financiers n'est pas un titre financier ?;Une part de FCP;Un bon du trésor;Un CFD;C;C;CMF Article L211-1;V4 (fév. 2021);;;manuel/07-instruments-financiers.md
1231;7;7.1;C;Lequel des produits correspond à un contrat financier selon la définition du CMF ?;Les contrats d'assurance vie;Les contrats à terme;Les parts d'OPC;B;B;CMF (art L. 211-1);V4 (fév. 2021);;;manuel/07-instruments-financiers.md
1233;7;7.1;C;Les instruments financiers présentent un risque de taux variable en fonction de leur nature. Parmi les instruments financiers suivants, quel est celui qui présente le risque de taux le plus élevé ?;Les obligations;Les actions;Les trackers (indice action);A;A;PONCET P. et PORTAIT R., Finance de marché, Instruments de base, produits dérivés, portefeuilles et risques, Dunod, août 2014 / Position - recommandation AMF n° 2009-15.;V4 (fév. 2021);;;manuel/07-instruments-financiers.md
1234;7;7.1;C;Les parts ou actions d'Organismes de Placement Collectif (OPC) sont :;Des titres financiers;Des contrats financiers;Les deux;A;A;CMF art. L.211-1;V4 (fév. 2021);;;manuel/07-instruments-financiers.md
1235;7;7.1;C;Les titres de dette à taux fixe :;Ne présentent pas de risque de perte en capital;Présentent un risque de perte en capital;Sont toujours émis par des Etats;B;B;vernimmen 2020 - chap 22;V4 (fév. 2021);;;manuel/07-instruments-financiers.md
1237;7;7.1;C;L'impact que peuvent avoir les fluctuations de cours de titres financiers sur les positions d'un investisseur fait partie du :;Risque de crédit;Risque de marché;Risque de liquidité;B;B;Ouvrage Finance d'entreprise 2019 - Pierre vernimmen, Pascal Quiry, Yann Le fur - Editions Dalloz, chapitre 53 - La gestion des risques dans l'entreprise, point 53-4;V4 (fév. 2021);;;manuel/07-instruments-financiers.md
1239;7;7.1;C;Lors d'une transaction sur un instrument financier, le risque que l'acheteur ou le vendeur n'honore pas ses engagements au moment du règlement/livraison est appelé :;Risque de contrepartie;Risque de marché;Risque de bourse;A;A;Lexique finance;V4 (fév. 2021);;;manuel/07-instruments-financiers.md
1240;7;7.1;C;Lorsque la volatilité d'un placement financier est élevée :;La possibilité de gain et le risque de perte sont plus importants;La possibilité de gain et le risque de perte sont plus faibles;La possibilité de gain est plus importante et le risque de perte plus faible;A;A;"Fiche AMF ""Investir en fonds et Sicav : comprendre le profil de risque"" , §3 (https://www.amf-france.org/Epargne-Info-Service/Comprendre-les-produits-financiers/Placements-collectifs/OPC/Investir-en-fonds-et-Sicav-comprendre-le-profil-de-risque)";V4 (fév. 2021);;;manuel/07-instruments-financiers.md
1243;7;7.1;C;Parmi les affirmations suivantes, laquelle est vraie :;Les emprunts d'Etat ont généralement un rendement plus élevé que les actions car ils sont considérés comme plus risqués;Les actions sont les moins risquées des actifs financiers;Les rendements des produits financiers dépendent habituellement de leur risque;C;C;Pierre VERNIMMEN, Finance d'entreprise 2009, DALLOZ;V4 (fév. 2021);;;manuel/07-instruments-financiers.md
1245;7;7.1;C;Parmi les instruments financiers, une obligation est :;Un titre de propriété d'une partie d'une société;Un titre de dette;Une option;B;B;COMOFI Livre II Titre Ier;V4 (fév. 2021);;;manuel/07-instruments-financiers.md
1246;7;7.1;C;Parmi les instruments suivants, lequel représente un titre de propriété ?;Un bon du trésor;Un certificat de dépôt;Une action;C;C;Glossaire AMF;V4 (fév. 2021);;;manuel/07-instruments-financiers.md
1247;7;7.1;C;Parmi les propositions suivantes, quelle est la seule qui est vraie :;Tous les instruments financiers sont des titres financiers;Tous les titres financiers sont des instruments financiers;Aucune des deux propositions n'est vraie;B;B;L211-1 CMF;V4 (fév. 2021);;;manuel/07-instruments-financiers.md
1248;7;7.1;C;Parmi les suivants, à quel risque s'expose un investisseur qui achète une obligation et qui la garde jusqu'à échéance ?;Au risque opérationnel;Au risque émetteur;Au risque de liquidité;B;B;Voir le site La finance pour tous : https://www.lafinancepourtous.com/decryptages/marches-financiers/produits-financiers/obligations/comprendre-les-obligations/les-risques-obligataires/;V4 (fév. 2021);;;manuel/07-instruments-financiers.md
1250;7;7.1;C;Qu'est-ce que le risque de liquidité ?;Le risque de ne pas pouvoir vendre un actif sur le marché au prix désiré et/ou au moment voulu;Le risque de ne pas obtenir un prêt pour financer une opération;Une autre appellation du risque systémique;A;A;PONCET P. et PORTAIT R., Finance de marché, Instruments de base, produits dérivés, portefeuilles et risques, Dunod, août 2014 / Position - recommandation AMF n° 2009-15.;V4 (fév. 2021);;;manuel/07-instruments-financiers.md
1251;7;7.1;C;Quand parle t-on du risque d'effet de levier ?;Quand un investisseur a recours au crédit pour investir dans des instruments financiers;Quand l'exposition au marché ou à un instrument est supérieure au capital investi;Quand les taux des crédits bancaires deviennent supérieurs aux taux de rentabilité des instruments financiers qu'ils ont servi à financer;B;B;Définition;V4 (fév. 2021);;;manuel/07-instruments-financiers.md
1252;7;7.1;C;Qu'appelle-t-on le risque encouru par un investisseur qui n'a pas réussi à vendre ses actions à cause d'une panne informatique ?;Risque opérationnel;Risque de liquidité;Risque de taux;A;A;"Ouvrage ""Finance de marché: Instruments de base, produits dérivés, portefeuilles et risques"" Poncet et Portait";V4 (fév. 2021);;;manuel/07-instruments-financiers.md
1254;7;7.1;C;Quel est le risque majeur supporté par un actionnaire ?;Le risque de taux;Le risque de contrepartie;Le risque de perte en capital;C;C;PONCET P. et PORTAIT R., Finance de marché, Instruments de base, produits dérivés, portefeuilles et risques, Dunod, août 2014.;V4 (fév. 2021);;;manuel/07-instruments-financiers.md
1256;7;7.1;C;Quel est le risque principal d'une obligation conservée jusqu'à son échéance ?;Le risque de défaut;Le risque de change;Le risque de liquidité;A;A;"Fiche AMF : ""s'informer sur les obligations"" et""Comprendre les obligations avant d'investir""(https://www.amf-france.org/Publications/Guides/Pedagogiques.html?docId=workspace%3A%2F%2FSpacesStore%2F61d7a74d-1fae-4f06-b6eb-d322fbb53aab)";V4 (fév. 2021);;;manuel/07-instruments-financiers.md
1258;7;7.1;C;Quelle est la transaction, parmi les suivantes, qui exposerait une entreprise française au risque de change:;Une émission d'obligations en francs suisse;Une émission d'obligations à taux variables en Euros;Une émission d'actions en Euros;A;A;Les marchés de capitaux Dupuy, Fontaine, Hamet 2018;V4 (fév. 2021);;;manuel/07-instruments-financiers.md
1262;7;7.1;C;Un exportateur français qui doit recevoir un paiement en dollars dans un mois est exposé :;Au risque de taux;Au risque opérationnel;Au risque de change;C;C;http://www.vernimmen.net/html/glossaire/definition_risque_de_change.html;V4 (fév. 2021);;;manuel/07-instruments-financiers.md
1263;7;7.1;C;Un investisseur en euros qui acquiert une obligation libellée en dollars et qui compte la garder jusqu'à l'échéance encourt :;Des risques de change et de liquidité;Des risques de change et de crédit;Un risque de taux d'intérêt;B;B;"Ouvrage Vernimmen ""Finance d'entreprise""";V4 (fév. 2021);;;manuel/07-instruments-financiers.md
1264;7;7.1;C;Un investisseur qui détient une obligation et qui compte la vendre avant sa maturité encourt :;Uniquement un risque de liquidité;Uniquement un risque de liquidité et un risque de marché;Un risque de liquidité, risque de marché et un risque de crédit;C;C;"Ouvrage Vernimmen ""Finance d'entreprise""";V4 (fév. 2021);;;manuel/07-instruments-financiers.md
1684;7;7.1;C;A quoi correspond le risque de change ?;Exclusivement au risque de hausse du taux de change;Exclusivement au risque de baisse du taux de change;Au risque d'évolution défavorable du taux de change;C;C;Voir le site : https://www.lafinancepourtous.com/decryptages/marches-financiers/produits-financiers/actions-2/les-risques-associes-aux-actions/le-risque-de-change/;V4 (fév. 2021);;;manuel/07-instruments-financiers.md
1699;7;7.1;C;Qu'est-ce que le risque de change ?;Le risque lié à la valorisation d'un instrument dans une devise autre que celle de l'investisseur;Le risque de dévaluation d'une devise étrangère;Le risque lié à une modification du contrôle des changes;A;A;Dictionnaire des marchés financiers - Ed De Boeck - page 510;V4 (fév. 2021);;;manuel/07-instruments-financiers.md
1704;7;7.1;C;Les instruments financiers à terme comprennent notamment :;Les contrats d 'options;Les Titres de Créance Négociable;Les OPCVM négociables sur les marchés : les ETF (Exchange Traded Funds);A;A;Article L211-1 du CMF;V4 (fév. 2021);;;manuel/07-instruments-financiers.md
1710;7;7.1;C;Le risque de contrepartie pour un investisseur est défini comme :;Le risque de perte lié à la défaillance de l'autre partie lors d'une opération d'achat ou de vente d'instruments financiers;Le risque de perte de valeur de titres financiers lié à la faillite de l'entreprise qui les a émis;Le risque de perte lié à l'impossibilité de trouver un acheteur pour vendre un titre financier dans des conditions de prix acceptables;A;A;"Vernimmen ""le risque d'un titre financier"" , p. 383, Edition 2020 Article 312-44 RG AMF";V4 (fév. 2021);;;manuel/07-instruments-financiers.md
1712;7;7.1;C;Parmi les définitions de risque proposées ci-après, laquelle correspond à la définition du risque de crédit pour un investisseur ?;Le risque de perte résultant de l 'incapacité d 'un débiteur de rembourser sa créance ou de payer les intérêts dans les termes fixés lors de l 'emprunt ou de l 'émission du titre de créance;Le risque de perte résultant de carences ou de défauts chez l 'investisseur attribuables à des procédures, personnels et systèmes internes ou à des événements extérieurs;Le risque de perte résultant de l 'impossibilité de l 'investisseur de trouver une contrepartie dans le marché pour acheter ou vendre un instrument financier donné dans des conditions normales de prix;A;A;"Vernimmen ""la gestion du BFR, de la trésorerie, des risques et de l'immobilier"" , p. 1102, Edition 2020";V4 (fév. 2021);;;manuel/07-instruments-financiers.md
1717;7;7.1;C;Parmi les définitions de risque proposées ci-après, laquelle correspond à la définition du risque de volatilité pour un investisseur détenant un instrument financier ?;Le risque de perte lié à la forte propension du prix de cet instrument financier à fluctuer dans le temps;Le risque de perte si l 'investisseur ne peut trouver de contrepartie pour vendre cet instrument financier dans des conditions raisonnables de prix;Le risque de perte si l 'émetteur de l 'instrument financier se volatilise en faisant faillite;A;A;"Vernimmen ""la gestion du BFR, de la trésorerie, des risques et de l'immobilier"" , p. 1111, Edition 2020";V4 (fév. 2021);;;manuel/07-instruments-financiers.md
2568;7;7.1;C;A quoi correspond le «risque en matière de durabilité» ?;Le risque que l'horizon de placement n'est pas suffisamment long pour que la prime de risque couvre le risque pris;Le risque que la duration obligataire ne suffise pas pour couvrir l'investissement contre le risque de taux;Le risque qu'un évènement ou une situation dans le domaine environnemental, social ou de gouvernance ait une incidence négative importante sur la valeur de l’investissement;C;C;;Récente (n° ≥ 2553);;;manuel/07-instruments-financiers.md
2608;7;7.1;C;Qu'est-ce que le risque de durabilité ?;C'est le risque pour une obligation de voir sa rentabilité affectée par les variations de taux d’intérêt;C'est un événement ou une situation dans le domaine environnemental, social ou de la gouvernance qui, s’il survient, pourrait avoir une incidence négative importante, réelle ou potentielle, sur la valeur de l’investissement;C'est le risque d'un effondrement des taux longs;B;B;;Récente (n° ≥ 2553);;;manuel/07-instruments-financiers.md
2667;7;7.1;C;Un placement atypique (métaux précieux, manuscrits, vins…) est en général :;Un placement garantissant le rendement et le capital;Un placement avec un risque de liquidité faible;Un placement avec une possibilité de rendement élevé et un risque élévé;C;C;;Récente (n° ≥ 2553);;;manuel/07-instruments-financiers.md
2724;7;7.1;C;Plusieurs types de volatilité existent dont :;La volatilité hitorique et la volatilité exponentielle;La volatilité implicite et la volatilité exponentielle;La volatilité historique et la volatilité implicite;C;C;;Récente (n° ≥ 2553);;;manuel/07-instruments-financiers.md
2741;7;7.1;C;Plus la volatilité d'un fonds est importante :;Plus ses pertes sont importantes;Plus son rendement est important;Plus grand est l'écart de performances possibles;C;C;;Récente (n° ≥ 2553);;;manuel/07-instruments-financiers.md
1267;7;7.2;C;A quoi correspond la capitalisation boursière ?;Au nombre d'actions composant le capital multiplié par la valeur boursière;Au nombre d'actions composant le capital multiplié par la valeur nominale;Au nombre d'actions composant le capital multiplié par le résultat par action;A;A;"Dictionnaire de ""La finance pour tous""";V4 (fév. 2021);;;manuel/07-instruments-financiers.md
1268;7;7.2;C;"Certaines ""actions de préférence"" peuvent conférer à son détenteur";La faculté d'échanger les actions contre des obligations du même émetteur;La protection contre la faillite de la société émettrice;L'avantage pécuniaire tel qu'un dividende majoré;C;C;Site internet vernimmen.net glossaire;V4 (fév. 2021);;;manuel/07-instruments-financiers.md
1269;7;7.2;C;Comment se calcule le BNPA ?;Par le rapport du bénéfice net à l'actif brut;Le rapport du bénéfice net à l'actif net;Par le rapport du bénéfice net (après impôts) au nombre d'actions;C;C;Voir le site AMF : https://www.amf-france.org/Epargne-Info-Service/Comprendre-les-produits-financiers/Actions-Obligations/Actions;V4 (fév. 2021);;;manuel/07-instruments-financiers.md
1270;7;7.2;C;Comment se calcule le PER (Price Earning Ratio) ?;Il est égal au cours de l'action divisé par son bénéfice net par action (BNPA);Il est égal au cours de l'action par action;Il est égal au taux de distribution;A;A;QUIRY Pascal et LE FUR Yann, Pierre Vernimmen Finance d'entreprise 2020, éditions Dalloz (Paris), 18ème édition, 24.21.;V4 (fév. 2021);;;manuel/07-instruments-financiers.md
1271;7;7.2;C;Des actions de préférence :;Peuvent être créées uniquement lors de la constitution de la société;Ne peuvent jamais être assorties d'un droit de vote;Peuvent être assorties de droits particuliers de toute nature;C;C;Article L228-11 c. com.;V4 (fév. 2021);;;manuel/07-instruments-financiers.md
1273;7;7.2;C;"En matière de valorisation des actions, à quoi correspond le ratio du ""rendement bénéficiaire"" (earning yield)";Au coût sur les marchés d'une unité de capital physique de l'entreprise;A la valeur de l'action par rapport à la capacité de l'entreprise à générer des revenus;Au revenu potentiel de l'action rapporté à son prix;C;C;"Lettre n°22 Trésor-Eco ""Valorisation des actions et des marchésboursiers par la méthode des multiples""";V4 (fév. 2021);;;manuel/07-instruments-financiers.md
1274;7;7.2;C;L'achat d'actions permet :;De prêter sur les marchés;D'acquérir une part du capital social d'une entreprise;De bénéficier d'un dividende annuel garanti;B;B;vernimmen 2020 - chap 24;V4 (fév. 2021);;;manuel/07-instruments-financiers.md
1275;7;7.2;C;L'actif net réévalué est une approche possible pour :;Evaluer les obligations d'une société;Evaluer les actions d'une société;Les deux;B;B;Site internet actufinance.fr - Site internet boursorama.com -Site internet abcbourse.com;V4 (fév. 2021);;;manuel/07-instruments-financiers.md
1276;7;7.2;C;L'option de paiement du dividende en action est exercée par :;Chaque actionnaire;Le dépositaire;L'entreprise;A;A;COMOFI Livre II;V4 (fév. 2021);;;manuel/07-instruments-financiers.md
1277;7;7.2;C;La capitalisation boursière d'une société représente :;Son cours de bourse;"La ""valeur de marché"" de l'ensemble des actions émises par la société";Le cours de bourse divisé par le nombre d'actions existantes;B;B;COMOFI Livre II Règles de marché Euronext;V4 (fév. 2021);;;manuel/07-instruments-financiers.md
1278;7;7.2;C;La responsabilité d'un actionnaire dans la gestion de l'entreprise est engagée :;De façon illimitée;A hauteur de son patrimoine;A hauteur de son apport;C;C;vernimmen 2020 - chap 24;V4 (fév. 2021);;;manuel/07-instruments-financiers.md
1279;7;7.2;C;La totalité des actions d'une société représente :;Le capital social de la société;L'endettement de la société;Les deux;A;A;vernimmen (capital social) 2013 page 136;V4 (fév. 2021);;;manuel/07-instruments-financiers.md
1282;7;7.2;C;La volatilité d'une action est une :;Mesure de sa corrélation avec le marché;Mesure de sa rentabilité;Mesure statistique de son risque;C;C;"Ouvrage ""Finance de marché: Instruments de base, produits dérivés, portefeuilles et risques"" Poncet et Portait";V4 (fév. 2021);;;manuel/07-instruments-financiers.md
1283;7;7.2;C;Le détenteur d'une action :;N'a pas le droit au boni de liquidation;Doit régler les engagements contractés par l'entreprise;N'est engagé qu'à hauteur de son apport financier;C;C;COMOFI Livre II;V4 (fév. 2021);;;manuel/07-instruments-financiers.md
1285;7;7.2;C;Le dividende distribué par une société à ses actionnaires s'assimile à :;Un revenu variable;Un revenu fixe;Une plus-value mobilière;A;A;COMOFI Livre II;V4 (fév. 2021);;;manuel/07-instruments-financiers.md
1286;7;7.2;C;Le dividende est :;Une part des bénéfices réalisés que la société distribue à ses actionnaires;Une part du passif de la société;Une part de l'actif de la société;A;A;COMOFI Livre II;V4 (fév. 2021);;;manuel/07-instruments-financiers.md
1287;7;7.2;C;"Le PER ( ""Price Earning Ratio"" ) d'une action se calcule de la façon suivante :";Le cours / le BNPA (Bénéfice Net Par Action);Le cours / le dividende;La capitalisation boursière / le dividende;A;A;vernimmen 2020 - chap 24;V4 (fév. 2021);;;manuel/07-instruments-financiers.md
1288;7;7.2;C;Le PER (Price Earning Ratio) correspond :;Au cours de bourse divisé par le bénéfice net par action;A la capitalisation boursière d'une société divisée par son nombre d'actions;Au ratio prix de vente sur prix de revient d'une action;A;A;Règles de marché Euronext;V4 (fév. 2021);;;manuel/07-instruments-financiers.md
1289;7;7.2;C;Le PER (Price Earning Ratio) est :;Un indice boursier;Un produit financier;"Un indicateur de ""cherté"" pour une action";C;C;Règles de marché Euronext;V4 (fév. 2021);;;manuel/07-instruments-financiers.md
1291;7;7.2;C;Le Price Earning Ratio (PER) :;Augmente quand la valeur de l'action augmente;Augmente quand la valeur de l'action baisse;Ne dépend pas de la valeur de l'action;A;A;"Ouvrage Vernimmen ""Finance d'entreprise""";V4 (fév. 2021);;;manuel/07-instruments-financiers.md
1292;7;7.2;C;Le Price Earnings Ratio (PER) correspond :;A la marge commerciale divisée par les capitaux propres;Au cours de l'action divisé par le bénéfice par action;A la plus-value latente de l'action depuis la création de la société;B;B;Ouvrage Finance d'entreprise 2019 - Pierre vernimmen, Pascal Quiry, Yann Le fur - Editions Dalloz, chapitre 24 - L'action, point 24.21;V4 (fév. 2021);;;manuel/07-instruments-financiers.md
1295;7;7.2;C;Les actions à droit de vote double permettent à l'actionnaire :;D'augmenter de manière illicite le nombre votes;De voter une deuxième fois en cas d'erreur;D'avoir deux fois plus de droits de vote qu'avec les actions ordinaires;C;C;Vernimmen.net;V4 (fév. 2021);;;manuel/07-instruments-financiers.md
1296;7;7.2;C;Les actions assorties d'un droit de vote double :;Sont interdites en France;Constituent des actions ordinaires;Constituent des actions de préférence;C;C;Articles L228-11 du code du commerce (actions de préférence accordant des droits particuliers de toute nature) et L225-123 du code du commerce (actions à droit de vote double);V4 (fév. 2021);dis;Juridiquement, le droit de vote double (art. L225-123) s'attache aux actions ordinaires détenues au nominatif depuis 2 ans, pas aux actions de préférence. Mais les deux autres choix sont faux : la base attend « constituent des actions de préférence ».;manuel/07-instruments-financiers.md
1297;7;7.2;C;Les actions de préférence :;Peuvent donner droit à des avantages pécuniaires;Sont toujours remboursées en premier ressort en cas de faillite de l'émetteur;Donnent seulement droit à un vote double;A;A;Articles L228-11 du code du commerce (actions de préférence accordant des droits particuliers) et L232-14 (actions à prime de fidélité);V4 (fév. 2021);;;manuel/07-instruments-financiers.md
1298;7;7.2;C;Les actions de préférence sans droit de vote :;Ne peuvent représenter plus du tiers du capital social, et dans les sociétés dont les actions sont admises aux négociations sur un marché réglementé, plus du sixième du capital social;Ne peuvent représenter plus du quart du capital social, et dans les sociétés dont les actions sont admises aux négociations sur un marché réglementé, plus du huitième du capital social;Ne peuvent représenter plus de la moitié du capital social, et dans les sociétés dont les actions sont admises aux négociations sur un marché réglementé, plus du quart du capital social;C;C;Article L228-11, alinéa 3 c. com.;V4 (fév. 2021);;;manuel/07-instruments-financiers.md
1299;7;7.2;C;Les actions ordinaires confèrent aux détenteurs :;Uniquement un droit de vote;Un droit de vote et un droit au dividende;Uniquement un droit au dividende;B;B;"Ouvrage ""Finance de marché: Instruments de base, produits dérivés, portefeuilles et risques"" Poncet et Portait";V4 (fév. 2021);;;manuel/07-instruments-financiers.md
1300;7;7.2;C;Les actions ordinaires versent un dividende d'un montant :;Calculé sur une fraction des bénéfices de l'année ou des bénéfices passés;Minimum fixe;Minimum correspondant à un pourcentage de la valeur en Bourse de l'action;A;A;Code Commerce L 232-15 et Vernimmen.net;V4 (fév. 2021);;;manuel/07-instruments-financiers.md
1303;7;7.2;C;Les actions sont négociables :;Dès la signature des statuts par tous les actionnaires fondateurs ou leur(s) mandataire(s);Dès l'enregistrement des statuts au service des impôts;Dès l'immatriculation de la société au registre du commerce et des sociétés;C;C;Article L 228-10 c. com.;V4 (fév. 2021);;;manuel/07-instruments-financiers.md
1304;7;7.2;C;Les actions sont, le plus souvent, détenues :;Au porteur;A vue;Au nominatif;A;A;Pierre VERNIMMEN, Finance d'entreprise 2009, DALLOZ;V4 (fév. 2021);;;manuel/07-instruments-financiers.md
1305;7;7.2;C;Les assemblées d'actionnaires dans les sociétés anonymes :;Votent toutes les décisions importantes requérant un investissement supérieur à 2 millions d'euros;Nomment, révoquent ou remplacent les conseils d'administration;Choisissent le Président du Conseil d'administration;B;B;http://www.vernimmen.net/html/glossaire/definition_assemblee_generale.html;V4 (fév. 2021);;;manuel/07-instruments-financiers.md
1306;7;7.2;C;Les bénéfices non distribués deviennent :;Des dividendes;Des réserves;Des pertes;B;B;Vernimmen.net;V4 (fév. 2021);;;manuel/07-instruments-financiers.md
1307;7;7.2;C;Les bénéfices réalisés par une société peuvent être distribués aux actionnaires sous forme :;De dividende en espèces;De dividende en actions;De dividende en espèces ou de dividende en actions;C;C;COMOFI Livre II;V4 (fév. 2021);;;manuel/07-instruments-financiers.md
1310;7;7.2;C;Lorsqu'une société distribue une part de ses bénéfices, la somme éventuelle revenant à chaque actionnaire s'appelle :;Un intérêt;Un dividende;Un coupon;B;B;vernimmen 2020 - chap 24;V4 (fév. 2021);;;manuel/07-instruments-financiers.md
1312;7;7.2;C;Parmi les affirmations suivantes, laquelle est exacte ?;Les actions sont des valeurs mobilières représentatives d'une part de capital de l'entreprise émettrice;Les actions sont des titres de créances;Les actions représentent une dette pour l'entreprise émettrice;A;A;http://www.vernimmen.net/html/glossaire/definition_action.html;V4 (fév. 2021);;;manuel/07-instruments-financiers.md
1313;7;7.2;C;Parmi les affirmations suivantes, laquelle est exacte ?;Les actions donnent droit au versement d'un intérêt annuel;Les actions protègent les investisseurs d'une perte en capital;Les actions permettent à leurs détenteurs de participer aux assemblées générales des entreprises émettrices;C;C;Article R225-68 du code de commerce;V4 (fév. 2021);;;manuel/07-instruments-financiers.md
1316;7;7.2;C;Parmi les titres suivants, lequel distribue un dividende :;Les actions;Les obligations;Les warrants;A;A;Pierre VERNIMMEN, Finance d'entreprise 2009, DALLOZ;V4 (fév. 2021);;;manuel/07-instruments-financiers.md
1317;7;7.2;C;Pour estimer la valeur d'une action cotée, quel critère ne devrait-on pas appliquer ?;Les multiples de sociétés cotées comparables, comme le PER;Le nombre de salariés de l'entreprise;L'actif net comptable par action;B;B;Vernimmen.net;V4 (fév. 2021);;;manuel/07-instruments-financiers.md
1318;7;7.2;C;Pour une action, plus le PER (Price Earning Ratio) est faible :;Plus l'action est considérée comme bon marché;Plus l'action est considérée comme chère;Plus l'action est considérée comme volatile;A;A;Lexique finance;V4 (fév. 2021);;;manuel/07-instruments-financiers.md
1319;7;7.2;C;Qu'est-ce qu'une action ?;Un titre de créance du porteur sur l'entreprise émettrice;Un titre représentatif d'une partie du capital social de l'entreprise émettrice;Un titre qui confère la qualité de créancier à son détenteur;B;B;QUIRY Pascal et LE FUR Yann, Pierre Vernimmen Finance d'entreprise 2020, éditions Dalloz (Paris), 18ème édition, 24.1.;V4 (fév. 2021);;;manuel/07-instruments-financiers.md
1323;7;7.2;C;Que représente la capitalisation boursière d'une entreprise ?;Sa valeur actuarielle;Sa valeur patrimoniale;Sa valeur de marché;C;C;Voir le lexique AMF : https://www.amf-france.org/En-plus/Lexique.html#;V4 (fév. 2021);;;manuel/07-instruments-financiers.md
1325;7;7.2;C;Quelle est la différence majeure entre action et obligation ?;Une action est un titre de capital alors qu'une obligation est un titre de créance;Une action est un titre de créance alors qu'une obligation est un titre de capital;Action et obligation sont de nature identique, seule leur catégorie de cotation sur Euronext diffère;A;A;C. mon. fin., art. L. 212-1 / PONCET P. et PORTAIT R., Finance de marché, Instruments de base, produits dérivés, portefeuilles et risques, Dunod, août 2014.;V4 (fév. 2021);;;manuel/07-instruments-financiers.md
1326;7;7.2;C;Quelle méthode, parmi les suivantes, n'est pas adaptée à la valorisation des actions ?;Méthode du PER (Price Earning Ratio);Méthode basée sur l'actualisation des flux futurs générés par l'entreprise;Méthode basée sur la parité du taux d'intérêt;C;C;"Ouvrage ""Finance de marché: Instruments de base, produits dérivés, portefeuilles et risques"" Poncet et Portait";V4 (fév. 2021);;;manuel/07-instruments-financiers.md
1328;7;7.2;C;Qu'est-ce qu'une action de préférence ?;Des actions distribuées gratuitement aux anciens actionnaires;Des actions qui dérogent au principe de proportionnalité;"Des actions détenus par le Gouvernement ( ""golden share"" )";B;B;2004-604 du 24 juin 2004 Ordonnance;V4 (fév. 2021);;;manuel/07-instruments-financiers.md
1330;7;7.2;C;Une action de préférence se distingue d'une action ordinaire par :;Le montant du dividende ou le nombre de droits de vote;La possibilité de transformer l'action de préférence en obligation;"Le caractère ""au porteur"" obligatoire de l'action de préférence";A;A;code du commerce L228-11/12 - vernimmen 2020 chap 26;V4 (fév. 2021);;;manuel/07-instruments-financiers.md
1331;7;7.2;C;Une action est :;Un titre hybride qui confère un droit de vote;Un titre de créance qui confère un droit de vote et un droit à la participation aux bénéfices;Un titre de propriété qui confère un droit de vote et un droit à la participation aux bénéfices;C;C;CMF L212-1 et suivants;V4 (fév. 2021);;;manuel/07-instruments-financiers.md
1332;7;7.2;C;Une action ordinaire :;Ne peut pas distribuer de dividende à son détenteur;Peut distribuer un dividende et confère un droit de vote à son détenteur;Peut distribuer un dividende à son détenteur mais est privée de droit de vote;B;B;Site internet vernimmen.net glossaire - Site internet defineaction.com;V4 (fév. 2021);;;manuel/07-instruments-financiers.md
1333;7;7.2;C;Une société peut émettre à la fois des actions de préférence et des actions ordinaires :;Vrai, sans limitation;Faux, elle ne peut émettre que l'une ou l'autre de ces deux catégories;Vrai, mais les actions de préférence sont émises en quantité limitée par rapport aux actions ordinaires;C;C;Code Commerce L228-11;V4 (fév. 2021);;;manuel/07-instruments-financiers.md
1685;7;7.2;C;En théorie, comment évolue le cours d'une action lors du détachement du dividende ?;Par une hausse mécanique du cours de l'action, d'un montant égal au dividende versé;Par une baisse mécanique du cours de l'action, d'un montant égal au dividende versé;Le cours de l'action ne varie pas;B;B;Voir le site : https://www.amf-france.org/blogs/blog-mediateur/Le-detachement-d-un-dividende-peut-avoir-des-consequences-sur-vos-ordres-de-bourse;V4 (fév. 2021);;;manuel/07-instruments-financiers.md
1686;7;7.2;C;Si le coefficient Beta d'une action est supérieur à 1, comment évolue le cours de l'action ?;En atténuant les variations du marché;En amplifiant les variations du marché;En reproduisant à l'identique les variations du marché;B;B;Voir le site : https://www.vernimmen.net/Lire/Lettre_Vernimmen/Lettre_23.html;V4 (fév. 2021);;;manuel/07-instruments-financiers.md
1687;7;7.2;C;Quelles variations du cours de l'action peut-on anticiper lorsque la valeur fondamentale d'une action est supérieure à sa valeur de marché ?;Une hausse;Une baisse;Aucune variation;A;A;Voir le site : https://www.boursedeparis.fr/centre-d-apprentissage/actions/pourquoi-les-cours-d-une-action-varient;V4 (fév. 2021);;;manuel/07-instruments-financiers.md
1700;7;7.2;C;Pour un instrument financier, qu'est-ce que le PER (Price Earning Ratio) ?;Un indicateur comptable;Un indicateur fiscal;Un indicateur boursier;C;C;Lexique Bourse Finance Economie - version en ligne - https://www.abcbourse.com/apprendre/lexique.aspx;V4 (fév. 2021);;;manuel/07-instruments-financiers.md
1701;7;7.2;C;Qu'appelle-t-on un dividende ?;La plus value versée aux actionnaires par une société;La partie du bénéfice reversé aux actionnaires par une société;La plus value versée par un OPC actions;B;B;Lexique AMF : Dividende;V4 (fév. 2021);;;manuel/07-instruments-financiers.md
1702;7;7.2;C;Parmi les titres suivants, lequel peut être admis à la négociation sur un marché réglementé ?;Les actions des sociétés anonymes;Les actions de sociétés à responsabilité limitée;Les parts de sociétés civiles immobilières;A;A;https://www.lafinancepourtous.com/decryptages/marches-financiers/fonctionnement-du-marche/marches-financiers/les-differents-marches-financiers/;V4 (fév. 2021);;;manuel/07-instruments-financiers.md
1722;7;7.2;C;Pour déterminer le prix auquel un investisseur peut acheter une action à un moment donné sur un marché donné, quelle information parmi les suivantes est la plus pertinente ?;Le cours de la dernière transaction réalisée;Les niveaux de prix proposés par les vendeurs en attente dans le carnet d 'ordres;Le prix recommandé par les analystes financiers;B;B;Articles 514-1 / 521-7 RG AMF Article 4401 ORDER MATCHING AND EXECUTION IN THE CENTRAL ORDER BOOK - Euronext;V4 (fév. 2021);;;manuel/07-instruments-financiers.md
EF26-60;7;7.2;C;En cas de liquidation de l'entreprise, les actionnaires :;Sont les premiers à récupérer une part du capital éventuellement restant avant tous les créanciers;Sont les deuxièmes à récupérer une part du capital éventuellement restant après le recouvrement des impôts;Sont les derniers à récupérer une part du capital éventuellement restant après tous les créanciers;C;C;L'actionnaire est propriétaire, pas créancier : il ne reçoit le boni de liquidation qu'une fois tous les créanciers payés.;BTS Banque 2026 (EF2);;;manuel/07-instruments-financiers.md
1334;7;7.3;C;La sensibilité d'une obligation :;Est un indicateur de performance;Mesure le risque de défaillance de l'émetteur;Mesure la variation du prix d'une obligation à taux fixe pour 100 points de base (1 %) de variation du taux de référence du marché;C;C;Mathématiques financières;V4 (fév. 2021);;;manuel/07-instruments-financiers.md
1335;7;7.3;C;"Lorsque le remboursement d'un emprunt obligataire est dit ""in fine"" :";Un nombre constant d'obligations est remboursé chaque année durant toute la durée de vie de l'emprunt obligataire;Toutes les obligations d'une même émission sont remboursées en même temps à la date d'échéance;L'émetteur a systématiquement la possibilité de rembourser par anticipation;B;B;COMOFI Livre II Titre Ier;V4 (fév. 2021);;;manuel/07-instruments-financiers.md
1336;7;7.3;C;Le prix d'émission au pair d'une obligation est égal à :;10 % de sa valeur nominale;50 % de sa valeur nominale;100 % de sa valeur nominale;C;C;COMOFI Livre II Titre Ier;V4 (fév. 2021);;;manuel/07-instruments-financiers.md
1337;7;7.3;C;Les OAT françaises indexées sur l'inflation sont des obligations dont les coupons :;Dépendent d'un taux de référence monétaire;Sont indexés sur l'indice des prix à la consommation hors tabac;Dépendent d'un taux fixe;B;B;COMOFI Livre II Titre Ier Loi 05/1985;V4 (fév. 2021);;;manuel/07-instruments-financiers.md
1338;7;7.3;C;Quelle est la définition d'une obligation démembrée ?;Une obligation dont le coupon annuel vient d'être détaché;Une obligation dont le principal et les coupons peuvent être négociés séparément;Une obligation à l'émission avec un zéro coupon;B;B;COMOFI Livre II Titre Ier LOI 1/06/1991;V4 (fév. 2021);;;manuel/07-instruments-financiers.md
1339;7;7.3;C;Le cours coté d'une obligation :;Est présenté en pourcentage du prix d'émission de l'obligation;Est présenté en pourcentage de la valeur nominale de l'obligation;Est égal à la capitalisation boursière de la société émettrice divisé par le nombre d'obligations;B;B;COMOFI Livre II Titre Ier Mathématiques financières;V4 (fév. 2021);;;manuel/07-instruments-financiers.md
1340;7;7.3;C;Le coupon couru d'une obligation est calculé à partir :;Du taux nominal (ou facial) de l'obligation;Du taux actuariel de l'obligation;Du prix de l'obligation;A;A;COMOFI Livre II Titre Ier Mathématiques financières;V4 (fév. 2021);;;manuel/07-instruments-financiers.md
1341;7;7.3;C;Pour obtenir le prix à payer pour acheter une obligation, il faut :;Multiplier le prix pied de coupon par le montant nominal de l'obligation;Diviser le prix pied de coupon par le coupon couru, puis le multiplier par le nominal de l'obligation;Ajouter au prix pied de coupon le montant du coupon couru, puis le multiplier par le nominal de l'obligation;C;C;Mathématiques financières;V4 (fév. 2021);;;manuel/07-instruments-financiers.md
1344;7;7.3;C;Une obligation ayant un profil de remboursement in fine est :;Une obligation dont le capital est remboursé à la fin de chaque période;Une obligation dont le capital est remboursé en une seule fois à l'échéance;Une obligation dont le capital est remboursé selon un tirage au sort;B;B;"Ouvrage ""Finance de marché: Instruments de base, produits dérivés, portefeuilles et risques"" Poncet et Portait";V4 (fév. 2021);;;manuel/07-instruments-financiers.md
1345;7;7.3;C;Quelle obligation, parmi les suivantes, n'est pas sujette à un risque de taux ?;Obligation à taux variable;Obligation à taux fixe;Obligation zéro-coupon;A;A;"Ouvrage ""Finance de marché: Instruments de base, produits dérivés, portefeuilles et risques"" Poncet et Portait";V4 (fév. 2021);;;manuel/07-instruments-financiers.md
1346;7;7.3;C;Le taux de rendement actuariel d'une obligation à taux fixe est :;Le taux utilisé pour le calcul du coupon;Le taux d'actualisation qui permet d'égaliser le prix de marché avec la somme actuelle des flux futurs;Le taux de référence du marché monétaire;B;B;"Ouvrage ""Finance de marché: Instruments de base, produits dérivés, portefeuilles et risques"" Poncet et Portait";V4 (fév. 2021);;;manuel/07-instruments-financiers.md
1347;7;7.3;C;Une obligation à taux fixe est une obligation ayant :;Un taux nominal fixe;Un taux actuariel fixe;Un taux de change fixe;A;A;"Ouvrage ""Finance de marché: Instruments de base, produits dérivés, portefeuilles et risques"" Poncet et Portait";V4 (fév. 2021);;;manuel/07-instruments-financiers.md
1348;7;7.3;C;Le taux d'actualisation utilisé pour le calcul du prix d'une obligation à taux fixe aujourd'hui est :;Le taux nominal de l'obligation;Le taux de rendement actuariel;L'EURIBOR 12 mois;B;B;"Ouvrage ""Finance de marché: Instruments de base, produits dérivés, portefeuilles et risques"" Poncet et Portait";V4 (fév. 2021);;;manuel/07-instruments-financiers.md
1349;7;7.3;C;Une OATi est une :;Obligation assimilable du Trésor indexée sur l'inflation;Obligation à taux révisable indexée sur l'EURIBOR 12 mois;Obligation immunisée contre le risque de taux d'intérêt;A;A;"Ouvrage ""Finance de marché: Instruments de base, produits dérivés, portefeuilles et risques"" Poncet et Portait";V4 (fév. 2021);;;manuel/07-instruments-financiers.md
1356;7;7.3;C;Quelle est l'influence d'une baisse des taux à long terme sur le cours d'une obligation à taux fixe ?;Une baisse des taux à long terme entraîne une hausse du cours des obligations à taux fixe, selon leur sensibilité;Une baisse des taux à long terme entraîne une baisse du cours des obligations à taux fixe;La hausse du cours des obligations à taux fixe due à une baisse des taux à long terme est identique pour toutes les obligations;A;A;QUIRY Pascal et LE FUR Yann, Pierre Vernimmen Finance d'entreprise 2020, éditions Dalloz (Paris), 18ème édition, 22.23.;V4 (fév. 2021);;;manuel/07-instruments-financiers.md
1357;7;7.3;C;Quelles sont les particularités des obligations à zéro coupon indexées sur un indice actions ?;Ce type d'obligation implique une dilution du capital;La prime de remboursement versée à l'échéance de l'obligation est calculée en fonction de l'évolution de l'indice retenu;Le prix du remboursement correspond au cours final de l'indice;B;B;QUIRY Pascal et LE FUR Yann, Pierre Vernimmen Finance d'entreprise 2020, éditions Dalloz (Paris), 18ème édition, 22.10 / PONCET Patrice et PORTAIT Roland, Finance de marché : Instruments de base, produits dérivés, portefeuilles et risques, 4ème édition, éditions Dunod / Site internet de la Bourse de Paris : http://www.boursedeparis.fr/centre-d-apprentissage/obligations/les-differents-types-d-obligations.;V4 (fév. 2021);;;manuel/07-instruments-financiers.md
1358;7;7.3;C;Qu'est-ce qu'une obligation ?;Un titre de créance;Un titre donnant accès à la propriété du capital;Une valeur donnant droit à la perception d'un dividende;A;A;C. com., art. L 228-1 et s. /- C. mon. fin., art. L 213-5 et s.;V4 (fév. 2021);;;manuel/07-instruments-financiers.md
1359;7;7.3;C;Comment s'exprime le cours des obligations ?;En pourcentage de leur valeur nominale;En pourcentage du coupon;En euro;A;A;"QUIRY Pascal et LE FUR Yann, Pierre Vernimmen Finance d'entreprise 2020, éditions Dalloz (Paris), 18ème édition, 22.9 / AMF, Le guide pédagogique ""Les obligations"" , consulté en ligne sur http://www.amf-france.org/Epargne-Info-Service/Autres-infos-et-guides-pratiques/Investir-en-actions/Investir-dans-les-obligations.html).";V4 (fév. 2021);;;manuel/07-instruments-financiers.md
1360;7;7.3;C;La prime de remboursement d'une obligation s'obtient :;En faisant la différence entre le prix de remboursement et la valeur nominale;En faisant la somme du prix d'émission et du prix de remboursement;En faisant la différence entre le prix de remboursement et le cours de l'obligation;A;A;vernimmen 2020 - chap 22 / lafinancepourtous.com/decryptages/marches-financiers/produits-financiers/obligations/comprendre-les-obligations/les-caracteristiques-d-une-obligation;V4 (fév. 2021);;;manuel/07-instruments-financiers.md
1361;7;7.3;C;Les emprunts obligataires émis par l'État français s'appellent des OAT. Cela signifie :;Obligations Assimilables de Trésorerie;Obligations Assimilables du Trésor;Obligations Assimilables à Terme;B;B;aft.gouv.fr/fr/produits;V4 (fév. 2021);;;manuel/07-instruments-financiers.md
1362;7;7.3;C;Les OAT sont :;Des obligations à terme;Des obligations administratives territoriales;Des obligations assimilables du Trésor;C;C;aft.gouv.fr/fr/produits;V4 (fév. 2021);;;manuel/07-instruments-financiers.md
1363;7;7.3;C;La sensibilité d'une obligation est liée à l'évolution des taux d'intérêts et à :;Sa valeur nominale;La qualité du sous-jacent;Sa durée résiduelle;C;C;vernimmen 2020 chap 22;V4 (fév. 2021);;;manuel/07-instruments-financiers.md
1364;7;7.3;C;Lorsque les taux de référence augmentent, la valeur de marché d'une obligation à taux fixe :;Augmente;Diminue;Reste constante;B;B;vernimmen 2020 chap 23;V4 (fév. 2021);;;manuel/07-instruments-financiers.md
1365;7;7.3;C;Le rendement actuariel d'une obligation :;Est le taux de rendement réel de l'obligation pour un investisseur qui la conserve jusqu'à son remboursement et qui réinvestit les intérêts au même taux;Figure obligatoirement dans le prospectus d'émission;Est le rendement servi tous les ans moins l'inflation sur la même période;A;A;Lexique finance;V4 (fév. 2021);;;manuel/07-instruments-financiers.md
1366;7;7.3;C;La valeur d'une obligation à taux fixe s'apprécie quand les taux du marché :;Baissent;Augmentent;Stagnent;A;A;Lexique Vernimmen;V4 (fév. 2021);;;manuel/07-instruments-financiers.md
1368;7;7.3;C;La sensibilité d'une obligation mesure :;La variation de sa valeur en pourcentage induite par une variation donnée du taux d'intérêt;La variation de sa valeur en pourcentage induite par une variation donnée de sa valeur nominale;La variation de sa valeur nominale induite par une variation donnée du taux d'intérêt;A;A;Lexique Vernimmen;V4 (fév. 2021);;;manuel/07-instruments-financiers.md
1369;7;7.3;C;La valeur de remboursement d'une obligation :;Est toujours égale à sa valeur nominale;Est prévue dans le contrat d'émission;Change tous les ans;B;B;Lexique finance;V4 (fév. 2021);;;manuel/07-instruments-financiers.md
1370;7;7.3;C;Quel est le prix à payer pour acheter une OAT (Obligation Assimilable du Trésor) à taux fixe ?;Le prix de la cote;Le prix de la cote moins le coupon couru;Le prix de la cote plus le coupon couru;C;C;Agence France trésor;V4 (fév. 2021);;;manuel/07-instruments-financiers.md
1371;7;7.3;C;D'une manière générale, lorsque les taux d'intérêt baissent, le cours des obligations à taux fixe :;Baisse;Monte;Reste stable;B;B;Ouvrage Finance d'entreprise 2019 - Pierre vernimmen, Pascal Quiry, Yann Le fur - Editions Dalloz, chapitre 22 - L'obligation point 22.23;V4 (fév. 2021);;;manuel/07-instruments-financiers.md
1372;7;7.3;C;L'intérêt versé périodiquement sur une obligation, est calculé en appliquant le taux facial :;A la valeur nominale;A la prime de remboursement;Au prix d'émission;A;A;Ouvrage Finance d'entreprise 2019 - Pierre vernimmen, Pascal Quiry, Yann Le fur - Editions Dalloz, chapitre 22 - L'obligation, point 22.9;V4 (fév. 2021);;;manuel/07-instruments-financiers.md
1373;7;7.3;C;La sensibilité d'une obligation mesure :;Le risque de défaut de l'émetteur de l'obligation;La variation de sa valeur en pourcentage induite par une variation donnée du taux d'intérêt;Son risque de liquidité;B;B;Ouvrage Finance d'entreprise 2019 - Pierre vernimmen, Pascal Quiry, Yann Le fur - Editions Dalloz, chapitre 22 - L'obligation, point 22.24;V4 (fév. 2021);;;manuel/07-instruments-financiers.md
1374;7;7.3;C;Le remboursement des obligations zéro-coupon se fait :;Au moment où l'émetteur est en mesure de verser un coupon;In fine;Dès l'émission;B;B;Ouvrage Finance d'entreprise 2019 - Pierre vernimmen, Pascal Quiry, Yann Le fur - Editions Dalloz, chapitre 22 - L'obligation, point 22.10;V4 (fév. 2021);;;manuel/07-instruments-financiers.md
1375;7;7.3;C;Les obligations à haut rendement (ou high yields bonds) :;Sont des obligations émises par des sociétés dont le risque de défaut est très faible;Sont des obligations émises par des sociétés dont le risque de défaut est élevé;Sont généralement des obligations zéro-coupon;B;B;http://www.vernimmen.net/html/glossaire/definition_high_yield.html;V4 (fév. 2021);;;manuel/07-instruments-financiers.md
1376;7;7.3;C;Les obligations assimilables du Trésor (OAT) :;Sont des obligations de très bonne qualité émises par les entreprises du CAC 40;Sont des obligations d'Etat non cotées;Sont des obligations émises par l'Etat;C;C;Pierre VERNIMMEN, Finance d'entreprise 2009, DALLOZ;V4 (fév. 2021);;;manuel/07-instruments-financiers.md
1378;7;7.3;C;Les obligations indexées sont des obligations dont le montant des coupons et la valeur de remboursement sont :;Basés sur les évolutions du PIB;Basés sur les évolutions d'un indice de prix;Basés sur les taux d'intérêt court terme;B;B;Pierre VERNIMMEN, Finance d'entreprise 2009, DALLOZ;V4 (fév. 2021);;;manuel/07-instruments-financiers.md
1379;7;7.3;C;Les obligations à taux fixe :;Sont des obligations dont la rémunération est constante tout au long de la durée de vie de l'obligation;Sont des obligations garantissant le nominal de l'obligation sur sa durée de vie;Sont des obligations dont le taux nominal est fixe mais dont la rémunération est basée sur un indice des prix;A;A;http://www.vernimmen.net/html/glossaire/definition_obligation_a_taux_fixe.html;V4 (fév. 2021);;;manuel/07-instruments-financiers.md
1380;7;7.3;C;En achetant aujourd'hui une obligation in fine de coupon 4% durée 15 ans émise il y a 6 ans, l'obligataire détient :;Une obligation émise ce jour, servant un coupon de 4% qui sera remboursée en totalité dans 9 ans;Une obligation émise il y a 6 ans, servant un coupon de 4% qui sera remboursée en totalité dans 9 ans;Une obligation émise il y a 6 ans, servant un coupon de 4% qui sera remboursée en totalité dans 15 ans;B;B;Les marchés de capitaux Dupuy, Fontaine, Hamet 2018;V4 (fév. 2021);;;manuel/07-instruments-financiers.md
1381;7;7.3;C;Comment évolue généralement la valeur d'une obligation à taux fixe sur le marché secondaire ?;Elle augmente lorsque les taux d'intérêt de marché augmentent;Elle ne change pas lorsque les taux d'intérêt de marché augmentent;Elle baisse lorsque les taux d'intérêt de marché augmentent;C;C;Les marchés de capitaux Dupuy, Fontaine, Hamet 2018;V4 (fév. 2021);;;manuel/07-instruments-financiers.md
1382;7;7.3;C;Le détenteur d'une obligation dite in fine perçoit :;Les intérêts au terme de chaque période et la totalité du capital à la date de maturité;Les intérêts et la totalité du capital à la date de maturité;Une fraction identique du capital et des intérêts décroissants au terme de chaque période, jusqu'à la date de maturité;A;A;Les marchés de capitaux Dupuy, Fontaine, Hamet 2018;V4 (fév. 2021);;;manuel/07-instruments-financiers.md
1383;7;7.3;C;En France, une OATi designe :;Une Obligation Assimilable du Trésor indexée à l'inflation;Une Obligation Assimilable du Trésor Internationale;Une Obligation Assimilable du Trésor indexée à l'intérêt;A;A;Les marchés de capitaux Dupuy, Fontaine, Hamet 2018;V4 (fév. 2021);;;manuel/07-instruments-financiers.md
1384;7;7.3;C;Est-il possible de vendre une obligation avant son échéance ?;Non, cela est strictement interdit sous peine de nullité de la cession;Oui, mais il existe alors un risque de perte en capital;Oui, sous réserve d'obtenir une autorisation expresse et préalable de l'AMF;B;B;"Fiche AMF ""Comprendre les obligations avant d'investir"" , §3 (https://www.amf-france.org/Epargne-Info-Service/Comprendre-les-produits-financiers/Actions-Obligations/Obligations/Comprendre-les-obligations-avant-d-investir)";V4 (fév. 2021);;;manuel/07-instruments-financiers.md
1385;7;7.3;C;Les obligations à coupon zéro donnent-elles lieu au versement d'intérêts au bénéfice de leur propriétaire ?;Non, c'est d'ailleurs pour cela qu'elles sont dénommées de la sorte;Oui, les intérêts sont versés en totalité à l'échéance de l'emprunt après avoir été capitalisés sur toute la période;Oui, les intérêts sont versés de manière constante tout au long de la détention du produit;B;B;"Fiche AMF ""Comprendre les obligations avant d'investir"" , §1 (https://www.amf-france.org/Epargne-Info-Service/Comprendre-les-produits-financiers/Actions-Obligations/Obligations/Comprendre-les-obligations-avant-d-investir)";V4 (fév. 2021);;;manuel/07-instruments-financiers.md
1386;7;7.3;C;Lorsque le droit de propriété d'une obligation est démembré, à qui appartient le droit de vote dans les assemblées générales d'obligataires d'une société anonyme?;En principe à l'usufruitier;Une obligation ne peut pas faire l'objet d'un démembrement de propriété;En principe au nu-propriétaire;C;C;Article L 228-66 c. com.;V4 (fév. 2021);;;manuel/07-instruments-financiers.md
1387;7;7.3;C;Lorsqu'une personne investit dans des obligations, elle devient :;Débiteur de l'émetteur;Mandataire de l'émetteur;Créancier de l'émetteur;C;C;Article L 228-38 c. com. Citant L 213-15 du CMF;V4 (fév. 2021);;;manuel/07-instruments-financiers.md
1388;7;7.3;C;Comment évolue la valeur de marché d'une obligation à taux fixe ?;Dans le même sens que les taux d'intérêt;De manière totalement décorrélée des taux d'intérêt;Dans le sens inverse à celui des taux d'intérêt;C;C;Site internet de l'AMF, Comprendre les produits financiers Actions / Obligations: Obligations, Pourquoi le prix des obligations baisse lorsque les taux montent ? (https://www.amf-france.org/Epargne-Info-Service/Comprendre-les-produits-financiers/Actions-O;V4 (fév. 2021);;;manuel/07-instruments-financiers.md
1389;7;7.3;C;Dans quel cas un investisseur qui achète une obligation et qui la garde jusqu'à l'échéance connaît-il la rentabilité de son investissement dès son acquisition ?;Une obligation à coupon zéro;Une obligation convertible;Une obligation à taux révisable;A;A;Voir le site AMF : https://www.amf-france.org/Epargne-Info-Service/Comprendre-les-produits-financiers/Actions-Obligations/Obligations;V4 (fév. 2021);;;manuel/07-instruments-financiers.md
1390;7;7.3;C;Sur quel paramètre les OAT peuvent-ils être indexés ?;Le taux d'inflation;Le cours de l'or;Le cours du pétrole;A;A;Voir le site Agence France Trésor : https://www.aft.gouv.fr/fr/oati-presentation;V4 (fév. 2021);;;manuel/07-instruments-financiers.md
1391;7;7.3;C;"Pendant une période appelée ""période de souscription"" , les obligations émises par une entreprise peuvent être souscrites par des investisseurs sur :";Le marché libre;Le marché primaire;Le marché secondaire;B;B;Site internet vernimmen.net;V4 (fév. 2021);;;manuel/07-instruments-financiers.md
1392;7;7.3;C;"Sur le marché obligataire, que signifie le sigle ""OAT"" :";Obligation A Taux fixe;Obligation A Taux variable;Obligation Assimilable du Trésor;C;C;Agence France Trésor - Vernimmen.net 2011 ch.26;V4 (fév. 2021);;;manuel/07-instruments-financiers.md
1393;7;7.3;C;La valeur d'une obligation à taux fixe dépend :;De taux d'intérêt de référence;Des caractéristiques propres de l'obligation;Du taux d'intérêt de référence et des caractéristiques propres de l'obligation;C;C;Site internet defineaction.com - vernimmen.net glossaire;V4 (fév. 2021);;;manuel/07-instruments-financiers.md
1394;7;7.3;C;Une obligation à taux fixe est une obligation dont :;Le cours est fixé dès son émission et demeure invariable pendant sa durée de vie;Le coupon est fixé dès son émission et demeure invariable pendant sa durée de vie;Les deux réponses conviennent;B;B;"Site internet AMF ""S'informer sur ,,, les obligations""";V4 (fév. 2021);;;manuel/07-instruments-financiers.md
1395;7;7.3;C;L'amortissement des obligations est basé sur :;Le principal;L'intérêt;La volatilité;A;A;Francis Lefebvre sociétés commerciales N° 19400 et suivants;V4 (fév. 2021);;;manuel/07-instruments-financiers.md
1396;7;7.3;C;Le coupon d'une obligation est défini comme :;L'intérêt perçu par le porteur de l'obligation;La plus value réalisée par l'investisseur qui détient une obligation;La rentabilité annuelle d'une obligation;A;A;Francis Lefebvre sociétés commerciales N° 19400 et suivants;V4 (fév. 2021);;;manuel/07-instruments-financiers.md
1397;7;7.3;C;Comment sont émises les Obligations Assimilables du Trésor (OAT) ?;Par la technique de l'offre à prix ouvert;Par adjudication;Par syndication bancaire;B;B;Article 26 de la Loi organique n° 2001-692 du 1 août 2001 relative aux lois de finances;V4 (fév. 2021);;;manuel/07-instruments-financiers.md
1398;7;7.3;C;"Quelle est la particularité d'une obligation ""zéro coupon"" ?";Elle ne verse pas d'intérêt;Elle est émise à taux révisable et ne verse un intérêt que si certaines conditions de marché sont atteintes;Elle ne verse les intérêts capitalisés qu'au moment du remboursement;C;C;Publication AMF : Comprendre les obligations avant d'investir (18/10/2018);V4 (fév. 2021);;;manuel/07-instruments-financiers.md
1400;7;7.3;C;A quoi correspond le coupon couru d'une obligation ?;Au montant du coupon qu'elle verse habituellement;Au prorata d'intérêt restant jusqu'au prochain paiement de coupon;Au prorata d'intérêt depuis le dernier paiement de coupon;C;C;"Dictionnaire de ""La finance pour tous""";V4 (fév. 2021);;;manuel/07-instruments-financiers.md
1402;7;7.3;C;"Est-ce que les obligations sont toujours émises et remboursées ""au pair"" ?";Elles sont toujours émises au pair mais peuvent faire l'objet d'une prime de remboursement;Elles sont toujours remboursées au pair mais peuvent faire l'objet d'une prime d'émission;Elles peuvent être assorties de prime d'émission et/ou de remboursement;C;C;"Dictionnaire de ""La finance pour tous"" Les caractéristiques d'une obligation";V4 (fév. 2021);;;manuel/07-instruments-financiers.md
1405;7;7.3;C;La dette de l'Etat est gérée par :;La Banque de France;La Banque Centrale Européenne;L'Agence France Trésor;C;C;Les marchés de capitaux Dupuy, Fontaine, Hamet 2018;V4 (fév. 2021);;;manuel/07-instruments-financiers.md
1688;7;7.3;C;A quoi correspond la différence entre la valeur nominale et le prix d'émission d'une obligation ?;A la rémunération de l'émetteur;A une erreur d'évaluation du prestataire de services d'investissement (PSI);A la prime d'émission;C;C;Voir le document : https://entreprises.banque-france.fr/sites/default/files/bdf_reffin_chap3_321.pdf;V4 (fév. 2021);;;manuel/07-instruments-financiers.md
1689;7;7.3;C;Qu'est-ce qu'une OAT démembrée ?;Une obligation qui n'est plus traitée par les teneurs de marché;Une obligation dans sa dernière année, qui n'a plus de coupon à payer;Une obligation dont les flux de coupons et de remboursement ont été séparés;C;C;Voir le site : https://www.aft.gouv.fr/fr/oat-demembrees-strips;V4 (fév. 2021);;;manuel/07-instruments-financiers.md
1718;7;7.3;C;Parmi les définitions suivantes, laquelle correspond à celle de l 'actualisation ?;Le calcul de la valeur présente de flux monétaires qui ont été versés ou reçus dans le passé;Le calcul de la valeur présente de flux monétaires qui seront versés ou reçus dans le futur;Le calcul de la valeur future à une date donnée de flux monétaires qui seront versés ou reçus d 'ici à cette date;B;B;"Vernimmen ""valeur et taux d'intérêt"" , p. 353/354, Edition 2020";V4 (fév. 2021);;;manuel/07-instruments-financiers.md
1723;7;7.3;C;Une Obligation Assimilable du Trésor (OAT) à taux fixe verse un coupon :;Tous les 6 mois;Tous les ans;Tous les jours;B;B;https://www.boursedeparis.fr/centre-d-apprentissage/les-oat/les-types-d-oat;V4 (fév. 2021);;;manuel/07-instruments-financiers.md
1726;7;7.3;C;Quel est l 'intérêt d'afficher les prix des obligations en pourcentage du nominal sur les écrans de cotations ?;Cela permet de comparer le prix des obligations entre elles;Cela n 'a aucun intérêt particulier mais c 'est une norme établie depuis plusieurs siècles;Cela permet de classer les obligations en fonction de leur niveau de risque de crédit;A;A;https://www.lafinancepourtous.com/decryptages/marches-financiers/produits-financiers/obligations/comprendre-les-obligations/les-caracteristiques-d-une-obligation/ https://www.binck.fr/formations-trading/espace-bourse-pratique/les-obligations;V4 (fév. 2021);;;manuel/07-instruments-financiers.md
2726;7;7.3;C;Quand les taux d'intérêt évoluent, la valeur du coupon d'une obligation à taux variable :;Est égale au pourcentage d'évolution du taux d'intérêt;Varie;Reste la même;B;B;;Récente (n° ≥ 2553);;;manuel/07-instruments-financiers.md
2730;7;7.3;C;Le groupement d'intérêt économique :;Peut émettre des obligations sans condition;Peut émettre des obligations sous certaines conditions;Peut émettre une seule nature d'obligation;B;B;;Récente (n° ≥ 2553);;;manuel/07-instruments-financiers.md
1293;7;7.4;C;Lequel de ces instruments permet aux émetteurs de se financer sur le marché monétaire :;Les obligations;Les actions;Les titres de créances négociables;C;C;Ouvrage Finance d'entreprise 2019 - Pierre vernimmen, Pascal Quiry, Yann Le fur - Editions Dalloz, chapitre 23 - Les autres produits de dette, point 23.1;V4 (fév. 2021);;;manuel/07-instruments-financiers.md
1294;7;7.4;C;Lequel de ces taux de référence possède plusieurs échéances ?;L'euro short-term rate (€STR);L'Euribor;Aucun de ces taux;B;B;Pour l'Euribor : Site EMMI (Euro Money Markets Institute - agent de calcul de l'Euribor) - Euribor - Rates Pour l'€STR : Site ECB - Euro short-term rate (€STR) questions and answers;V4 (fév. 2021);;;manuel/07-instruments-financiers.md
1309;7;7.4;C;L'Euribor est un taux de référence :;Défini uniquement sur une échéance de 3 mois;Défini uniquement sur une échéance de 1 jour;Défini pour toute une série d'échéances monétaires;C;C;Site EMMI (Euro Money Markets Institute - agent de calcul de l'Euribor) - Euribor - Rates;V4 (fév. 2021);;;manuel/07-instruments-financiers.md
1315;7;7.4;C;Parmi les TCN, les titres négociables à court terme sont émis pour une durée maximale de :;1 an;2 ans;5 ans;A;A;Article D213-1 du code monétaire et financier;V4 (fév. 2021);;;manuel/07-instruments-financiers.md
1404;7;7.4;C;Les titres de créance négociables :;Sont des titres financiers émis au gré de l'émetteur;Sont négociables uniquement sur un marché réglementé;Représentent chacun un droit réel;A;A;Article L 213-1 CMF;V4 (fév. 2021);;;manuel/07-instruments-financiers.md
1406;7;7.4;C;Le marché monétaire comporte deux compartiments qui sont :;Le marché interbancaire et le marché des titres négociables;Le marché interbancaire et le marché des changes;Le marché interbancaire et le marché des produits dérivés;A;A;Monnaie, banque et marchés financiers - 10ième edition - Frederic Mishkin;V4 (fév. 2021);;;manuel/07-instruments-financiers.md
1408;7;7.4;C;Que signifie le sigle EURIBOR ?;Euro Interbank Official Rate;Euro InterBank Organized Rate;Euro Interbank Offered Rate;C;C;Site Banque de France/statistiques/taux interbancaire;V4 (fév. 2021);;;manuel/07-instruments-financiers.md
1412;7;7.4;C;De quel marché le marché des Titres de Créances Négociables est-il un compartiment ?;Obligataire;Interbancaire;Monétaire;C;C;Voir le site : https://www.lafinancepourtous.com/outils/dictionnaire/lettre/m/;V4 (fév. 2021);;;manuel/07-instruments-financiers.md
1413;7;7.4;C;L'émission d'un TCN (titre de créance négociable) :;Nécessite préalablement l'établissement d'une documentation financière adressée à la BDF;Doit toujours avoir lieu sur un marché boursier;Ne peut pas permettre à une entreprise non financière de se financer;A;A;COMOFI Livre II Titre Ier Site Banque de France;V4 (fév. 2021);;;manuel/07-instruments-financiers.md
1414;7;7.4;C;Quelle est la durée maximum des Bons du Trésor à taux fixe émis par l'état français ?;10 ans;2 ans;1 an;C;C;Agence France-Trésor : Accueil > La dette de l'Etat > Les produits > Les BTF;V4 (fév. 2021);;;manuel/07-instruments-financiers.md
1415;7;7.4;C;L'Euribor 6 mois est un taux de référence du marché monétaire :;Calculé chaque jour ouvré;Calculé tous les 6 mois;Calculé tous les mois;A;A;"Ouvrage ""Finance de marché: Instruments de base, produits dérivés, portefeuilles et risques"" Poncet et Portait";V4 (fév. 2021);;;manuel/07-instruments-financiers.md
1417;7;7.4;C;Sur la base de combien de jours le taux Euribor (Euro Interbank Offered Rate) est-il calculé ?;360 jours;365 jours;30 jours;A;A;Site internet de la Banque de France www.banque-france.fr/statistiques/taux-et-cours/taux-interbancaires;V4 (fév. 2021);;;manuel/07-instruments-financiers.md
1418;7;7.4;C;Les BTF, Bons du Trésor à taux Fixe, sont émis par l'Etat :;Pour une durée inférieure ou égale à 1 an;Pour une durée de 10 ans;Pour une durée de 2 à 5 ans;A;A;AFT - les produits;V4 (fév. 2021);;;manuel/07-instruments-financiers.md
1419;7;7.4;C;Comment sont émis les titres de créances négociables (TCN) ?;"Au pair uniquement ; ils ne peuvent pas être émis en dessous du pair";Au pair, en dessous du pair ou avec une prime de remboursement;"En dessous du pair uniquement ; ils ne peuvent pas être émis au pair";B;B;C. mon. fin., art. D 213-1 et s. / QUIRY Pascal et LE FUR Yann, Pierre Vernimmen Finance d'entreprise 2019, 17ème édition, éditions Dalloz (Paris), consulté en ligne sur www.vernimmen.net.;V4 (fév. 2021);;;manuel/07-instruments-financiers.md
1421;7;7.4;C;L'indice de référence EURIBOR est déterminé pour des maturités allant de :;Une semaine à un an;Un jour à une semaine;Un an à dix ans;A;A;Site internet edubourse.com - Site internet vernimmen.net;V4 (fév. 2021);;;manuel/07-instruments-financiers.md
1424;7;7.4;C;Le taux Euribor couvre des durées :;D'une semaine à un an;D'un an à 5 ans;Inférieures à 10 jours uniquement;A;A;Pierre VERNIMMEN, Finance d'entreprise 2009, DALLOZ;V4 (fév. 2021);;;manuel/07-instruments-financiers.md
1425;7;7.4;C;Comment est fixée la rémunération des titres de créances négociables (TCN) ?;Elle est fixée par le ministère de l'économie et des finances entre un minimum et un maximum;Elle est libre et peut être indexée sur un des taux usuels des marchés interbancaire, monétaire ou obligataire;Elle est fixée par l'AMF;B;B;C. mon. fin., art. L. 213-1 et s.;V4 (fév. 2021);;;manuel/07-instruments-financiers.md
1430;7;7.4;C;Les titres de créances négociables sont émis :;Sur le marché obligataire;Sur le marché des actions;Sur le marché monétaire;C;C;Article L. 213-1 du code monétaire et financier;V4 (fév. 2021);;;manuel/07-instruments-financiers.md
1432;7;7.4;C;Dans la liste suivante, quels sont les instruments pouvant être émis pour une durée supérieure à un an ?;Les BTF - Bons du Trésor à taux fixe;"Les titres négociables à moyen terme ou ""Neu MTN""";"Les titres négociables Court Terme ou ""Neu CP""";B;B;Publication Banque de France : Principales caractéristiques des titres négociables à court et moyen terme1;V4 (fév. 2021);;;manuel/07-instruments-financiers.md
1439;7;7.4;C;Les Titres de Créances Négociables (TCN) sont :;Des instruments financiers;Des actions;Les deux;A;A;CMF art. L. 213-1 A et L. 213-4-1;V4 (fév. 2021);;;manuel/07-instruments-financiers.md
1443;7;7.4;C;La surveillance du marché des titres de créances négociables est assurée par :;La Banque de France;L'AMF;Euronext Paris;A;A;COMOFI Livre II Site Banque de France;V4 (fév. 2021);;;manuel/07-instruments-financiers.md
1690;7;7.4;C;Quel est le montant nominal minimum d'un titre de créance négociable ?;15 000 €;150 000 €;300 000 €;B;B;Voir le document : https://entreprises.banque-france.fr/sites/default/files/bdf_reffin_chap3_331.pdf;V4 (fév. 2021);;;manuel/07-instruments-financiers.md
1714;7;7.4;C;L'indice de référence EURIBOR (EURo InterBank Offered Rate) est déterminé pour des maturités allant de :;1 semaine à 1 an;1 jour à 2 jours;1 an à 10 ans;A;A;https://fr.euribor-rates.eu/taux-euribor-par-annee.asp;V4 (fév. 2021);;;manuel/07-instruments-financiers.md
1715;7;7.4;C;Les Titres Négociables à court ou moyen terme sont des instruments financiers :;Sans risque de crédit car ils sont toujours remboursés;Sans risque de marché car leur prix ne varie pas;Avec un risque de crédit et de marché mais qui reste faible car leur durée est courte;C;C;"https://www.banque-france.fr/politique-monetaire/financements-de-marche/marche-des-titres-negociables-court-et-moyen-terme/caracteristiques-des-titres Philippe Dupuy, Patrice Fontaine et Joanne Hamet ""Les marchés de capitaux français"" (2018) p. 54/55, Collection : Les Essentiels de la Gestion Éditeur : EMS Editions";V4 (fév. 2021);;;manuel/07-instruments-financiers.md
1719;7;7.4;C;Les Titres Négociables à Court Terme sont des instruments principalement échangés entre investisseurs professionnels de gré à gré. Comment un investisseur particulier peut-il néanmoins facilement accéder à ces instruments ?;Par l 'intermédiaire d 'Organismes de Placement Collectifs;En demandant un agrément d 'établissement de crédit;En utilisant le Service de Règlement Différé (SRD);A;A;"https://www.banque-france.fr/politique-monetaire/financements-de-marche/marche-des-titres-negociables-court-et-moyen-terme/caracteristiques-des-titres https://www.lafinancepourtous.com/decryptages/marches-financiers/produits-financiers/obligations/comprendre-les-obligations/les-neu-cp-un-autre-type-de-titre-de-creance-cote-des-obligations/ Lamy ""Droit du Financement"" ,partie 3, chapitre 1 "" les titres négociables à court terme""";V4 (fév. 2021);;;manuel/07-instruments-financiers.md
2555;7;7.4;C;L'indice monétaire EURIBOR est administré par :;Bloomberg;La Banque centrale européenne (BCE);L'European money markets institute (EMMI);C;C;;Récente (n° ≥ 2553);;;manuel/07-instruments-financiers.md
2565;7;7.4;C;Qui calcule et publie l'€STER (EURO Short Term Rate) ?;La Banque de France publie l'€STER calculé sur la base des taux de crédits accordés aux banques de détail;La Banque centrale européenne (BCE) publie l'€STER calculé sur la base des transactions des prêts interbancaires de plus d’un million d’euros réalisées la veille;La Banque centrale européenne (BCE) publie l'€STER calculé sur la base du taux d'inflation annuel;B;B;;Récente (n° ≥ 2553);;;manuel/07-instruments-financiers.md
2566;7;7.4;C;Le principal avantage de l'€STER (EURO Short Term Rate) par rapport à l'EURIBOR (Euro Interbank Offered Rate) :;L'EURIBOR est calculé de manière hybride, s'appuyant sur les transactions effectives et les taux offerts par les banques sur le marché interbancaire, alors que l'€STER est calculé sur la base des transactions réelles des prêts interbancaires réalisées la veille;L'EURIBOR est actualisé quotidiennement, quand l'€STER est calculé une fois par mois et montre une tendance d'évolution des taux à plus long terme;L'€STER est indexé sur l'inflation contrairement à EURIBOR;A;A;;Récente (n° ≥ 2553);;;manuel/07-instruments-financiers.md
2580;7;7.4;C;L'indice Euro short Terme Rate (€STER) :;Remplace le taux Euro Interbank Offered Rate (Euribor);Est le taux au jour le jour basé sur les emprunts effectués par des banques auprès de contreparties financières;Est publié par l'European Securities and Markets Authority (ESMA);B;B;;Récente (n° ≥ 2553);;;manuel/07-instruments-financiers.md
2581;7;7.4;C;L'indice Euro Interbank Offered Rate (Euribor) est :;Le taux moyen auquel certaines banques de l'UE peuvent obtenir des fonds sur le marché interbancaire;Le taux défini par la Federal Reserve System (FED);Le taux fixé par la Banque Centrale Européenne (BCE) chaque semaine;A;A;;Récente (n° ≥ 2553);;;manuel/07-instruments-financiers.md
2602;7;7.4;C;L'objectif de la réforme de l'EURIBOR (Euro Interbank Offered Rate) est de :;Renforcer l'intégrité et la transparence du marché en évitant les manipulations de taux;De faire diminuer les taux en Europe;D'augmenter le nombre de maturités;A;A;;Récente (n° ≥ 2553);;;manuel/07-instruments-financiers.md
2727;7;7.4;C;Sur le marché interbancaire, une banque :;Peut être prêteuse et émetteuse;Uniquement prêteuse;Uniquement emprunteuse;A;A;;Récente (n° ≥ 2553);;;manuel/07-instruments-financiers.md
2728;7;7.4;C;Les titres de créances négociables sont :;Des titres financiers;Des contrats financiers;Des produits dérivés;A;A;;Récente (n° ≥ 2553);;;manuel/07-instruments-financiers.md
2729;7;7.4;C;La rémunération des titres de créances négociables est :;Libre;Fixe;Toujours égal à 1%;A;A;;Récente (n° ≥ 2553);;;manuel/07-instruments-financiers.md
2732;7;7.4;C;Les bons de caisse :;Sont des titres nominatifs et non négociables;Sont des titres anonymes et non négociables;Sont des titres nominatifs et négociables;A;A;;Récente (n° ≥ 2553);;;manuel/07-instruments-financiers.md
1445;7;7.5;C;Une obligation convertible est un titre hybride qui permet au porteur :;De convertir la devise de cotation;De convertir la fiscalité du titre;De convertir le titre en actions;C;C;Vernimmen.net;V4 (fév. 2021);;;manuel/07-instruments-financiers.md
1447;7;7.5;C;Les obligations convertibles en actions :;Sont émises à des taux inférieurs aux taux des obligations classiques;Se divisent en 2 parties au moment de leur cotation en bourse;Ne versent pas de coupon;A;A;COMOFI Livre II Titre Ier;V4 (fév. 2021);;;manuel/07-instruments-financiers.md
1449;7;7.5;C;La rémunération de la composante obligataire d'une obligation convertible est :;Habituellement plus faible que celle dont pourrait bénéficier l'investisseur de la part d'une obligation classique;Habituellement plus forte que celle dont pourrait bénéficier l'investisseur de la part d'une obligation classique;Habituellement identique à celle dont pourrait bénéficier l'investisseur de la part d'une obligation classique;A;A;"Fiche Banque de France (n°322), ""Les titres hybrides"" , 2 (https://entreprises.banque-france.fr/sites/default/files/bdf_reffin_chap3_322.pdf)";V4 (fév. 2021);;;manuel/07-instruments-financiers.md
1450;7;7.5;C;Les titres hybrides :;Ont des caractéristiques des marchés obligataires et des marchés actions;Sont des obligations échangées sur les marchés dérivés;Sont des titres dont le sous-jacent est un indice boursier;A;A;http://www.vernimmen.net/html/glossaire/definition_titres_hybrides.html;V4 (fév. 2021);;;manuel/07-instruments-financiers.md
1451;7;7.5;C;Un bon de souscription d'action permet à l'investisseur :;D'acheter des actions à un prix déterminé à l'avance;De vendre des actions à un prix déterminé à l'avance;D'échanger des actions contre des obligations;A;A;vernimmen 2020 - chap 26;V4 (fév. 2021);;;manuel/07-instruments-financiers.md
1452;7;7.5;C;Les titres subordonnés :;Sont émis à des taux inférieurs aux taux des obligations classiques;Présentent un risque de non remboursement plus important que les obligations classiques;Sont toujours à taux variable;B;B;COMOFI Livre II Titre Ier;V4 (fév. 2021);;;manuel/07-instruments-financiers.md
1454;7;7.5;C;Les titres subordonnés sont des titres de créance :;Dont le porteur bénéficie du statut de créancier privilégié;Dont le remboursement est subordonné au remboursement des autres créanciers;Dont la rémunération est subordonnée au versement des dividendes;B;B;Article L228-97 du code du commerce;V4 (fév. 2021);;;manuel/07-instruments-financiers.md
1455;7;7.5;C;Un bon de souscription permet :;De souscrire indifféremment à une action ou une obligation au gré du porteur;De souscrire uniquement à une obligation;De souscrire à une action ou une obligation suivant les termes décidés par l'émetteur;C;C;Code de commerce art. L. 228-91 à 106;V4 (fév. 2021);;;manuel/07-instruments-financiers.md
1456;7;7.5;C;Pourquoi les obligations convertibles correspondent-elles à des titres hybrides ?;Elles sont à taux variable et révisable;Elles sont à taux flottant;Elles peuvent donner accès au capital de la société;C;C;Banque de France - fiche N°322;V4 (fév. 2021);;;manuel/07-instruments-financiers.md
1458;7;7.5;C;Une obligation à bon de souscription en action (OBSA) permet :;D'acquérir des actions;D'acquérir des obligations;D'acquérir des bons de souscription;A;A;Les marchés de capitaux Dupuy, Fontaine, Hamet 2018;V4 (fév. 2021);;;manuel/07-instruments-financiers.md
1459;7;7.5;C;Un bon de souscription donne droit à son titulaire de souscrire à un autre titre financier à un prix fixé à l'avance, pendant une période :;Donnée, déterminée par l'émetteur;Indéterminée;Limitée à la durée de vie de la société;A;A;Ouvrage Finance d'entreprise 2019 - Pierre vernimmen, Pascal Quiry, Yann Le fur - Editions Dalloz, chapitre 26 - Les titres hybrides, point 26.2;V4 (fév. 2021);;;manuel/07-instruments-financiers.md
1460;7;7.5;C;Parmi les affirmations suivantes relatives au bon de souscription, laquelle est correcte ?;C'est un titre financier permettant de souscrire pendant une période illimitée, dans une proportion et à un prix fixés à l'avance, un autre titre financier;Il permet de réaliser une augmentation de capital en organisant une dilution immédiate;Il peut être attaché à l'émission d'une action (action à bon de souscription d'action ou ABSA) ou d'une obligation (obligation à bon de souscription d'action ou OBSA) ou être distribué gratuitement;C;C;"Fiche Banque de France (n°322), ""Les titres hybrides"" , 2";V4 (fév. 2021);;;manuel/07-instruments-financiers.md
1461;7;7.5;C;Quel est l'intérêt des titres subordonnés ?;Les titres subordonnés permettent à l'investisseur d'être exonéré d'impôt sur le revenu (IR);Les titres subordonnés permettent à l'émetteur d'être exonéré d'impôt sur les sociétés (IS);Les titres subordonnés permettent de renforcer la structure financière de l'émetteur;C;C;QUIRY Pascal et LE FUR Yann, Pierre Vernimmen Finance d'entreprise 2019, 17ème édition, éditions Dalloz (Paris), consulté en ligne sur www.vernimmen.net.;V4 (fév. 2021);;;manuel/07-instruments-financiers.md
1462;7;7.5;C;Les titres subordonnés :;Sont des titres représentatifs d'une dette mais qui peuvent être néanmoins assimilés à des fonds propres;Sont des titres dont le remboursement est prioritaire en cas de faillite de l'entreprise émettrice;Sont des titres qui ne peuvent être émis que par les Etats et les Collectivités locales;A;A;Pierre VERNIMMEN, Finance d'entreprise 2009, DALLOZ;V4 (fév. 2021);;;manuel/07-instruments-financiers.md
1463;7;7.5;C;Quelle possibilité est offerte par une obligation convertible ?;La conversion d'un taux révisable en taux fixe;La conversion dans une autre devise convertible;La conversion en actions de la société émettrice;C;C;"Dictionnaire de ""La finance pour tous""";V4 (fév. 2021);;;manuel/07-instruments-financiers.md
1464;7;7.5;C;Un bon de souscription d'actions est :;Un titre donnant accès au capital social au choix du porteur;Un titre donnant accès au capital social au choix de l'émetteur;Obligatoirement converti en action à l'échéance;A;A;Lexique finance;V4 (fév. 2021);;;manuel/07-instruments-financiers.md
1465;7;7.5;C;Pour une société, quel est l'avantage d'émettre des obligations convertibles ?;Ces titres sont traités comme des titres de capital;Le taux de rémunération est inférieur aux taux fixes pratiqués sur la période;Ces titres permettent d'augmenter le capital sans droit de vote;B;B;Définition;V4 (fév. 2021);;;manuel/07-instruments-financiers.md
1466;7;7.5;C;Une obligation convertible en action :;Donne à l'investisseur la possibilité de convertir ses obligations en actions;Oblige l'investisseur à convertir ses obligations en actions;Aucune réponse ne convient;A;A;Code de commerce art. L. 225-161;V4 (fév. 2021);;;manuel/07-instruments-financiers.md
1467;7;7.5;C;Un bon de souscription d'actions :;Est un titre donnant un accès différé au capital social;Permet de souscrire uniquement à des actions préférentielles;Est émis lorsque la société n'est pas en mesure de distribuer un dividende;A;A;COMOFI Livre II Titre Ier;V4 (fév. 2021);;;manuel/07-instruments-financiers.md
1468;7;7.5;C;Lors de l'émission d'une obligation convertible, le prix proposé pour la conversion est :;Peut être inférieur ou supérieur au cours de l'action;Toujours inférieur au cours de l'action;Toujours supérieur au cours de l'action;C;C;"Ouvrage""Finance de marché: Instruments de base, produits dérivés, portefeuilles et risques""Poncet et Portait";V4 (fév. 2021);;;manuel/07-instruments-financiers.md
1691;7;7.5;C;Quel titre, parmi les suivants, est considéré comme un titre hybride ?;L'obligation à taux révisable;L'obligation convertible;L'obligation zéro coupon;B;B;Voir le document : https://entreprises.banque-france.fr/sites/default/files/bdf_reffin_chap3_322.pdf;V4 (fév. 2021);;;manuel/07-instruments-financiers.md
1469;7;7.6;C;Lequel des produits suivants est un instrument d'épargne réglementé par la loi ?;Livret A;Livret E;Les comptes à terme;A;A;CMF - Article L221-1 à L221-9;V4 (fév. 2021);;;manuel/07-instruments-financiers.md
1472;7;7.6;C;Quelles sont les conditions de dénouement d'un contrat d'assurance vie ?;Le dénouement s'effectue uniquement sous forme de rente;Le dénouement s'effectue uniquement en capital;Le souscripteur a le choix entre un dénouement du contrat en rente ou en capital;C;C;C. assur., L 132-8.;V4 (fév. 2021);;;manuel/07-instruments-financiers.md
1473;7;7.6;C;Le compte à terme (CAT) est un contrat d'épargne dans lequel :;La somme épargnée est bloquée pendant toute la durée du contrat et le taux d'intérêt n'est pas garanti;La somme épargnée est bloquée pendant toute la durée du contrat et le taux d'intérêt garanti peut être fixe ou progressif;La somme épargnée peut être retirée à tout moment sans pénalités et le taux d'intérêt n'est pas garanti;B;B;Source CAT sur service-public.fr;V4 (fév. 2021);;;manuel/07-instruments-financiers.md
1475;7;7.6;C;Parmi les affirmations suivantes relatives au contrat d'assurance-vie mono support en euros, laquelle est correcte?;Un tel contrat ne peut jamais être transformé en contrat multi support;Les sommes versées dans ce type de contrat sont investies dans un fonds en euros dont le capital est garanti par la compagnie d'assurance;Ce type de contrat est davantage destiné aux épargnants qui souhaitent diversifier leurs avoirs;B;B;"AMF ""Comprendre les produits financiers Supports d'investissement: Assurance-vie"" (https://www.amf-france.org/Epargne-Info-Service/Comprendre-les-produits-financiers/Supports-d-investissement/Assurance-vie)";V4 (fév. 2021);;;manuel/07-instruments-financiers.md
1476;7;7.6;C;Un contrat d'assurance-vie investi en unités de compte :;Ne fait jamais courir de risque financier à son souscripteur;Assure toujours une rémunération minimale;Présente un risque financier pour le souscripteur;C;C;droit-finances.commentcamarche.com/contents/993-contrats-multisupports-d-assurance-vie-les-avantages;V4 (fév. 2021);;;manuel/07-instruments-financiers.md
1477;7;7.6;C;Les gains en capital et/ou intérêts d'un contrat d'assurance vie sont :;Exonérés des prélèvements sociaux;Soumis aux prélèvements sociaux dans tous les cas;Exonérés des prélèvements sociaux après la huitième année;B;B;Note AMF du 26 juin 2013;V4 (fév. 2021);;;manuel/07-instruments-financiers.md
1479;7;7.6;C;La rémunération d'un CAT (compte à terme) est :;Totalement défiscalisée;Uniquement soumise aux prélèvements sociaux;Soumise à l'impôt sur le revenu et aux prélèvements sociaux;C;C;abe-infoservice.fr/epargne/epargne-bancaire/compte-terme;V4 (fév. 2021);;;manuel/07-instruments-financiers.md
1480;7;7.6;C;"L'initiative Priips ( ""Produits d'investissement de détail packagés"" ) de la Commission Européenne :";Se réfère à des produits vendus aux investisseurs institutionnels;Se réfère à des produits vendus aux particuliers;Aucune réponse ne convient;B;B;"Lettre du GEMA - Janvier 2010 : ""Connaissez vous le Prips ?"" - Site internet commission européenne";V4 (fév. 2021);;;manuel/07-instruments-financiers.md
1481;7;7.6;C;Quelle affirmation est exacte en ce qui concerne les organismes de titrisation ?;Ils rachètent des créances et émettent des titres adossés à ces crédits;Ils proposent des titres pouvant faire l'objet de démarchage;Ils ne peuvent pas recourir à des instruments à terme;A;A;Article L. 214-175-1 du CMF;V4 (fév. 2021);;;manuel/07-instruments-financiers.md
1482;7;7.6;C;Les fonds investis dans un compte à terme :;Sont obligatoirement bloqués pendant toute la durée du placement;Sont disponibles à tout moment sans qu'aucune pénalité ne puisse être exigée;Peuvent être débloqués si le contrat le prévoit, avec éventuellement des pénalités;C;C;Ouvrage L'essentiel des techniques bancaires - Jean-Marc Béguiin, Arnaud Bernard - Editions Eyrolles, chapitre 4 Les produits d'épargne bancaire et non bancaire;V4 (fév. 2021);;;manuel/07-instruments-financiers.md
1485;7;7.6;C;Lors de la souscription d'un contrat d'assurance vie, quel choix s'offre au souscripteur ?;Le souscripteur doit absolument choisir entre un fonds en euros ou un fonds exclusivement en unités de compte (UC) s'il souhaite contracter une assurance vie;Le souscripteur peut opter soit pour un contrat monosupport, généralement un fonds en euros, soit pour un contrat multisupport, en unités de compte (UC) ou alliant fonds en euros et UC;Le souscripteur doit absolument choisir plusieurs fonds en unités de compte (UC) s'il souhaite contracter une assurance vie;B;B;C. assur., L 132-8.;V4 (fév. 2021);;;manuel/07-instruments-financiers.md
1486;7;7.6;C;Quelle est la durée minimale de blocage des sommes déposées sur un compte à terme ?;Un mois;Six mois;Un an;A;A;Site internet abe-infoservice (https://www.abe-infoservice.fr/epargne/epargne-bancaire/compte-terme);V4 (fév. 2021);;;manuel/07-instruments-financiers.md
1487;7;7.6;C;Le compte d'épargne logement (CEL) a une durée :;Illimitée;De 5 ans;De 15 ans;A;A;Source CEL sur service-public.fr;V4 (fév. 2021);;;manuel/07-instruments-financiers.md
1488;7;7.6;C;Les comptes à terme :;Sont toujours à taux fixe;Sont à taux fixe ou variable uniquement;Peuvent être à taux fixe, progressif ou variable;C;C;Site internet Assurance Banque Epargne Info service (https://www.abe-infoservice.fr/epargne/epargne-bancaire/compte-terme, §1);V4 (fév. 2021);;;manuel/07-instruments-financiers.md
1489;7;7.6;C;Les livrets d'épargne populaire :;Sont réservés aux personnes ne dépassant pas un certain plafond de revenu;Sont réservés aux personnes ne payant pas d'impôt;Sont des produits de placement dont la rémunération est librement fixée par les établissements qui les proposent;A;A;Article 221-13,221-14, 221-15 du code monétaire et financier;V4 (fév. 2021);;;manuel/07-instruments-financiers.md
1490;7;7.6;C;Le Livret d'Epargne Populaire est destiné :;Aux seuls foyers fiscaux ne dépassant pas un certain plafond d'imposition;Aux entreprises les plus populaires;A toutes les personnes morales résidant en France;A;A;Source Lep sur service-public.fr;V4 (fév. 2021);;;manuel/07-instruments-financiers.md
1491;7;7.6;C;Parmi les propositions suivantes concernant l'assurance-vie, laquelle est exacte ?;Elle peut permettre au souscripteur de préparer sa retraite;Elle offre un capital et un taux minimum garanti à l'investisseur qui opte pour les contrats en unités de compte;C'est un support d'épargne à court terme;A;A;http://www.ffsa.fr/sites/jcms/p1_1473666/fr/contrats-dassurance-en-cas-de-vie-caracteristiques-et-motivations-des-souscripteurs-enquete-2014?cc=fn_7345;V4 (fév. 2021);;;manuel/07-instruments-financiers.md
1492;7;7.6;C;Qu'est-ce qu'un compte à terme ?;Une technique de prévision d'investissement futur;Est un contrat financier à terme;Un placement bancaire rémunéré dont la durée est fixée préalablement;C;C;Article 4 du Règlement no 86-13 du 14 mai 1986 (maj Nov 2016);V4 (fév. 2021);;;manuel/07-instruments-financiers.md
1495;7;7.6;C;Dans le cadre d'un contrat d'assurance-vie investi dans un support en fonds euros, le fonds en euros est investi sur des placements :;Risqués;Très risqués;Peu risqués;C;C;Site internet de l'AMF, Comprendre les produits financiers Supports d'investissement: Assurance-vie, Investir dans une assurance-vie (https://www.amf-france.org/Epargne-Info-Service/Comprendre-les-produits-financiers/Supports-d-investissement/Assurance-vi;V4 (fév. 2021);;;manuel/07-instruments-financiers.md
1496;7;7.6;C;Concernant les livrets jeune, quelle proposition est exacte ?;Les taux d'intérêt du livret jeune sont fixés par l'Autorité de contrôle prudentiel et de résolution;Les intérêts du livret jeune sont calculés selon la règle de la quinzaine;Le montant maximal des dépôts est de 15 300 euros;B;B;Article R. 221-93 du code monétaire et financier;V4 (fév. 2021);;;manuel/07-instruments-financiers.md
1497;7;7.6;C;Les parts sociales de banques coopératives :;Sont obligatoirement cotées en bourse;Excluent tout versement de rémunération;Donnent le droit de voter en assemblée générale;C;C;Site AMF - Espace Epargnants - Comprendre les parts sociales - Publié le 17 octobre 2018;V4 (fév. 2021);;;manuel/07-instruments-financiers.md
1498;7;7.6;C;La sortie d'un contrat PERP est possible:;En cas d'invalidité sévère;A l'occasion d'un mariage;A l'occasion d'une naissance;A;A;Perp sur service-public.fr;V4 (fév. 2021);obs;Le PERP n'est plus commercialisé depuis le 1er octobre 2020 : il est remplacé par le PER (loi PACTE). Les cas de sortie anticipée (invalidité, décès du conjoint, surendettement, fin de droits au chômage, cessation d'activité après liquidation judiciaire, et achat de la résidence principale pour l'épargne volontaire du PER) restent proches.;manuel/07-instruments-financiers.md
1501;7;7.6;C;Comment est géré un organisme de titrisation ?;Par un établissement de crédit;Par une société de gestion disposant d'un programme d'activité spécifique;Par une société d'investissement;B;B;Article L214-168 du code monétaire et financier;V4 (fév. 2021);;;manuel/07-instruments-financiers.md
1503;7;7.6;C;Les titres de créances émis par un organisme de titrisation peuvent faire l'objet d'un démarchage, auprès :;De tout public;D'investisseurs qualifiés;De n'importe quel intermédiaire financier;B;B;L 214-44 Code Monétaire et Financier;V4 (fév. 2021);;;manuel/07-instruments-financiers.md
1504;7;7.6;C;Par rapport à un contrat d'assurance monosupport en euros, un contrat d'assurance multisupport :;Est plus risqué;Est moins risqué;Présente les mêmes risques;A;A;2005-842 Modernisation de l'économie;V4 (fév. 2021);;;manuel/07-instruments-financiers.md
1506;7;7.6;C;La rémunération par un établissement de crédit d'un compte à terme est :;Libre;Fixée par l'Autorité des Marchés Financiers (AMF);Fixé par l'Autorité de Contrôle Prudentiel et de Résolution (ACPR);A;A;Site internet compte-a-terme.com - Site internet boursorama.com/forum-epargne-remuneration-compte-a-terme-361010391-1;V4 (fév. 2021);;;manuel/07-instruments-financiers.md
1507;7;7.6;C;Le taux du livret jeune est :;Librement fixé par chaque établissement bancaire mais ne peut être inférieur à 0,75 %;Librement fixé par chaque établissement bancaire mais ne peut être supérieur à 0,75 %;Est fixé à 0,75% par arrêté;A;A;https://www.service-public.fr/particuliers/vosdroits/F2904;V4 (fév. 2021);obs;"Le taux du livret jeune est libre mais ne peut pas être inférieur au taux du livret A. Les 0,75 % de la base correspondent à l'ancien taux du livret A ; la question figure d'ailleurs aussi dans la liste des questions supprimées.";manuel/07-instruments-financiers.md
1508;7;7.6;C;A l'issue d'un délai de 10 ans après le décès de l'assuré, que deviennent les sommes dues au titre des contrats d'assurance-vie non réclamés et non réglés ?;Les organismes d'assurance doivent reverser l'intégralité des sommes au Trésor Public;Les organismes d'assurance doivent déposer l'intégralité des sommes à la Caisse des Dépôts et Consignations;Les organismes d'assurance versent l'intégralité des sommes sur un compte à terme en attendant qu'un des bénéficiaires de la succession les réclament;B;B;Loi ECKERT 13/06/2014;V4 (fév. 2021);;;manuel/07-instruments-financiers.md
1510;7;7.6;C;Les contrats d'assurance vie constitués de fonds en euros :;Garantissent le capital investi;Garantissent le capital investi jusqu'à 5 000 euros;Ne garantissent pas le capital investi;A;A;"Note AMF ""ÉPARGNER DANS UNE ASSURANCE-VIE""";V4 (fév. 2021);;;manuel/07-instruments-financiers.md
1511;7;7.6;C;Dans le cadre d'un contrat d'assurance vie, les fonds en euros sont majoritairement investis :;En obligations d'Etat, d'entreprises ou en immobilier;En Organismes de Placement Collectif en Valeurs Mobilières (OPCVM);Exclusivement en obligations d'Etat;A;A;Site internet fonds-euros.fr - Site internet AMF Le contrat d'assurances-vie 26 juin 2013;V4 (fév. 2021);;;manuel/07-instruments-financiers.md
1705;7;7.6;C;Le livret A est un livret d 'épargne dont la rémunération est :;Un taux fixe révisable par le Ministre de l 'Economie en fonction d 'une formule de calcul basée sur les taux à court terme et l 'inflation;"Un taux librement fixé par les établissements bancaires qui le proposent mais avec un taux de rémunération ""plancher"" déterminé par le Ministre de l 'Economie";Dépendante des rémunérations des actions dans lesquelles le livret A est investi sans garantie de capital;A;A;Article R221-4 du CMF;V4 (fév. 2021);;;manuel/07-instruments-financiers.md
2731;7;7.6;C;Le contrat d'assurance-vie est un contrat :;Régi par le Code des assurances;Régi par le Code monétaire et financier;A capital fixe;A;A;;Récente (n° ≥ 2553);;;manuel/07-instruments-financiers.md
1512;7;7.7;C;"Que permettent les contrats de ""futures"" ou contrats à terme ?";D'acheter ou de vendre un actif à un prix fixé pour un règlement/livraison à une date future;De se couvrir contre les risques opérationnels;De bénéficier d'une évolution favorable du marché sans risque de perte;A;A;Lexique AMF - Future;V4 (fév. 2021);;;manuel/07-instruments-financiers.md
1513;7;7.7;C;Acheter un call signifie :;Un engagement ferme d'acheter un sous-jacent à un prix fixé à l'avance;Avoir le droit et non l'obligation de vendre un sous-jacent à un prix fixé à l'avance;Avoir le droit et non l'obligation d'acheter un sous-jacent à un prix fixé à l'avance;C;C;"Ouvrage ""Finance de marché: Instruments de base, produits dérivés, portefeuilles et risques"" Poncet et Portait";V4 (fév. 2021);;;manuel/07-instruments-financiers.md
1514;7;7.7;C;Les produits dérivés :;Sont des produits financiers négociés sur les marchés de pays émergents;Sont des produits dont la valeur fluctue en fonction d'un actif appelé sous-jacent;Sont des produits uniquement négociés sur des marchés réglementés;B;B;Introduction aux marchés financiers, 2ème édition, ECONOMICA,, Erwan LE SAOUT;V4 (fév. 2021);;;manuel/07-instruments-financiers.md
1515;7;7.7;C;Acheter un put revient à acheter :;Un droit de vente;Un droit d'achat;Un droit de souscription;A;A;Ouvrage Finance d'entreprise 2019 - Pierre vernimmen, Pascal Quiry, Yann Le fur - Editions Dalloz, chapitre 25 - L'option, points 25.2 et 25.3;V4 (fév. 2021);;;manuel/07-instruments-financiers.md
1517;7;7.7;C;Quel est le droit de l'acheteur d'un put?;Droit d'acheter le sous-jacent;Droit de vendre le sous-jacent;Droit d'acheter ou de vendre le sous-jacent;B;B;Les marchés de capitaux Dupuy, Fontaine, Hamet 2018;V4 (fév. 2021);;;manuel/07-instruments-financiers.md
1519;7;7.7;C;Les contrats financiers à terme traités sur les marchés organisés et réglementés :;Ne bénéficient pas des services d'une chambre de compensation;Bénéficient des services d'une chambre de compensation;Ne permettent pas de gérer le risque lié à la fluctuation des prix;B;B;RG AMF Livre V;V4 (fév. 2021);;;manuel/07-instruments-financiers.md
1521;7;7.7;C;Un CFD (contract for difference) est :;Un instrument de placement sans risque;Un actif financier à long terme qui fonctionne comme une obligation d'état;Un produit dérivé hautement spéculatif permettant de parier sur la hausse ou la baisse d'un actif sous-jacent;C;C;amf-france.org/Epargne-Info-Service/Comprendre-les-produits-financiers/Produits-complexes/CFD;V4 (fév. 2021);;;manuel/07-instruments-financiers.md
1523;7;7.7;C;Les cours des produits dérivés sont influencés par les cours d'un autre actif appelé :;Option;Prime;Sous-jacent;C;C;Introduction aux marchés financiers, 2ème édition, ECONOMICA,, Erwan LE SAOUT;V4 (fév. 2021);;;manuel/07-instruments-financiers.md
1525;7;7.7;C;Qu'est ce qu'une option ?;Un instrument financier donnant le droit d'acheter ou de vendre à une date future un actif financier à un cours fixé à l'avance;Un instrument financier permettant à l'investisseur de se positionner pour une future émission d'obligations;Un instrument financier permettant à l'investisseur de choisir entre deux types d'investissement jusqu'à une date limite;A;A;Lexique AMF - option;V4 (fév. 2021);;;manuel/07-instruments-financiers.md
1526;7;7.7;C;Dans une transaction sur contrat Future, le prix d'achat ou de vente à la date future :;Dépend des prix du marché à maturité du contrat;Est fixé à la date de la transaction;Peut être fixe ou variable;B;B;Ouvrage Finance d'entreprise 2019 - Pierre vernimmen, Pascal Quiry, Yann Le fur - Editions Dalloz, chapitre 23 - La gestion des risques dans l'entreprise, point 53.27;V4 (fév. 2021);;;manuel/07-instruments-financiers.md
1527;7;7.7;C;"Qu'est-ce qu'un ""Contracts for difference"" (CFD)?";Un instrument financier qui donne à son détenteur le droit d'acheter ou de vendre un actif financier à un prix et jusqu'à (ou à) une date d'échéance (maturité) fixés à l'avance;Un droit d'acheter ou de vendre une quantité d'actifs pendant une période et à un prix convenus à l'avance;"Un produit financier qui permet de parier sur les variations à la hausse ou à la baisse d'un ""actif sous-jacent"" sans jamais le détenir";C;C;Site internet de l'AMF, Comprendre les produits financiers Produits complexes: CFD, Les CFD (contracts for difference) (https://amf-france.org/Epargne-Info-Service/Comprendre-les-produits-financiers/Produits-complexes/CFD?);V4 (fév. 2021);;;manuel/07-instruments-financiers.md
1528;7;7.7;C;Lorsqu'un investisseur achète une option sur les marchés dérivés :;Il est engagé de façon ferme et irréversible;Il doit échanger un titre contre un autre;Il a le droit d'exercer ou non son option;C;C;vernimmen 2020 - chap 25;V4 (fév. 2021);;;manuel/07-instruments-financiers.md
1530;7;7.7;C;Les Contracts For Differences (CFD) sont :;"Des instruments financiers spéculatifs pariant sur des variations à la hausse ou à la baisse d'un ""actif sous-jacent""";"Des options dont l' ""actif sous-jacent"" est la différence entre les cours de deux actions";Des contrats d'assurance vie;A;A;"Note AMF ""les CFD (contracts for difference)"" publié le 18 october 2018";V4 (fév. 2021);;;manuel/07-instruments-financiers.md
1531;7;7.7;C;"La valorisation théorique d'une ""option d'achat"" dépend :";Uniquement de la date d'échéance et du prix d'exercice;Uniquement du prix d'exercice;Notamment du prix d'exercice, de la date d'échéance et de la volatilité anticipée du sous jacent;C;C;Site internet fimarkets.com - Site internet edubourse.com - Site internet vernimmen.net;V4 (fév. 2021);;;manuel/07-instruments-financiers.md
1533;7;7.7;C;Concernant la négociation d'un future, quelle affirmation est juste ?;Il est impossible de vendre un futures sans l'avoir préalablement acheté;L'acheteur et le vendeur sont irrémédiablement engagés et ne peuvent se dédire;Il n'y a jamais de livraison physique de la marchandise sous-jacente à échéance du contrat;B;B;RG AMFLivre V RG Euronext RG LCH CLEARNET;V4 (fév. 2021);;;manuel/07-instruments-financiers.md
1693;7;7.7;C;A partir de quel cours l'appel de marge est-il calculé pour les contrats à terme ?;A partir du cours de compensation du contrat en fin de journée;A partir du cours du contrat à échéance;A partir du cours de clôture de la veille;A;A;Voir le site : https://www.boursedeparis.fr/centre-d-apprentissage/les-contrats-a-terme/comment-fonctionnent-les-contrats-a-terme;V4 (fév. 2021);;;manuel/07-instruments-financiers.md
1711;7;7.7;C;"L'achat d'une option ""put"" conduit à :";"Verser une prime pour avoir le droit d'acheter sur une période déterminée un actif sous-jacent à un prix fixé à l'émission du ""put""";"Verser une prime pour avoir le droit de vendre sur une période déterminée un actif sous-jacent à un prix fixé à l'émission du ""put""";"Percevoir une prime immédiatement en échange de la cession du droit de vendre sur une période déterminée un actif à un prix fixé à l'émission du ""put""";B;B;"Vernimmen ""Les principaux titres financiers"" , p. 510/511, Edition 2020";V4 (fév. 2021);;;manuel/07-instruments-financiers.md
1716;7;7.7;C;"Un ""swap"" est un contrat entre deux contreparties :";Qui s 'engagent à s 'échanger des flux financiers ou des instruments financiers selon un échéancier fixé à l 'avance;Dont l 'une s 'engage à vendre un actif sous-jacent à l 'autre contrepartie à un prix fixé d 'avance sur une période déterminée;Dont l 'une s 'engage à acheter un actif sous-jacent à un prix fixé d 'avance sur une période déterminée;A;A;"Vernimmen ""la gestion du BFR, de la trésorerie, des risques et de l'immobilier"" , p. 1111, Edition 2020";V4 (fév. 2021);;;manuel/07-instruments-financiers.md
669;7;7.8;C;Quel organisme élabore les principes comptables d'évaluation des actifs des OPCVM ?;L'AMF;L'Autorité des normes comptables (ANC), dans le plan comptable OPC;Le conseil d'administration ou le directoire de l'OPCVM;B;B;Voir le site : http://www.anc.gouv.fr/cms/sites/anc/accueil/qui-sommes-nous.html;V4 (fév. 2021);;;manuel/07-instruments-financiers.md
673;7;7.8;C;L'entité qui assure la valorisation d'un OPCVM est appelée :;Le dépositaire de l'OPCVM;Le centralisateur de l'OPCVM;La société de gestion ou, en cas d'externalisation vers un prestataire externalisé, le valorisateur;C;C;RGAMF Art. 411-24 à 33 et 123 et 124;V4 (fév. 2021);;;manuel/07-instruments-financiers.md
696;7;7.8;C;La valeur liquidative d'un OPC est égale :;Au capital initial de l'OPC divisé par le nombre de parts existantes;Au capital initial divisé par le nombre de parts initiales;A l'actif net du jour de l'OPC divisé par le nombre de parts ou d'actions existantes;C;C;RG AMF art 411-29;V4 (fév. 2021);;;manuel/07-instruments-financiers.md
704;7;7.8;C;Le prix d'une part d'un OPC est appelé :;La valeur nominative;La valeur transitive;La valeur liquidative;C;C;https://www.amf-france.org/eli/fr/aai/amf/rg/livre/4/titre/1/fr.html (411-29 RGAMF);V4 (fév. 2021);;;manuel/07-instruments-financiers.md
706;7;7.8;C;Quel acteur a la responsabilité de la validation de la valeur liquidative d'un OPC ?;La société de gestion;Le dépositaire;Le commissaire aux comptes;A;A;RG AMF art 411-24;V4 (fév. 2021);;;manuel/07-instruments-financiers.md
707;7;7.8;C;La valeur liquidative d'origine d'un OPC est :;Proposée par le dépositaire;Choisie par la société de gestion de portefeuille;Imposée par l'AMF;B;B;RG AMF rt 411-14 et 24;V4 (fév. 2021);;;manuel/07-instruments-financiers.md
1534;7;7.8;C;Sur la base de quelle valeur sont effectués les souscriptions et les rachats d'actions ou de parts d'OPC ?;Le prix de revient des actifs qui composent l'actif;La valeur liquidative;La valeur plancher;B;B;Site AMF - Espace épargnant - S'informer sur... La valeur liquidative d'un OPC (SICAV et FCP) - publié le 24 novembre 2014;V4 (fév. 2021);;;manuel/07-instruments-financiers.md
1536;7;7.8;C;Le portefeuille d'un OPC (Organisme de Placement Collectif) peut être composé :;De matières premières agricoles;D'œuvres d'art;D'instruments financiers;C;C;COMOFI livre II RG AMF Livre IV;V4 (fév. 2021);;;manuel/07-instruments-financiers.md
1537;7;7.8;C;Lors de l'achat de parts d'OPC, les commissions de souscription :;S'ajoutent à la valeur liquidative afin de déterminer le prix d'achat;Se retranchent de la valeur liquidative afin de déterminer le prix d'achat;Ne sont jamais supportées par l'investisseur;A;A;RG AMF art 411-20;V4 (fév. 2021);;;manuel/07-instruments-financiers.md
1541;7;7.8;C;Le prix de souscription d'un OPC (Organisme de Placement Collectif) est :;Inférieur à la valeur liquidative;Egale à la valeur liquidative plus, le cas échéant, les droits d'entrée;N'a rien à voir avec la valeur liquidative;B;B;COMOFI livre II RG AMF Livre IV;V4 (fév. 2021);;;manuel/07-instruments-financiers.md
1542;7;7.8;C;A quel agrément est soumise la constitution d'un OPCVM ?;A l'agrément de l'AFG - Association française de la gestion financière;A l'agrément de l'AMF;A l'agrément de la Banque de France;B;B;Article L214-3 du CMF;V4 (fév. 2021);;;manuel/07-instruments-financiers.md
1543;7;7.8;C;A quoi correspond le prix d'achat d'une part d'OPC ?;A la valeur nominale de l'OPC majorée des frais de garde;A la valeur liquidative de l'OPC minorée des frais de sortie;A la valeur liquidative de l'OPC majorée des frais d'entrée;C;C;Site internet Assurance, Banque, Epargne, Info service (https://www.abe-infoservice.fr/epargne/placements-en-bourse/linvestissement-en-opc-sicav-et-fcp#3);V4 (fév. 2021);;;manuel/07-instruments-financiers.md
1544;7;7.8;C;La constitution d'un OPCVM est soumise à l'agrément de :;L'Autorité des Marchés Financiers (AMF);La Banque de France;La Banque Centrale Européenne;A;A;GUIDE DES DOCUMENTS REGLEMENTAIRES DES OPC - DOC-2011-05 - AMF;V4 (fév. 2021);;;manuel/07-instruments-financiers.md
1545;7;7.8;C;Pour un OPC appliquant des commissions de rachat, comment calcule-t-on ce prix de rachat ?;En retranchant la commission du PSI de la valeur liquidative;En retranchant la commission de rachat de la valeur liquidative;En ajoutant la commission de rachat à la valeur liquidative;B;B;Voir document AMF : La valeur liquidative d'un OPC (SICAV et FCP);V4 (fév. 2021);;;manuel/07-instruments-financiers.md
1546;7;7.8;C;La souscription et le rachat de parts ou actions d'un OPC se font sur la base de :;La valeur acquisitive;La valeur liquidative;La valeur de rendement;B;B;RG AMF art 411-20;V4 (fév. 2021);;;manuel/07-instruments-financiers.md
1547;7;7.8;C;Un OPCVM est un :;Organisme de Placement à Capital Variable Monétaire;Organisme de Placement Collectif en Valeurs Mobilières;Organisme de Placement à Capital en Valeurs Mobilières;B;B;Article L. 214-1 du code monétaire et financier;V4 (fév. 2021);;;manuel/07-instruments-financiers.md
1548;7;7.8;C;Les frais supportés par les investisseurs dans un OPCVM :;Sont présentés Toutes Taxes Comprises;Sont présentés Hors Taxe;Ne sont communiqués que sur demande, au format désiré;A;A;RG AMF 411-114;V4 (fév. 2021);;;manuel/07-instruments-financiers.md
1550;7;7.8;C;Que signifie l'acronyme FIA ?;Fonds d'investissement en actions;Fonds d'investissement agréé;Fonds d'investissement alternatif;C;C;Lexique AMF - FIA;V4 (fév. 2021);;;manuel/07-instruments-financiers.md
1552;7;7.8;C;Par qui est publiée la valeur liquidative d'une part d'OPC ?;Euronext;La Banque de France;La société de gestion;C;C;Site internet Assurance, Banque, Epargne, Info service (https://www.abe-infoservice.fr/epargne/placements-en-bourse/linvestissement-en-opc-sicav-et-fcp#3);V4 (fév. 2021);;;manuel/07-instruments-financiers.md
1553;7;7.8;C;Les frais de gestion d'un OPCVM au profit de la société de gestion, sont :;Directement provisionnés sur l'actif de l'OPCVM, préalablement au calcul de la valeur liquidative;Directement payés par le client géré;Prélevés semestriellement sur l'actif de l'OPCVM;A;A;CMF art. L. 214-17-1 // RGAMF art. 411-29 et 411-114- Position AMF N°2012-12-Guide relatif aux frais 2°;V4 (fév. 2021);;;manuel/07-instruments-financiers.md
1555;7;7.8;C;L'actif d'un OPCI (Organisme de Placement Collectif Immobilier) est principalement investi en :;Actions;Obligations;Actifs immobiliers;C;C;COMOFI livre II RG AMF Livre IV;V4 (fév. 2021);;;manuel/07-instruments-financiers.md
1556;7;7.8;C;La réglementation impose le principe général de valorisation des actifs des OPC :;A leur valeur de marché;A leur prix de revient;A leur valeur historique moyenne;A;A;Règlement de l'Autorité des Normes Comptables N° 2018-04 du 12 octobre 2018 modifiant le règlement ANC N°2014-01 relatif au plan comptable général des organismes de placement collectif à capital variable;V4 (fév. 2021);;;manuel/07-instruments-financiers.md
1557;7;7.8;C;Les FIA (fonds d'investissement alternatifs) :;N'ont pas de dépositaire;Doivent avoir un dépositaire;N'ont pas de prospectus;B;B;COMOFI livre II RG AMF Livre IV;V4 (fév. 2021);;;manuel/07-instruments-financiers.md
1558;7;7.8;C;Que peut-on dire de la valeur liquidative d'un OPC à vocation générale ?;Elle doit être calculée au moins deux fois par mois;Elle doit être calculée au moins une fois par semaine;Elle doit être calculée quotidiennement;A;A;Voir document AMF : La valeur liquidative d'un OPC (SICAV et FCP);V4 (fév. 2021);;;manuel/07-instruments-financiers.md
1559;7;7.8;C;Les OPC sont :;Des organismes de placement collectif;Des organismes de portage collectif;Des organismes de placement commun;A;A;Les marchés de capitaux Dupuy, Fontaine, Hamet 2018;V4 (fév. 2021);;;manuel/07-instruments-financiers.md
1561;7;7.8;C;Que signifie l'acronyme SICAV ?;Société d'Investissement À Capital Variable;Souscription d'Investissements À Capitaux Variés;Société d'Investissement À Créances Valorisées;A;A;C. mon. fin., art. L 214-4 / AMF, S'informer sur la valeur liquidative d'un OPC (SICAV et FCP), avril 2015 [document disponible au format PDF sur le site de l'AMF].;V4 (fév. 2021);;;manuel/07-instruments-financiers.md
1562;7;7.8;C;Les fonds de capital investissement sont :;Ouverts à tous les investisseurs;Réservés à des investisseurs professionnels;Réservés à des investisseurs non professionnels;A;A;https://amf-france.org/Acteurs-et-produits/Produits-et-SICAV/FIA/Capital-investissement?;V4 (fév. 2021);;;manuel/07-instruments-financiers.md
1564;7;7.8;C;Quelle directive européenne régule les sociétés civiles de placements immobiliers ?;SOLVABILITE;UCITS;AIFM;C;C;Directive AIFM COMOFI livre II RG AMF Livre IV;V4 (fév. 2021);;;manuel/07-instruments-financiers.md
1566;7;7.8;C;Quel est le statut d'un détenteur de parts de FCP ?;Il est actionnaire;Il est créancier;Il est copropriétaire;C;C;Lexique AMF - FCP;V4 (fév. 2021);;;manuel/07-instruments-financiers.md
1567;7;7.8;C;La valeur liquidative d'un Organisme de Placement Collectif en Valeurs Mobilières (OPCVM);Doit être communiquée à toute personne qui en fait la demande;Ne doit être communiquée qu'aux porteurs d'actions ou de parts de l'OPCVM concerné;Ne doit être communiquée que sur demande de l'Autorité des Marchés Financiers;A;A;RGAMF art.411-27;V4 (fév. 2021);;;manuel/07-instruments-financiers.md
1568;7;7.8;C;Les parts d'un OPC (Organisme de Placement Collectif) peuvent être détenues par :;Des personnes physiques;Des associations;Des personnes morales, des personnes physiques ou des associations;C;C;COMOFI livre II RG AMF Livre IV;V4 (fév. 2021);;;manuel/07-instruments-financiers.md
1569;7;7.8;C;La valeur liquidative des parts d'un OPC :;Evolue en fonction des performances du portefeuille de cet OPC;Est déterminée une fois par an en fonction des taux à court terme;Est fixée à l'avance;A;A;RG AMF - art 411-29;V4 (fév. 2021);;;manuel/07-instruments-financiers.md
1570;7;7.8;C;Un ordre de souscription ou de rachat est :;Révocable sur demande du mandant;Révocable sur demande du mandataire;Irrévocable;C;C;RG-AMF 411-68;V4 (fév. 2021);;;manuel/07-instruments-financiers.md
1571;7;7.8;C;La valeur liquidative d'un OPC (Organisme de Placement Collectif) :;Est la valeur acquise du placement à son échéance;Est égale à l'actif net de l'OPC divisé par le nombre de parts;Fluctue en Bourse tout au long de la journée;B;B;RG AMF - art 411-29;V4 (fév. 2021);;;manuel/07-instruments-financiers.md
1573;7;7.8;C;Comment est calculée la valeur liquidative d'un OPC ?;Cette valeur est obtenue en divisant le nombre de ses parts par la valeur globale de l'actif net de l'OPC;Cette valeur est obtenue en divisant la valeur globale de l'actif net de l'OPC par le nombre de ses parts;Cette valeur est obtenue en divisant le nombre de ses parts par la valeur globale du passif de l'OPC;B;B;AMF, S'informer sur la valeur liquidative d'un OPC (SICAV et FCP), avril 2015 [document disponible au format PDF sur le site de l'AMF].;V4 (fév. 2021);;;manuel/07-instruments-financiers.md
1574;7;7.8;C;Depuis 2014, quelles sont les deux grandes catégories d'OPC ?;Les OPCVM et les FCP;Les OPCVM et les FIA;Les fonds à formule et les fonds diversifiés;B;B;Directive 2011/61/UE dite directive AIFM;V4 (fév. 2021);;;manuel/07-instruments-financiers.md
1576;7;7.8;C;La souscription et ou le rachat des parts d'un OPCVM;Ne donne jamais lieu à des frais;Ne donne lieu qu'à des frais de rachat de l'ordre de 10%;Peut donner lieu à des commissions de rachats ou commissions de souscription;C;C;RG AMF 411-114;V4 (fév. 2021);;;manuel/07-instruments-financiers.md
1577;7;7.8;C;Les Fonds Communs de Placement :;Sont une copropriété de valeurs mobilières;Sont des SICAV investies en fonds alternatifs;Sont des OPCVM investis en fonds éthiques;A;A;Article L. 214-39 du code monétaire et financier;V4 (fév. 2021);;;manuel/07-instruments-financiers.md
1578;7;7.8;C;Dans la plupart des cas, les OPC sont souscrits sur la base d'une valeur liquidative :;Inconnue;Connue;Fixée annuellement;A;A;Site AMF - Espace épargnant - S'informer sur... La valeur liquidative d'un OPC (SICAV et FCP) - publié le 24 novembre 2014;V4 (fév. 2021);;;manuel/07-instruments-financiers.md
1579;7;7.8;C;Dans le fonctionnement des OPC, les investisseurs peuvent souscrire ou demander le rachat de leurs parts :;Tous les quinze jours;Une fois par mois;A tout moment;C;C;RG AMF art 411-20 et suivants + art 411-123;V4 (fév. 2021);;;manuel/07-instruments-financiers.md
1581;7;7.8;C;A quelle fréquence doit être publiée la valeur liquidative d'un OPC ?;Elle doit avoir lieu au moins une fois tous les trimestres pour les OPC à vocation générale (hors FCPR, FCPI, FIP et FCPE);La fréquence de publication de la valeur liquidative est précisée dans le prospectus, il n'existe pas de norme en la matière;La fréquence de publication de la valeur liquidative est précisée dans le prospectus mais elle doit avoir lieu au moins deux fois par mois pour les OPC à vocation générale (hors FCPR, FCPI, FIP et FCPE);C;C;AMF, S'informer sur la valeur liquidative d'un OPC (SICAV et FCP), avril 2015 [document disponible au format PDF sur le site de l'AMF].;V4 (fév. 2021);;;manuel/07-instruments-financiers.md
1582;7;7.8;C;Que signifie l'acronyme OPC ?;Organisme de placement coordonné;Organisme de placement de capitalisation;Organisme de placement collectif;C;C;Lexique AMF - OPC;V4 (fév. 2021);;;manuel/07-instruments-financiers.md
1583;7;7.8;C;Par qui sont distribués les OPC ?;Par les Conseillers en investissements financiers uniquement;Par la société de gestion uniquement;Par des distributeurs (réseaux bancaires, banques et courtiers en ligne, conseillers en investissements financiers, etc.) ou par la société de gestion;C;C;Site internet de l'AMF, Comprendre les produits financiers, Placements collectifs: OPC (Fonds & SICAV), Ce qu'il faut savoir sur les placements collectifs (fonds et Sicav), §2 (https://www.amf-france.org/Epargne-Info-Service/Comprendre-les-produits-finan;V4 (fév. 2021);;;manuel/07-instruments-financiers.md
1585;7;7.8;C;La périodicité de calcul de la valeur liquidative d'un OPC (Organisme de Placement Collectif) est :;Identique pour tous les OPC;Variable selon l'OPC;Variable selon la taille de l'OPC;B;B;RG AMF art 411-123;V4 (fév. 2021);;;manuel/07-instruments-financiers.md
1586;7;7.8;C;Quel est le statut d'un détenteur de SICAV ?;Il est actionnaire;Il est créancier;Il est copropriétaire;A;A;Publication AMF : Ce qu'il faut savoir sur les placements collectifs (fonds et Sicav) 17/10/2018;V4 (fév. 2021);;;manuel/07-instruments-financiers.md
1587;7;7.8;C;La fréquence de publication de la valeur liquidative d'une part d'OPC :;Est une information couverte par le secret professionnel;Est toujours hebdomadaire;Peut être connue en consultant le DICI et le prospectus de l'OPC;C;C;Site internet de l'AMF, Comprendre les produits financiers, Placements collectifs: OPC (Fonds & SICAV), Ce qu'il faut savoir sur les placements collectifs (fonds et Sicav), §2 (https://www.amf-france.org/Epargne-Info-Service/Comprendre-les-produits-finan;V4 (fév. 2021);;;manuel/07-instruments-financiers.md
1588;7;7.8;C;Comment se calcule le prix de souscription des actions de SICAV (sociétés d'investissement à capital variable) ou parts de FCP (fonds communs de placement) ?;Prix de souscription = (valeur liquidative de l'OPC - frais d'entrée / commissions de souscription) x moyenne des trois dernières valeurs liquidatives;Prix de souscription = valeur liquidative de l'OPC publiée dans le prospectus;Prix de souscription = (valeur liquidative de l'OPC + frais d'entrée / commissions de souscription) x nombre de parts ou d'actions acquises;C;C;C. mon. fin., L 214-7 et L 214-8.;V4 (fév. 2021);;;manuel/07-instruments-financiers.md
1589;7;7.8;C;La souscription et le rachat de parts ou actions d'un OPC se font sur la base d'une valeur de référence. Cette valeur s'appelle :;La valeur liquidative (VL) ou Net Asset Value (NAV);La valeur d'imposition;La valeur support;A;A;https://www.afg.asso.fr/lindustrie-de-la-gestion-financiere/societes-de-gestion/administration-de-fonds/;V4 (fév. 2021);;;manuel/07-instruments-financiers.md
1590;7;7.8;C;Dans le fonctionnement d'un OPC (Organisme de Placement Collectif), les investisseurs peuvent souscrire ou demander le rachat de leur part :;Une fois par quinzaine;Une fois par semaine;A tout moment;C;C;Recommandation AMF - DOC-2012-12;V4 (fév. 2021);;;manuel/07-instruments-financiers.md
1591;7;7.8;C;Dans la très grande majorité des cas, le prix de souscription ou de rachat d'un OPC (Organisme de Placement Collectif) est déterminé à partir :;D'un cours connu;D'un cours inconnu;D'un cours fixé;B;B;Autorité des marchés financiers - La valeur liquidative d'un OPC (SICAV et FCP);V4 (fév. 2021);;;manuel/07-instruments-financiers.md
1592;7;7.8;C;La valeur liquidative d'une part ou d'une action d'OPCVM (Organisme de Placement Collectif en Valeurs Mobilières) est calculée :;En multipliant la valeur de l'actif net de l'OPCVM par son nombre de parts ou d'actions;Par l'AMF (Autorité des Marchés Financiers);Par la société de gestion;C;C;411-20 Règlement Général de l'AMF;V4 (fév. 2021);;;manuel/07-instruments-financiers.md
1596;7;7.8;C;Les organismes de titrisation sont :;Agréés par l'AMF;Gérés par une société de gestion agréée par l'AMF;Ne peuvent octroyer de prêts;B;B;https://www.amf-france.org/Acteurs-et-produits/Produits-et-SICAV/FIA/Organismes-de-titrisation;V4 (fév. 2021);;;manuel/07-instruments-financiers.md
1597;7;7.8;C;Le prix de souscription d'un part d'OPC est égal à :;La valeur liquidative;La valeur liquidative plus les commissions de souscription;La valeur liquidative moins les commissions de souscription;B;B;"Note AMF ""La valeur liquidative d'un OPC""";V4 (fév. 2021);;;manuel/07-instruments-financiers.md
1598;7;7.8;C;Quels avantages offre, entre autres, un OPC (Organisme de Placement Collectif) pour les investisseurs ?;La distribution systématique de revenus importants et réguliers;La diversité des risques et l'évaluation permanente des placements;La détention en direct de matières premières;B;B;COMOFI livre II RG AMF Livre IV;V4 (fév. 2021);;;manuel/07-instruments-financiers.md
1599;7;7.8;C;"Parmi les OPC suivants, lequel n'a pas besoin d'un agrément ""a priori"" de l'AMF ?";Les OPC à catégorie de parts ou actions ouverts à des investisseurs non professionnels;Les fonds de capital investissement ouverts à des investisseurs professionnels;Les fonds d'épargne salariale ouverts à des investisseurs non professionnels;B;B;COMOFI livre II RG AMF Livre IV;V4 (fév. 2021);;;manuel/07-instruments-financiers.md
1600;7;7.8;C;Lequel de ces placements est un OPC ?;Un livret d'épargne logement;Un dépôt à terme;Un FCPE;C;C;COMOFI livre II RG AMF Livre IV;V4 (fév. 2021);;;manuel/07-instruments-financiers.md
1601;7;7.8;C;Le prix de rachat d'une part de FCP est :;Connu au moment où un client passe son ordre de bourse;N'est connu qu'après l'heure ou la date limite de centralisation des ordres;N'est connu qu'après approbation du commissaire aux comptes;B;B;"Note AMF ""La valeur liquidative d'un OPC""";V4 (fév. 2021);;;manuel/07-instruments-financiers.md
1602;7;7.8;C;La valeur liquidative d'un OPCVM est calculée :;En divisant la valeur de marché du portefeuille par le nombre de parts ou d'actions de l'OPCVM;En divisant l'actif net de l'OPCVM par le nombre de parts ou d'actions de l'OPCVM;En divisant la valeur de marché du portefeuille net des frais de gestion et des commissions de souscription par le nombre de parts ou d'actions de l'OPCVM;B;B;Site internet amf-France.org/documents/general/6348_1.pdf - Site internet fimarkets.com - Site internet lafinancepourtous.com;V4 (fév. 2021);;;manuel/07-instruments-financiers.md
1603;7;7.8;C;Un FIA (fonds d'investissement alternatif) :;Est un OPC (organisme de placement collectif);Est un OPCVM (organisme de placement collectif en valeurs mobilières);Est un contrat financier;A;A;COMOFI livre II RG AMF Livre IV;V4 (fév. 2021);;;manuel/07-instruments-financiers.md
1604;7;7.8;C;Le régime juridique d'une SICAV est celui :;D'une société anonyme;D'une SARL;D'une copropriété de valeurs mobilières;A;A;COMOFI livre II RG AMF Livre IV Code de commerce;V4 (fév. 2021);;;manuel/07-instruments-financiers.md
1606;7;7.8;C;Lequel de ces organismes est un FIA ?;Un OPCVM;Un TCN;Une SCPI;C;C;COMOFI livre II RG AMF Livre IV;V4 (fév. 2021);;;manuel/07-instruments-financiers.md
1694;7;7.8;C;Que regroupent les Organismes de placement collectif (OPC) ?;Uniquement les SICAV et FCP;Uniquement les FIA;Les OPCVM et les FIA;C;C;Voir le site : https://www.amf-france.org/Acteurs-et-produits/Produits-et-SICAV/Presentation;V4 (fév. 2021);;;manuel/07-instruments-financiers.md
1706;7;7.8;C;La gestion financière d 'un Organisme de Placement Collectif en Valeurs Mobilières (OPCVM) doit être réalisée par :;Une société de gestion de portefeuille;Un centralisateur;Tout Prestataire de Services d 'Investissement (PSI);A;A;Article L531-1 du CMF;V4 (fév. 2021);;;manuel/07-instruments-financiers.md
1707;7;7.8;C;La valeur liquidative d 'une part ou action d 'un Organisme de Placement Collectif représente :;La valeur de chacune des parts de l 'OPC;La plus-value réalisée par l 'investisseur depuis sa souscription;La valeur à déclarer à l 'administration fiscale pour le calcul de l 'impôt sur les revenu des valeurs mobilières;A;A;Article 411-29 RG AMF;V4 (fév. 2021);;;manuel/07-instruments-financiers.md
1721;7;7.8;C;Parmi les propositions suivantes, laquelle est vraie ?;Les Fonds d 'Investissement Alternatifs n 'ont aucune règle quant aux risques qu 'ils peuvent prendre;Les Fonds d 'Investissement Alternatif peuvent permettre de prendre plus de risque qu 'avec des Organismes de Placement Collectif en valeurs mobilières;Les Organismes de Placement Collectifs en valeurs mobilières sont toujours moins risqués que les Fonds d 'Investissement Alternatif;B;B;https://amf-france.org/Acteurs-et-produits/Produits-et-SICAV/FIA/Fonds-professionnels-specialises? Articles L214-162-1 / D214-206-1;V4 (fév. 2021);;;manuel/07-instruments-financiers.md
2659;7;7.8;C;La SGP exerce les droits attachés aux titres détenus par les OPCVM et les FIA qu'elle gère :;Dans son intérêt exclusif;Dans l'intérêt exclusif des actionnaires ou des porteurs de parts de ces OPCVM et FIA;Dans l'intérêt conjoint des actionnaires ou des porteurs de parts de ces OPCVM et FIA et de la SGP;B;B;;Récente (n° ≥ 2553);;;manuel/07-instruments-financiers.md
2734;7;7.8;C;L’introduction ou la modification concernant des gates dans le règlement et les statuts d’un organisme de placement collectif :;Est possible si elle a été agréée par l' ACPR au préalable;Doit être agréée par l’AMF;Doit être agréée par l’AMF puis faire l’objet d’une information particulière des porteurs leur proposant de sortir de l’organisme de placement collectif sans frais.;C;C;;Récente (n° ≥ 2553);;;manuel/07-instruments-financiers.md
2739;7;7.8;C;L'agrément de l'AMF est requis pour :;La constitution, la transformation et la liquidation d'un OPCVM;La constitution et la liquidation d'un OPCVM;La seule constitution de l'OPCVM;A;A;;Récente (n° ≥ 2553);;;manuel/07-instruments-financiers.md
1608;7;7.9;C;L'AMF contrôle les documents d'information des investissements en biens divers :;A posteriori pour tous les biens divers;A priori uniquement pour les rentes viagères;A priori pour tous les biens divers;C;C;Article 79 de la loi n° 2016‐1691 du 9 décembre 2016;V4 (fév. 2021);;;manuel/07-instruments-financiers.md
1609;7;7.9;C;"Parmi ces produits, lequel fait partie des ""biens divers"" ?";Un bon de souscription d'actions;Un contrat d'assurance-vie en unités de compte;Un placement dans des bouteilles de vin;C;C;Site AMF - Espace épargnant - Placements atypiques : des investissements à considérer avec prudence - publié le 24 juillet 2017;V4 (fév. 2021);;;manuel/07-instruments-financiers.md
1610;7;7.9;C;Les intermédiaires en biens divers :;Doivent fournir les informations utiles sur l'opération proposée préalablement à toute communication à caractère promotionnel ou à tout démarchage;Ne sont pas soumis au Code monétaire et financier;Ne sont pas soumis au contrôle de l'AMF;A;A;Article L550-3 du CMF;V4 (fév. 2021);;;manuel/07-instruments-financiers.md
1611;7;7.9;C;Dans la liste ci-dessous, quel type de biens entre dans le dispositif de l'intermédiation en biens divers ?;Les parts sociales;Les rentes viagères;Les opérations de banque;B;B;COMOFI art. L.550-1;V4 (fév. 2021);;;manuel/07-instruments-financiers.md
1614;7;7.9;C;L'intermédiation en biens divers est régulée par :;L'Autorité des marchés financiers;La DGCCRF;L'Autorité de contrôle prudentiel et résolution;A;A;CMF Art L550-1;V4 (fév. 2021);;;manuel/07-instruments-financiers.md
1615;7;7.9;C;Toute personne qui propose à un ou plusieurs clients ou clients potentiels d'acquérir des droits sur un ou plusieurs biens en mettant en avant la possibilité d'un rendement financier direct ou indirect ou ayant un effet économique similaire est :;Intermédiaire en biens divers;Intermédiaire en opérations de banque;Intermédiaire en opérations de paiement;A;A;CMF L551-1 et suivants;V4 (fév. 2021);;;manuel/07-instruments-financiers.md
1616;7;7.9;C;Que doit faire un CIF avant de conseiller à un client l'investissement dans un bien divers ?;"Se conformer à la Directive ""Abus de marché""";Rédiger un scénario des performances futures;Lui faire signer une lettre de mission décrivant, entre autres, les nature et modalités de la prestation;C;C;COMOFI L.325-6;V4 (fév. 2021);;;manuel/07-instruments-financiers.md
1617;7;7.9;C;En matière de biens divers, auprès de quelle autorité sont déposés les projets de documents d'information ?;L'AMF;L'ACPR;Le Ministère de l'économie et des finances;A;A;Article L551-3 du CMF;V4 (fév. 2021);;;manuel/07-instruments-financiers.md
1618;7;7.9;C;Avant la commercialisation d'un nouveau produit, les intermédiaires en biens divers :;Doivent déposer les projets de documents d'information et de contrats-types auprès de l'AMF;Doivent déposer ces documents auprès de l'ACPR;N'ont aucune obligation en la matière;A;A;Article L551-3 du code monétaire et financier;V4 (fév. 2021);;;manuel/07-instruments-financiers.md
1619;7;7.9;C;Un investissement en biens divers atypiques (diamants, vins, panneaux solaires, terres rares…) offre une perspective de rendement :;Souvent modérée, mais sans risque de perte;Qui peut être élevée, mais qui comporte également des risques importants de perte;Toujours liée au rendement des actions sur le marché boursier;B;B;abe-infoservice.fr/epargne/autres-placements-risque/les-offres-de-biens-divers-de-quoi-parle-t-on;V4 (fév. 2021);;;manuel/07-instruments-financiers.md
1620;7;7.9;C;L'AMF est habilitée à déterminer un minimum de garanties :;Pour toutes les opérations d'investissement en bien divers;Uniquement pour une catégorie d'investissements en bien divers jugés risqués;Uniquement pour une catégorie d'investissements en bien divers sans contrôle préalable;A;A;Article 79 de la loi n° 2016‐1691 du 9 décembre 2016;V4 (fév. 2021);;;manuel/07-instruments-financiers.md
1621;7;7.9;C;En matière d'intermédiation en biens divers, auprès de quelle autorité doit être déposé le document destiné à donner toute information utile au public sur l'opération proposée, sur la personne qui en a pris l'initiative et sur le gestionnaire ?;La Banque de France;L'ACPR;L'AMF;C;C;Article L550-3, al. 3;V4 (fév. 2021);;;manuel/07-instruments-financiers.md
1622;7;7.9;C;Quelle source réglementaire encadre l'activité des intermédiaires financiers en biens divers ?;Le COMOFI (Code Monétaire et Financier);La directive UCITS;Le code des assurances;A;A;COMOFI livre V titre V;V4 (fév. 2021);;;manuel/07-instruments-financiers.md
1624;7;7.9;C;Dans le cadre d'une opération en biens divers, le document promotionel doit être déposé auprès de l'AMF qui a alors :;Un mois pour formuler ses recommandations;Deux mois pour formuler ses recommandations;Trois mois pour formuler ses recommandations;B;B;CMF L.551-3;V4 (fév. 2021);;;manuel/07-instruments-financiers.md
1626;7;7.9;C;A quelle règle est soumise le gestionnaire de biens divers ?;Etablir semestriellement un inventaire des biens gérés et publier une valeur estimative;A l'établissement d'une comptabilité au même titre qu'une entreprise;Etablir annuellement un inventaire des biens, un bilan et un compte de résultat certifiés par un commissaire aux comptes;C;C;Article L551-4 du CMF;V4 (fév. 2021);;;manuel/07-instruments-financiers.md
1627;7;7.9;C;Quel peut être le statut d'un intermédiaire en biens divers ?;Un courtier sur les marchés financiers;Un internalisateur systématique;Un conseiller en investissements et gestion de biens immobiliers;C;C;CMF (article L. 551-1);V4 (fév. 2021);;;manuel/07-instruments-financiers.md
1629;7;7.9;C;A qui sont transmis les documents annuels établis par un gestionnaire de biens divers ?;Au Tribunal de commerce;Aux détenteurs des droits et à l'AMF;A un journal d'annonces légales;B;B;Article L551-4 du CMF;V4 (fév. 2021);;;manuel/07-instruments-financiers.md
1630;7;7.9;C;Le non respect des obligations d'information sur les produits de placements relevant des biens divers par des intermédiaires en biens divers est susceptible d'être sanctionné par :;Une peine privative de liberté et d'une amende;Une contravention;Une amende de 1.500 €;A;A;Article L. 573-8 al. 1 du CMF;V4 (fév. 2021);;;manuel/07-instruments-financiers.md
1631;7;7.9;C;Quelles communications à caractère promotionnel le CIF peut-il utiliser pour conseiller une offre en biens divers ?;Seules les communications à caractère promotionnel sur support numérique sont soumises à l'autorisation de l'AMF;Les projets de communication à caractère promotionnels doivent d'abord être déposés à l'AMF dans le cadre de l'enregistrement d'une opération en biens divers;Grâce à son statut, le CIF n'est pas tenu à une obligation particulière lorsqu'il fait de la publicité pour des investissements en biens divers;B;B;RG AMF art. 441-3 / Instruction AMF DOC-2017-06 / C. mon. fin., art. L. 550-1 / Position - Recommandation AMF DOC-2006-23.;V4 (fév. 2021);;;manuel/07-instruments-financiers.md
1632;7;7.9;C;Dans le cadre de l'intermédiation de biens divers, le gestionnaire doit faire parvenir à l'AMF l'inventaire des biens dont il assure la gestion :;Dans un délai d'un mois;Dans un délai de 2 mois;Dans un délai de 3 mois;C;C;CMF 551-4;V4 (fév. 2021);;;manuel/07-instruments-financiers.md
1633;7;7.9;C;"Le fait de diffuser des documents d'information sur des ""biens divers"" sans les avoir soumis au préalable à l'AMF :";Est possible pour les produits ayant plus de 5 ans d'existence;Est possible si aucun litige n'a été recensé dans le passé;Est passible de peines de prison et d'amendes;C;C;Article L573-8 du code monétaire et financier;V4 (fév. 2021);;;manuel/07-instruments-financiers.md
1635;7;7.9;C;Dans le cadre de l'intermédiation de biens divers, lorsque l'AMF constate que l'opération n'est plus conforme au document d'information, elle peut :;Ordonner que soit mis fin à tout démarchage;Radier le gestionnaire de biens;Les deux réponses à la fois;A;A;CMF 551-3;V4 (fév. 2021);;;manuel/07-instruments-financiers.md
1636;7;7.9;C;La communication à caractère promotionnel sur les biens divers et les placements atypiques :;Doit être validée par l'ACPR avant toute présentation aux épargnants;Est entièrement libre;Doit présenter un contenu exact, clair et non trompeur et permettre raisonnablement de comprendre les risques afférents au placement;C;C;RG AMF art 441-1 à 441-3 / Instruction AMF - Procédure d'enregistrement et établissement d'un document d'information devant être déposé auprès de l'AMF par les intermédiaires en biens divers - DOC-2017-06 / abe-infoservice.fr/epargne/autres-placements-ri;V4 (fév. 2021);;;manuel/07-instruments-financiers.md
1637;7;7.9;C;Un CIF (Conseiller en Investissement Financier) doit remettre à son client :;Les documents financiers de son activité;Son CV (Curriculum Vitae);Une lettre de mission;C;C;L 541-1 Code Monétaire et Financier;V4 (fév. 2021);;;manuel/07-instruments-financiers.md
1638;7;7.9;C;Quel est le critère principal permettant de définir un intermédiaire en bien divers ?;La spécialisation de l'intermédiaire sur une activité de biens d'investissement atypiques;Les modalités de commercialisation des biens divers;La carte de démarcheur en biens divers;B;B;COMOFI art. L.550-1;V4 (fév. 2021);;;manuel/07-instruments-financiers.md
1642;7;7.9;C;Dans le régime d'intermédiation des biens divers, les communications à caractère promotionnelles :;Sont libres d'exercice;Font l'objet d'un document d'information sans enregistrement auprès de l'Autorité des Marchés Financiers;Font l'objet d'un document d'information qui doit être enregistré auprès de l'Autorité des Marchés Financiers;C;C;AMF Instruction DOC 2017-06;V4 (fév. 2021);;;manuel/07-instruments-financiers.md
1643;7;7.9;C;Quel organisme est habilité à enregistrer les intermédiaires en biens divers ?;L'AMF;Le Trésor;L'ACPR;A;A;Instruction AMF N° 2017-06;V4 (fév. 2021);;;manuel/07-instruments-financiers.md
1695;7;7.9;C;Les propositions publicitaires d'investissements en biens divers sont soumises à quel type de contrôle ?;Au contrôle préalable de l'AMF;Au contrôle préalable de l'ACPR;Au contrôle préalable de la Banque de France;A;A;Voir le site : https://www.amf-france.org/Actualites/Communiques-de-presse/AMF/annee-2017?docId=workspace%3A%2F%2FSpacesStore%2F4a059e73-3294-4464-bc4e-b22536461fd8;V4 (fév. 2021);;;manuel/07-instruments-financiers.md
1696;7;7.9;C;Les propositions publicitaires d'investissements en chevaux de courses sont-ils soumis au contrôle préalable de l'AMF ?;OUI;NON;Uniquement s'il s'agit de parts sur des chevaux en Europe;A;A;"Voir le document de l'INC et l'AMF : ""INVESTIR DANS LES PLACEMENTS ATYPIQUES""";V4 (fév. 2021);;;manuel/07-instruments-financiers.md
1708;7;7.9;C;Le non-respect de l 'obligation d 'enregistrement au préalable d 'une action de démarchage ou de promotion d 'une opération sur biens divers est passible :;D 'un emprisonnement de 5 ans et d 'une amende de 18 000 euros;D 'une amende de 2 500 € et de 12 000 € euros en cas de récidive;De l 'obligation de rembourser intégralement toute personne ayant participé à l 'opération avec éventuellement des intérêts de pénalité;A;A;Article L 573-8 du CMF;V4 (fév. 2021);;;manuel/07-instruments-financiers.md
1724;7;7.9;C;Les biens divers regroupent un ensemble d 'actifs atypiques tels que les diamants, le vin, les métaux rares. Ces actifs :;Sont très recherchés car ils procurent des rendements supérieurs aux instruments financiers du fait de leur rareté;Sont des outils de diversification efficace avec un risque moindre du fait qu 'ils sont des actifs physiques;Constituent des placements qui peuvent être intéressants mais présentent des risques élevés notamment car ils ne sont pas standardisés et ne s 'échangent pas sur des marchés encadrés;C;C;https://www.amf-france.org/Epargne-Info-Service/Proteger-son-epargne/Placements-atypiques/Des-investissements-a-considerer-avec-prudence;V4 (fév. 2021);;;manuel/07-instruments-financiers.md
2736;7;7.9;C;L'intermédiaire en biens divers doit :;Agir dans l'intérêt exclusif du marché;Agir dans l'intérêt exclusif des investisseurs;Agir dans son propre intérêt;B;B;;Récente (n° ≥ 2553);;;manuel/07-instruments-financiers.md
1644;7;7.10;C;Le visa octroyé par l'AMF aux émetteurs d'une ICO (Initial Coin Offering) au public est-il ?;Cumulé avec un visa de l'ACPR;Obligatoire;Optionnel;C;C;COMOFI art.L 54-10-2 Loi PACTE;V4 (fév. 2021);obs;Régime français des ICO (loi PACTE, visa AMF optionnel) remplacé par le règlement européen MiCA (applicable depuis le 30/12/2024) : pour une offre au public de crypto-actifs, un livre blanc est obligatoire et notifié à l'autorité. Réponse de la base : visa optionnel.;manuel/07-instruments-financiers.md
1645;7;7.10;C;Qu'est-ce que les crypto-actifs ?;Il s'agit d'actifs virtuels stockés sur un support électronique permettant à une communauté d'utilisateurs les acceptant en paiement de réaliser des transactions sans avoir à recourir à la monnaie légale;Il s'agit d'actifs virtuels créés par le FMI (Fonds Monétaire International), ils permettent de payer ses achats sur internet dans le monde entier;"Il s'agit d'un placement financier (un actif) ""caché"" , c'est-à-dire qu'il est réservé à un nombre limité d'initiés";A;A;Site internet du ministère de l'Économie, des Finances, de l'Action et des Comptes publics : https://www.economie.gouv.fr/node/7242850?language=en-gb;V4 (fév. 2021);;;manuel/07-instruments-financiers.md
1646;7;7.10;C;Les cryptos-actifs font partie :;De la famille des actifs numériques;De la famille des instruments financiers;Aucune réponse ne convient;A;A;https://www.lafinancepourtous.com;V4 (fév. 2021);;;manuel/07-instruments-financiers.md
1647;7;7.10;C;Est un crypto-actif :;Le Sol-Violette;Le Schilling;Le Bitcoin;C;C;"Banque de France (Focus n°16 du 5 mars 2018), ""L'émergence du bitcoin et autres crypto-actifs: enjeux, risques et perspectives"" (https://publications.banque-france.fr/sites/default/files/medias/documents/focus-16_2018_03_05_fr.pdf)";V4 (fév. 2021);;;manuel/07-instruments-financiers.md
1648;7;7.10;C;Quel organisme est chargé de la supervision des prestataires de services sur actifs numériques ?;L'AMF;Le Trésor;L'ACPR;A;A;Loi PACTE art.26 RG et Instruction AMF;V4 (fév. 2021);obs;"Le statut de PSAN (enregistrement obligatoire, agrément optionnel auprès de l'AMF) est remplacé par MiCA : les prestataires de services sur crypto-actifs (PSCA/CASP) doivent obtenir un agrément, délivré en France par l'AMF, avec passeport européen ; la période transitoire française a pris fin au plus tard le 1er juillet 2026. Réponses de la base : celles du régime PSAN.";manuel/07-instruments-financiers.md
1649;7;7.10;C;Les crypto-actifs comme le Bitcoin, l'Ether… :;N'ont pas cours légal en France;Ont cours légal dans l'Union européenne;Sont échangeables à tout moment contre des euros selon une parité fixée par la BCE;A;A;CMF L111-1 / economie.gouv.fr/particuliers/cryptomonnaies-cryptoactifs;V4 (fév. 2021), formulation BTS Banque 2026 (EF2);;;manuel/07-instruments-financiers.md
1650;7;7.10;C;Que peut être un actif numérique ?;Un titre dématérialisé;Un titre négocié sur un SMN;Un jeton émis lors d'ICO;C;C;voir le site AMF : https://www.amf-france.org/Reglementation/Dossiers-thematiques/Fintech/Vers-un-nouveau-regime-pour-les-crypto-actifs-en-France;V4 (fév. 2021);;;manuel/07-instruments-financiers.md
1651;7;7.10;C;Dans le cadre d'une levée de fonds numérique (ICO), les jetons :;Ont un taux de rendement fixe;Représentent un ou plusieurs droits;Sont distribués par paquet de 10;B;B;CMF L. 552-2;V4 (fév. 2021);;;manuel/07-instruments-financiers.md
1653;7;7.10;C;Un Initial Coin Offering (ICO) est :;Emission obligataire à taux fixe;Moyen de lever des fonds contre une crypto-monnaie;Emission obligataire à taux variable;B;B;Documents de Travail N° 2018.02 du Centre d'Économie de la Sorbonne;V4 (fév. 2021);;;manuel/07-instruments-financiers.md
1654;7;7.10;C;Qu'est-ce que le Bitcoin ?;Une monnaie virtuelle créée par le Bureau international du travail pour une comparaison efficace des salaires entre pays;Une monnaie virtuelle qui ne s'échange qu'en ligne et reposant sur un protocole informatique;Une monnaie uniquement fiduciaire et seulement en pièces;B;B;Publication AMF : Investir dans le Bitcoin : prudence ! 15/11/2017;V4 (fév. 2021);;;manuel/07-instruments-financiers.md
1655;7;7.10;C;Une ICO (Initial Coin Offering) est :;Une méthode de levée de fonds qui repose sur l'émission d'actifs numériques échangeables contre des cryptomonnaies;Une technique de paiement reposant sur des monnaies virtuelles sans valeur économique réelle;Un terme informatique pour désigner des échanges de valeur;A;A;https://blockchainfrance.net/2017/08/22/comprendre-ico-initial-coin-offering/;V4 (fév. 2021);;;manuel/07-instruments-financiers.md
1656;7;7.10;C;Une offre publique de jeton (ICO) est ainsi qualifiée :;Quel que soit le nombre de personne à qui elle est proposée;Lorsque le nombre de personne à qui elle est proposée est inférieure à un seuil fixé par le RG AMF;Lorsque le nombre de personne à qui elle est proposée est supérieure à un seuil fixé par le RG AMF;C;C;CMF L. 552-3;V4 (fév. 2021);obs;Régime français des ICO (loi PACTE, visa AMF optionnel) remplacé par le règlement européen MiCA (applicable depuis le 30/12/2024) : pour une offre au public de crypto-actifs, un livre blanc est obligatoire et notifié à l'autorité. Réponse de la base : visa optionnel.;manuel/07-instruments-financiers.md
1657;7;7.10;C;Pour pouvoir proposer d'acheter/vendre des crypto-monnaies, ou encore pour les services de conservation de cryptoactifs, l'intermédiaire doit :;Obligatoirement être enregistré auprès de l'AMF;Obligatoirement être enregistré auprès de la DGCCRF;Obligatoirement fournir une carte de démarcheur;A;A;https://www.amf-france.org/Epargne-Info-Service/Proteger-son-epargne/Crypto-actifs-Bitcoin-etc/Crypto-monnaies-attention-aux-arnaques;V4 (fév. 2021);obs;"Le statut de PSAN (enregistrement obligatoire, agrément optionnel auprès de l'AMF) est remplacé par MiCA : les prestataires de services sur crypto-actifs (PSCA/CASP) doivent obtenir un agrément, délivré en France par l'AMF, avec passeport européen ; la période transitoire française a pris fin au plus tard le 1er juillet 2026. Réponses de la base : celles du régime PSAN.";manuel/07-instruments-financiers.md
1658;7;7.10;C;Le Bitcoin a-t-il cours légal en France ?;Non, seul l'euro a cours légal en France;Oui, et il doit être accepté par tous les commerces;Non, mais il doit être accepté pour toutes les transactions en ligne;A;A;Publication AMF : Investir dans le Bitcoin : prudence ! 15/11/2017;V4 (fév. 2021);;;manuel/07-instruments-financiers.md
1659;7;7.10;C;Sur quelle technologie reposent les crypto-actifs ?;L'IBAN (International Bank Account Number) qui est un serveur informatique conçu pour sécuriser toutes les transactions financières mondiales;Le SWIFT (Society for Worldwide Interbank Financial Telecommunications) qui est un système de traitement des opérations bancaires internationales (SWIFT gère la plupart des virements internationaux);La blockchain (chaîne de blocs ou registre de transactions, en français), qui permet de garder la trace d'un ensemble de transactions, de manière décentralisée, sécurisée et transparente, sous forme d'une chaîne de blocs;C;C;Site internet du ministère de l'Économie, des Finances, de l'Action et des Comptes publics : https://www.economie.gouv.fr/node/7242850?language=en-gb;V4 (fév. 2021);;;manuel/07-instruments-financiers.md
1660;7;7.10;C;Lorsqu'une entreprise réalise une ICO (initial coin offering), elle émet des jetons (token) ou des crypto-monnaies qui :;Comportent des risques liés aux monnaies virtuelles et au type d'investissement financé;Sont ensuite cotés sur un marché règlementé comme Euronext;Sont remboursables à leur valeur initiale à tout moment;A;A;.amf-france.org/Epargne-Info-Service/Comprendre-les-produits-financiers/Offres-au-public-de-jeton-ICO? / vernimmen 2020 - chap 27;V4 (fév. 2021);;;manuel/07-instruments-financiers.md
1661;7;7.10;C;Au sens de la réglementation, un actif numérique :;Porte obligatoirement sur une monnaie ayant un cours légal;N'est pas transférable à un tiers;Peut être stocké et échangé électroniquement;C;C;Article L54-10-1 du code monétaire et financier;V4 (fév. 2021);;;manuel/07-instruments-financiers.md
1662;7;7.10;C;"Que signifie l'acronyme ""ICO"" ?";Intuitive Connexion Offering;Initial Coin Offering;International Coin Opportunity;B;B;Site AMF Comprendre les produits financiers Offres au public de jetons;V4 (fév. 2021);;;manuel/07-instruments-financiers.md
1664;7;7.10;C;Un crypto-actif est :;Un actif numérique;Une monnaie ayant un cours légal;Un moyen de paiement;A;A;Document Banque de France n°16 du 5 mars 2018;V4 (fév. 2021);;;manuel/07-instruments-financiers.md
1665;7;7.10;C;Préalablement à toute offre au public de jetons, les émetteurs :;Peuvent solliciter un visa de l'Autorité des marchés financiers;Doivent solliciter un visa de l'Autorité des marchés financiers;Ne peuvent pas solliciter un visa de l'Autorité des marchés financiers;A;A;CMF 552-4;V4 (fév. 2021);obs;Régime français des ICO (loi PACTE, visa AMF optionnel) remplacé par le règlement européen MiCA (applicable depuis le 30/12/2024) : pour une offre au public de crypto-actifs, un livre blanc est obligatoire et notifié à l'autorité. Réponse de la base : visa optionnel.;manuel/07-instruments-financiers.md
1666;7;7.10;C;Un prestataire de services sur actifs numériques :;Peut seulement conserver des actifs numériques pour le compte de clients;Peut seulement offrir à ses clients le service de réception et de transmission d'ordres;Peut recevoir et transmettre des ordres de ses clients et conserver les actifs numériques;C;C;Article L54-10-2 du code monétaire et financier;V4 (fév. 2021);;;manuel/07-instruments-financiers.md
1667;7;7.10;C;Le Bitcoin :;Repose sur un marché régulé;A un cours officiel;Est une monnaie virtuelle;C;C;Site internet de l'AMF, Protéger son épargne, Crypto-actifs (Bitcoin, etc.), Investir dans le Bitcoin : prudence ! (https://www.amf-france.org/Epargne-Info-Service/Proteger-son-epargne/Crypto-actifs-Bitcoin-etc/Investir-dans-le-bitcoin-prudence);V4 (fév. 2021);;;manuel/07-instruments-financiers.md
1668;7;7.10;C;Le Bitcoin est-il accepté par tous comme moyen de paiement ?;Oui, il a cours légal comme l'euro;Non, il n'est accepté comme moyen de paiement que sur certains sites et auprès de certains commerces;Non, il n'est accepté comme moyen de paiement que sur certains sites américains;B;B;Publication AMF : Investir dans le Bitcoin : prudence ! 15/11/2017;V4 (fév. 2021);;;manuel/07-instruments-financiers.md
1671;7;7.10;C;En cas de défaut de la plateforme sur laquelle un épargnant a stocké ses crypto-monnaies, le FGDR (fonds de garantie des dépôts et de résolution) :;Couvre les pertes jusqu'à 1000 000 € grâce à la garantie des dépôts;Couvre les pertes jusqu'à 70 000 € grâce à la garantie des titres;Ne couvre pas les pertes de l'épargnant;C;C;garantiedesdepots.fr;V4 (fév. 2021);;;manuel/07-instruments-financiers.md
1672;7;7.10;C;Un émetteur qui souhaite lever des fonds grâce à une Initial Coin Offering (ICO) doit-il demander un VISA à l'AMF pour ce faire ?;Oui, ce VISA est obligatoire;Cela dépend du montant de la levée de fonds : oui si celle-ci est supérieure à 1 million d'euros;Non, ce VISA est optionnel;C;C;Site internet de l'AMF, Protéger son épargne, Crypto-actifs (Bitcoin, etc.), Investir dans le Bitcoin : prudence ! (https://www.amf-france.org/Epargne-Info-Service/Proteger-son-epargne/Crypto-actifs-Bitcoin-etc/Investir-dans-le-bitcoin-prudence);V4 (fév. 2021);obs;Régime français des ICO (loi PACTE, visa AMF optionnel) remplacé par le règlement européen MiCA (applicable depuis le 30/12/2024) : pour une offre au public de crypto-actifs, un livre blanc est obligatoire et notifié à l'autorité. Réponse de la base : visa optionnel.;manuel/07-instruments-financiers.md
1673;7;7.10;C;En matière de prestataire de services sur actif numérique, quelle affirmation est exacte ?;Les prestataires de services sur actif numériques peuvent demander un agrément optionnel à l'AMF;Les prestataires de services sur actif numériques doivent demander un agrément optionnel à l'AMF;Seuls les prestataires proposant le services d'achat/vente et de conservation de crypto-actifs doivent demander un agrément;A;A;"Publication AMF ""Crypto-monnaies"" (Bitcoin, etc.) : attention aux arnaques ! 26/04/2018";V4 (fév. 2021);obs;"Le statut de PSAN (enregistrement obligatoire, agrément optionnel auprès de l'AMF) est remplacé par MiCA : les prestataires de services sur crypto-actifs (PSCA/CASP) doivent obtenir un agrément, délivré en France par l'AMF, avec passeport européen ; la période transitoire française a pris fin au plus tard le 1er juillet 2026. Réponses de la base : celles du régime PSAN.";manuel/07-instruments-financiers.md
1674;7;7.10;C;Les ICO (Initial Coin Offerings) consistent à émettre des jetons :;Pour financer des projets;A des fins uniquement spéculatives;Utilisables uniquement sur des sites de loteries électroniques;A;A;Article 712-2 du Règlement général de l'AMF;V4 (fév. 2021);;;manuel/07-instruments-financiers.md
1676;7;7.10;C;Les PSAN (Prestataires de Services sur Actifs Numériques) commercialisant des crypto-actifs peuvent être agréés par :;L'AMF (Autorité des Marchés Financiers);L'ACPR (Autorité de Contrôle Prudentiel et de Résolution);La Banque de France;A;A;Loi PACTE;V4 (fév. 2021);obs;"Le statut de PSAN (enregistrement obligatoire, agrément optionnel auprès de l'AMF) est remplacé par MiCA : les prestataires de services sur crypto-actifs (PSCA/CASP) doivent obtenir un agrément, délivré en France par l'AMF, avec passeport européen ; la période transitoire française a pris fin au plus tard le 1er juillet 2026. Réponses de la base : celles du régime PSAN.";manuel/07-instruments-financiers.md
1678;7;7.10;C;Une ICO :;Permet toujours d'acquérir une part de l'entreprise concernée;N'offre aucun droit d'usage sur le service concerné;Est une méthode de levée de fonds fonctionnant via l'émission d'actifs numériques échangeables contre des cryptomonnaies durant la phase de démarrage d'un projet;C;C;Site AMF Comprendre les produits financiers Offres au public de jetons;V4 (fév. 2021);;;manuel/07-instruments-financiers.md
1679;7;7.10;C;Une offre au public de jetons (Initial Coin Offering ou ICO) :;Peut de façon facultative porter le visa de l'Autorité des marchés financiers;Doit porter le visa de l'Autorité des marchés financiers;Doit porter le visa de la Banque centrale européenne;A;A;"Note AMF ""Que faut-il savoir avant de participer à une Initial Coin Offering (ICO) ?"" publié le 6 juin 2019";V4 (fév. 2021);obs;Régime français des ICO (loi PACTE, visa AMF optionnel) remplacé par le règlement européen MiCA (applicable depuis le 30/12/2024) : pour une offre au public de crypto-actifs, un livre blanc est obligatoire et notifié à l'autorité. Réponse de la base : visa optionnel.;manuel/07-instruments-financiers.md
1681;7;7.10;C;Dans la liste ci-dessous quelle est la meilleure définition d'un crypto-actifs ?;Ce sont exclusivement des monnaies virtuelles permettant d'acheter tous types de biens et services;Ce sont des actifs numériques échangés sur des plateformes s'appuyant sur l'intelligence artificielle;Ce sont des actifs numériques se servant d'un réseau informatique et reposant sur une technologie appelée Blockchain;C;C;Loi PACTE art.26 RG et Instruction AMF;V4 (fév. 2021);;;manuel/07-instruments-financiers.md
1683;7;7.10;C;En France, les ICO peuvent faire l'objet d'un démarchage auprès du public :;Uniquement pour les offres au public de jetons ayant reçu le visa de l'AMF;Uniquement pour les offres au public de jetons ouvertes à la souscription par moins de 150 personnes;Sans aucune condition préalable;A;A;"Note AMF ""Offres au public de jetons - Initial Coin Offering (ICO)"" publié le 6 juin 2019";V4 (fév. 2021);obs;Régime français des ICO (loi PACTE, visa AMF optionnel) remplacé par le règlement européen MiCA (applicable depuis le 30/12/2024) : pour une offre au public de crypto-actifs, un livre blanc est obligatoire et notifié à l'autorité. Réponse de la base : visa optionnel.;manuel/07-instruments-financiers.md
1697;7;7.10;C;les sociétés proposant des investissements en crypto monnaies doivent-elles être enregistrées auprès de l'AMF ?;NON, Il s'agit d'un marché libre;OUI;Uniquement si la société ne propose que ce type d'investissement;B;B;Voir le site : https://www.amf-france.org/Epargne-Info-Service/Proteger-son-epargne/Crypto-actifs-Bitcoin-etc/Crypto-monnaies-attention-aux-arnaques;V4 (fév. 2021);obs;"Le statut de PSAN (enregistrement obligatoire, agrément optionnel auprès de l'AMF) est remplacé par MiCA : les prestataires de services sur crypto-actifs (PSCA/CASP) doivent obtenir un agrément, délivré en France par l'AMF, avec passeport européen ; la période transitoire française a pris fin au plus tard le 1er juillet 2026. Réponses de la base : celles du régime PSAN.";manuel/07-instruments-financiers.md
1698;7;7.10;C;Suite à la loi PACTE, les levées de fonds par émission de jetons, en France, sont soumises à quels visa ?;Systématiquement au visa de l'AMF;Sur option au visa de l'AMF;Systématiquement aux visas de l'AMF et de la Banque de France;B;B;Voir le site : https://www.amf-france.org/Reglementation/Dossiers-thematiques/Fintech/Vers-un-nouveau-regime-pour-les-crypto-actifs-en-France;V4 (fév. 2021);obs;Régime français des ICO (loi PACTE, visa AMF optionnel) remplacé par le règlement européen MiCA (applicable depuis le 30/12/2024) : pour une offre au public de crypto-actifs, un livre blanc est obligatoire et notifié à l'autorité. Réponse de la base : visa optionnel.;manuel/07-instruments-financiers.md
1709;7;7.10;C;Les sociétés émettrices réalisant des offres au public de jetons (Initial Coin Offerings ICO) :;Peuvent solliciter le visa de l 'AMF avant de réaliser un ICO;Doivent obligatoirement recevoir le visa de l 'AMF avant de réaliser un ICO;Ne doivent demander un visa de l 'AMF que si l 'offre dépasse 5 millions d 'euros;A;A;Article L552-4 du CMF Article 711-1 RG AMF;V4 (fév. 2021);obs;Régime français des ICO (loi PACTE, visa AMF optionnel) remplacé par le règlement européen MiCA (applicable depuis le 30/12/2024) : pour une offre au public de crypto-actifs, un livre blanc est obligatoire et notifié à l'autorité. Réponse de la base : visa optionnel.;manuel/07-instruments-financiers.md
1725;7;7.10;C;Les offres au public de jetons (Initial Coin Offerings ICO) peuvent être définies comme :;Des opérations de levées de fonds qui donnent lieu à une émission de jetons pouvant être ensuite utilisés pour obtenir des produits ou services, échangés sur une plateforme via internet;Des opérations de change qui permettent d 'acheter des jetons qui s 'apparentent à des devises et qui permettent de payer des biens ou service en ligne;Des opérations de crédit qui donnent lieu à une émission de jetons qui sont des reconnaissances de dette donnant droit au versement d 'intérêts et au remboursement du nominal en crypto monnaie tel que le Bitcoin;A;A;https://www.amf-france.org/Acteurs-et-produits/Societes-cotees-et-operations-financieres/Offres-au-public-de-jetons-ICO;V4 (fév. 2021);;;manuel/07-instruments-financiers.md
2562;7;7.10;C;Quelle est la caractéristique qui rend l'usage des actifs numériques attractif pour les opérations frauduleuses ?;Ils permettent des transactions à haute fréquence;Ils se basent sur le protocole écrit dans un code open source;Ils permettent des transactions sous pseudonyme ou sous anonymat;C;C;;Récente (n° ≥ 2553);;;manuel/07-instruments-financiers.md
2564;7;7.10;C;Les prestataires de services sur actifs numériques doivent identifier leurs clients préalablement :;à toute transaction occasionnelle;si la transaction est supérieure à 1 000€;si la transaction est supérieure à 10 000€;A;A;;Récente (n° ≥ 2553);;;manuel/07-instruments-financiers.md
2570;7;7.10;C;Lorsque le prestataire de services sur actifs numériques (PSAN) est un prestataire de services d'investissement, la politique de gestion des conflits d'intérêts porte :;Uniquement sur les services sur actifs numériques;Uniquement sur les services d'investissement;A la fois sur les services sur actifs numériques et sur les services d'investissement;C;C;;Récente (n° ≥ 2553);;;manuel/07-instruments-financiers.md
2578;7;7.10;C;Parmi les propositions suivantes relatives au recours à la monnaie électronique anonyme pour l'achat d'actifs numériques, laquelle de ces informations est juste ?;La monnaie électronique anonyme peut être utilisée pour l'achat d'actifs numériques dans la limite de 10 000 euros;La monnaie électronique anonyme peut être utilisée dans tous les cas pour l'achat d'actifs numériques;La monnaie électronique anonyme ne peut jamais être utilisée pour l'achat d'actifs numériques;C;?;;Récente (n° ≥ 2553);abs;La base ne donne AUCUNE réponse. Depuis l'ordonnance de décembre 2020 renforçant la LCB-FT sur les actifs numériques, la monnaie électronique anonyme ne peut JAMAIS être utilisée pour acheter des actifs numériques : choisis « ne peut jamais être utilisée ».;manuel/07-instruments-financiers.md
2591;7;7.10;C;En matière de LCB-FT, à quelles obligations sont soumis les prestataires de services sur actifs numériques (PSAN) ?;Aucune obligation;L'obligation de vigilance renforcée sur les opérations numériques;L'ensemble des obligations clés de la LCB-FT;C;C;;Récente (n° ≥ 2553);;;manuel/07-instruments-financiers.md
2600;7;7.10;C;Les PSAN (Prestataires de Services sur actifs Numériques) sont tenus d'appliquer les mesures de gel des avoirs :;Sur tous les actifs numériques qu'ils gèrent;Lors de la conversion d'un actif numérique en actif financier uniquement;Dès que l'actif est supérieur à 1000 euros par compte;A;A;;Récente (n° ≥ 2553);;;manuel/07-instruments-financiers.md
2625;7;7.10;C;Que doit vérifier l’AMF avant d’enregistrer en France un prestataire de services sur actifs numériques quant à ses activités de conservation d’actifs pour le compte de tiers, ou ses services d'achats ou de ventes d'actifs numériques en monnaie ayant cours légal ?;Vérifier qu’il est en mesure de se conformer à ses obligations en matière de lutte contre le blanchiment des capitaux et le financement du terrorisme, et en matière de gel des avoirs;Vérifier qu’il détient en permanence un niveau de fonds propres au moins égal à 5 000 000 €;Vérifier qu’il a déjà validé son statut de prestataire de service d’investissement;A;A;;Récente (n° ≥ 2553);;;manuel/07-instruments-financiers.md
2738;7;7.10;C;En cas de non respect de la réglementation, l'AMF peut :;"Publier une ""liste noire"" des ICO et des prestataires de services sur actifs numériques";Condamner pénalement les émetteurs des jetons numériques;Transmettre un avis défavorable quant à la promulgation d'une ICO;A;A;;Récente (n° ≥ 2553);;;manuel/07-instruments-financiers.md
1727;8;8.1;C;Pour un OPCVM, qu'est-ce qu'un valorisateur ?;Un spécialiste comptable des OPCVM qui calcule, selon la périodicité prévue, la valeur liquidative des SICAV ou FCP;Un analyste financier qui émet des recommandations personnalisées à destination des clients les plus fortunés des sociétés de gestion de portefeuille;Un expert externe qui évalue la régularité des décisions de la société de gestion;A;A;RG AMF, art. 411-24 et s., 311-1, 311-2, 312-2, 312-3, 312-6, 312-7, 312-8, 313-54, 313-72 à 313- 77, 316-3, 316-4, 317-1, 317-2, 317-4, 317-3, 317-5, 317-7, 318-1 et 318-58 / Position - recommandation AMF - DOC-2012-19.;V4 (fév. 2021);;;manuel/08-gestion-collective-finance-durable.md
1728;8;8.1;C;Quelles sont les deux missions principales du dépositaire d'OPC ?;Conserver les actifs et calculer la valeur liquidative des OPC;Conserver les actifs et s'assurer de la régularité des décisions de l'OPC ou de sa société de gestion;Conserver les actifs et rédiger le Document d'information clé pour l'investisseur (DICI);B;B;Article L214-10-5 du code monétaire et financier;V4 (fév. 2021);;;manuel/08-gestion-collective-finance-durable.md
1729;8;8.1;C;La fonction principale d'un dépositaire est :;La conservation des actifs et le contrôle de la régularité des décisions de l'OPCVM;La négociation des prix;La commercialisation de l'OPCVM;A;A;https://www.amf-france.org/Acteurs-et-produits/Prestataires-financiers/Depositaires;V4 (fév. 2021);;;manuel/08-gestion-collective-finance-durable.md
1730;8;8.1;C;Le dépositaire d'un OPC assure la conservation :;De tous les documents administratifs de l'OPC;De tous les actifs (titres et espèces) de l'OPC;De toutes les procédures de l'OPC;B;B;RG AMF Livre III Titre I quater;V4 (fév. 2021);;;manuel/08-gestion-collective-finance-durable.md
1731;8;8.1;C;Qui est chargé de la conservation des actifs d'un Fonds d'Investissement Alternatif (FIA) :;L'expert externe en évaluation financière;Le distributeur du fonds;Le dépositaire du fonds;C;C;Article L214-24-8 du code monétaire et financier;V4 (fév. 2021);;;manuel/08-gestion-collective-finance-durable.md
1732;8;8.1;C;L'exactitude et la régularité des comptes des OPC (Organismes de Placement Collectif) doivent être vérifiées par :;Un commissaire aux comptes;Un magistrat de la Cour des comptes;Un représentant des épargnants;A;A;RG AMF art 411-36;V4 (fév. 2021);;;manuel/08-gestion-collective-finance-durable.md
1733;8;8.1;C;Pour exercer ses activités, une société de gestion doit :;Obtenir préalablement un agrément de l'Autorité de contrôle prudentiel et de résolution;Obtenir préalablement un agrément de l'Autorité des Marchés Financiers;Obtenir préalablement un agrément du Trésor Public;B;B;Règlement général AMF: Articles 311-1,2,3;V4 (fév. 2021);;;manuel/08-gestion-collective-finance-durable.md
1734;8;8.1;C;Un dépositaire français d'OPC doit, entre autres :;Surveiller les flux de liquidités des OPC;Gérer les actifs des OPC;Certifier le rapport annuel d'un OPC;A;A;RG AMF Livre III Titre I quater;V4 (fév. 2021);;;manuel/08-gestion-collective-finance-durable.md
1735;8;8.1;C;Peu(ven)t exercer l'activité de dépositaire d'OPCVM :;La Caisse des dépôts et consignations;Les SICAV;Les sociétés de gestion d'OPCVM;A;A;Art. L 214-9, alinéa 2 et L 214-10-1, 2° CMF;V4 (fév. 2021);;;manuel/08-gestion-collective-finance-durable.md
1736;8;8.1;C;Lorsque la gestion d'un portefeuille est dédiée à un client unique, on dira qu'elle est de type :;Discrétionnaire;Collective;Unique;A;A;www.afg.asso.fr la gestion individualisée sous mandat;V4 (fév. 2021);;;manuel/08-gestion-collective-finance-durable.md
1737;8;8.1;C;L'acteur du métier de la gestion pour compte de tiers qui propose des services spécifiques aux fonds alternatifs (Hedge Funds) est :;Le distributeur;Le prime broker;Le valorisateur;B;B;Site internet fimarkets.com - Directive 85/611/CEE du 20 décembre 1985.;V4 (fév. 2021);;;manuel/08-gestion-collective-finance-durable.md
1739;8;8.1;C;"Une société de gestion de portefeuille peut-elle recourir aux services d'un courtier principal ( ""prime broker"" ) pour le compte d'un FIA ?";Oui, à condition d'avoir obtenu une autorisation expresse et préalable de l'AMF;Non, cela est strictement interdit par le Règlement Général de l'AMF;Oui, les modalités de ce recours sont alors définies dans un contrat écrit qui doit contenir une clause selon laquelle le dépositaire est informé dudit contrat;C;C;Art. 318-13, III RGAMF;V4 (fév. 2021);;;manuel/08-gestion-collective-finance-durable.md
1740;8;8.1;C;A qui un OPCI a-t-il recours pour évaluer ses immeubles et déterminer sa valeur liquidative ?;Un agent immobilier;Un notaire;Un expert externe en évaluation;C;C;Instruction AMF n° 2011-23 article 4-3;V4 (fév. 2021);;;manuel/08-gestion-collective-finance-durable.md
1741;8;8.1;C;Les Sociétés de Gestion de Portefeuille;Doivent obligatoirement être agréées et adhérer à une association professionnelle;Doivent uniquement être agréées;Peuvent ne pas être agréées si elles adhèrent à une association professionnelle;A;A;Articles L 532-9, L 531-8 du CMF;V4 (fév. 2021);;;manuel/08-gestion-collective-finance-durable.md
1742;8;8.1;C;Qui est chargé de contrôler le respect par le gérant d'OPCVM des règles d'investissement et de composition de l'actif?;Le distributeur de l'OPCVM;Les investisseurs;Le dépositaire de l'OPCVM;C;C;Article 323-19 du règlement général de l'AMF;V4 (fév. 2021);;;manuel/08-gestion-collective-finance-durable.md
1743;8;8.1;C;Qu'est-ce qu'un prime broker ?;Un intermédiaire qui offre aux hedge funds des services d'intermédiation classiques et des services spécifiques de financement d'opérations avec effet de levier;Un intermédiaire qui offre aux banques d'investissement des services d'intermédiation spécifiques aux opérations de refinancement;Un courtier qui propose de la liquidité aux banques de première catégorie;A;A;RG AMF articles 411-1 et s.;V4 (fév. 2021);;;manuel/08-gestion-collective-finance-durable.md
1744;8;8.1;C;Une société de gestion est tenue à certaines obligations en matière d'information :;Une société de gestion a un devoir d'information et de conseil vis-à-vis de l'investisseur;Une société de gestion a un devoir d'information vis-à-vis de l'AMF, sauf en ce qui concerne les modifications relatives à son agrément;Une société de gestion a un devoir d'information vis-à-vis de l'AMF par rapport à l'exercice des droits de vote aux assemblées générales;A;A;http://www.amf-france.org/documents/general/7361_1.pdf;V4 (fév. 2021);;;manuel/08-gestion-collective-finance-durable.md
1938;8;8.1;C;Une SGP (Société de Gestion de Portefeuilles) est tenu d'avoir :;Un responsable de la conformité;Un responsable de la sécurité;Un responsable de la communication;A;A;Articles 61 et 62 Règlement délégué (UE) n° 231/2013;V4 (fév. 2021);;;manuel/08-gestion-collective-finance-durable.md
1939;8;8.1;C;"Dans une SGP (Société de Gestion de Portefeuilles), un ""vendeur"" peut conseiller :";L'achat d'instruments financiers;L'achat de biens divers;L'achat de terres rares;A;A;318-8 Règlement Général de l'AMF;V4 (fév. 2021);;;manuel/08-gestion-collective-finance-durable.md
1955;8;8.1;C;Sauf mention spécifique contraire, dans le cadre de son activité de gestion pour compte de tiers, une société de gestion a une obligation :;De résultats;De performance positive;De moyens;C;C;COMOFI livre II RG AMF Livre IV;V4 (fév. 2021);;;manuel/08-gestion-collective-finance-durable.md
1956;8;8.1;C;Le commissaire aux comptes d'une société de gestion de portefeuille;Est obligatoirement choisi sur une liste tenue par les services de l'AMF;A les mêmes obligations vis-à-vis de la société de gestion qu'un commissaire aux comptes d'OPCVM vis-à-vis des OPCVM;Est choisi sur la liste des Commissaires aux Comptes tenue par la Compagnie nationale des Commissaires aux Comptes;C;C;Instruction N°2008-03 du 8 février 2008 du RGAMF - Code de Commerce art. L. 822-1-1;V4 (fév. 2021);;;manuel/08-gestion-collective-finance-durable.md
1957;8;8.1;C;Le middle-office d'une société de gestion de portefeuille doit, entre autres, assurer la fonction de :;Suivi des positions des portefeuilles des OPC;Gestion financière;Administration du passif;A;A;RG AMF Livre III Titre I ter;V4 (fév. 2021);;;manuel/08-gestion-collective-finance-durable.md
2025;8;8.1;C;Quel acteur du métier de la gestion pour compte de tiers certifie l 'exactitude et la régularité des comptes annuels de l 'Organisme de Placement Collectif en Valeurs Mobilières ?;Le Commissaire Aux Comptes (CAC);Le valorisateur;Le dépositaire;A;A;Article 411-36 RG AMF;V4 (fév. 2021);;;manuel/08-gestion-collective-finance-durable.md
2758;8;8.1;C;Les actifs d'un fonds conservés par le dépositaire du fonds ne peuvent être réutilisés :;Quelle que soit la situation;Pour le compte du fonds que si certaines conditions sont respectées;Qu'au bénéfice du dépositaire;B;B;;Récente (n° ≥ 2553);;;manuel/08-gestion-collective-finance-durable.md
2759;8;8.1;C;La délégation à un tiers de la garde des actifs de l'OPCVM :;N'exonère pas le dépositaire de sa responsabilité;Exonère le dépositaire de sa responsabilité;Rend le conservateur délégataire unique responsable vis-à-vis de l'OPCVM;A;A;;Récente (n° ≥ 2553);;;manuel/08-gestion-collective-finance-durable.md
907;8;8.2.1;C;S'agissant de gestion de portefeuille, laquelle de ces 3 obligations d'information le prestataire doit-il respecter ?;Informer le client lorsque la valeur totale du portefeuille géré a baissé de 10 % depuis la date du dernier envoi de relevé de portefeuille;Informer le client lorsque la valeur d'au moins la moitié des lignes en portefeuille ont baissé de 10% depuis la date du dernier envoi de relevé de portefeuille;Informer le client lorsque l'indice de référence du portefeuille géré a baissé de 10% depuis la date du dernier envoi de relevé de portefeuille;A;A;MIF2 - Guide pour les SGP (Publié le 16 mars 2016, modifié le 6 février 2017) - Fiche N°4 (§2.4);V4 (fév. 2021);;;manuel/08-gestion-collective-finance-durable.md
1745;8;8.2.1;C;Est-il nécessaire de signer un mandat de gestion lors de la souscription d'une part ou action d'OPC (Organisme de Placement Collectif) ?;La souscription à l'OPC vaut adhésion au contrat de gestion;Ni la gestion collective, ni la gestion sous mandat, ne nécessitent la signature d'un mandat de gestion;"Il est nécessaire de procéder à la signature d'un mandat de gestion entre le ""client"" et le""gestionnaire""";A;A;Règlement général AMF: Articles 314-60;V4 (fév. 2021);;;manuel/08-gestion-collective-finance-durable.md
1746;8;8.2.1;C;Les parts d'un OPCVM peuvent :;Etre rachetées à leur valeur historique;Etre rachetées à leur coût moyen pondéré;Etre rachetées à leur valeur liquidative;C;C;amf-france.org/Pourquoi et comment investir en fonds et sicav;V4 (fév. 2021);;;manuel/08-gestion-collective-finance-durable.md
1747;8;8.2.1;C;Quelle est, entre autres, l'obligation qui s'impose aux gestionnaires d'actifs ?;Les gestionnaires doivent exercer leur activité dans l'intérêt exclusif de leurs mandants;La gestion du portefeuille propre et la gestion des portefeuilles clients doivent faire l'objet d'un rapport régulier auprès de l'AMF, si ces deux gestions sont confondues;Les gestionnaires sont tenus à une obligation de résultat;A;A;C. mon. fin., art. L 533-10 / Position - recommandation AMF - Guide d'élaboration du programme d'activité des sociétés de gestion de portefeuille et des placements collectifs autogérés - DOC-2012-19.;V4 (fév. 2021);;;manuel/08-gestion-collective-finance-durable.md
1749;8;8.2.1;C;Dans le cadre de la gestion pour compte de tiers, le mandat de gestion :;Est une convention par laquelle un client donne pouvoir à un gérant de gérer un portefeuille incluant un ou plusieurs instruments financiers en fonction de ses objectifs, de son expérience et de sa situation;N'est jamais géré de manière discrétionnaire par le mandataire;Ne mentionne pas l'existence d'un plancher ou d'un plafond pour certaines catégories d'actifs;A;A;AMF Comprendre les produits financiers, Supports d'investissement: Mandat de gestion (https://www.amf-france.org/Epargne-Info-Service/Comprendre-les-produits-financiers/Supports-d-investissement/Mandat-de-gestion);V4 (fév. 2021);;;manuel/08-gestion-collective-finance-durable.md
1750;8;8.2.1;C;Quelles obligations un mandat de gestion de portefeuille génère-t-il ?;Une obligation de loyauté et une obligation de moyen;Une obligation de résultat et une obligation de transparence;Une obligation de résultat et une obligation de loyauté;A;A;Voir le site de l'AMF : https://www.amf-france.org/Epargne-Info-Service/Comprendre-les-produits-financiers/Supports-d-investissement/Mandat-de-gestion;V4 (fév. 2021);;;manuel/08-gestion-collective-finance-durable.md
1751;8;8.2.1;C;A propos des Organismes de Placement Collectif (OPC), quelle affirmation est juste ?;Ils offrent une gestion individuelle d'investissement;Aucun agrément n'est nécessaire pour les gérer;Leurs activités s'exercent dans un cadre règlementaire européen et français strict;C;C;COMOFI livre II RG AMF Livre IV Directive UCITS et AIFM;V4 (fév. 2021);;;manuel/08-gestion-collective-finance-durable.md
1752;8;8.2.1;C;Un mandat de gestion peut être résilié à tout moment par :;Le mandant uniquement;Le mandataire uniquement;Le mandant ou le mandataire;C;C;Note AMF du 27 janvier 2016;V4 (fév. 2021);;;manuel/08-gestion-collective-finance-durable.md
1753;8;8.2.1;C;Les OPC doivent respecter les règles de répartition des actifs (ratios) :;En permanence;Uniquement aux dates d'arrêté des comptes;Uniquement le premier jour de leur période de commercialisation;A;A;RG AMF art 411-82 et suivants;V4 (fév. 2021);;;manuel/08-gestion-collective-finance-durable.md
1754;8;8.2.1;C;D'une façon générale, quelle est la limite d'investissement pour un même émetteur que doit respecter un OPCVM ?;20 % de ses actifs;10 % de ses actifs;5 % de ses actifs;C;C;Article R214-21 du code monétaire et financier;V4 (fév. 2021);;;manuel/08-gestion-collective-finance-durable.md
1755;8;8.2.1;C;Quel est l'objectif du ratio d'emprise pour un OPCVM :;Il limite la capacité d'un OPCVM d'exercer une influence notable sur la gestion d'un émetteur;Il permet à un OPCVM d'influer sur le cours d'un titre composant son actif;Il permet à l'OPCVM de déposer auprès de l'AMF un dossier d'OPA sur un émetteur donné;A;A;Paragraphe I de l'article R214-26 du code monétaire et financier et paragraphe III de l'article R214-18 du code monétaire et financier;V4 (fév. 2021);;;manuel/08-gestion-collective-finance-durable.md
1756;8;8.2.1;C;Dans le cadre de la gestion pour compte de tiers, la mention des objectifs de gestion :;Est une mention obligatoire;Est une mention facultative;Est une mention facultative pour les clients professionnels;A;A;Règlement général AMF: Articles 314-60;V4 (fév. 2021);;;manuel/08-gestion-collective-finance-durable.md
1757;8;8.2.1;C;Que doit préciser, a minima, un mandat de gestion de portefeuille ?;Les objectifs de la gestion, les catégories d'instruments financier et le rendement espéré du portefeuille;Les objectifs de la gestion, les catégories d'instruments financier et les modalités d'information du mandant;Les objectifs de la gestion, les catégories d'instruments financier et le nom du gestionnaire;B;B;Position AMF 2007-21 article 2-2;V4 (fév. 2021);;;manuel/08-gestion-collective-finance-durable.md
1759;8;8.2.1;C;Quelles sont les obligations des OPCVM en matière de souscription et de rachat ?;Les parts ou actions sont émises et rachetées à la demande des porteurs;Les parts ou actions sont émises et rachetées à la demande de l'OPCVM;Les parts ou actions sont émises et rachetées à la demande de la société de gestion;A;A;RG AMF, art. 411-20 et s.;V4 (fév. 2021);;;manuel/08-gestion-collective-finance-durable.md
1760;8;8.2.1;C;La gestion discrétionnaire :;S'adresse à des clients uniques;Cherche à contourner la réglementation;Est un type de gestion collective;A;A;www.afg.asso.fr la-gestion individualisée sous mandat;V4 (fév. 2021);;;manuel/08-gestion-collective-finance-durable.md
1761;8;8.2.1;C;Sous quelles formes sociales une SICAV peut-elle être constituée ?;Société anonyme (SA) ou société à responsabilité limitée (SARL);Société par actions simplifiée (SAS) ou société à responsabilité limitée (SARL);Société anonyme (SA) ou société par actions simplifiée (SAS);C;C;Article L214-7, al 1 CMF;V4 (fév. 2021);;;manuel/08-gestion-collective-finance-durable.md
1762;8;8.2.1;C;A propos des OPC, quelle affirmation est juste ?;Ils offrent une gestion individualisée d'investissement;Aucun agrément n'est nécessaire pour les gérer;Ils offrent aux investisseurs une gestion réalisée par des professionnels permettant une diversification des placements;C;C;amf-france.org/Epargne-Info-Service/Comprendre-les-produits-financiers/Placements-collectifs/OPC;V4 (fév. 2021);;;manuel/08-gestion-collective-finance-durable.md
1796;8;8.2.1;C;Les FCP sont des entités :;Dépendantes d'une SGP, qui n'ont pas de personnalité juridique, mais doivent publier leurs comptes;Indépendantes d'une SGP, qui ont une personnalité juridique et doivent publier leurs comptes;Dépendantes d'une SGP, qui n'ont pas de personnalité juridique et ne doivent donc pas publier leurs comptes;C;C;CMF 214-8-1, 214-8-6 et suivants;V4 (fév. 2021);;;manuel/08-gestion-collective-finance-durable.md
1940;8;8.2.1;C;Pour une SGP (Société de Gestion de Portefeuille), qu'appelle t-on le risque de contrepartie ?;Le risque qu'une position dans le portefeuille ne puisse être cédée, liquidée ou clôturée pour un coût limité et dans un délai suffisamment court;Le risque de perte pour le placement collectif, ou le portefeuille individuel résultant d'une fluctuation de la valeur de marché;Le risque de perte pour le placement collectif, ou le portefeuille individuel résultant du fait que la contrepartie à une opération ou à un contrat peut faillir à ses obligations;C;C;313-53-3 Règlement Général de l'AMF;V4 (fév. 2021);;;manuel/08-gestion-collective-finance-durable.md
1958;8;8.2.1;C;Les OPC doivent respecter les règles de répartition des actifs (ratios) :;En permanence;Uniquement aux dates d'arrêté des comptes;Uniquement le 1er jour de leur période de commercialisation;A;A;COMOFI livre II;V4 (fév. 2021);;;manuel/08-gestion-collective-finance-durable.md
1959;8;8.2.1;C;Les OPCVM doivent respecter un certain nombre d'obligations dont l'obligation d'honorer les souscriptions-rachats de parts ou actions demandés par les investisseurs. Cette dernière obligation peut-elle être suspendue provisoirement ?;En aucun cas;Uniquement quand des circonstances exceptionnelles l'exigent;Parfois quand des circonstances exceptionnelles l'exigent et si l'intérêt des investisseurs le commande, dans des conditions fixées par les statuts;C;C;CMF art. L. 214-7-4 et L. 214-8-7 - RGAMF art. 411-20;V4 (fév. 2021);;;manuel/08-gestion-collective-finance-durable.md
1960;8;8.2.1;C;Un mandat de gestion doit :;Indiquer la stratégie d'investissement sans présenter obligatoirement la répartition recherchée par classe d'actifs;Mentionner la répartition recherchée par classe d'actifs et l'existence d'un plancher ou d'un plafond pour certaines catégories d'actifs (le minimum ou le maximum investi);Uniquement indiquer la répartition recherchée par classe d'actifs;B;B;Note AMF du 27 janvier 2016;V4 (fév. 2021);;;manuel/08-gestion-collective-finance-durable.md
1961;8;8.2.1;C;Les souscriptions et les rachats de parts d'OPC :;N'ont aucune influence sur le nombre de parts (de l'OPC) qui par définition reste constant;Peuvent avoir lieu à tout moment sauf cas spécifiques;N'ont aucune influence sur la gestion financière;B;B;COMOFI livre II RG AMF Livre IV;V4 (fév. 2021);;;manuel/08-gestion-collective-finance-durable.md
1999;8;8.2.1;C;Un mandat de gestion implique-t-il une obligation de résultat ?;OUI;NON;"Uniquement si le client est en catégorie ""non professionnel""";B;B;Voir le site : https://www.amf-france.org/Epargne-Info-Service/Comprendre-les-produits-financiers/Supports-d-investissement/Mandat-de-gestion;V4 (fév. 2021);;;manuel/08-gestion-collective-finance-durable.md
2029;8;8.2.1;C;Si un investisseur qui a des parts dans un Organisme de Placement Collectif en Valeurs Mobilières (OPCVM) souhaite racheter ses parts :;Il a la garantie de pouvoir récupérer ses fonds car l 'OPCVM a une obligation d 'honorer les rachats sauf dans des conditions exceptionnelles et doit disposer de liquidités à cette fin;Doit attendre que l 'OPCVM vende des titres et dispose alors des liquidités nécessaires pour pouvoir lui racheter ses parts;Doit attendre qu 'un investisseur souscrive à l 'OPCVM pour que ce dernier puisse lui revendre ses parts;A;A;Articles L. 214-7-4 et L. 214-8-7 du CMF Article 411-20 RG AMF Article R214-9 du CMF;V4 (fév. 2021);;;manuel/08-gestion-collective-finance-durable.md
2722;8;8.2.1;C;Le mandat de gestion doit :;Décrire les méthodes de valorisation des instruments financiers dans lesquels le mandataire a investi;Être transmis au client avec une périodicité hebdomadaire;Indiquer seulement les frais fixes pour le client;A;A;;Récente (n° ≥ 2553);;;manuel/08-gestion-collective-finance-durable.md
EF26-79;8;8.2.1;C;Au regard de la réglementation, qu'est-ce qu'une commission de mouvement ?;Un montant forfaitaire prélevé annuellement pour la gestion administrative d'un OPCVM;Les frais d'entrée lors de la souscription d'un OPCVM;Les frais liés aux opérations d'achat ou de vente portant sur le portefeuille d'un placement collectif ou d'un mandat de gestion;C;C;Frais de transaction prélevés à l'occasion des opérations sur le portefeuille (OPC ou compte géré sous mandat).;BTS Banque 2026 (EF2);;;manuel/08-gestion-collective-finance-durable.md
1763;8;8.2.2;C;Dans le cadre de la gestion d'un OPC, la société de gestion doit pouvoir mesurer le niveau de risque général, les risques de chaque position et le niveau des engagements :;Une fois par an, lors de la clôture des comptes;Une fois par trimestre, à la demande des Commissaires aux Comptes;A tout moment;C;C;Règlement général AMF - art. 313-61;V4 (fév. 2021);;;manuel/08-gestion-collective-finance-durable.md
1764;8;8.2.2;C;Quel règlement encadre l'activité d'administration d'indices de référence ?;"Le règlement européen 1286/2014, dit ""PRIIPS""";"Le règlement européen 2016/1011, dit ""Benchmark""";"La directive 2014/17/UE, dite ""DCI""";B;B;Règlement (UE) 2016/1011 du 8 juin 2016 concernant les indices utilisés comme indices de référence dans le cadre d'instruments et de contrats financiers ou pour mesurer la performance de fonds d'investissement.;V4 (fév. 2021);;;manuel/08-gestion-collective-finance-durable.md
1765;8;8.2.2;C;Un administrateur peut-il externaliser les fonctions liées à la fourniture d'un indice de référence ?;Non, en aucun cas car il s'agit de fonctions hautement sensibles;Oui, librement car ces fonctions sont dérisoires et sont insusceptibles d'être une source de conflit d'intérêts;Oui, à condition que cette externalisation ne compromette pas significativement le contrôle qu'il exerce sur cette fourniture ou la capacité de l'autorité compétente concernée à surveiller cet indice de référence;C;C;Article 3 du RÈGLEMENT (UE) 2016/1011 DU PARLEMENT EUROPÉEN ET DU CONSEIL du 8 juin 2016 concernant les indices utilisés comme indices de référence dans le cadre d'instruments et de contrats financiers ou pour mesurer la performance de fonds d'investissem;V4 (fév. 2021);;;manuel/08-gestion-collective-finance-durable.md
1768;8;8.2.2;C;L'écart entre la performance d'un actif financier et celle d'un indice de référence sur une même période correspond à la :;Performance relative;Performance absolue;Performance ajustée;A;A;Site Funds Watch - L'actualité des asset managers français et européens - Lexique;V4 (fév. 2021);;;manuel/08-gestion-collective-finance-durable.md
1769;8;8.2.2;C;La performance annuelle d'un OPCVM de capitalisation est :;Le rapport entre la valeur liquidative de départ et celle d'arrivée un an après;La multiplication de la valeur liquidative de départ par la valeur liquidative d'arrivée un an après;La variation de sa valeur liquidative sur une année exprimée en pourcentage de la valeur liquidative de départ;C;C;AMF / POSITION - RECOMMANDATION AMF DOC-2011-05 GUIDE DES DOCUMENTS REGLEMENTAIRES DES OPC modifié le 03/01/2019;V4 (fév. 2021);;;manuel/08-gestion-collective-finance-durable.md
1770;8;8.2.2;C;Qu'est-ce que l'horizon de placement ?;Il s'agit de la durée pendant laquelle un investisseur envisage de détenir un produit financier (court, moyen ou long terme);Il s'agit de l'objectif que se fixe un investisseur quant au rendement d'un produit financier (par exemple 2 % sur un an);Il s'agit du type de produit financier qu'un investisseur envisage d'acquérir (action, obligation…);A;A;Site internet de l'AMF : https://www.amf-france.org/Epargne-Info-Service/Savoir-bien-investir/Cadrer-son-projet/Fixer-son-horizon-de-placement (publié le 19 octobre 2018).;V4 (fév. 2021);;;manuel/08-gestion-collective-finance-durable.md
1772;8;8.2.2;C;Le règlement Benchmark définit et distingue :;Les indices de référence d'importance critique et les indices de référence d'importance non critique;Les indices de référence d'importance significative et les indices de référence d'importance faible;Les indices de référence d'importance critique et les indices de référence d'importance significative;C;C;Art. 20 et 24 du RÈGLEMENT (UE) 2016/1011 DU PARLEMENT EUROPÉEN ET DU CONSEIL du 8 juin 2016 concernant les indices utilisés comme indices de référence dans le cadre d'instruments et de contrats financiers ou pour mesurer la performance de fonds d'investi;V4 (fév. 2021);;;manuel/08-gestion-collective-finance-durable.md
1773;8;8.2.2;C;Le CAC40 est un indice :;Equipondéré;Pondéré par les capitalisations des titres;Pondéré par les chiffres d'affaires des entreprises;B;B;Les marchés de capitaux Dupuy, Fontaine, Hamet 2018;V4 (fév. 2021);;;manuel/08-gestion-collective-finance-durable.md
1774;8;8.2.2;C;Que mesure le ratio de Sharpe ?;Il mesure la rentabilité excédentaire d'un portefeuille d'actifs financiers par rapport à son niveau de risque et permet d'évaluer la performance d'un gérant;C'est un ratio de solvabilité bancaire visant à garantir un niveau minimum de capitaux propres afin d'assurer la solidité financière des banques;Il permet de comparer le niveau d'endettement d'une entreprise;A;A;BODSON L., GRANDIN P., HÜBNER G et LAMBERT M., Performance de portefeuille, éditions Pearson Education France, 2e éd. (2010) / Position - recommandation AMF Guide relatif à l'organisation du dispositif de maîtrise des risques au sein des sociétés de gestion de portefeuille - DOC-2014-06;V4 (fév. 2021);;;manuel/08-gestion-collective-finance-durable.md
1775;8;8.2.2;C;Lorsque le risque d'un OPCVM est élevé, l'horizon de placement recommandé pour l'investissement dans cet OPCVM est :;Court (quelques mois);Long (plusieurs années);Dépend des projets de l'épargnant;B;B;AMF / POSITION - RECOMMANDATION AMF DOC-2011-05 GUIDE DES DOCUMENTS REGLEMENTAIRES DES OPC modifié le 03/01/2019;V4 (fév. 2021);;;manuel/08-gestion-collective-finance-durable.md
1777;8;8.2.2;C;Selon le règlement Benchmark, un indice de référence est :;Un indice utilisé pour déterminer le montant à verser au titre d'un instrument ou d'un contrat financier, ou le prix d'un instrument financier;Un panier d'indice;Un indice du CAC 40;A;A;https://www.amf-france.org/Acteurs-et-produits/Prestataires-financiers/administrateur-indices-de-reference;V4 (fév. 2021);;;manuel/08-gestion-collective-finance-durable.md
1778;8;8.2.2;C;La méthodologie utilisée par un administrateur pour déterminer un indice de référence doit être développée, utilisée et gérée de manière :;Secrète;Discrète;Transparente;C;C;Art. 13 du RÈGLEMENT (UE) 2016/1011 DU PARLEMENT EUROPÉEN ET DU CONSEIL du 8 juin 2016 concernant les indices utilisés comme indices de référence dans le cadre d'instruments et de contrats financiers ou pour mesurer la performance de fonds d'investissemen;V4 (fév. 2021);;;manuel/08-gestion-collective-finance-durable.md
1942;8;8.2.2;C;L'Alpha est un indice de :;Performance;Volatilité;Liquidité;A;A;Définition;V4 (fév. 2021);;;manuel/08-gestion-collective-finance-durable.md
1943;8;8.2.2;C;Quand l'horizon de placement d'un épargnant se fait à moyen terme, c'est qu'il a un projet dans :;Moins de 1 an;3 à 8 ans;Dans plus de 8 ans;B;B;Définition;V4 (fév. 2021);;;manuel/08-gestion-collective-finance-durable.md
1962;8;8.2.2;C;Quelle la bonne définition de l'actif sans risque ?;Un titre dont la maturité est d'au moins 20 ans;Un titre dont les revenus sont liés à la croissance du PIB;Un titre dont les revenus sont certains et dont l'écart-type ou amplitude des variations = 0;C;C;RG AMF Livre IV Règlement Benchmark 2016/1011;V4 (fév. 2021);;;manuel/08-gestion-collective-finance-durable.md
1963;8;8.2.2;C;La performance absolue d'un fonds sert à :;Mesurer sa performance sans relation avec un autre fonds ou un benchmark;Mesurer sa performance par rapport au taux sans risque;Mesure sa performance par rapport à un indice;A;A;Les défis de la gestion alternative, Banque de France, revue de la stabilité financière;V4 (fév. 2021);;;manuel/08-gestion-collective-finance-durable.md
1964;8;8.2.2;C;Concernant la gestion indicielle, laquelle de ces affirmations est juste ?;La performance de l'OPC s'analyse par rapport à l'indice de référence indiqué dans son document d'informations clés (DIC);La performance de l'OPC repose uniquement sur les anticipations de l'investisseur;Les risques de pertes de l'OPC sont liés uniquement aux variations de son capital;A;A;RG AMF Livre IV Règlement Benchmark 2016/1011;V4 (fév. 2021), formulation BTS Banque 2026 (EF2);;;manuel/08-gestion-collective-finance-durable.md
1966;8;8.2.2;C;Dans quel cas un investissement dans un actif est-il considéré comme risqué ?;Un titre dont le coefficient de corrélation avec un actif sans risque =0;Un titre dont les revenus sont liés à la croissance du PIB;Un titre dont la volatilité est élevée;C;C;RG AMF Livre IV Règlement Benchmark 2016/1011;V4 (fév. 2021);;;manuel/08-gestion-collective-finance-durable.md
1967;8;8.2.2;C;Dans la liste ci-dessous, quel est un des objectifs du règlement européen Benchmark ?;Créer un indice de valeurs éthiques;Eviter le risque de manipulation des indices de référence;Etablir une liste exhaustive des indices utilisables par les gérants d'OPC;B;B;RG AMF Livre IV Règlement Benchmark 2016/1011;V4 (fév. 2021);;;manuel/08-gestion-collective-finance-durable.md
1968;8;8.2.2;C;La volatilité d'un fonds est une mesure :;Qui ne tient pas compte de tous les risques encourus par un investisseur;Qui tient compte de tous les risques encourus par un investisseur;Qui tient compte de tous les risques encourus par un investisseur à l'exception du risque de liquidité;A;A;"Note AMF ""Investir en fonds et Sicav : comprendre le profil de risque"" publiée le 13 mars 2015";V4 (fév. 2021);;;manuel/08-gestion-collective-finance-durable.md
2000;8;8.2.2;C;"Quel est l'objectif du règlement (UE) 2016/1011, dit ""règlement Benchmark"" ?";Encadrer, au sein de l'Union européenne, la fourniture et l'utilisation d'indices de référence;Définir, au sein de l'Union européenne, les méthodes de calcul des indices de référence;Interdire, au sein de l'Union européenne, l'utilisation de certains indices de référence;A;A;"Voir le dossier : Règlement ""Benchmark"" de l'AMF";V4 (fév. 2021);;;manuel/08-gestion-collective-finance-durable.md
2001;8;8.2.2;C;Que mesure la volatilité ?;Elle mesure l'amplitude des volumes négociés d'un instrument financier;Elle mesure l'amplitude des écarts entre les économies européennes;Elle mesure l'amplitude des variations de la valeur d'un instrument financier;C;C;Voir le site : https://www.amf-france.org/Epargne-Info-Service/Savoir-bien-investir/Cadrer-son-projet/Risques-et-rendements-des-placements/Volatilite-ce-qu-il-faut-savoir;V4 (fév. 2021);;;manuel/08-gestion-collective-finance-durable.md
2014;8;8.2.2;C;Qu'est-ce qu'un indice de référence (Benchmark) pour un OPC ?;Une technique qui consiste à étudier et analyser les techniques de gestion des autres SGP;Une technique de prise de décision des gérants, basée sur l'analyse technique;Une référence qui sert d'objectif à atteindre et avec laquelle seront comparées les performances obtenues;C;C;Règlement Benchmark (UE) 2016/1011 article 3 (définitions) §1-3;V4 (fév. 2021);;;manuel/08-gestion-collective-finance-durable.md
2017;8;8.2.2;C;Qu'est-ce que la volatilité ?;Une mesure de la surperformance d'un portefeuille par rapport à sa performance théorique;Une mesure du risque de liquidité;Une mesure des amplitudes des variations du cours d'un titre;C;C;Etude AMF Rendements et risques des placements financiers publiée le 19 octobre 2018, Etude AMF du 09/09/2016 Volatilité des placements : ce qu'il faut savoir;V4 (fév. 2021);;;manuel/08-gestion-collective-finance-durable.md
2031;8;8.2.2;C;L 'attribution de performance de fonds sur une période donnée consiste à :;Expliquer la performance de fonds sur une période donnée grâce aux comportement des marchés, le solde de performance inexpliquée étant attribué au talent des gérants;Faire un classement des fonds pour déterminer les fonds les plus performants à la fin de la période en prenant en compte le niveau de risque des investissements;Faire un classement des fonds en fonction de la valeur maximale qu 'ils ont atteint au cours d 'une période de temps donnée;A;A;https://www.morningstar.fr/fr/news/93968/Lattribution-de-performance.aspx https://www.agefi.fr/asset-management/actualites/hebdo/20160706/l-attribution-performance-outil-pilotage-192955;V4 (fév. 2021);;;manuel/08-gestion-collective-finance-durable.md
2033;8;8.2.2;C;Le ratio d 'information est une mesure de qualité de performance d 'un fonds qui prend en compte la volatilité de la performance du portefeuille par rapport à son indice de référence. C 'est une mesure très utilisée pour mesurer la qualité de gestion dans le cadre d 'une :;Gestion benchmarkée;Gestion alternative;Gestion action;A;A;www.clubampere.org/glossaire/ratio-dinformation/ https://www.morningstar.fr/fr/news/188687/comprendre-le-ratio-dinformation.aspx;V4 (fév. 2021);;;manuel/08-gestion-collective-finance-durable.md
2034;8;8.2.2;C;Comparer des fonds avec des objectifs de gestion similaires en fonction de leur performance de l 'année précédente est-il suffisant pour réaliser une sélection ?;Non, parce que la performance d 'un fonds peut varier d 'une année sur l 'autre;Oui, car ce qui importe c 'est la dernière performance connue et non les plus anciennes;Non car seule la performance depuis la création du fonds a de l 'importance;A;A;https://www.lafinancepourtous.com/pratique/placements/produits-de-gestion-collective-opc/trois-criteres-pour-choisir-une-sicav-ou-un-fcp-les-performances-les-frais-et-la-volatilite/ https://www.amf-france.org/Epargne-Info-Service/Savoir-bien-investir/Cadrer-son-projet/Risques-et-rendements-des-placements/Les-performances-passees-ne-prejugent-pas-des-performances-futures;V4 (fév. 2021);;;manuel/08-gestion-collective-finance-durable.md
2723;8;8.2.2;C;Plus la volatilité d'un actif est élevée :;Plus l'espérance de gain sera faible;Plus l'investissement dans cet actif sera considéré comme risqué;Plus l'investissement dans cet actif sera considéré comme sûr;B;B;;Récente (n° ≥ 2553);;;manuel/08-gestion-collective-finance-durable.md
2747;8;8.2.2;C;La gestion active a pour objectif :;De répliquer fidèlement les performances d'un marché de référence;De surperformer le marché de référence;D'identifier les valeurs volatiles;B;B;;Récente (n° ≥ 2553);;;manuel/08-gestion-collective-finance-durable.md
2780;8;8.2.2;C;La performance relative d'un fonds :;Tient compte des conditions de marché européen;Tient compte de son mode de gestion;Est évaluée par comparaison à une autre référence;C;C;;Récente (n° ≥ 2553);;;manuel/08-gestion-collective-finance-durable.md
874;8;8.4;C;Le PSI doit-il gérer les risques au niveau de chaque portefeuille individuel ?;Non;Oui, sauf pour les contreparties éligibles;Oui;C;C;RG AMF - Article 312-48;V4 (fév. 2021);;;manuel/08-gestion-collective-finance-durable.md
1779;8;8.4;C;Pour les Fonds d'Investissement Alternatifs, la présence d'un dépositaire distinct de la société de gestion découle :;Des directives UCITS;Des directives MIF et MIF2;De la directive AIFM;C;C;Point (32) de la Directive 2011/61/UE du 8 juin 2011 sur les gestionnaires de fonds d'investissement alternatifs (dite AIFM);V4 (fév. 2021);;;manuel/08-gestion-collective-finance-durable.md
1781;8;8.4;C;Quelle règle s'applique en matière de direction effective d'une société de gestion ?;Elle est dirigée par une personne possédant l'honorabilité nécessaire ainsi que l'expérience adéquate;Est dirigée par deux personnes au moins possédant l'honorabilité nécessaire ainsi que l'expérience adéquate;Est dirigée par le Président du Conseil d'administration ou du directoire;B;B;Article 321-13 du RG AMF;V4 (fév. 2021);;;manuel/08-gestion-collective-finance-durable.md
1784;8;8.4;C;Qu'est-ce qu'un gestionnaire au sens de la directive AIFM ?;Une personne morale ou physique dont l'activité habituelle est la gestion d'un ou plusieurs FIA;Une personne physique dont l'activité habituelle est la gestion d'un ou plusieurs FIA;Une personne morale dont l'activité habituelle est la gestion d'un ou plusieurs FIA;C;C;Site internet de l'AMF, Guide AIFM, Société de gestion, 1.2 (https://www.amf-france.org/Publications/Guides/Professionnels?docId=workspace%3A%2F%2FSpacesStore%2F87bc82b4-bc90-4dfa-84dd-a3d0259ae479);V4 (fév. 2021);;;manuel/08-gestion-collective-finance-durable.md
1786;8;8.4;C;Un mandat de gestion doit notamment mentionner :;Le nom du comptable de la société de gestion;L'objectif de gestion et les catégories d'instruments financiers que peut comporter le portefeuille;La rentabilité certaine sur 12 et 24 mois;B;B;https://www.amf-france.org/Epargne-Info-Service/Comprendre-les-produits-financiers/Supports-d-investissement/Mandat-de-gestion;V4 (fév. 2021);;;manuel/08-gestion-collective-finance-durable.md
1787;8;8.4;C;La directive AIFM (2011/61/UE) vise à encadrer :;Les Fonds d'Investissement alternatifs (FIA);Les OPCVM;Les FIA et les OPCVM;A;A;Guide AIFM - Société de gestion, Note AMF du 23 avril 2013;V4 (fév. 2021);;;manuel/08-gestion-collective-finance-durable.md
1788;8;8.4;C;Pour quel motif, un FIA (Fonds d'Investissement Alternatif) peut-il obtenir un passeport de son régulateur ?;Pouvoir choisir un dépositaire hors Europe;Etre commercialisable librement dans l'espace économique européen;Déroger au respect des règles d'investissement de sa catégorie;B;B;RG AMF Livre IV Directive AIFM;V4 (fév. 2021);;;manuel/08-gestion-collective-finance-durable.md
1789;8;8.4;C;En France, les OPC sont agréés par :;L'ACPR;La Banque de France;L'AMF;C;C;CMF L214-3 / RG AMF art 411-6;V4 (fév. 2021);;;manuel/08-gestion-collective-finance-durable.md
1791;8;8.4;C;Selon quelle fréquence les sociétés de gestion de FIA doivent-elles réaliser des simulations de crise dans des conditions normales et exceptionnelles de liquidité ?;Tous les trimestres;De manière régulière et au moins deux fois par an;De manière régulière et au moins une fois par an;C;C;Site internet de l'AMF, Guide AIFM, Société de gestion, 2.1.3 (https://www.amf-france.org/Publications/Guides/Professionnels?docId=workspace%3A%2F%2FSpacesStore%2F87bc82b4-bc90-4dfa-84dd-a3d0259ae479);V4 (fév. 2021);;;manuel/08-gestion-collective-finance-durable.md
1794;8;8.4;C;Quelle règle s'applique au dirigeant d'une SICAV ?;Il doit absolument être conjointement dirigeant de l'établissement dépositaire;Il ne doit absolument pas être conjointement dirigeant de l'établissement dépositaire;Il peut être conjointement dirigeant de l'établissement dépositaire, sous réserve d'accord de l'AMF;B;B;Règlement de déontologie des OPCVM chapitre 1-6;V4 (fév. 2021);;;manuel/08-gestion-collective-finance-durable.md
1795;8;8.4;C;Dans le cadre d'un service de gestion sous mandat, le prestataire de services d'investissement et le teneur de compte doivent-ils catégoriser le client séparément ?;Oui, les deux sont tenus de catégoriser leur client de façon séparée : le prestataire pour le service d'investissement et le teneur de compte conservateur pour le service connexe;Non, une catégorisation unique suffit, car le service de gestion sous mandat et le service de tenue de compte peuvent constituer un ensemble contractuel;Une catégorisation unique peut suffire si le service de gestion sous mandat et le service de tenue de compte signent une convention qui le permet;A;A;Position - Recommandation AMF n° 2007-25 / Position AMF n°2012-13 - Exigences relatives à l'adéquation pour un client de services d'investissement ou d'instruments financiers.;V4 (fév. 2021);;;manuel/08-gestion-collective-finance-durable.md
1797;8;8.4;C;"Le terme de ""gestion pour compte de tiers"" regroupe:";La gestion alternative;La gestion individualisée sous mandat;La gestion participative;B;B;http://www.amf-france.org/documents/general/6350_1.pdf;V4 (fév. 2021);;;manuel/08-gestion-collective-finance-durable.md
1798;8;8.4;C;Quelles obligations ont les gérants de fonds monétaires vis-à-vis de leur Autorité ?;Transmettre trimestriellement un reporting quelle que soit la taille du fonds;Transmettre l'examen annuel des méthodologies d'évaluation de la qualité de crédit;Transmettre la liste des souscripteurs dépassant 2 % l'actif du fonds monétaires;B;B;Règlement 2017/1131 UE 19 §4 e);V4 (fév. 2021);;;manuel/08-gestion-collective-finance-durable.md
1799;8;8.4;C;Quelle directive européenne a introduit le document d'information clé pour l'investisseur (DICI) ?;"La directive du 13 juillet 2009 concernant certains organismes de placement collectif en valeurs mobilières (dite ""OPCVM IV"" )";La directive du 4 novembre 2003 concernant le prospectus à publier en cas d'offre au public de valeurs mobilières ou en cas d'admission de valeurs mobilières à la négociation;"La directive du 21 avril 2004 concernant les marchés d'instruments financiers (dite ""MIF"" ou ""MIFID"")";A;A;C. mon. fin., art L214-1.;V4 (fév. 2021);ctx;Le DICI (UCITS IV, 2009) a lui-même été remplacé par le DIC PRIIPs pour les investisseurs de détail depuis le 1er janvier 2023.;manuel/08-gestion-collective-finance-durable.md
1802;8;8.4;C;Suite au règlement européen MMF :;La dénomination de fonds monétaire est supprimée vu les faibles encours détenus par les investisseurs;La dénomination de fonds monétaire est dorénavant réservée aux fonds ayant reçu un agrément spécifique en tant que tel;La dénomination de fonds monétaire est élargie aux fonds investis de manière occasionnelle sur le marché actions;B;B;Article 4 du Règlement (UE) 2017/1131 du 14 juin 2017 sur les fonds monétaires (dit MMF);V4 (fév. 2021);;;manuel/08-gestion-collective-finance-durable.md
1803;8;8.4;C;Conformément au Règlement AMF, à quels fonds s'applique la demande d'agrément comme fonds monétaire ?;A tout nouvel OPCVM ou FIA monétaire uniquement;Aux nouveaux OPCVM et FIA et aussi aux fonds déjà existants;Aux fonds monétaires qui souhaitent se prévaloir de cet agrément;B;B;Publication AMF : Entrée en application du règlement MMF 16/07/2018;V4 (fév. 2021);;;manuel/08-gestion-collective-finance-durable.md
1804;8;8.4;C;Les textes régissant la gestion collective émanent, entre autres :;Du Règlement général de l'ACPR;Du Code des assurances;Du Règlement général de l'AMF;C;C;RG AMF Livre IV Directives UCITS et AIFM COMOFI Livre II Chapitre IV;V4 (fév. 2021);;;manuel/08-gestion-collective-finance-durable.md
1805;8;8.4;C;Quel impact la directive MIF II a-t-elle, entre autres, sur l'organisation des sociétés de gestion collective ?;L'interdiction d'investissement dans des produits dérivés;L'obligation de vérification des connaissances et compétences des collaborateurs informant ou conseillant les clients sur les produits financiers;L'obligation d'obtenir l'agrément de l'ACPR;B;B;RG AMF Livre IV Directive MIF II/Recommandations ESMA;V4 (fév. 2021);;;manuel/08-gestion-collective-finance-durable.md
1806;8;8.4;C;L'agrément d'un OPCVM relève normalement de :;L'autorité compétente du pays des apporteurs de fonds;L'autorité compétente des pays où il est commercialisé;L'autorité compétente du pays où il est constitué;C;C;AMF DOC 2014-03;V4 (fév. 2021);;;manuel/08-gestion-collective-finance-durable.md
1807;8;8.4;C;La directive AIFM vise notamment à :;Réguler les principales sources de risque associées à la gestion alternative;Interdire la vente de produits dérivés;Créer des garanties pour les investisseurs en actions;A;A;https://www.amf-france.org/Reglementation/Dossiers-thematiques/Epargne-et-prestataires/Gestion-alternative/La-directive-AIFM-est-en-vigueur-en-France.html;V4 (fév. 2021);;;manuel/08-gestion-collective-finance-durable.md
1809;8;8.4;C;Que prévoit la directive UCITS V (OPCVM V - 2014/91/UE) ?;La directive UCITS V abroge les dispositions relatives aux FIA (Fonds d'Investissement Alternatif) introduites par la directive AIFM;La directive UCITS V institue l'obligation pour un OPCVM de désigner plusieurs dépositaires différents afin d'accroître la sécurité des investisseurs;La directive UCITS V renforce la protection des actifs, la transparence et l'information aux investisseurs;C;C;Directive 2014/91/UE du Parlement européen et du Conseil du 23 juillet 2014.;V4 (fév. 2021);;;manuel/08-gestion-collective-finance-durable.md
1810;8;8.4;C;Les politiques et les pratiques de rémunération mises en œuvre par les sociétés de gestion d'OPCVM :;Portent sur la composante fixe des salaires uniquement;N'ont pas de lien avec l'obligation de la société de gestion d'agir au mieux des intérêts de l'OPCVM;Doivent être compatibles avec une gestion saine et efficace des risques;C;C;Article 14 bis de la DIRECTIVE 2014/91/UE DU PARLEMENT EUROPÉEN ET DU CONSEIL du 23 juillet 2014 modifiant la directive 2009/65/CE portant coordination des dispositions législatives, réglementaires et administratives concernant certains organismes de plac;V4 (fév. 2021);;;manuel/08-gestion-collective-finance-durable.md
1811;8;8.4;C;Le remplacement du prospectus simplifié par le document clé pour l'investisseur (DICI) découle :;D'un avis du dépositaire central national;De la directive UCITS IV;D'une instruction de la Banque de France;B;B;Point (59) de la directive 2009/65/CE du 13 juillet 2009 portant coordination des dispositions législatives, réglementaires et administratives concernant certains organismes de placement collectif en valeurs mobilières (OPCVM), dite UCITS IV;V4 (fév. 2021);ctx;Le DICI (UCITS IV, 2009) a lui-même été remplacé par le DIC PRIIPs pour les investisseurs de détail depuis le 1er janvier 2023.;manuel/08-gestion-collective-finance-durable.md
1812;8;8.4;C;Qu'apporte le Règlement européen relatif aux fonds monétaires de 2017 (MMF) ?;Il établit des règles uniformes d'agrément et de fonctionnement des fonds monétaires au niveau européen;Il établit une classification détaillée des fonds monétaires au niveau européen;Il établit une méthode de comparaison des rendements des fonds monétaires au niveau européen;A;A;Publication AMF : Entrée en application du règlement MMF 16/07/2018;V4 (fév. 2021);;;manuel/08-gestion-collective-finance-durable.md
1813;8;8.4;C;Dans le cadre de la gestion individuelle sous mandat, l'investisseur :;Donne procuration au gérant;S'en remet à la gestion collective;Gère son portefeuille sur internet;A;A;amf-france.org/Epargne-Info-Service/Comprendre-les-produits-financiers/Supports-d-investissement/Mandat-de-gestion;V4 (fév. 2021);;;manuel/08-gestion-collective-finance-durable.md
1944;8;8.4;C;"Le concept de ""pré-commercialisation"" des OPCVM (Organismes de Placement Collectif en Valeurs Mobilières) et FIA (Fonds d'Investissement Alternatifs) permet de :";Tester l'appétence du fonds par les investisseurs avant de le commercialiser;Permettre à certains investisseurs de souscrire le fonds avant les autres;Mettre sur le Marché français un fonds étranger avant accord définitif des autorités de tutelle;A;A;DOC-2014-04 AMF;V4 (fév. 2021);;;manuel/08-gestion-collective-finance-durable.md
1969;8;8.4;C;Quelle est l'une des principales règles imposées par la règlementation européenne aux OPC ?;Une méthodologie unique de valorisation des instruments financiers complexes;Une obligation de fonds propres minimum;La répartition des risques au sein des portefeuilles;C;C;COMOFI Livre II chapitre IV;V4 (fév. 2021);;;manuel/08-gestion-collective-finance-durable.md
1970;8;8.4;C;La Directive OPCVM 5;Oblige le dépositaire à suivre les liquidités des OPCVM;Décharge le dépositaire de sa responsabilité en cas de perte d'un instrument financier conservé;Permet la réutilisation des actifs dont le dépositaire assure la conservation pour compte propre;A;A;Directive 2014/91/UE du 23 juillet 2014;V4 (fév. 2021);;;manuel/08-gestion-collective-finance-durable.md
1971;8;8.4;C;Sont intégralement soumises à la directive AIFM, les sociétés de gestion qui gèrent des FIA dont les actifs dépassent un seuil de :;500 millions d'euros au total;600 millions d'euros au total;700 millions d'euros au total;A;A;"Document AMF : ""Guide AIFM Société de gestion"" , Avril 2013";V4 (fév. 2021);;;manuel/08-gestion-collective-finance-durable.md
1972;8;8.4;C;La directive AIFM règlemente principalement :;Les OPCVM;Les SGP qui gèrent des OPCVM;Les SGP qui gèrent des FIA;C;C;RG AMF livre III Directive AIFM;V4 (fév. 2021);;;manuel/08-gestion-collective-finance-durable.md
1973;8;8.4;C;Dans le cadre des liens entre la société de gestion et le dépositaire;Personne ne peut être à la fois membre de l'organe de direction de la société de gestion et membre de l'organe de direction du dépositaire;Un salarié du dépositaire peut être membre de l'organe de direction de la société de gestion;Un salarié de la société de gestion peut être membre de l'organe de direction du dépositaire;A;A;Directive 2014/91/UE du 23 juillet 2016 art. 21;V4 (fév. 2021);;;manuel/08-gestion-collective-finance-durable.md
2013;8;8.4;C;Le cadre législatif et réglementaire qui régit les produits de placements collectifs est :;Exclusivement issu de la règlementation nationale;Exclusivement issu de la règlementation européenne;issu de la règlementation nationale et européenne;C;C;RG AMF article 411.1;V4 (fév. 2021);;;manuel/08-gestion-collective-finance-durable.md
2018;8;8.4;C;Un fonds qui n 'est pas un OPCVM mais dont le gérant ne remplit pas les critères pour pouvoir faire agréer ou enregistrer l 'OPC comme Fonds d 'Investissement Alternatif est :;Strictement interdit;Considéré comme un Fonds commun de placement à risque (FCPR);"Classé dans une troisième catégorie ""autres placements collectifs""";C;C;Article L214-191 du CMF;V4 (fév. 2021);;;manuel/08-gestion-collective-finance-durable.md
2019;8;8.4;C;La directive AIFM permet à un gérant de fonds d 'investissement alternatifs (FIA) de commercialiser ses FIA au sein de l 'Espace Economique Européen :;Auprès de tous les investisseurs;Auprès de tous les investisseurs dans la catégorie des clients professionnels;Auprès des investisseurs de la zone euro uniquement;B;B;Procédure de commercialisation de FIA dans un Etat membre de l'Union européenne autre que la France Article L214-24-2 du CMF;V4 (fév. 2021);;;manuel/08-gestion-collective-finance-durable.md
2035;8;8.4;C;Un Prestataire de Services d 'Investissement qui réalise le service de gestion sous mandat :;Dispose d 'une procédure qui lui permet de garantir la capacité de liquider des positions dans un portefeuille individuel dans le respect des obligations résultant du mandat de gestion;Dispose d 'une procédure de gestion de crise de liquidité qui lui permet de liquider les positions d 'un portefeuille individuel dans des conditions normales de marché en moins de 14 jours ouvrés;N 'a pas d 'exigence réglementaire pour disposer de procédure de gestion de la liquidité des positions car il ne s 'agit pas de gestion d 'OPC mais de portefeuilles individuels;A;A;Article 312-48 RG AMF;V4 (fév. 2021);;;manuel/08-gestion-collective-finance-durable.md
2743;8;8.4;C;Le fait de gérer des portefeuilles incluant un ou plusieurs instruments financiers dans le cadre d'un mandat donné par un tiers relève d'une gestion sous mandat :;Contrainte et collective;Contrainte et individualisée;Discrétionnaire et individualisée;C;C;;Récente (n° ≥ 2553);;;manuel/08-gestion-collective-finance-durable.md
1815;8;8.5;C;Le portefeuille d'un OPCVM :;Doit être exclusivement investi en actions;Doit être investi essentiellement dans des valeurs mobilières et/ou des instruments du marché monétaire;Doit être exclusivement investi en produits dérivés;B;B;Article 50 de la Directive 2009/65/CE du 13 juillet 2009 portant coordination des dispositions législatives, réglementaires et administratives concernant certains organismes de placement collectif en valeurs mobilières (OPCVM), dite UCITS IV;V4 (fév. 2021);;;manuel/08-gestion-collective-finance-durable.md
1816;8;8.5;C;Les SCPI (Société Civile de Placement Immobilier) ont pour objet :;Exclusif l'acquisition et la gestion d'un patrimoine immobilier locatif;Non exclusif l'acquisition et la gestion d'un patrimoine immobilier locatif;Exclusif l'acquisition et la gestion d'un patrimoine immobilier locatif et non locatif;A;A;COMOFI Livre II Chapitre IV RG AMF Livre IV;V4 (fév. 2021);;;manuel/08-gestion-collective-finance-durable.md
1817;8;8.5;C;"Un OPCVM classé dans la catégorie ""obligations et autres titres de créance"" :";N'est pas sensible aux taux d'intérêt;Est sensible aux taux d'intérêt;Est principalement soumis aux risques de variations de l'indice Nikkei;B;B;http://www.amf-france.org/documents/general/6350_1.pdf;V4 (fév. 2021);;;manuel/08-gestion-collective-finance-durable.md
1819;8;8.5;C;Quelle affirmation est exacte concernant les fonds professionnels spécialisés ?;Sont obligatoirement des OPCVM;Sont obligatoirement des OPC;Ne sont pas obligatoirement des OPC;C;C;CMF (article L214-154);V4 (fév. 2021);;;manuel/08-gestion-collective-finance-durable.md
1821;8;8.5;C;Les ETF (trackers) sur indices de marché :;Répliquent à la hausse ou à la baisse la performance des indices actions, des indices sectoriels, des indices obligataires etc;Reproduisent la performance des indices intégrant des stratégies d'investissement sophistiquées;Suivent au jour le jour la variation d'un indice auquel est attaché un effet de levier, celle-ci étant multipliée à la hausse comme à la baisse;A;A;AMF, Comprendre les produits financiers, Placements collectifs: Trackers (ETF) (https://www.amf-france.org/Epargne-Info-Service/Comprendre-les-produits-financiers/Placements-collectifs/Trackers-ETF);V4 (fév. 2021);;;manuel/08-gestion-collective-finance-durable.md
1823;8;8.5;C;Dans quoi sont investis les Fonds communs de placement à risque (FCPR) ?;En titres d'entreprises non cotées en bourse à hauteur de 50% minimum;En actions de sociétés susceptibles de faire l'objet d'offres publiques d'acquisition;"En obligations ""High Yield"" d'émetteurs mal notés";A;A;Article L214-28 du CMF;V4 (fév. 2021);;;manuel/08-gestion-collective-finance-durable.md
1825;8;8.5;C;Les règles applicables aux Fonds d'Investissement Alternatifs (FIA) sont précisées dans :;La directive AIFM;La directive OPCVM V;Aucune de ces deux directives;A;A;directive 2011/61/UE;V4 (fév. 2021);;;manuel/08-gestion-collective-finance-durable.md
1826;8;8.5;C;La commercialisation par une société de gestion de portefeuille française, en France, de parts ou actions de Fonds d'investissement alternatif (FIA) établis dans un Etat membre de l'UE :;Se fait librement, sans qu'aucune formalité particulière ne soit à effectuer;Doit faire l'objet d'une déclaration auprès de l'Autorité des marchés financiers dans les six mois suivant la commercialisation;Doit faire l'objet d'une notification préalable à l'Autorité des marchés financiers;C;C;Article L214-24-1, I CMF;V4 (fév. 2021);;;manuel/08-gestion-collective-finance-durable.md
1827;8;8.5;C;Les fonds d'investissement alternatifs (FIA) :;Peuvent être des fonds portant sur l'immobilier (par exemple des OPCI);S'adressent à des investisseurs souhaitant investir en actions;Sont réservés aux investisseurs ayant un horizon d'investissement court terme;A;A;art L214-24 du CMF;V4 (fév. 2021);;;manuel/08-gestion-collective-finance-durable.md
1829;8;8.5;C;Les Exchange Traded Funds (ETF) sont des fonds :;Négociés en bourse qui reproduisent en temps réel la performance d'un indice;Investis exclusivement en produits dérivés répliquant la performance de l'indice;Investis exclusivement dans les instruments financiers composant l'indice;A;A;Ouvrage Finance d'entreprise 2019 - Pierre vernimmen, Pascal Quiry, Yann Le fur - Editions Dalloz, chapitre 20 - Risque et portefeuille, point 20.16;V4 (fév. 2021);;;manuel/08-gestion-collective-finance-durable.md
1830;8;8.5;C;Les Fonds européens d'investissement à long terme (ELTIF);Sont des fonds ouverts;Sont des fonds fermés;Ne sont pas des fonds alternatifs;B;B;Directive 2015/760 du 25 avril 2015;V4 (fév. 2021);;;manuel/08-gestion-collective-finance-durable.md
1831;8;8.5;C;Dans une société, quels types d'investisseurs peuvent accéder aux fonds d'épargne salariale ?;Uniquement les managers;Uniquement les salariés non cadres;Tous les salariés;C;C;code du travail - L3331-1 et suivants / abe-infoservice.fr/glossaire/Epargne salariale;V4 (fév. 2021);;;manuel/08-gestion-collective-finance-durable.md
1832;8;8.5;C;Que peut-on dire d'un porteur d'OPC ?;S'il s'agit d'une SICAV, le porteur est actionnaire;S'il s'agit d'un FCP, le porteur est actionnaire;S'il s'agit d'une SICAV, le porteur détient des parts;A;A;RG AMF 411-1;V4 (fév. 2021);;;manuel/08-gestion-collective-finance-durable.md
1833;8;8.5;C;Parmi les FIA (Fonds d'Investissement Alternatifs) suivants, lequel doit être agréé par l'AMF ?;Les fonds professionnels spécialisés;Les fonds professionnels de capital investissement;Les fonds professionnels à vocation générale;C;C;COMOFI Livre II Chapitre IV RG AMF Livre IV;V4 (fév. 2021);;;manuel/08-gestion-collective-finance-durable.md
1834;8;8.5;C;"Un OPCVM ""actions"" peut-il ?";Etre composé à 80 % d'OPCVM de fonds alternatifs;Répliquer un indice du marché monétaire;Etre soumis aux variations de la Deutsche Börse;C;C;http://www.amf-france.org/documents/general/6350_1.pdf;V4 (fév. 2021);;;manuel/08-gestion-collective-finance-durable.md
1835;8;8.5;C;Une SICAV (Société d'Investissement à Capital Variable) monétaire intéressera plutôt un investisseur à la recherche :;D'un rendement élevé sur les marchés actions;D'un placement de court terme sécurisé;De plus-values élevées sur le marché des changes;B;B;ESMA-35-43-1163 - art 74 et suivants;V4 (fév. 2021);;;manuel/08-gestion-collective-finance-durable.md
1836;8;8.5;C;Un organisme de placement investi principalement en actions ou parts de plusieurs autres OPCVM est appelé :;Un OPCVM d'OPCVM ou fonds de fonds;Un OPCVM maîtres-nourriciers;"Un FCP à ""vocation générale""";A;A;http://www.amf-france.org/bio/geco_glossaire.aspx;V4 (fév. 2021);;;manuel/08-gestion-collective-finance-durable.md
1838;8;8.5;C;Qu'est-ce qu'un Exchange traded fund - (ETF) ?;"Un fonds investi sur les marchés ""commodities exchange""";Un fonds indiciel coté en continu et négocié en bourse;Un fonds issu de la fusion de deux fonds par échange de parts;B;B;Lexique AMF - Tracker;V4 (fév. 2021);;;manuel/08-gestion-collective-finance-durable.md
1839;8;8.5;C;"Un OPCVM dit ""fonds de fonds"" est un OPCVM qui investit :";Dans les entreprises de la plus mauvaise qualité en espérant un rebond;Directement dans des parts d'OPCVM;Le plus rapidement possible;B;B;"AMF, lexique, ""Fonds de fonds""";V4 (fév. 2021);;;manuel/08-gestion-collective-finance-durable.md
1841;8;8.5;C;Parmi les propositions suivantes, laquelle caractérise les OPCI (organisme de placement collectif en immobilier) ?;Il existe deux types d'OPCI : les FPI (fonds de placement immobilier) et les SPPICAV (sociétés à prépondérance immobilière à capital variable);L'actif des OPCI doit être investi en immobilier à hauteur de 95 % au minimum;Les OPCI sont moins liquides que les SCPI;A;A;C. mon. fin., art. L 214-33.;V4 (fév. 2021);;;manuel/08-gestion-collective-finance-durable.md
1842;8;8.5;C;Quelle règle d'investissement s'applique à un fonds européen d'investissement à long terme (ELTIF) peut-il investir ?;Il doit investir au moins 70% dans des entreprises non cotées ou ayant une capitalisation boursière < 500 millions €;Il doit investir uniquement dans des entreprises cotées, mais ayant une capitalisation boursière < 500 millions €;Il doit investir uniquement dans des entreprises non cotées;A;A;Guide AMF sur les fonds européens d'investissement à long terme (FEILT OU ELTIF);V4 (fév. 2021);;;manuel/08-gestion-collective-finance-durable.md
1844;8;8.5;C;Un OPCI, Organismes de Placement Collectif Immobilier, doit avoir au moins :;50% de son actif investi en biens immobiliers;60% de son actif investi en biens immobiliers;50% de son actif investi en indices boursiers;B;B;CMF 214-37;V4 (fév. 2021);;;manuel/08-gestion-collective-finance-durable.md
1846;8;8.5;C;Un OPCVM peut-il être transformé en un autre placement collectif ?;Non, sauf s'il bénéficie du Passeport européen;Oui;Non;C;C;RG AMF 411-3;V4 (fév. 2021);;;manuel/08-gestion-collective-finance-durable.md
1847;8;8.5;C;Quelles sont les deux grandes catégories d'Organisme de Placements Collectifs ?;Les OPCVM et les FIA;LES OPCVM et les FCPR;Les SICAV et les Fonds de pension;A;A;"site AMF ""Infos et guides pratiques""";V4 (fév. 2021);;;manuel/08-gestion-collective-finance-durable.md
1848;8;8.5;C;Les Fonds Communs de Placement dans l'Innovation (FCPI) sont :;Des OPCVM;Des fonds d'investissement alternatifs ouverts aux investisseurs non professionnels;Des fonds d'investissement alternatifs réservés aux investisseurs professionnels;B;B;Article L214-30 du code monétaire et financier inséré dans le chapitre IV sur les placements collectifs dans la section 2 : FIA et la sous-section 2 : fonds ouverts à des investisseurs non professionnels;V4 (fév. 2021);;;manuel/08-gestion-collective-finance-durable.md
1850;8;8.5;C;Quelle est la réponse bonne concernant la souscription / rachat d'un ELTIF ?;Les investisseurs de détail peuvent demander le rachat de leurs parts ou des actions de l'ELTIF à tout moment avant la fin de vie avec pénalité;Les investisseurs de détail et professionnels peuvent demander le rachat de leurs parts ou des actions de l'ELTIF à tout moment avant la fin de vie avec pénalité;Durant la période de souscription, et au moins deux semaines après la date de souscription des parts ou des actions de l'ELTIF, les investisseurs de détail peuvent annuler leur souscription et être remboursés sans pénalité;C;C;Directive 2015/760 du 25 avril 2015;V4 (fév. 2021);;;manuel/08-gestion-collective-finance-durable.md
1851;8;8.5;C;Parmi les propositions à propos des ETF (Echange Traded Funds), laquelle est fausse ?;"Les ETF sont aussi appelés ""trackers""";Les ETF distribuent des dividendes;Un ETF est un instrument financier hybride qui regroupe les caractéristiques d'un fonds et d'une action;C;C;C. mon. fin., art L. 214-23, R. 214-15 à R. 214-19 et D. 214-22-1 / Position AMF n° 2013-06 - Les fonds cotés et autres questions liées aux OPCVM;V4 (fév. 2021);;;manuel/08-gestion-collective-finance-durable.md
1852;8;8.5;C;Réglementairement, les Fonds professionnels à vocation générale sont classés parmi :;Les OPCVM;Les Fonds d'Investissement Alternatifs (FIA);Les ETF (Exchange Traded Funds);B;B;Article L214-143 du code monétaire et financier inséré dans le chapitre IV sur les placements collectifs dans la section 2 : FIA;V4 (fév. 2021);;;manuel/08-gestion-collective-finance-durable.md
1853;8;8.5;C;Les organismes de placement collectifs relevant de la directive AIFM sont classés en :;OPCVM;FIA;Organismes de titrisation;B;B;art L214-24 du CMF;V4 (fév. 2021);;;manuel/08-gestion-collective-finance-durable.md
1854;8;8.5;C;A la clôture de l'exercice d'un organisme de titrisation, quelle affirmation parmi les suivantes est exacte ?;Les documents comptables doivent être établis sous le contrôle de l'AMF;Les documents comptables doivent être établis sous le contrôle du dépositaire;Les documents comptables doivent être établis sous le contrôle de l'ACPR;B;B;RG AMF 425-14;V4 (fév. 2021);;;manuel/08-gestion-collective-finance-durable.md
1855;8;8.5;C;"Les OPCVM Indiciels : 1. Cherchent toujours à ce que leurs valeurs liquidatives enregistrent des variations opposées aux évolutions d'un indice boursier 2. Cherchent à ce que leurs valeurs liquidatives suivent les évolutions d'un indice boursier lorsqu'ils sont cotés. 3. Sont aussi appelés parfois ""tracker"" .";1 et 2;1,2 et 3;2 et 3;C;C;la gestion de portefeuille Cobbaut, Gillet, Hubner 2015;V4 (fév. 2021);;;manuel/08-gestion-collective-finance-durable.md
1856;8;8.5;C;A quelle famille d'OPC les fonds à valeur liquidative constante de dette publique appartiennent-ils ?;A formule;Monétaire;Actions;B;B;COMOFI Livre II Chapitre IV RG AMF Livre IV;V4 (fév. 2021);;;manuel/08-gestion-collective-finance-durable.md
1857;8;8.5;C;A quelle condition une SCPI peut-elle faire une offre au public ?;Après le dépôt des premières options d'achat d'immeuble;Après la libération de la moitié de son capital initial;Après avoir établi une note d'information visée par l'AMF et un bulletin de souscription;C;C;Article 422-192 du RG AMF;V4 (fév. 2021);;;manuel/08-gestion-collective-finance-durable.md
1858;8;8.5;C;La distinction entre OPCVM et FIA (Fonds d'Investissement Alternatifs) repose notamment sur :;Les ratios réglementaires d'investissement;Le siège social de la société de gestion;Le pays de résidence des investisseurs;A;A;COMOFI Livre II Chapitre IV;V4 (fév. 2021);;;manuel/08-gestion-collective-finance-durable.md
1860;8;8.5;C;Les FCP qui offrent à leurs détenteurs une garantie de capital à une échéance donnée sont classés par l'AMF dans la catégorie :;Des OPC monétaires;Des OPC à formule;Des OPC diversifiés;B;B;AMF - POSITION - RECOMMANDATION AMF DOC-2011-05 GUIDE DES DOCUMENTS REGLEMENTAIRES DES OPC - modifié 03/01/2019 - page 18;V4 (fév. 2021);;;manuel/08-gestion-collective-finance-durable.md
1861;8;8.5;C;Le Règlement général de l'AMF cite parmi les OPCVM à modalités particulières les OPCVM maîtres et nourriciers. Quelle est la principale caractéristique de ces OPCVM ?;L'OPCVM maître est investi en totalité et en permanence en parts ou actions d'un OPCVM dit nourricier;L'OPCVM maître est investi au moins à hauteur de 50 % en parts ou actions d'un OPCVM dit nourricier;L'OPCVM nourricier est investi à hauteur de 85% et en permanence en parts ou actions d'un OPCVM dit maître;C;C;C. mon. fin., L 214-22.;V4 (fév. 2021);;;manuel/08-gestion-collective-finance-durable.md
1862;8;8.5;C;Un organisme de titrisation peut;Faire l'objet d'une offre au public;Peut faire l'objet de démarchage auprès de tout investisseur;Ne peut commercialiser son produit qu'auprès de personnes qualifiées;A;A;"Position AMF - Questions-réponses de l'AMF sur les organismes de titrisation ( ""OT"" ) - DOC-2011-02";V4 (fév. 2021);;;manuel/08-gestion-collective-finance-durable.md
1863;8;8.5;C;Les parts ou actions d'un OPCVM constitué sur le fondement d'un droit étranger peuvent-elles être commercialisées en France ?;Non, cela est strictement interdit;Oui, à condition qu'une notification soit faite à l'AMF par la société de gestion de cet OPCVM;Oui, à condition qu'une notification soit faite à l'AMF par l'autorité compétente de l'Etat membre d'origine de cet organisme;C;C;Article L214-2-2 du CMF;V4 (fév. 2021);;;manuel/08-gestion-collective-finance-durable.md
1864;8;8.5;C;Les fonds d'épargne salariale détenus en PEE (Plan d'épargne entreprise) peuvent prendre la forme de :;FCPE (fonds communs de placement d'entreprise) ou de SICAVAS (sociétés d'investissement à capital variable d'actionnariat salarié);TCN (titres de créances négociables);FCC (fonds commun de créances);A;A;RG AMF;V4 (fév. 2021);;;manuel/08-gestion-collective-finance-durable.md
1867;8;8.5;C;Les fonds d'épargne salariale sont proposés aux les salariés d'une entreprise bénéficiant de participation ou d'intéressement dans le cadre :;D'un compte à vue spécifique;D'un PEE (plan d'épargne entreprise);D'un dépôt à long terme;B;B;code du travail - L3331-1 et suivants / amf-france.org/Epargne-Info-Service/Comprendre-les-produits-financiers/Supports-d-investissement/Epargne-salariale;V4 (fév. 2021);;;manuel/08-gestion-collective-finance-durable.md
1868;8;8.5;C;Un Fonds Commun de Placement dans l'innovation;Doit être notamment investi à plus de 70% en titres non cotés sur les marchés;Doit être notamment investi à moins de 70% en titres non cotés sur les marchés;N'a pas de contrainte d'investissement;A;A;CMF L214-30;V4 (fév. 2021);;;manuel/08-gestion-collective-finance-durable.md
1869;8;8.5;C;Les organismes de titrisation ont vocation :;A investir uniquement dans des titres;A investir uniquement dans des sociétés non cotées;A être exposés à des risques résultant notamment de l'acquisition de créances;C;C;Article L214-175-1 du code monétaire et financier;V4 (fév. 2021);;;manuel/08-gestion-collective-finance-durable.md
1870;8;8.5;C;Quelle est la durée de vie d'un fonds européen d'investissement de long terme (FEILT ou ELTIF) ?;La durée est de maximum 10 ans;Il n'y a pas de durée de vie précisée;Une durée de vie cohérente pour couvrir le cycle de vie des actifs du fonds;C;C;Guide AMF sur les fonds européens d'investissement à long terme (FEILT OU ELTIF);V4 (fév. 2021);;;manuel/08-gestion-collective-finance-durable.md
1948;8;8.5;C;Les FIA (Fonds d'Investissement Alternatifs) sont :;Obligatoirement des OPC (Organismes de Placement Collectif);Peuvent être des OPC (Organismes de Placement Collectif);Ne sont pas par définition des OPC (Organismes de Placement Collectif);B;B;R. 532-12-1 Code Monétaire et Financier;V4 (fév. 2021);;;manuel/08-gestion-collective-finance-durable.md
1949;8;8.5;C;Un OPCVM (Organisme de Placement Collectif en Valeurs Mobilières) peut demander un agrément de FEILT (Fonds Européen d'Investissement de Long Terme).;Si ces statuts le lui permettent;Il l'est d'office;En aucun cas;C;C;Règlement (UE) 2015/760;V4 (fév. 2021);;;manuel/08-gestion-collective-finance-durable.md
1950;8;8.5;C;Qui donne l'agrément pour qu'un fonds français dont le gestionnaire est européen devienne un FEILT (Fonds Européen d'Investissement de Long Terme) ?;L'AMF (Autorité des Marchés Financiers);L'ESMA (European Securities and Markets Autority);L'ACPR (Autorité de Contrôle Prudentiel et de Résolution);A;A;Art 32.7 Directive AIFM;V4 (fév. 2021);;;manuel/08-gestion-collective-finance-durable.md
1977;8;8.5;C;Un OPCVM nourricier est un OPCVM dont :;L'actif est investi dans un OPC à plusieurs compartiments;L'actif est investi en totalité et en permanence en parts ou actions d'un seul OPCVM dit maître, en instruments financiers à terme et, à titre accessoire, en liquidités;L'actif est investi en totalité et en permanence en parts de fonds de fonds;B;B;CMF art. L. 214-22 et RGAMF art. 411-97;V4 (fév. 2021);;;manuel/08-gestion-collective-finance-durable.md
1978;8;8.5;C;Un fonds professionnel à vocation générale (ex OPCVM ARIA), par ses statuts et/ou règlement, fixe :;Un seuil au-delà duquel le plafonnement des rachats peut être décidé pour une même date de centralisation;Le report au gré du gérant des ordres de rachat des actions;Le montant du rachat prévu;A;A;Guide des mesures apportées aux placements collectifs AMF 12 juillet 2013 et Position AMF 2013-22 du 28 novembre 2013;V4 (fév. 2021);;;manuel/08-gestion-collective-finance-durable.md
1979;8;8.5;C;Les sommes investies dans un PERCO sont disponibles :;Après une période de blocage de 5 ans;Lors du départ à la retraite;Après un délai fixé par le règlement du fonds d'épargne salariale;B;B;Loi Fillon 21/08/2003;V4 (fév. 2021);ctx;Le PERCO n'est plus ouvert depuis le 1er octobre 2020 : il est remplacé par le PER collectif (PERECO, loi PACTE). Le principe (sommes disponibles à la retraite, sauf cas de déblocage anticipé) demeure.;manuel/08-gestion-collective-finance-durable.md
1980;8;8.5;C;Les organismes de titrisation :;Sont soumis aux ratios d'investissement réglementaires des OPC;Ne sont pas soumis aux ratios d'investissement réglementaires;Répliquent toujours un indice;B;B;COMOFI Livre II Chapitre IV;V4 (fév. 2021);;;manuel/08-gestion-collective-finance-durable.md
1981;8;8.5;C;Les sommes investies dans les SEF (Sociétés d'Epargne Forestière) bénéficient d'une réduction d'impôts immédiate :;Après un engagement de l'investisseur sur durée de placement de 8 ans;Lors du départ à la retraite de l'investisseur;Après un délai fixé par le règlement de la SEF;A;A;Article 199 decies H du code général des impôts (CGI);V4 (fév. 2021);;;manuel/08-gestion-collective-finance-durable.md
1982;8;8.5;C;Les fonds communs de placement à risque (FCPR) sont :;Ouverts à tous les investisseurs;Réservés aux investisseurs professionnels;Réservés aux investisseurs non professionnels;A;A;"Note AMF ""OPCVM & fonds d'investissement""";V4 (fév. 2021);;;manuel/08-gestion-collective-finance-durable.md
1983;8;8.5;C;Les fonds d'investissement spécialisés doivent faire l'objet :;D'une autorisation préalable auprès de l'Autorité des Marchés Financiers;D'une déclaration auprès de l'Autorité des Marchés Financiers;D'un agrément auprès de l'Autorité du Contrôle Prudentiel;B;B;Site internet amf-france.org - CMF Art. 214-154;V4 (fév. 2021);;;manuel/08-gestion-collective-finance-durable.md
1986;8;8.5;C;Pour un fonds nourricier, laquelle de ces propositions est juste ?;Un fonds nourricier est investi à 85 % en actions cotées sur un marché règlementé;"L'actif est investi en totalité et en permanence en parts ou actions d'un seul OPCVM, dit ""maître"" , à titre accessoire en dépôts détenus dans la limite des besoins de la gestion des flux";La valeur liquidative du fonds nourricier est strictement égale à la valeur liquidative du fonds maître;B;B;RGAMF art. 422-105, 422-115-II et 422-120-5 - AFG OPCVM IV Structures maîtres nourriciers d'OPCVM coordonnés Septembre 2010;V4 (fév. 2021);;;manuel/08-gestion-collective-finance-durable.md
1987;8;8.5;C;Quelle caractéristique a, entre autres, un OPC à plusieurs catégories de parts ?;Des compartiments de gestion différenciés suivant les catégories d'investisseurs;Des valeurs liquidatives différentes suivant les catégories d'investisseurs;Des catégories de parts cotées en continu sur Euronext;B;B;COMOFI Livre II Chapitre IV RG AMF Livre IV;V4 (fév. 2021);;;manuel/08-gestion-collective-finance-durable.md
2002;8;8.5;C;Quelle est l'institution qui régule les fonds d'épargne salariale ?;La Banque de France;L'AMF;L'ACPR;B;B;voir le site : https://www.amf-france.org/Acteurs-et-produits/Produits-et-SICAV/FIA/Epargne-salariale;V4 (fév. 2021);;;manuel/08-gestion-collective-finance-durable.md
2003;8;8.5;C;Le prospectus d'un OPCVM peut-il prévoir différentes catégories de parts ou d'actions ?;OUI;Uniquement si l'OPCVM est soumis à la directive FIA;NON;A;A;RG AMF Article 411-22;V4 (fév. 2021);;;manuel/08-gestion-collective-finance-durable.md
2004;8;8.5;C;Qu'est-ce qu'un groupement forestier d'investissement?;Une société civile cotée gérant des forêts;Une société civile par actions, non cotée, gérant des forêts;Une société civile en parts sociales gérant des forêts;C;C;Voir le site : https://www.amf-france.org/Acteurs-et-produits/Produits-et-SICAV/FIA/Immobilier-et-forets#title_paragraph_3;V4 (fév. 2021);;;manuel/08-gestion-collective-finance-durable.md
2015;8;8.5;C;Les Fonds d'Investissement Alternatifs (FIA) :;Sont une catégorie d'OPCVM;Ne sont pas des OPCVM;Sont des OPC réservés exclusivement aux professionnels;B;B;OPCVM & fonds d'investissement Présentation - La régulation des placements collectifs, Publication AMF du 11 juillet 2019 (https://www.amf-france.org/Acteurs-et-produits/Produits-et-SICAV/Presentation).;V4 (fév. 2021);;;manuel/08-gestion-collective-finance-durable.md
2020;8;8.5;C;Un Fonds de placement Immobilier est un Organisme de Placement Collectif en immobilier qui doit être investi en immobilier à hauteur minimum :;De 60%;De 45% en immobilier locatif ou de 60% en immobilier tertiaire;De 80% mais avec la possibilité de démembrer la nue-propriété de l 'usufruit;A;A;Article L214-36 du CMF Article L214-37 du CMF;V4 (fév. 2021);;;manuel/08-gestion-collective-finance-durable.md
2026;8;8.5;C;Parmi les Organismes de Placement Collectif (OPC) suivants, lesquels sont investis intégralement en titres d 'un autre OPC, appelé OPC maître ?;Les OPC diversifiés;Les OPC nourriciers;Les OPC à compartiment;B;B;https://www.amf-france.org/En-plus/Lexique/OPCVM-maitre---nourricier;V4 (fév. 2021);;;manuel/08-gestion-collective-finance-durable.md
2028;8;8.5;C;Un Organisme de Placement Collectif (OPC) qui reverse à ses actionnaires ou porteurs de parts les rémunérations qu 'il perçoit des instruments financiers dans lesquels il est investi est appelé un OPC :;De distribution;De capitalisation;De rétribution;A;A;https://www.amf-france.org/En-plus/Lexique/OPC-de-distribution;V4 (fév. 2021);;;manuel/08-gestion-collective-finance-durable.md
2036;8;8.5;C;Parmi les affirmations suivantes laquelle est vraie ?;Investir dans une Société d 'Epargne Forestière peut procurer des avantages fiscaux pour son détenteur mais présente une liquidité réduite car il n 'y a pas d 'obligation de rachat;Une Société d'Epargne Forestière est un organisme de placement collectif investi dans des coopératives ou entreprises spécialisées en sylviculture, le rendement est souvent élevé mais les risques aussi;Des actions ou parts de Sociétés d 'Epargne Forestière ne sont pas des instruments financiers mais des biens divers et sont donc réservés aux clients professionnels;A;A;Article 199 decies H CGI Article L214-93 CMF;V4 (fév. 2021);;;manuel/08-gestion-collective-finance-durable.md
2037;8;8.5;C;Les Fonds d 'Investissement de Proximité (FIP) :;Doivent investir au moins 70% de leur montant dans des PME situées dans une zone géographique définie par la société de gestion;Doivent investir au moins 60% de leur montant dans des entreprises de toutes tailles mais dont le siège est localisé dans une seule région donnée;Doivent investir au moins 50% de leur montant dans des entreprises, des associations ou des fondations à vocation sociale délivrant des services de proximité et d 'aide à la personne;A;A;Article L214-31 CMF Article R214-65 CMF;V4 (fév. 2021);;;manuel/08-gestion-collective-finance-durable.md
2038;8;8.5;C;Les montants investis dans des Fonds Commun de Placement dans l 'Innovation (FCPI) sont-ils bloqués pendant plusieurs années ?;Non pas obligatoirement contrairement aux Fonds d 'Investissement de Proximité mais si l'investisseur les conserve 5 ans il bénéficie d 'une réduction d 'impôt;Oui pendant une durée de 5 ans qui permet de bénéficier d'une réduction d 'impôt;Oui en général pour une durée de 7 à 10 ans plus longue que la durée de blocage de 5 ans nécessaire pour bénéficier d 'une réduction d 'impôt;C;C;Articles R214-53, L214-28 VII CMF Article 163 quinquies B CGI;V4 (fév. 2021);;;manuel/08-gestion-collective-finance-durable.md
2603;8;8.5;C;"Quel est le but du label ""Relance"" ?";Il permet aux épargnants et aux investisseurs d'identifier les OPC (Organismes de Placement Collectif) qui s'engagent à investir dans les fonds propres ou quasi fonds propres des entreprises françaises en particulier PME et ETI (Entreprises de Taille Intermédiaire);Il permet de fournir des crédits à taux très faible à des entreprises durement touchées pendant la crise sanitaire;Il permet aux épargnants le souhaitant de contribuer à la relance de l'économie européenne;A;A;;Récente (n° ≥ 2553);;;manuel/08-gestion-collective-finance-durable.md
2607;8;8.5;C;"Les fonds labellisés ""Relance"" s'adressent plus particulièrement aux investisseurs :";Novices souhaitant investir toute leur épargne pour 3 mois;Souhaitant un investissement sans risque;Prêts à réaliser un placement non garanti pour une partie de leur épargne, et disposant d'un horizon de placement de moyen ou de long terme;C;C;;Récente (n° ≥ 2553);;;manuel/08-gestion-collective-finance-durable.md
2740;8;8.5;C;Un OPCVM maître satisfait à la condition suivante :;Il détient des parts ou actions d'un OPCVM nourricier;Il est lui-même un OPCVM nourricier;Il compte au moins un OPCVM nourricier parmi ses porteurs de parts ou actionnaires;C;C;;Récente (n° ≥ 2553);;;manuel/08-gestion-collective-finance-durable.md
2745;8;8.5;C;Les OPC sont constitués :;D'OPCVM exclusivement;De FIA exclusivement;D'OPCVM et de FIA;C;C;;Récente (n° ≥ 2553);;;manuel/08-gestion-collective-finance-durable.md
2777;8;8.5;C;Les Organismes de Placement Collectif dans l'Immobilier :;Sont une catégorie de FIA;Sont une catégorie d'OPCVM;Sont des fonds non régulés;A;A;;Récente (n° ≥ 2553);;;manuel/08-gestion-collective-finance-durable.md
225;8;8.6;C;Une politique de gestion des Hedge funds;Est de rechercher une performance absolue de rendement à travers différentes stratégies, ayant recours ou non à des produits dérivés ou à l'effet de levier;Est de rechercher une surperformance d'un indice;Est de recourir à des stratégies directionnelles en pariant sur un mouvement général du marché sans recours à des produits dérivés ou à effet de levier;A;A;Gestion alternative : focus sur les principales stratégies des Hedge Funds Boursorama 8 janvier 2019;V4 (fév. 2021);;;manuel/08-gestion-collective-finance-durable.md
1871;8;8.6;C;Le capital investissement :;Prend des participations dans des entreprises cotées;Prend majoritairement des participations dans des entreprises non cotées;Intervient de façon prépondérante dans la gestion de l'entreprise cible;B;B;RG AMF Livre IV COMOFI Livre II Chapitre IV;V4 (fév. 2021);;;manuel/08-gestion-collective-finance-durable.md
1872;8;8.6;C;Un fonds investi uniquement dans des titres d'entreprises spécialisées dans le développement de Sources d'énergie alternatives (à l'exception de tout autre type de stratégie) est : 1. Un fonds à gestion thématique 2. Un fonds à gestion alternative 3. Un fonds à gestion indicielle;1 uniquement;2 et 3;1 et 2;A;A;la gestion de portefeuille Cobbaut, Gillet, Hubner 2015;V4 (fév. 2021);;;manuel/08-gestion-collective-finance-durable.md
1873;8;8.6;C;Qu'est-ce qu'un hedge fund ?;Un fonds spéculatif pratiquant la gestion alternative;Un fonds dont la valeur est calculée quotidiennement;Un fonds investissant dans des actifs à forte liquidité;A;A;ESTRAN Rémy, HARB Etienne et VERYZHENKO Irina, Gestion de portefeuille - Gestion traditionnelle et modèles alternatifs, éditions Dunod, 2017.;V4 (fév. 2021);;;manuel/08-gestion-collective-finance-durable.md
1874;8;8.6;C;La gestion indicielle est une gestion qui consiste :;A détenir des titres financiers pour lesquels le risque de liquidité est inférieur à la moyenne indicielle du marché;A détenir des titres financiers dans une proportion identique à leur pondération dans un indice;A détenir des titres financiers dont la performance indicielle est strictement positive;B;B;http://www.vernimmen.net/html/glossaire/definition_gestion_indicielle_.html;V4 (fév. 2021);;;manuel/08-gestion-collective-finance-durable.md
1875;8;8.6;C;"Le type de fonds qui convient aux clients ayant un profil de risque ""sécurité"" est :";Un fonds monétaire;Un fonds alternatif;Un fonds actions;A;A;ESMA-35-43-1163 - art 74 et suivants;V4 (fév. 2021);;;manuel/08-gestion-collective-finance-durable.md
1876;8;8.6;C;Que désigne la gestion indicielle ?;Une technique de gestion qui vise à obtenir une performance supérieure à un indice;Une technique de gestion qui consiste à obtenir la performance la plus proche possible de celle d'un indice;Une technique de gestion qui se fonde sur les indices proposés par la gestion quantitative;B;B;Bulletin Banque de France N°95 et site AMF : https://www.amf-france.org/Epargne-Info-Service/Comprendre-les-produits-financiers/Placements-collectifs/Trackers-ETF;V4 (fév. 2021);;;manuel/08-gestion-collective-finance-durable.md
1877;8;8.6;C;Qu'est-ce qui définit une gestion alternative ?;Elle vise à faire mieux que son indice de référence;Elle vise à délivrer une performance positive quel que soit l'évolution des marchés;Elle alterne régulièrement gestion passive et gestion active selon l'évolution des marchés;B;B;Quantalys : Introduction à le gestion alternative;V4 (fév. 2021);;;manuel/08-gestion-collective-finance-durable.md
1879;8;8.6;C;Les gestions alternatives :;Sont plus proches de la culture de la gestion de patrimoine que de celle du négoce de titres;Sont caractérisées par une gestion bien moins flexible que celle mise en œuvre dans le cadre des gestions traditionnelles;Correspondent à un ensemble de stratégies de gestion strictement actives dont l'objectif principal est la recherche d'une performance absolue, souvent décorrélée de l'évolution des marchés;C;C;MINI GUIDE DE LA GESTION POUR COMPTE DE TIERS OU CE QUE VOUS AVEZ TOUJOURS VOULU SAVOIR SUR LA GESTION D'ACTIFS (http://www.afg.asso.fr/wp-content/uploads/2005/07/Fichier15_biblio_art.pdf);V4 (fév. 2021);;;manuel/08-gestion-collective-finance-durable.md
1881;8;8.6;C;Parmi les affirmations suivantes relatives aux différents types de gestion, laquelle est exacte ?;"La gestion ""value"" privilégie l'investissement dans des valeurs de croissance";"La gestion ""growth"" privilégie l'investissement dans des valeurs sous-évaluées";La gestion indicielle cherche à reproduire la performance d'un indice;C;C;ESTRAN R., HARB E. et VERYZHENKO I., Gestion de portefeuille - Gestion traditionnelle et modèles alternatifs, éditions Dunod 2017.;V4 (fév. 2021);;;manuel/08-gestion-collective-finance-durable.md
1882;8;8.6;C;Parmi les affirmations suivantes relatives aux styles de gestion d'actions, laquelle est correcte ?;Les gérants adoptent un style dans le but de construire un portefeuille dont la combinaison rendement/risque devrait être inférieure à celles du marché ou de portefeuilles gérés selon d'autres critères;Du côté des styles fondés sur l'analyse de la valeur, le gérant value, s'intéresse aux titres qu'il considère sur-évalués au regard des fondamentaux tels que le bénéfice, la valeur comptable, le chiffre d'affaires;Gérer des portefeuilles d'actions selon un style consiste à sélectionner des valeurs, compte tenu de certains critères préétablis, dont les plus courants sont l'analyse de la valeur, la taille des capitalisations et la persistance des performances;C;C;MINI GUIDE DE LA GESTION POUR COMPTE DE TIERS OU CE QUE VOUS AVEZ TOUJOURS VOULU SAVOIR SUR LA GESTION D'ACTIFS (http://www.afg.asso.fr/wp-content/uploads/2005/07/Fichier15_biblio_art.pdf);V4 (fév. 2021);;;manuel/08-gestion-collective-finance-durable.md
1883;8;8.6;C;La gestion active d'un fonds d'investissement consiste à :;Répliquer la composition d'un indice boursier afin d'obtenir une performance très proche;Choisir chacun des titres composant le portefeuille, dans le but d'obtenir une performance supérieure à celle du marché;Investir dans des sociétés de faible capitalisation boursière;B;B;Site Euronext /centre d'apprentissage/les fonds de placement/la gestion active comparée à la gestion passive;V4 (fév. 2021);;;manuel/08-gestion-collective-finance-durable.md
1884;8;8.6;C;Qu'est-ce qu'une gestion indicielle ?;"Une gestion dite ""passive"" consistant à reproduire la performance de l'indice de référence";"Une gestion dite ""active"" , indice de la performance du gérant";Une gestion basée sur les indications des analystes;A;A;Position AMF n° 2013-06;V4 (fév. 2021);;;manuel/08-gestion-collective-finance-durable.md
1989;8;8.6;C;Comment se définit la gestion diversifiée ?;C'est un mix entre actions, obligations et autres produits financiers;C'est une gestion investie dans des produits non financiers;C'est systématiquement une gestion à compartiments;A;A;RG AMF Livre IV COMOFI Livre II Chapitre IV;V4 (fév. 2021);;;manuel/08-gestion-collective-finance-durable.md
2005;8;8.6;C;A qui s'adresse la gestion alternative ?;Aux investisseurs pouvant placer un maximum de 50K€;Aux investisseurs ayant une bonne connaissance des instruments financiers;Uniquement aux contreparties eligibles;B;B;Voir le site : https://www.lafinancepourtous.com/decryptages/marches-financiers/acteurs-de-la-finance/societes-de-gestion/;V4 (fév. 2021);;;manuel/08-gestion-collective-finance-durable.md
2027;8;8.6;C;Parmi les gestions suivantes, laquelle consiste à investir dans plusieurs fonds gérés par plusieurs sociétés de gestion différentes ?;La multigestion;La gestion alternative;La gestion diversifiée;A;A;https://www.afg.asso.fr/herve-pierre-taze-bernard-eric-la-multigestion-une-methode-de-gestion-dactifs-editions-economica-collection-finance-septembre-2010/;V4 (fév. 2021);;;manuel/08-gestion-collective-finance-durable.md
2030;8;8.6;C;"Une gestion est dite ""passive"" si l 'objectif du gérant consiste :";A répliquer un indice de référence comme le CAC 40 pour les actions ou l 'Euribor 3 mois pour les taux;A sélectionner les actions qui résisteront le mieux aux variations de marchés;A investir en obligations qu 'il détiendra jusqu 'à maturité;A;A;"Vernimmen ""le risque en finance"" , p.408, Edition 2020";V4 (fév. 2021);;;manuel/08-gestion-collective-finance-durable.md
1885;8;8.7;C;"La stratégie d'investissement socialement responsable ""Best-in-Class"" consiste à :";Investir dans des entreprises présentes dans les secteurs d'activité liés au développement durable;Exclure de l'univers d'investissement les entreprises ne répondant pas à des critères socio-environnementaux minimaux;Sélectionner les meilleures entreprises de chaque secteur sans en exclure aucun;C;C;Note AMF Comprendre l'investissement socialement responsable (ISR) du 17 octobre 2018;V4 (fév. 2021);;;manuel/08-gestion-collective-finance-durable.md
1886;8;8.7;C;La gestion dont l'objectif est de systématiquement prendre en compte des critères liés à l'environnement, au social et à la gouvernance est :;"Une gestion ""développement durable""";Une gestion MESR;Une gestion ISR;C;C;http://www.lesclesdelabanque.com/Web/Cles/Content.nsf/DocumentsByIDWeb/86UKSS/$File/Mini-Guide_HS_ISR.pdf;V4 (fév. 2021);;;manuel/08-gestion-collective-finance-durable.md
1887;8;8.7;C;Qu'est-ce que les critères de type ESG en matière d'investissement socialement responsable (ISR) ?;Il s'agit de critères extra-financiers : Environnementaux, Sociaux et de Gouvernance;Il s'agit des critères liés à l'Écologie, aux Services et au Gouvernement;L'acronyme ESG signifie Économie Socialement Gérée;A;A;Site internet de l'AMF : https://www.amf-france.org/Epargne-Info-Service/Comprendre-les-produits-financiers/Placements-collectifs/Finance-durable/Comprendre-investissement-socialement-responsable-ISR;V4 (fév. 2021);;;manuel/08-gestion-collective-finance-durable.md
1888;8;8.7;C;Pour obtenir le label ISR (Investissement Socialement Responsable) pour un fonds d'investissement, une société de gestion doit déposer un dossier spécifique auprès :;De l'AMF;Du dépositaire du fonds d'investissement;D'un organisme de certification accrédité;C;C;"Articles 5 et 6 du Décret n° 2016-10 du 8 janvier 2016 relatif au label ""investissement socialement responsable""";V4 (fév. 2021);;;manuel/08-gestion-collective-finance-durable.md
1889;8;8.7;C;On entend par Investissement Socialement Responsable (ISR) :;La redistribution à des ONG d'une partie des commissions perçues par des sociétés de gestion de portefeuilles;Un processus de sélection d'investissement par des sociétés de gestion de portefeuilles qui investissent dans des entreprises respectueuses en matière d'environnement, de politique sociale et de gouvernance;Un processus des entreprises d'investissement qui définit des contrôles en matière de lutte contre le blanchiment et le financement du terrorisme;B;B;Site internet developpement-durable.gouv.fr - Code de transparence ISR-AFG Mise à jour février 2013;V4 (fév. 2021);;;manuel/08-gestion-collective-finance-durable.md
1892;8;8.7;C;Quelle affirmation est exacte concernant les investissements ISR ?;Ne peut pas concerner les sociétés cotées;Ne peut concerner que les start up;Peut concerner le domaine immobilier;C;C;Voir le site AMF : https://www.amf-france.org/Epargne-Info-Service/Comprendre-les-produits-financiers/Placements-collectifs/Finance-durable/Comprendre-investissement-socialement-responsable-ISR;V4 (fév. 2021);;;manuel/08-gestion-collective-finance-durable.md
1893;8;8.7;C;Le label GreenFin autorise-t-il l'utilisation d'instruments financiers dérivés ?;"Oui, sans limitation car l'utilisation de ce type d'instruments financiers n'est pas de nature à porter atteinte aux objectifs de la ""finance verte""";"Non, en aucun cas car l'utilisation de ce type d'instruments financiers porte intrinsèquement atteinte aux objectifs de la ""finance verte""";Oui mais cette utilisation doit se limiter à des techniques permettant une gestion efficace du portefeuille de titres, et ne doit pas avoir pour effet de dénaturer significativement ou durablement la politique d'investissement du fonds;C;C;Site internet du Ministère de la Transition écologique et solidaire (https://www.ecologique-solidaire.gouv.fr/label-greenfin);V4 (fév. 2021);;;manuel/08-gestion-collective-finance-durable.md
1894;8;8.7;C;Qu'est ce qu'un fonds solidaire ?;Un fonds nourricier qui reverse une partie de ses surperformances aux autres fonds;Un fonds dont une partie est investie dans des projets dits d'utilité sociale;Un fonds issu de la fusion de deux fonds par échange de parts;B;B;La finance pour tous : Les outils de la finance solidaire;V4 (fév. 2021);;;manuel/08-gestion-collective-finance-durable.md
1895;8;8.7;C;"La gestion ""investissement socialement responsable"" (ISR), au-delà de la recherche du rendement, tient compte de l'impact des émetteurs :";Sur un ensemble de critères environnementaux, de société, et de gouvernance d'entreprise;Sur des enjeux climatiques uniquement;Sur des enjeux de société uniquement;A;A;Site ministère de l'Economie et des Finances - Direction générale du Trésor - Label ISR - Mise à jour du référentiel - publié le 11 janvier 2019;V4 (fév. 2021);;;manuel/08-gestion-collective-finance-durable.md
1896;8;8.7;C;"Dans le cadre de la gestion socialement responsable, le gérant d'un fonds ""Best in class"" :";Pourrait conserver dans son portefeuille une entreprise d'un secteur polluant;Sélectionne uniquement les entreprises des secteurs non polluants;N'est pas concerné par le critère pollution;A;A;novethic.fr;V4 (fév. 2021);;;manuel/08-gestion-collective-finance-durable.md
1898;8;8.7;C;Parmi les principales stratégies d'investissement socialement responsables, on retrouve :;"L'approche ""Best in class""";L'approche CORE;"L'approche ""Value Added""";A;A;https://amf-france.org/Epargne-Info-Service/Comprendre-les-produits-financiers/Placements-collectifs/Finance-durable/Comprendre-investissement-socialement-responsable-ISR;V4 (fév. 2021);;;manuel/08-gestion-collective-finance-durable.md
1899;8;8.7;C;"En quoi consiste l'approche ""impact investing"" (investissement à impact en français) parmi les différentes stratégies d'investissement socialement responsable (ISR) ?";Elle consiste à sélectionner les meilleures entreprises de chaque secteur sans en exclure aucun;Elle consiste à lever des capitaux auprès d'un certain nombre d'investisseurs en vue de les investir dans les valeurs du CAC 40;Elle consiste à investir dans des entreprises, souvent dans le non coté, qui cherchent à générer un impact social ou environnemental mesurable;C;C;Site internet de l'AMF : https://www.amf-france.org/Epargne-Info-Service/Comprendre-les-produits-financiers/Placements-collectifs/Finance-durable/Comprendre-investissement-socialement-responsable-ISR;V4 (fév. 2021);;;manuel/08-gestion-collective-finance-durable.md
1901;8;8.7;C;"En quoi consiste l'approche ""Best in class"" parmi les différentes stratégies d'investissement socialement responsable (ISR) ?";Elle consiste à investir dans des entreprises présentes dans les secteurs d'activité liés uniquement aux énergies renouvelables;Elle consiste consistant à sélectionner les meilleures entreprises de chaque secteur sans en exclure aucun;Elle consiste à investir dans des entreprises non cotées qui cherchent à générer un impact social ou environnemental mesurable;B;B;Site internet de l'AMF : https://www.amf-france.org/Epargne-Info-Service/Comprendre-les-produits-financiers/Placements-collectifs/Finance-durable/Comprendre-investissement-socialement-responsable-ISR;V4 (fév. 2021);;;manuel/08-gestion-collective-finance-durable.md
1902;8;8.7;C;Qu'est-ce que le label GREENFIN ?;Il garantit la qualité verte des fonds d'investissement et s'adresse aux acteurs financiers qui agissent au service du bien commun grâce à des pratiques transparentes et durables;Il désigne les fonds qui investissent dans des groupements forestiers;Il désigne des fonds qui investissent dans des entreprises dont l'emprunte carbone est nulle;A;A;https://certification.afnor.org/developpement-durable-rse/label-greenfin;V4 (fév. 2021);;;manuel/08-gestion-collective-finance-durable.md
1903;8;8.7;C;La notation extra-financière est :;Une notation qui se base uniquement sur la performance économique d'une entreprise;Une notation qui ne se base pas uniquement sur les performances économiques d'une entreprise mais sur son respect de l'environnement, des valeurs sociales et de gouvernance;Une notation qui se base uniquement sur la qualité des dirigeants d'une entreprise;B;B;https://www.economie.gouv.fr/facileco/notation-extra-financiere;V4 (fév. 2021);;;manuel/08-gestion-collective-finance-durable.md
1904;8;8.7;C;"L'indice européen ""low carbon 100 europe"" d'Euronext est un indice composé d'actions des 100 entreprises qui :";Emettent le moins de CO2;Utilisent le plus de carbone;Ont une performance économique faible;A;A;live.euronext.com/fr/product/indices/QS0011131735-XAMS/market-information - capital.fr/entreprises-marches/cop21-le-low-carbon-100-un-indice-franchement-dans-le-vert-1088994;V4 (fév. 2021);;;manuel/08-gestion-collective-finance-durable.md
1905;8;8.7;C;Dans le cadre de la gestion socialement responsable, le gérant d'un fonds à stratégie d'engagement actionnarial :;A une participation active aux assemblées générales (AG) afin d'améliorer les pratiques de l'entreprise;Choisit les entreprises qui ont un actionnariat engagé dans l'investissement responsable (ISR);Exclut les sociétés endettées;A;A;novethic.fr;V4 (fév. 2021);;;manuel/08-gestion-collective-finance-durable.md
1906;8;8.7;C;Parmi les affirmations suivantes relatives au label Finansol, laquelle est correcte ?;Ce label a été créé en 2008;Il est attribué par le Ministère du Travail;Il a été créé pour distinguer les produits d'épargne solidaire des autres produits d'épargne auprès du grand public;C;C;Site internet de Finansol (https://www.finansol.org/pourquoi-un-label/);V4 (fév. 2021);;;manuel/08-gestion-collective-finance-durable.md
1908;8;8.7;C;Le label Greenfin est un label :;Attribué par Greenpeace aux fonds d'investissement les plus vertueux dans le secteur de la finance verte;Attribué par l'AFG (Association française de Gestion Financière) aux fonds qui investissent dans le secteur de la finance verte sans avoir renoncé à celui des énergies fossiles;Gouvernemental qui exclut les fonds qui continuent à investir dans des entreprises opérant dans le secteur nucléaire et les énergies fossiles;C;C;Site Ministère de la Transition écologique et solidaire - Le label GreenFin - Publié le 11 juillet 2019;V4 (fév. 2021);;;manuel/08-gestion-collective-finance-durable.md
1909;8;8.7;C;La finance verte a pour objectif :;De surperformer le CAC 40;D'assurer une gestion indicielle adossée aux principaux indices ISR;De favoriser l'accélération de la transition énergétique et la lutte contre le réchauffement climatique;C;C;https://amf-france.org/Epargne-Info-Service/Comprendre-les-produits-financiers/Placements-collectifs/Finance-durable/Comprendre-investissement-socialement-responsable-ISR;V4 (fév. 2021);;;manuel/08-gestion-collective-finance-durable.md
1910;8;8.7;C;Qu'est-ce qu'un indice boursier éthique ?;Un indice qui respecte toutes les notions de transparence pré et post négociation;Un indice qui prend en compte les valeurs morales des dirigeants;Un indice qui prend en compte les considérations environnementales, sociales et sociétales des entreprises;C;C;la financepour tous : la notation extra financière;V4 (fév. 2021);;;manuel/08-gestion-collective-finance-durable.md
1911;8;8.7;C;Quelle affirmation est exacte concernant un placement ISR ?;Est un placement qui ne peut être soumis aux aléas du marché;Est un placement à taux indexé;Elle est un placement soumis aux aléas du marché;C;C;Voir le site de l'INC : https://www.inc-conso.fr/content/banque/la-finance-durable-quest-ce-que-cest-avec-lamf;V4 (fév. 2021);;;manuel/08-gestion-collective-finance-durable.md
1914;8;8.7;C;Le label Finansol distingue :;Les produits qui respectent les critères de solidarité, de transparence et d'information;Les fonds qui investissent dans des entreprises aux pratiques responsables en matière environnementale;Les fonds opérant dans le secteur nucléaire;A;A;Note sur https://www.finansol.org/;V4 (fév. 2021);;;manuel/08-gestion-collective-finance-durable.md
1915;8;8.7;C;Parmi les affirmations suivantes relatives à l'épargne solidaire, laquelle est correcte ?;Pour les placements dits de partage : au moins 10% des revenus qui en sont retirés doivent être reversés sous forme de dons à une association engagée dans une action humanitaire, sociale ou environnementale, choisie par l'investisseur;Le capital investi est toujours garanti;Ce type d'épargne investit dans des activités de lutte contre l'exclusion, de cohésion sociale ou de développement durable;C;C;"Site internet de l'AMF, Fiche pratique ""INVESTIR DANS DES PRODUITS D'EPARGNE SOLIDAIRE"" (https://www.amf-france.org/Epargne-Info-Service/Comprendre-les-produits-financiers/Placements-collectifs/Finance-durable?xtcr=2&isSearch=true&lastSearchPage=https%3A%";V4 (fév. 2021);;;manuel/08-gestion-collective-finance-durable.md
1917;8;8.7;C;Pour démontrer sa qualité d'investissement vert, un fonds d'investissement peut obtenir :;Le label bio de l'Union européenne;La médaille du concours agricole;Le label GreenFin du ministère de l'écologie;C;C;ecologique-solidaire.gouv.fr/label-greenfin;V4 (fév. 2021);;;manuel/08-gestion-collective-finance-durable.md
1918;8;8.7;C;Quel est le principal objectif du label ISR (Investissement Socialement Responsable) ?;Permettre aux épargnants de choisir des placements financiers responsables et durables;Lister les produits financiers solidaires;Promouvoir les organismes philanthropiques;A;A;Décret N°2016-10 du 08/01/2016 Arrêté du 08/01/2016 et ses 2 annexes;V4 (fév. 2021);;;manuel/08-gestion-collective-finance-durable.md
1920;8;8.7;C;Dans le cadre de la gestion ISR, l'approche Best-in-Universe consiste à sélectionner selon les critères ESG :;Les entreprises les mieux notées au sein de chaque secteur d'activité composant l'indice de référence;Les entreprises les mieux notées, indépendamment de leur secteur d'activité, les secteurs les plus vertueux étant sur-représentés;Les entreprises démontrant qu'elles ont fait des efforts au regard des critères ESG;B;B;Site Novethic - Lexique;V4 (fév. 2021);;;manuel/08-gestion-collective-finance-durable.md
1921;8;8.7;C;Dans le cadre d'une gestion ISR, les fonds thématiques :;Investissent dans des entreprises ou des secteurs liés au développement durable telles que les énergies renouvelables, l'eau, la santé, ou plus généralement le changement climatique;Excluent certains secteurs jugés risqués en matière environnementale ou sociale (OGM, nucléaire, armement, jeu, tabac…);Sélectionnent les entreprises aux meilleures pratiques en matière de développement durable;A;A;https://www.lafinancepourtous.com/wp-content/uploads/2012/02/depliant-isr-web-2018.pdf;V4 (fév. 2021);;;manuel/08-gestion-collective-finance-durable.md
1922;8;8.7;C;Quand un fonds investit dans des obligations vertes européennes, qu'est-ce que cela signifie ?;Il investit dans des obligations émises par les banques mutualistes;Il investit dans des obligations qui servent à financer des projets compatibles avec les objectifs du règlement Taxonomie (et ses objectifs environnementaux);Il investit dans des obligations dont les émetteurs garantissent l'utilisation de zéro papier pour leur émission;B;B;economie.gouv.fr : Facil'éco : la finance verte;V4 (fév. 2021), formulation BTS Banque 2026 (EF2);;;manuel/08-gestion-collective-finance-durable.md
1923;8;8.7;C;Un OPCVM peut obtenir le label GreenFin si son portefeuille est investi :;"Dans des entreprises entrant dans le champ de la transition énergétique et écologique et de la lutte contre le changement climatique ( ""éco-activités"" )";Dans des entreprises du secteur nucléaire;Dans des entreprises du secteur des énergies fossiles;A;A;ecologique-solidaire.gouv.fr/label-greenfin;V4 (fév. 2021);;;manuel/08-gestion-collective-finance-durable.md
1924;8;8.7;C;Certaines grandes entreprises doivent faire une déclaration de performance extra-financière (DPEF), de quoi s'agit-il ?;Il s'agit d'une déclaration qui comprend notamment des informations relatives aux conséquences sur le changement climatique de l'activité de la société, à ses engagements sociétaux en faveur du développement durable ainsi que sur les conditions de travail des salariés et aux actions visant à lutter contre les discriminations et promouvoir les diversités;Il s'agit d'une déclaration qui comprend notamment des informations relatives aux surperformances de l'entreprise sur les marchés et à la note qui lui a été attribuée par les différentes agences de notation;Il s'agit d'une déclaration qui comprend notamment des informations relatives aux engagements de l'entreprise dans des domaines variés tels que le mécénat, le sport, l'aide aux pays en voie de développement, etc;A;A;Ordonnance n° 2017-1180 du 19 juillet 2017 relative à la publication d'informations non financières par certaines grandes entreprises et certains groupes d'entreprises.;V4 (fév. 2021);ctx;"La DPEF a été remplacée par le « rapport de durabilité » de la directive CSRD (ordonnance de décembre 2023, premiers rapports en 2025 pour les plus grandes entreprises ; le paquet Omnibus de 2025 a reporté et réduit le champ). La définition donnée par la base reste valable.";manuel/08-gestion-collective-finance-durable.md
1926;8;8.7;C;Le label GreenFin;A été créé par la Commission des Nations Unies pour le développement durable (CDD);N'exclut pas les fonds qui investissent dans des entreprises opérant dans le secteur nucléaire et les énergies fossiles;A pour objectif de mobiliser une partie de l'épargne au bénéfice de la transition énergétique et écologique;C;C;Site internet du Ministère de la Transition écologique et solidaire (https://www.ecologique-solidaire.gouv.fr/label-greenfin);V4 (fév. 2021);;;manuel/08-gestion-collective-finance-durable.md
1927;8;8.7;C;Que peut intégrer la notation extra financière ?;Elle peut intégrer une notation des dirigeants;Elle peut intégrer l'étude de la qualité de codes de conduite;Elle peut intégrer l'étude du contrôle-qualité des produits fabriqués;B;B;Voir le site : https://www.lafinancepourtous.com/decryptages/marches-financiers/acteurs-de-la-finance/agences-de-notation/notation-extra-financiere/;V4 (fév. 2021);;;manuel/08-gestion-collective-finance-durable.md
1928;8;8.7;C;Le Label Investissement Socialement Responsable est attribué :;Aux fonds investissant respectant les critères de solidarité, de transparence et d'information;Aux fonds investissant dans l'économie verte et excluant les entreprises opérant dans le secteur nucléaire et les énergies fossiles;Aux fonds investissant dans des entreprises aux pratiques responsables en matière environnementale, sociale et de gouvernance;C;C;Note AMF Comprendre l'investissement socialement responsable (ISR) du 17 octobre 2018;V4 (fév. 2021);;;manuel/08-gestion-collective-finance-durable.md
1929;8;8.7;C;Parmi les émissions obligataires de l'Etat français, il existe :;Des OAT rouges;Des OAT vertes;Des OAT solidaires;B;B;aft.gouv.fr/fr/oat-verte;V4 (fév. 2021);;;manuel/08-gestion-collective-finance-durable.md
1930;8;8.7;C;Qu'est-ce que l'agrément ESUS en matière de finance solidaire ?;"Il signifie ""Entreprise Solidaire d'Utilité Sociale"" , seules les entreprises de l'économie sociale et solidaire sont éligibles, à condition de remplir certains critères";"Il signifie ""Entrepreneurs Sociaux Unis et Solidaires"" , il permet à de petits entrepreneurs de se réunir et de bénéficier des avantages, à condition de remplir certains critères";"Il signifie ""Entreprise au Statut d'Union Sociale"" , il favorise l'entrée sur les marchés financiers d'entreprises de l'économie sociale et solidaire";A;A;Site internet du ministère de l'Économie, des Finances, de l'Action et des Comptes publics: https://www.economie.gouv.fr/entreprises/agrement-entreprise-solidaire-utilite-sociale-ess;V4 (fév. 2021);;;manuel/08-gestion-collective-finance-durable.md
1932;8;8.7;C;Un FCP ISR (Investissement Socialement Responsable) :;Doit obligatoirement faire appel à des agences d'évaluation externes spécifiques;Doit obligatoirement préciser dans un document les critères de sélection utilisés dans l'analyse des considérations sociales environnementales et éthiques;Doit obligatoirement respecter les conditions A) et B);B;B;Site internet AFG Code de transparence AFG FIR Eurosif mis à jour février 2013;V4 (fév. 2021);;;manuel/08-gestion-collective-finance-durable.md
1933;8;8.7;C;Parmi les fonds solidaires, les fonds de partage prévoient :;Qu'à la date de dissolution du fonds, la moitié des sommes sera rétrocédée à une association;Que l'intégralité des revenus perçus par les porteurs de parts sera rétrocédée sous forme de dons à des associations;Qu'au minimum 25% des revenus perçus par les porteurs de parts seront rétrocédés sous forme de dons à des associations;C;C;Site AMF - Espace épargnants - Investir dans l'épargne solidaire - publié le 17 octobre 2018;V4 (fév. 2021);;;manuel/08-gestion-collective-finance-durable.md
1934;8;8.7;C;Laquelle de ces agences est une agence de notation extra-financière habilitée en France à délivrer le label ISR aux fonds d'investissement?;Afnor Certification;Standard & Poor's;Moody's;A;A;Site Label ISR - Qui sommes nous ?;V4 (fév. 2021);;;manuel/08-gestion-collective-finance-durable.md
1935;8;8.7;C;Qu'est-ce que la notation extra financière ?;Une évaluation d'entreprise intégrant des aspects environnementaux, sociaux et de gouvernement d'entreprise;Une évaluation d'entreprise intégrant une analyse très détaillée de tous les comptes hors bilan;Une évaluation d'entreprise intégrant des analyses détaillées des compétences des dirigeants;A;A;La finance pour tous : Notation extra-financière;V4 (fév. 2021);;;manuel/08-gestion-collective-finance-durable.md
1936;8;8.7;C;"Lorsqu'un épargnant investit dans une entreprise ayant obtenu l'agrément ""ESUS"" (entreprise solidaire d'utilité sociale), :";Il contribue au développement du territoire rural;Il bénéficie d'une fiscalité avantageuse avec des réductions d'impôts;Il participe à la réduction de la fracture numérique;B;B;CGI art199 - terdecies-0 A / loi Pacte de 2019 art 105 / economie.gouv.fr/entreprises/agrement-entreprise-solidaire-utilite-sociale-ess;V4 (fév. 2021);;;manuel/08-gestion-collective-finance-durable.md
1937;8;8.7;C;Quelles entreprises sont soumises à l'obligation d'intégrer une déclaration de performance extra-financière à leur rapport de gestion ?;Cela concerne les sociétés dont les titres sont admis aux négociations sur un marché réglementé ainsi que les sociétés non cotées qui dépassent certains seuils fixés par décret;Cela concerne uniquement des entreprises non cotées de moins de 500 salariés;Cela concerne uniquement les entreprises dont les titres sont admis aux négociations sur un marché réglementé;A;A;Ordonnance n° 2017-1180 du 19 juillet 2017 relative à la publication d'informations non financières par certaines grandes entreprises et certains groupes d'entreprises / Décret n° 2017-1265 du 9 août 2017 / C. com., art. R 225-104.;V4 (fév. 2021);ctx;"La DPEF a été remplacée par le « rapport de durabilité » de la directive CSRD (ordonnance de décembre 2023, premiers rapports en 2025 pour les plus grandes entreprises ; le paquet Omnibus de 2025 a reporté et réduit le champ). La définition donnée par la base reste valable.";manuel/08-gestion-collective-finance-durable.md
1951;8;8.7;C;Parmi ces investissements, lequel n'est pas considéré comme de la finance durable ?;La finance solidaire;La finance verte;Les œuvres d'art;C;C;Définition;V4 (fév. 2021);;;manuel/08-gestion-collective-finance-durable.md
1953;8;8.7;C;"Qui qualifie une émission obligataire, d'obligations vertes ( ""green bonds"" ) ?";L'émetteur;Le régulateur;Le lieu de cotation;A;A;Position paper avril 2019 Autorité des Marchés Financiers;V4 (fév. 2021);;;manuel/08-gestion-collective-finance-durable.md
1990;8;8.7;C;Pour un OPC, quelle forme peut prendre une stratégie d'investissement socialement responsable (ISR) ?;La prise de participations dans des sociétés innovantes;L'exclusion de secteurs comme l'armement;L'investissement dans des fonds d'épargne salariale;B;B;Décret N°2016-10 du 08/01/2016 Arrêté du 08/01/2016 et ses 2 annexes;V4 (fév. 2021);;;manuel/08-gestion-collective-finance-durable.md
1991;8;8.7;C;Quelle est la démarche d'un gérant d'OPC pratiquant un engagement actionnarial ?;L'exercice actif des droits de vote en assemblées générales;"L'investissement dans des ""obligations vertes""";L'exclusion des entreprises d'armement;A;A;RG AMF - Livre III Titre1 er ter;V4 (fév. 2021);;;manuel/08-gestion-collective-finance-durable.md
1992;8;8.7;C;L'investissement socialement responsable :;Intègre des critères extra financiers;Suit obligatoirement la loi islamique;N'exige aucune démarche éthique des entreprises;A;A;Décret N°2016-10 du 08/01/2016 Arrêté du 08/01/2016 et ses 2 annexes;V4 (fév. 2021);;;manuel/08-gestion-collective-finance-durable.md
1993;8;8.7;C;Les fonds thématiques sont :;Réservés aux investisseurs institutionnels;Réservés aux investisseurs particuliers;Ouverts aux investisseurs institutionnels et aux investisseurs particuliers;C;C;Note AMF Comprendre l'investissement socialement responsable (ISR) du 17 octobre 2018;V4 (fév. 2021);;;manuel/08-gestion-collective-finance-durable.md
1995;8;8.7;C;Les entreprises proposant un PERCO à leurs collaborateurs ont l'obligation de créer un FCPE (Fonds commun de placement d'entreprise) :;Labellisé par le forum de l'investissement responsable;S'engageant à un dialogue avec les entreprises dans lesquelles il investit pour la mise en œuvre d'une politique durable;Solidaire, investi pour au plus 10 % dans des entreprises non cotées à forte utilité sociale et sans but lucratif;C;C;Ordonnance 23 mars 2006 Loi PACTE;V4 (fév. 2021);ctx;Le PERCO n'est plus ouvert depuis le 1er octobre 2020 : il est remplacé par le PER collectif (PERECO, loi PACTE). Le principe (sommes disponibles à la retraite, sauf cas de déblocage anticipé) demeure.;manuel/08-gestion-collective-finance-durable.md
1997;8;8.7;C;Les données environnementales, sociales et sociétales d'une société française sont-elles vérifiées par :;Un commissaire aux comptes;L'AMF;Un organisme tiers indépendant;C;C;Décret N°2016-10 du 08/01/2016 Arrêté du 08/01/2016 et ses 2 annexes;V4 (fév. 2021);;;manuel/08-gestion-collective-finance-durable.md
1998;8;8.7;C;L'engagement actionnarial;Désigne le fait, pour un investisseur, de prendre position sur des enjeux ESG (Environnement, Social, Gouvernance) et d'influencer les entreprises visées afin qu'elles améliorent leurs pratiques dans la durée;Désigne le fait pour une entreprise d'agir par tout moyen et de manière raisonnable pour informer de manière transparente ses actionnaires;Consiste à suivre pas à pas l'évolution des pratiques de gouvernance au sein de l'entreprise;A;A;Novethic lexique;V4 (fév. 2021);;;manuel/08-gestion-collective-finance-durable.md
2006;8;8.7;C;Que signifie le sigle ESG ?;Il définit les critères Environnementaux, Sociaux et de Gouvernance pour les ISR;Il définit les critères Environnementaux Sélectifs Généraux pour les FIA;Il définit les critères des Etablissements Spécialisés dans la Gestion des ISR;A;A;Voir le site : https://www.novethic.fr/lexique/detail/isr.html;V4 (fév. 2021);;;manuel/08-gestion-collective-finance-durable.md
2007;8;8.7;C;Les critères de notation extra financières concernent-ils tout type d'entreprises ?;NON seules les entreprises de développement durable sont concernées;OUI puisque ces critères comportent notamment des éléments de gouvernance et de RH;OUI puisque ces critères comportent notamment des éléments de mesure des performances du personnel;B;B;Voir le site : https://www.lafinancepourtous.com/decryptages/marches-financiers/acteurs-de-la-finance/agences-de-notation/notation-extra-financiere/;V4 (fév. 2021);;;manuel/08-gestion-collective-finance-durable.md
2008;8;8.7;C;Qu'est-ce que le label Finansol ?;Il définit les entreprises agricoles les plus innovantes;Il vise à distinguer les produits d'épargne solidaire les plus performants;Il vise à distinguer les produits d'épargne solidaire des autres produits d'épargne;C;C;Voir le site : https://www.finansol.org/pourquoi-un-label/;V4 (fév. 2021);;;manuel/08-gestion-collective-finance-durable.md
2010;8;8.7;C;Le label Greenfin garantit aux investisseurs que :;Les produits financiers labélisés contribuent effectivement au financement de la transition énergétique et écologique;Les produits financiers labélisés ont reçu le feu vert pour commercialisation dans la zone euro;Les produits financiers labélisés sont investis uniquement en parts de domaines forestiers;A;A;https://www.ecologique-solidaire.gouv.fr/label-greenfin;V4 (fév. 2021);;;manuel/08-gestion-collective-finance-durable.md
2011;8;8.7;C;Le label Greenfin peut être attribué :;Uniquement aux fonds investis en actions;Uniquement aux fonds français;A une large palette de fonds français et originaires de pays tiers;C;C;https://www.ecologique-solidaire.gouv.fr/label-greenfin;V4 (fév. 2021);;;manuel/08-gestion-collective-finance-durable.md
2012;8;8.7;C;Le label finansol permet de diriger l'épargne vers :;Les projets solidaires notamment liés à l'accès à l'emploi et au logement;Le secteur de la musique en particulier les musiques urbaines;Le secteur des énergies solaires en France;A;A;https://www.finansol.org/pourquoi-un-label/;V4 (fév. 2021);;;manuel/08-gestion-collective-finance-durable.md
2016;8;8.7;C;Quel est l'objectif du plan d'action européen pour la finance durable ?;Créer des benchmarks bioclimatiques;Financer les émetteurs européens d'obligations vertes;Donner un nouveau cadre financier à l'Europe pour une économie plus verte;C;C;Plan d'action pour la finance durable de la Commission Européenne 8/03/2018 https://ec.europa.eu/ RÈGLEMENT DU PARLEMENT EUROPÉEN ET DU CONSEIL sur l'établissement d'un cadre pour favoriser les investissements durables, page 1 https://ec.europa.eu/transparency/regdoc/rep/1/2018/FR/COM-2018-353-F1-FR-MAIN-PART-1.PDF;V4 (fév. 2021);;;manuel/08-gestion-collective-finance-durable.md
2021;8;8.7;C;Une obligation verte se distingue d 'une obligation classique :;Par l 'utilisation des fonds levés par l 'émetteur au bénéfice de projets d 'investissement favorables à la transition énergétique et écologique;Par l 'identité des émetteurs qui sont des entreprises, organisations ou associations dont l 'objet principal est d 'agir en faveur de la transition énergétique et écologique;Par le fait qu 'elles sont émises par un organisme de titrisation dans le cadre d 'un refinancement de crédit réalisés aux particuliers pour des travaux de rénovation énergétique;A;A;Le décret du 10 décembre 2015 L'arrêté du 10 mars 2016 L'arrêté du 4 octobre 2018 L'arrêté du 5 octobre 2017 Le référentiel du label transition énergétique et écologique pour le climat - Avril 2019;V4 (fév. 2021);;;manuel/08-gestion-collective-finance-durable.md
2022;8;8.7;C;Parmi les labels suivants, lequel vise à distinguer les produits d 'épargne solidaire qui contribuent au financement d 'activités génératrices d 'utilité sociale et/ou environnementale par le biais de critères de solidarité et de transparence ?;Label Finansol;Label Greenfin;Label CIES;A;A;Le décret du 10 décembre 2015 L'arrêté du 10 mars 2016 L'arrêté du 4 octobre 2018 L'arrêté du 5 octobre 2017 Le référentiel du label transition énergétique et écologique pour le climat - Avril 2019;V4 (fév. 2021);;;manuel/08-gestion-collective-finance-durable.md
2023;8;8.7;C;Parmi les labels suivants, lequel est un label créé par le ministère de la Transition écologique qui garantit l 'orientation des investissements vers le financement de la Transition énergétique et écologique ?;Label Finansol;Label Greenfin;Label ISR;B;B;Le décret du 10 décembre 2015 L'arrêté du 10 mars 2016 L'arrêté du 4 octobre 2018 L'arrêté du 5 octobre 2017 Le référentiel du label transition énergétique et écologique pour le climat - Avril 2019;V4 (fév. 2021);;;manuel/08-gestion-collective-finance-durable.md
2024;8;8.7;C;Parmi les labels suivants, lequel est un label soutenu par le Ministère des Finances et qui garantit le respect par les fonds accessibles aux clients non-professionnels du respect de critères ESG ?;Label Finansol;Label Greenfin;Label ISR;C;C;Le décret du 10 décembre 2015 L'arrêté du 10 mars 2016 L'arrêté du 4 octobre 2018 L'arrêté du 5 octobre 2017 Le référentiel du label transition énergétique et écologique pour le climat - Avril 2019;V4 (fév. 2021);;;manuel/08-gestion-collective-finance-durable.md
2032;8;8.7;C;Dans le cadre de l 'investissement socialement responsable, quel fonds parmi les suivants correspond à un fonds d 'exclusion ?;Un fonds qui sélectionne les entreprises aux meilleures pratiques en matière de développement durable;Un fonds qui n 'investit pas dans certains secteurs jugés risqués en matière environnementale ou sociale (OGM, nucléaire, armement, jeu, tabac…);Un fonds qui investit dans des secteurs liés au développement durable tels que les énergies renouvelables, l 'eau, la santé, ou plus généralement le changement climatique;B;B;https://www.economie.gouv.fr/facileco/linvestissement-socialement-responsable;V4 (fév. 2021);;;manuel/08-gestion-collective-finance-durable.md
2446;8;8.7;C;Les bénéfices générés par une entreprise sociale et solidaire sont principalement consacrés :;Aux actionnaires;Aux salariés;Au développement de l'activité de l'entreprise;C;C;LOI n° 2014-856 du 31 juillet 2014 relative à l'économie sociale et solidaire;V4 (fév. 2021);;;manuel/08-gestion-collective-finance-durable.md
2447;8;8.7;C;Pour conserver son label ISR (Investissement Socialement Responsable), un fonds doit :;Obtenir un agrément du Comité du Label ISR;Apporter des éléments de preuves sur la qualité durable de ses investissements;Avoir obtenu ce label dans 2 agences de notation;B;B;Référentiel du label ISR du 23 juillet 2020;V4 (fév. 2021);;;manuel/08-gestion-collective-finance-durable.md
2448;8;8.7;C;La notation déclarative appartient à la famille des notations extra-financières. Elle est :;Effectuée par l'entreprise notée;Effectuée par une agence de notation sans accord de l'entreprise;Effectuée par une agence de notation sur demande de l'entreprise;B;B;https://www.novethic.fr/lexique/detail/notation-declarative.html;V4 (fév. 2021);;;manuel/08-gestion-collective-finance-durable.md
2449;8;8.7;C;Les SGP appliquant une politique d'investissement ISR doivent entre autres:;Développer un service de recherche environnementale;Publier exclusivement les Performances Financières de ces investissements;Organiser un contrôle et suivi des risques appropriés;C;C;Site AMF Contrôles SPOT les principaux enseignements/ la réglementation applicable https://www.amf-france.org/sites/default/files/resource/20190712_synthese_spot_ISR_VF%20pdf.pdf;V4 (fév. 2021);;;manuel/08-gestion-collective-finance-durable.md
2450;8;8.7;C;Dans lequel de ces trois piliers du développement durable, la santé peut-elle être classée ?;Environnemental;Social;Economique;B;B;Site La finance pour tous https://www.lafinancepourtous.com/pratique/placements/finance-durable/finance-durable-comment-donner-du-sens-son-epargne/;V4 (fév. 2021);;;manuel/08-gestion-collective-finance-durable.md
2451;8;8.7;C;Qu'est-ce qu'un Green Bond ?;Green Bond est la dénomination des Emprunts d'Etat émis par la République d'Irlande, de même qu'Orange Bonds qualifie les Gilts néerlandais;Une obligation pour laquelle les fonds levés sont exclusivement orientés vers des projets environnementaux;Une obligation émise par un émetteur bénéficiant du meilleur niveau de note ESG sur ses critères environnementaux;B;B;Site la finance pour tous https://www.lafinancepourtous.com/decryptages/finance-et-societe/finance-durable/obligations-vertes/ Site Novethic https://www.novethic.fr/lexique/detail/green-bond.html;V4 (fév. 2021);;;manuel/08-gestion-collective-finance-durable.md
2452;8;8.7;C;Quelle est la bonne définition du greenwashing ?;Une publicité mensongère utilisant de faux arguments écologiques;Une méthode de blanchiment d'argent portant uniquement sur des investissements environnementaux;Le dénigrement par des entreprises, de pratiques environnementales et sociales;A;A;Site Novethic https://www.novethic.fr/lexique/detail/greenwashing.html;V4 (fév. 2021);;;manuel/08-gestion-collective-finance-durable.md
2453;8;8.7;C;"Qu'est-ce que l'approche ""best-in-class"" ?";Une approche thématique, sélectionnant par secteur, les sociétés qui mettent le mieux en œuvre des pratiques de développement durable;Une sélection par secteur des trois leaders mondiaux;Une approche thématique focalisée sur les valeurs liées à l'éducation et à la culture;A;A;Site de Novethic https://www.novethic.fr/lexique/detail/best-in-class.html;V4 (fév. 2021);;;manuel/08-gestion-collective-finance-durable.md
2454;8;8.7;C;Qu'est-ce que l'approche Best Effort ?;On retient les groupes industriels ayant mis en place une politique active de réduction de la pénibilité pour leurs salariés;On agit de manière activiste auprès des émetteurs retenus pour qu'ils intègrent de manière stricte une politique RSE;On retient les émetteurs ayant montré les meilleurs dynamiques de progrès sur la base de critères RSE;C;C;Site de Novethic https://www.novethic.fr/lexique/detail/best-in-class.html;V4 (fév. 2021);;;manuel/08-gestion-collective-finance-durable.md
2455;8;8.7;C;Pour un gérant d'OPC, laquelle de ces 3 démarches se définit comme un investissement dans la finance solidaire ?;Investir dans des émetteurs non cotés;Investir dans une société d'épargne forestière;Investir dans des ateliers protégés faisant travailler des personnes en situation de handicap;C;C;Art L 3332-17-1 du code du travail;V4 (fév. 2021);;;manuel/08-gestion-collective-finance-durable.md
2456;8;8.7;C;Qu'est-ce que la RSE ?;Le volet social du Plan de Continuité d'Activité d'une entreprise, qui vise à protéger les salariés en cas de crise sanitaire ou environnementale;La traduction managériale dans les entreprises des objectifs de développement durable, en intégrant des enjeux extra-financiers à la stratégie économique;La Réglementation Sociale Européenne;B;B;Site Novethic https://www.novethic.fr/entreprises-responsables/quest-ce-que-la-rse.html Site la Finance pour tous https://www.lafinancepourtous.com/outils/dictionnaire/rse-responsabilite-societale-ou-sociale-des-entreprises/;V4 (fév. 2021);;;manuel/08-gestion-collective-finance-durable.md
2457;8;8.7;C;"Parmi les affirmations suivantes, laquelle décrit le mieux la stratégie d'investissement en matière d'ISR dite ""best in class"" ?";Avec cette stratégie, le gérant du fonds surpondère les émetteurs qui ont les meilleures pratiques en matière de développement durable et ont la meilleure notation ESG tout en conservant une allocation sectorielle ou géographique en ligne avec leur benchmark;Avec cette stratégie, les émetteurs ou secteurs qui ont une part significative de leur activité liée à des pratiques jugées néfastes pour l'environnement ou la société sont exclus de l'univers d'investissement;Cette stratégie privilégie les émetteurs les mieux notés au niveau ESG, indépendamment de leur secteur d'activité;A;A;position-recommandation de l'AMF n°2020-03 sur les informations à fournir pour les placements collectifs intégrant les approches extra-financières.;V4 (fév. 2021);;;manuel/08-gestion-collective-finance-durable.md
2458;8;8.7;C;Parmi les affirmations suivantes, laquelle décrit le mieux la stratégie d'investissement en matière d'ISR, dite d'exclusion ?;Avec cette stratégie, les émetteurs ou secteurs qui ont une part significative de leur activité liée à des pratiques jugées néfastes pour l'environnement ou la société sont exclus de l'univers d'investissement;Avec cette stratégie, le gérant du fond surpondère les émetteurs qui ont les meilleures pratiques en matière de développement durable et ont la meilleure notation ESG tout en conservant une allocation sectorielle ou géographique en ligne avec leur benchmark;Cette stratégie privilégie les émetteurs les mieux notés au niveau ESG, indépendamment de leur secteur d'activité;A;A;position-recommandation de l'AMF n°2020-03 sur les informations à fournir pour les placements collectifs intégrant les approches extra-financières.;V4 (fév. 2021);;;manuel/08-gestion-collective-finance-durable.md
2459;8;8.7;C;Parmi les affirmations suivantes, laquelle explique le mieux la différence entre l'ESG et l'ISR ?;L'ISR est une typologie d'investissement et l'ESG fait référence à certains critères permettant de réaliser ces investissements particuliers;L'ESG est une typologie d'investissement et l'ISR fait référence à certains critères permettant de réaliser ces investissements particuliers;L'ESG se focalise sur les investissements respectant des critères de gouvernance tandis que l'ISR se focalise sur la transition énergétique et écologique;A;A;https://www.amf-france.org/fr/actualites-publications/communiques/communiques-de-lamf/finance-durable-et-gestion-collective-lamf-publie-une-premiere-doctrine-en-matiere-dinformation-des;V4 (fév. 2021);;;manuel/08-gestion-collective-finance-durable.md
2460;8;8.7;C;Parmi les affirmations suivantes, laquelle explique le mieux la typologie de l'ISR ?;L'ISR rajoute aux critères d'analyse financière traditionnelle des critères extra-financiers;L'ISR remplace les critères d'analyse financière traditionnelle par des critères extra-financiers (ESG);L'ISR remplace les critères d'analyse financière traditionnelle par des critères liés à la transition écologique et énergétique;A;A;https://www.amf-france.org/fr/espace-epargnants/comprendre-les-produits-financiers/finance-durable/comprendre-linvestissement-socialement-responsable-isr;V4 (fév. 2021);;;manuel/08-gestion-collective-finance-durable.md
2461;8;8.7;C;Parmi les affirmations suivantes, laquelle est vraie ?;L'indépendance du label ISR est garantie car il est accordé par des organismes certificateurs indépendants;La qualité du label ISR est garantie car il est accordé par des autorités publiques;La qualité du label ISR est garantie car c'est un label défini au niveau international par le GIEC;A;A;Le décret du 10 décembre 2015 L'arrêté du 10 mars 2016 L'arrêté du 4 octobre 2018 L'arrêté du 5 octobre 2017 Le référentiel du label transition énergétique et écologique pour le climat - Avril 2019;V4 (fév. 2021);;;manuel/08-gestion-collective-finance-durable.md
2462;8;8.7;C;Qu'est ce que la responsabilité sociétale des entreprises (RSE) ?;L'exclusion de l'univers d'investissement des entreprises ne répondant pas à des critères socio-environnementaux minimaux;L'intégration volontaire par les entreprises de préoccupations sociales et environnementales à leurs activités commerciales;L'investissement d'une part substantielle de son chiffre d'affaires dans des associations caritatives;B;B;https://www.economie.gouv.fr/entreprises/responsabilite-societale-entreprises-rse;V4 (fév. 2021);;;manuel/08-gestion-collective-finance-durable.md
2463;8;8.7;C;Quel type d'entreprise peut mettre en oeuvre une démarche RSE ?;Les entreprises avec un chiffre d'affaires supérieur à 5 000 000 euros;Les entreprises de plus de 50 salariés;Toutes les entreprises, quelle que soit leur taille, leur statut ou leur secteur d'activité;C;C;https://www.economie.gouv.fr/entreprises/responsabilite-societale-entreprises-rse;V4 (fév. 2021);;;manuel/08-gestion-collective-finance-durable.md
2464;8;8.7;C;Quelles entreprises doivent faire une déclaration de performance extra-financière (DPEF) ?;Toutes les sociétés;Les sociétés cotées de plus de 500 salariés, et un bilan supérieur à 20 millions d'euros, ou un chiffre d'affaires supérieur à 40 millions d'euros et les sociétés non cotées de plus de 500 salariés, et un bilan ou un chiffre d'affaires supérieur à 100 millions d'euros;Les sociétés non cotées de plus de 1500 salariés, et un bilan ou un chiffre d'affaires supérieur à 300 millions d'euros;B;B;Décret n° 2017-1265 du 9 août 2017 C. com., art. R 225-104);V4 (fév. 2021);ctx;"Seuils de la DPEF (500 salariés, 20 M€ de bilan ou 40 M€ de CA pour les cotées ; 100 M€ pour les non cotées) : régime remplacé par la CSRD (rapport de durabilité). Retiens les seuils de la base pour cette question.";manuel/08-gestion-collective-finance-durable.md
2465;8;8.7;C;Parmi ces propositions, laquelle définit le mieux ce que sont les critères ESG ?;Des critères d'analyse de performance extra financière;Des critères de mesure de satisfaction clients;Des critères d'exclusion et d'éligibilité;A;A;Article L. 533-22-1 du code monétaire et financier Site du Ministère de la Transition Ecologique glossaire de l'AMF;V4 (fév. 2021);;;manuel/08-gestion-collective-finance-durable.md
2466;8;8.7;C;Qu'est-ce que le label GREENFIN ?;Un label créé par le Ministère de la Transition Ecologique et Solidaire, attribué aux fonds investissant dans l'économie verte et excluant les entreprises opérant dans le secteur nucléaire et les énergies fossiles;Un label Européen créé en 2016 par la Commission Européenne et attribué aux fonds investissant dans des entreprises aux pratiques responsables en matière environnementale;Un label Européen attribué aux obligations d'entreprises respectant des critères environnementaux et sociétaux;A;A;https://www.ecologie.gouv.fr/label-greenfin Plaquette de présentation du label Greenfin : https://www.ecologie.gouv.fr/sites/default/files/Label%20Greenfin_plaquette%20pr%C3%A9sentation.pdf;V4 (fév. 2021);;;manuel/08-gestion-collective-finance-durable.md
2467;8;8.7;C;"Les bases d'un ""marché carbone"" , pour limiter les émissions de gaz responsables du changement climatique ont été établies lors :";De la COP 21 et dans l'Accord de Paris en 2015;Du protocole de Kyoto en 1997;Du Grenelle de l'Environnement en 2009;B;B;Protocole de Kyoto, convention-cadre des nations unies sur les changements climatiques - 1998;V4 (fév. 2021);;;manuel/08-gestion-collective-finance-durable.md
2468;8;8.7;C;Qu'est-ce qui caractérise la stratégie best in class et la stratégie d'exclusion ?;Les deux stratégies doivent être mises en pratique conjointement dans tous les fonds implémentant une approche ISR;L'une ou l'autre des deux stratégies est un moyen d'appréhender les critères ESG, mais il en existe d'autres;Une stratégie d'exclusion doit rester confidentielle;B;B;Cf. Contrôle SPOT AMF juillet 2019 sur dispositifs ISR ESG - Choix A : Non pas d'obligation de suivre telle ou telle stratégie - Choix B : OUI (Best-in universe, thématique…) - Choix C : Non la stratégie quelle qu'elle soit doit être publiée;V4 (fév. 2021);;;manuel/08-gestion-collective-finance-durable.md
2469;8;8.7;C;L'approche ESG :;Doit s'appuyer sur des critères objectifs;Doit s'appuyer sur au moins 10 critères;Ne doit pas obligatoirement prendre en compte des critères objectifs;A;A;Comofi L533-22-1;V4 (fév. 2021);;;manuel/08-gestion-collective-finance-durable.md
2470;8;8.7;C;Quel label vise à distinguer les produits d'épargne solidaire des autres produits d'épargne grand public ?;Label GREENFIN;Label ISR;Label FINANSOL;C;C;Site de l'association Finansol https://www.finansol.org/pourquoi-un-label/;V4 (fév. 2021);;;manuel/08-gestion-collective-finance-durable.md
2471;8;8.7;C;Lorsque la notation extra-financière d'une valeur en portefeuille se dégrade;La SGP peut conserver la valeur dans le fonds;La SGP doit sortir la valeur du fonds;La SGP doit suivre sa politique d'investissement et de désinvestissement (une bonne pratique serait que la politique prévoit les conditions de désinvestissement dans des valeurs dégradées);C;C;Cf. Contrôle SPOT AMF juillet 2019 sur dispositifs ISR ESG - Page 6 et 17;V4 (fév. 2021);;;manuel/08-gestion-collective-finance-durable.md
2472;8;8.7;C;Les agences de notation traditionnelles évaluent la solvabilité d'un agent économique. La notation extra-financière se concentre sur :;Les actions humanitaires que réalisent les entreprises;Des critères autres qu'économiques pour évaluer les comportements environnementaux ou sociaux des entreprises;L'appréciation de la marque de l'entreprise;B;B;Site du Ministère de l'économie des finances et de la relance Site de Novethic;V4 (fév. 2021);;;manuel/08-gestion-collective-finance-durable.md
2473;8;8.7;C;A laquelle des trois catégories de critères ESG (Environnementaux, Sociaux et de Gouvernance), l'absence de discriminations est-elle rattachée ?;Aux critères environnementaux;Aux critères sociaux;Aux critères de gouvernance;B;B;AMF guide épargnant sur la finance durable, octobre 2020, page 3 https://www.amf-france.org/fr/sites/default/files/private/2020-10/guide-finance-durable-2020-bd-def_0.pdf;V4 (fév. 2021);;;manuel/08-gestion-collective-finance-durable.md
2474;8;8.7;C;Dans laquelle des trois catégories de critères ESG (Environnementaux, Sociaux et de Gouvernance), la lutte contre la corruption figure-t-elle ?;Dans les critères environnementaux;Dans les critères sociaux;Dans les critères de gouvernance;C;C;AMF guide épargnant sur la finance durable, octobre 2020, page 3 https://www.amf-france.org/fr/sites/default/files/private/2020-10/guide-finance-durable-2020-bd-def_0.pdf;V4 (fév. 2021);;;manuel/08-gestion-collective-finance-durable.md
2475;8;8.7;C;De laquelle des trois catégories de critères ESG (Environnementaux, Sociaux et de Gouvernance), les relations avec les sous-traitants relèvent-elles ?;Des critères environnementaux;Des critères sociaux;Des critères de gouvernance;B;B;AMF guide épargnant sur la finance durable, octobre 2020, page 3 https://www.amf-france.org/fr/sites/default/files/private/2020-10/guide-finance-durable-2020-bd-def_0.pdf;V4 (fév. 2021);;;manuel/08-gestion-collective-finance-durable.md
2476;8;8.7;C;Quel est l'objectif du Pacte vert pour l'Europe (European Green Deal) présenté par la Commission européenne en décembre 2019 ?;"ire de l'Europe le premier continent ""carbone neutre "" en 2050";Accroître les surfaces de forêts de 15% d'ici 2050;"ire de l'Europe le premier continent ""carbone neutre "" en 2030";A;A;Site de la commission européenne https://ec.europa.eu/info/strategy/priorities-2019-2024/european-green-deal_fr et https://ec.europa.eu/commission/presscorner/detail/fr/ip_19_6691;V4 (fév. 2021);;;manuel/08-gestion-collective-finance-durable.md
2477;8;8.7;C;Dans une gestion de portefeuille ISR, que signifie pratiquer une exclusion normative ?;Le gérant exclut les entreprises n'émettant pas de Green Bonds;Le gérant exclut les entreprises non impliquées dans la finance de partage;Le gérant exclut les entreprises qui ne respectent pas les normes ou conventions internationales;C;C;Lexique du site de l'agence de notation Novethic https://www.novethic.fr/lexique/detail/exclusion-normative.html;V4 (fév. 2021);;;manuel/08-gestion-collective-finance-durable.md
2478;8;8.7;C;"Que signifie l'approche ""Best in universe"" pour un gérant ?";La sélection d'entreprises ayant les meilleures pratiques de développement durable indépendamment de leur secteur d'activité;La sélection d'entreprises ayant les meilleures pratiques de développement durable dans leur secteur d'activité;La sélection d'entreprises exclusivement internationales ayant les meilleures pratiques de développement durable;A;A;Lexique du site de l'agence de notation Novethic https://www.novethic.fr/lexique/detail/best-in-universe.html;V4 (fév. 2021);;;manuel/08-gestion-collective-finance-durable.md
2479;8;8.7;C;Parmi ces trois stratégies d'investissement d'un OPC, laquelle correspond à une approche ISR / ESG ?;Best execution;Best selection;Best in Universe;C;C;Position recommandation AMF 2020-03 par. 5.2.2 recommandation N°3 https://www.amf-france.org/fr/reglementation/doctrine/doc-2020-03;V4 (fév. 2021);;;manuel/08-gestion-collective-finance-durable.md
2480;8;8.7;C;Pour un gérant d'OPC, laquelle de ces trois démarches se définit comme un investissement dans la finance solidaire ?;Investir dans des émetteurs non cotés;Investir dans une société d'épargne forestière;Investir dans des ateliers protégés faisant travailler des personnes en situations de handicap;C;C;Site label FINANSOL https://www.finansol.org/ Site AMF https://www.amf-france.org/fr/espace-epargnants/comprendre-les-produits-financiers/finance-durable/investir-dans-lepargne-solidaire;V4 (fév. 2021);;;manuel/08-gestion-collective-finance-durable.md
2481;8;8.7;C;Qu'est-ce qu'une déclaration de performance extra-financière ?;Un récapitulatif du nombre de trimestres où les résultats d'une société cotée donnée ont dépassé les attentes des investisseurs;Un document d'informations sur la manière dont une société cotée prend en compte les conséquences sociales et environnementales de son activité;Un document présentant la charte d'éthique professionnelle d'une société cotée et disponible sur son site internet;B;B;Code de commerce article L-225-102-1;V4 (fév. 2021);ctx;"La DPEF a été remplacée par le « rapport de durabilité » de la directive CSRD (ordonnance de décembre 2023, premiers rapports en 2025 pour les plus grandes entreprises ; le paquet Omnibus de 2025 a reporté et réduit le champ). La définition donnée par la base reste valable.";manuel/08-gestion-collective-finance-durable.md
2482;8;8.7;C;Trucost est une agence spécialisée sur l'analyse et la notation :;Des entreprises non cotées américaines;Des impacts environnementaux des entreprises;Des entreprises non cotées européennes;B;B;Site de La Finance pour tous https://www.lafinancepourtous.com/decryptages/marches-financiers/acteurs-de-la-finance/agences-de-notation/notation-extra-financiere/;V4 (fév. 2021);;;manuel/08-gestion-collective-finance-durable.md
2483;8;8.7;C;Les critères ESG permettent d'évaluer :;La prise en compte des problématiques de développement durable par l'entreprise;Le niveau de profitabilité de l'entreprise;Le potentiel de croissance de l'entreprise;A;A;Site de l'AMF - paragraphe sur les critères ESG https://www.amf-france.org/fr/espace-epargnants/comprendre-les-produits-financiers/finance-durable/glossaire-de-la-finance-durable;V4 (fév. 2021);;;manuel/08-gestion-collective-finance-durable.md
2484;8;8.7;C;Les critères ESG regroupent des critères :;Ecologiques, Solidaires et de Gouvernance;Environnementaux, Sociaux et de Gouvernance;Economiques, sociaux-culturels et gouvernementaux;B;B;Site de l'AMF - paragraphe sur les critères ESG https://www.amf-france.org/fr/espace-epargnants/comprendre-les-produits-financiers/finance-durable/glossaire-de-la-finance-durable;V4 (fév. 2021);;;manuel/08-gestion-collective-finance-durable.md
2485;8;8.7;C;S'agissant des critères ESG, laquelle de ces pratiques relève du pilier E (environnement) ?;Le recyclage des déchets;La formation des salariés;La transparence en matière de rémunération des dirigeants;A;A;Site de l'AMF - paragraphe sur les critères ESG https://www.amf-france.org/fr/espace-epargnants/comprendre-les-produits-financiers/finance-durable/glossaire-de-la-finance-durable;V4 (fév. 2021);;;manuel/08-gestion-collective-finance-durable.md
2486;8;8.7;C;Une obligation verte vise à financer :;Tout type de projet en lien avec le secteur agricole;Des projets contribuant à la transition écologique (ex : énergies renouvelables);Des projets solidaires;B;B;Site du Ministère de la Transition Energétique https://www.ecologie.gouv.fr/obligations-vertes;V4 (fév. 2021);;;manuel/08-gestion-collective-finance-durable.md
2487;8;8.7;C;L'émission d'obligations vertes :;Est réservée aux Etats et aux collectivités locales;Est réservée aux entreprises;Peut être réalisée par des entités publiques ou des entreprises;C;C;Site du Ministère de la Transition Energétique https://www.ecologie.gouv.fr/obligations-vertes;V4 (fév. 2021);;;manuel/08-gestion-collective-finance-durable.md
2488;8;8.7;C;Quel est l'élément distinctif des obligations vertes par rapport aux obligations classiques ?;La fourniture par l'émetteur d'un reporting détaillé sur les investissements contribuant à la transition écologique;La garantie de leur remboursement par l'Etat;L'exclusivité de leur émission par les banques de développement (ex : Banque mondiale);A;A;Site du Ministère de la Transition Energétique https://www.ecologie.gouv.fr/obligations-vertes;V4 (fév. 2021);;;manuel/08-gestion-collective-finance-durable.md
2489;8;8.7;C;Un gérant d'un fonds d'investissement qui privilégie les entreprises les mieux notées d'un point de vue extra-financier dans leur secteur d'activité, sans privilégier ou exclure un secteur par rapport à l'indice de référence s'appuie sur :;L'approche Best-in-class;L'approche Best effort;L'approche Best-in-universe;A;A;Rapport AMF - Finance durable et gestion collective - 11 mars 2020 https://www.amf-france.org/sites/default/files/2020-03/20200311_slides_doctrine_extra-financiere_final_0.pdf;V4 (fév. 2021);;;manuel/08-gestion-collective-finance-durable.md
2490;8;8.7;C;La stratégie d'investissement qui consiste à privilégier les entreprises les mieux notées d'un point de vue extra-financier indépendamment de leur secteur d'activité, en privilégiant les secteurs les plus vertueux est :;L'approche Best-in-class;L'approche Best effort;L'approche Best-in-universe;C;C;Rapport AMF - Finance durable et gestion collective - 11 mars 2020 https://www.amf-france.org/sites/default/files/2020-03/20200311_slides_doctrine_extra-financiere_final_0.pdf;V4 (fév. 2021);;;manuel/08-gestion-collective-finance-durable.md
2491;8;8.7;C;Le label ISR d'un fonds d'investissement est accordé par un organisme de certification habilité :;A vie, sauf en cas de changement substantiel des objectifs d'investissement;Pour une durée de trois ans renouvelable;Pour une durée de dix ans renouvelable;B;B;Site Le label ISR https://www.lelabelisr.fr/attribution-label-isr/;V4 (fév. 2021);;;manuel/08-gestion-collective-finance-durable.md
2492;8;8.7;C;En matière de RSE (Responsabilité sociale des entreprises), la prise en considération d'enjeux sociaux et environnementaux :;Est totalement facultative pour les entreprises;Doit être intégrée dans l'objet social des entreprises, suite aux impacts de la loi PACTE sur le code civil;Doit faire l'objet d'un reporting extra-financier, quelle que soit la taille de l'entreprise;B;B;Article 1833 du code civil et site du Ministère de l'Economie, des finances et de la relance https://www.economie.gouv.fr/entreprises/responsabilite-societale-entreprises-rse;V4 (fév. 2021);;;manuel/08-gestion-collective-finance-durable.md
2493;8;8.7;C;Parmi ces préoccupations, laquelle fait partie d'une démarche RSE (Responsabilité sociale des entreprises) ?;L'amélioration des conditions de travail des salariés;L'amélioration de la rentabilité des capitaux propres;L'amélioration de la productivité à tout prix;A;A;"Brochure ""Découvrir ISO 26000 - Lignes directrices relatives à la responsabilité sociétale"" , page 9, les 7 questions centrales https://www.iso.org/files/live/sites/isoorg/files/store/fr/PUB100258_fr.pdf";V4 (fév. 2021);;;manuel/08-gestion-collective-finance-durable.md
2494;8;8.7;C;"La ""notation sollicitée"" désigne l'évaluation extra-financière d'entreprises réalisée par une agence de notation spécialisée, sur demande :";Des investisseurs;Des émetteurs;Des autorités de tutelle;B;B;Site Novethic https://www.novethic.fr/lexique/detail/notation-sollicitee.html;V4 (fév. 2021);;;manuel/08-gestion-collective-finance-durable.md
2495;8;8.7;C;La notation extra-financière :;Se concentre sur les ratios de solvabilité d'une entreprise;Se focalise sur l'évaluation comptable d'une entreprise;Intègre les comportements environnementaux et sociaux d'une entreprise;C;C;Site du Ministère de l'Economie, des finances et de la relance https://www.economie.gouv.fr/facileco/notation-extra-financiere;V4 (fév. 2021);;;manuel/08-gestion-collective-finance-durable.md
2496;8;8.7;C;La France est un des rares pays à mettre en avant la gestion ISR :;C'est vrai et seul le Royaume-Uni suit la même démarche;C'est faux mais la démarche reste cantonnée à quelques pays européens;C'est faux, la gestion ISR se développe en Europe mais aussi en Amérique du nord et en Asie;C;C;https://www.economie.gouv.fr/facileco/linvestissement-socialement-responsable;V4 (fév. 2021);;;manuel/08-gestion-collective-finance-durable.md
2497;8;8.7;C;Parmi les propositions suivantes, quelle est celle qui décrit une procédure d'investissement ISR existante :;Best Impact;Best Exclusion;Best Effort;C;C;Note AMF Comprendre l'investissement socialement responsable (ISR) du 17 octobre 2018;V4 (fév. 2021);;;manuel/08-gestion-collective-finance-durable.md
2498;8;8.7;C;Quels types de fonds peuvent être labellisés ISR ?;Les fonds investis en actions uniquement;Les fonds investis en actions ou en obligations uniquement;Les fonds investis en actions, en obligations ou en instruments monétaires.;C;C;https://www.lelabelisr.fr/fonds-isr/;V4 (fév. 2021);;;manuel/08-gestion-collective-finance-durable.md
2499;8;8.7;C;Quelle affirmation est vraie ?;La finance solidaire inclut l'investissement socialement responsable;L'investissement socialement responsable inclut la finance solidaire;Les deux notions sont différentes et ne doivent pas être confondues;C;C;https://www.finansol.org/de-quoi-parle-t-on/;V4 (fév. 2021);;;manuel/08-gestion-collective-finance-durable.md
2500;8;8.7;C;Selon la loi Pacte, une entreprise industrielle doit mettre en œuvre une démarche :;ISR;ESG;RSE;C;C;https://www.novethic.fr/entreprises-responsables/quest-ce-que-la-rse.html;V4 (fév. 2021);;;manuel/08-gestion-collective-finance-durable.md
2501;8;8.7;C;Dans la mise en place d'une démarche de type RSE, une entreprise doit :;Limiter son impact sur ses sites de production uniquement;Limiter son impact sur ses sites de production et les sites de ses sous-traitants;Limiter son impact sur ses sites de production, les sites de ses sous-traitants et sa chaine d'approvisionnement;C;C;https://www.novethic.fr/entreprises-responsables/quest-ce-que-la-rse.html;V4 (fév. 2021);;;manuel/08-gestion-collective-finance-durable.md
2502;8;8.7;C;Les agences de notation extra-financières sont :;Rémunérées par les émetteurs;Des agences publiques entrant dans le budget de l'Etat;Rémunérées par les investisseurs;C;C;https://www.novethic.fr/lexique/detail/agence-de-notation-extra-financiere.html;V4 (fév. 2021);;;manuel/08-gestion-collective-finance-durable.md
2503;8;8.7;C;Les agences de notation extra-financières ont :;Des procédures de notations normées par un règlement européen;Des procédures de notations normées par un règlement national;Des méthodes différentes d'une agence à une autre;C;C;https://www.lafinancepourtous.com/decryptages/marches-financiers/acteurs-de-la-finance/agences-de-notation/notation-extra-financiere/;V4 (fév. 2021);;;manuel/08-gestion-collective-finance-durable.md
2504;8;8.7;C;"Quel(s) label(s) permet(tent) d'identifier les fonds ""investissement socialement responsable"" (ISR) ?";Le label investissement socialement responsable (ISR) uniquement;Il n'existe aucun label permettant d'identifier ces fonds;Le label investissement socialement responsable (ISR) et le label Greenfin;C;C;Site internet de l'AMF : https://www.amf-france.org/fr/espace-epargnants/comprendre-les-produits-financiers/finance-durable/comprendre-linvestissement-socialement-responsable-isr#:~:text=Les%20placements%20ISR%20(Investissement%20Socialement,et%20de%20gouvernance%20(ESG);V4 (fév. 2021);;;manuel/08-gestion-collective-finance-durable.md
2505;8;8.7;C;"La politique d'investissement ""investissement socialement responsable"" (ISR) d'un fonds :";Concerne toujours la totalité du portefeuille;Concerne toujours une partie des actifs du portefeuille seulement;Peut concerner la totalité du portefeuille ou une partie des actifs seulement;C;C;Site internet de l'AMF : https://www.amf-france.org/fr/espace-epargnants/comprendre-les-produits-financiers/finance-durable/comprendre-linvestissement-socialement-responsable-isr#:~:text=Les%20placements%20ISR%20(Investissement%20Socialement,et%20de%20gouvernance%20(ESG).;V4 (fév. 2021);;;manuel/08-gestion-collective-finance-durable.md
2506;8;8.7;C;"Parmi les critères suivants, lequel est un critère pouvant être pris en compte dans le cadre du pilier ""S"" des critères ""Environnementaux, Sociaux et de Gouvernance"" (ESG) ?";Les émissions de CO2;La transparence de la rémunération des dirigeants;L'emploi des personnes handicapées;C;C;Site internet de l'AMF : https://www.amf-france.org/fr/espace-epargnants/comprendre-les-produits-financiers/finance-durable/glossaire-de-la-finance-durable;V4 (fév. 2021);;;manuel/08-gestion-collective-finance-durable.md
2507;8;8.7;C;Quelle autorité est chargée de la mission spécifique de veiller à la qualité de l'information fournie par les sociétés de gestion sur leur stratégie d'investissement et leur gestion des risques liés aux effets du changement climatique ?;L'Autorité Européenne des Marchés Financiers (AEMF ou ESMA en anglais);L'Autorité de Contrôle Prudentiel et de Résolution (ACPR);L'Autorité des Marchés Financiers (AMF);C;C;Site internet de l'AMF : https://www.amf-france.org/fr/actualites-publications/dossiers-thematiques/finance-durable;V4 (fév. 2021);;;manuel/08-gestion-collective-finance-durable.md
2508;8;8.7;C;Quel outil est fréquemment utilisé pour mesurer les émissions de gaz à effet de serre d'un portefeuille d'investissement ?;Un portefeuille n'émet jamais de gaz à effet de serre;Les émissions de gaz à effet de serre d'un portefeuille ne sont pas mesurables;L'empreinte carbone du portefeuille;C;C;Guide pour les placements collectifs proposant une compensation de leur empreinte carbone, page 2 (dernier paragraphe);V4 (fév. 2021);;;manuel/08-gestion-collective-finance-durable.md
2509;8;8.7;C;Par qui le label ISR est-il délivré ?;Le ministère de l'économie et des finances;L'AMF;Les organismes accrédités par le COFRAC;C;C;Site internet dédié au label ISR (https://www.lelabelisr.fr/attribution-label-isr/);V4 (fév. 2021);;;manuel/08-gestion-collective-finance-durable.md
2510;8;8.7;C;L'investissement socialement responsable (ISR) :;Allie la performance financière et la garantie du capital investi;Allie le développement durable et la garantie du capital investi;Allie la performance financière et le développement durable;C;C;Site internet de l'AMF, Comprendre l'investissement socialement responsable (ISR) (https://www.amf-france.org/fr/espace-epargnants/comprendre-les-produits-financiers/finance-durable/comprendre-linvestissement-socialement-responsable-isr);V4 (fév. 2021);;;manuel/08-gestion-collective-finance-durable.md
2511;8;8.7;C;"Dans le cadre de la prise en compte des critères ""Environnementaux, Sociaux et de Gouvernance"" (ESG), en quoi consiste l'approche ""Best-in-universe"" ?";Elle consiste à privilégier les entreprises les mieux notées d'un point de vue extra-financier au sein de leur secteur d'activité, sans privilégier ou exclure un secteur par rapport à l'indice boursier servant de base de départ;Elle consiste à privilégier les émetteurs démontrant une amélioration ou de bonnes perspectives de leurs pratiques et de leurs performance ESG dans le temps;Elle consiste à privilégier les émetteurs les mieux notés d'un point de vue extra-financier indépendamment de leur secteur d'activité, en assumant des biais sectoriels, puisque les secteurs qui sont dans l'ensemble considérés plus vertueux seront plus représentés;C;C;Définitions données par Novethic et citées dans POSITION - RECOMMANDATION AMF DOC-2020-03 (page 12, notes de base de page n°28 à 30);V4 (fév. 2021);;;manuel/08-gestion-collective-finance-durable.md
2512;8;8.7;C;Le label Finansol peut être attribué à :;Un établissement financier dans son ensemble;Une association dans son ensemble;Un produit d'épargne;C;C;Site internet Finansol : https://www.finansol.org/pourquoi-un-label/;V4 (fév. 2021);;;manuel/08-gestion-collective-finance-durable.md
2513;8;8.7;C;"Quelle loi est venue renforcer la responsabilité sociétale des entreprises (RSE) en ajoutant à l'article 1833 du code civil que les sociétés doivent prendre ""en considération les enjeux sociaux et environnementaux de son activité"" ?";La loi ELAN du 23 novembre 2018;La loi LEC du 27 janvier 2017;La loi PACTE du 22 mai 2019;C;C;Site internet du ministère de l'économie et des finances, Qu'est-ce que la responsabilité sociétale des entreprises (RSE) ? (https://www.economie.gouv.fr/entreprises/responsabilite-societale-entreprises-rse);V4 (fév. 2021);;;manuel/08-gestion-collective-finance-durable.md
2514;8;8.7;C;Quelle norme de standard international définit le périmètre de la responsabilité sociétale des entreprises (RSE) ?;Une telle norme n'existe pas;La norme AFNOR 62000;La norme ISO 26000;C;C;Site internet du ministère de l'économie et des finances, Qu'est-ce que la responsabilité sociétale des entreprises (RSE) ? (https://www.economie.gouv.fr/entreprises/responsabilite-societale-entreprises-rse);V4 (fév. 2021);;;manuel/08-gestion-collective-finance-durable.md
2515;8;8.7;C;Les FIA sont-ils assujettis à l'obligation de communiquer sur l'aspect Finance durable de leurs investissements ?;Oui, mais seulement s'ils sont vendus à des clients non professionnels;Oui, au même titre que les autres intervenants de marché;Non, puisqu'il s'agit de fonds ne dépendant pas de la directive OPCVM;B;B;RÈGLEMENT (UE) 2019/2088 DU PARLEMENT EUROPÉEN ET DU CONSEIL - Article 2;V4 (fév. 2021);;;manuel/08-gestion-collective-finance-durable.md
2516;8;8.7;C;Sur quels supports doivent être publiées les descriptions ISR par les sociétés de gestion de portefeuille ?;Uniquement sur les documents d'informations préalables à toute souscription;Sur les documents de souscription du support d'investissement;Sur leur site internet et sur les documents d'informations préalables à toute souscription;C;C;RÈGLEMENT (UE) 2019/2088 DU PARLEMENT EUROPÉEN ET DU CONSEIL - Article 3;V4 (fév. 2021);;;manuel/08-gestion-collective-finance-durable.md
2517;8;8.7;C;Qui attribue le label ISR (Investissement Socialement Responsable) ?;L'organisme de certification sous le contrôle du Ministère de l'Economie et des Finances;L'organisme de certification sous le contrôle de l'Autorité des Marchés Financiers;Les agences de notation extra-financière;A;A;https://www.tresor.economie.gouv.fr/Articles/2019/01/11/label-isr-mise-a-jour-du-referentiel;V4 (fév. 2021);;;manuel/08-gestion-collective-finance-durable.md
2518;8;8.7;C;Que permettent les obligations vertes ?;De financer les projets contribuant à la transition écologique;De financer les projets ayant reçu un accord du ministère de la transition écologique;De financer les dépenses de l'état français dans tous les domaines;A;A;https://www.ecologie.gouv.fr/obligations-vertes;V4 (fév. 2021);;;manuel/08-gestion-collective-finance-durable.md
2519;8;8.7;C;Comment définit-on la finance verte ?;Comme l'ensemble des actions et opérations financières engagées dans la lutte anti blanchiment;Comme l'ensemble des actions et opérations financières qui favorisent la transition énergétique et la lutte contre le réchauffement climatique;Comme l'ensemble des actions et opérations financières exercées sur le marché du carbone;B;B;https://www.economie.gouv.fr/facileco/finance-durable#:~:text=La%20%C2%AB%20finance%20verte%20%C2%BB%20est%20une,des%20ressources%20dans%20l'%C3%A9conomie.;V4 (fév. 2021);;;manuel/08-gestion-collective-finance-durable.md
2520;8;8.7;C;Selon le label Finansol, combien existe-t-il de types de produits d'épargne solidaire ?;Deux, les produits d'investissement solidaire et les produits de répartition;Un seul, les produits de partage;Deux, les produits d'investissement solidaire et les produits de partage;C;C;https://www.finansol.org/de-quoi-parle-t-on/;V4 (fév. 2021);;;manuel/08-gestion-collective-finance-durable.md
2521;8;8.7;C;Dans le cadre de la notation extra-financière, quels critères peuvent être retenus ?;La contribution à l'amélioration de la santé publique;Le niveau d'endettement;La liquidité;A;A;https://www.lafinancepourtous.com/decryptages/marches-financiers/acteurs-de-la-finance/agences-de-notation/notation-extra-financiere/;V4 (fév. 2021);;;manuel/08-gestion-collective-finance-durable.md
2522;8;8.7;C;En matière d'approche ISR, que signifie l'exclusion sectorielle?;Le fait d'exclure de l'univers d'investissement d'un fonds ISR des entreprises ayant une performance en dessous de l'indice de référence;Le fait d'exclure de l'univers d'investissement d'un fonds ISR, des entreprises ayant un comportement néfaste pour l'homme ou l'environnement;Le fait d'exclure de l'univers d'investissement d'un fonds ISR, des entreprises ayant été condamnées au moins une fois;B;B;https://www.novethic.fr/lexique/detail/exclusions-sectorielles.html;V4 (fév. 2021);;;manuel/08-gestion-collective-finance-durable.md
2523;8;8.7;C;Concernant la gestion ISR, qu'appelle t-on l'approche thématique ?;Celle consistant à investir dans des entreprises, souvent dans le non coté, qui cherchent à générer un impact social ou environnemental mesurable;Celle consistant à investir dans des entreprises présentes dans l'industrie nucléaire;Celle consistant à investir dans des entreprises présentes dans les secteurs d'activité liés au développement durable (changement climatique, énergies renouvelables, eau, etc);C;C;https://www.amf-france.org/fr/espace-epargnants/comprendre-les-produits-financiers/finance-durable/comprendre-linvestissement-socialement-responsable-isr;V4 (fév. 2021);;;manuel/08-gestion-collective-finance-durable.md
2524;8;8.7;C;Les fonds labellisés ISR :;Sont des placements remplissant des objectifs financiers et extra-financiers suivant les critères ESG;Sont des placements dans des entreprises à faible risque de défaut;Sont des placements dans des entreprises non-cotées;A;A;"Guide ""S'informer sur la finance durable. Comment donner du sens à son épargne"" , AMF, octobre 2020";V4 (fév. 2021);;;manuel/08-gestion-collective-finance-durable.md
2525;8;8.7;C;Un des principes de la finance durable est :;La possibilité de réduire l'activité du trading à haute fréquence et de favoriser des investissements à long terme;La possibilité d'investir dans les entreprises historiques et majeures du marché financier et de l'économie;La possibilité d'investir dans les activités qui favorisent la transition vers une économie sûre, neutre pour le climat, résiliente au changement climatique, plus économe en ressources et circulaire;C;C;"Conseil de l'Union européenne, Bruxelles, le 16 avril 2020, Dossier interinstitutionnel 2018/0178 (COD), ""l'établissement d'un cadre visant à favoriser les investissements durables et modifiant le règlement (UE) 2019/2088""";V4 (fév. 2021);;;manuel/08-gestion-collective-finance-durable.md
2526;8;8.7;C;Le label Greenfin est attribué aux fonds qui investissent dans :;Des instruments financiers qui favorisent l'accélération de la transition énergétique et la lutte contre le réchauffement climatique;Des entreprises opérant dans le secteur du nucléaire et des énergies fossiles;Des entreprises qui cherchent à générer un impact social mesurable;A;A;"AMF, ""Comprendre l'investissement socialement responsable (ISR)"" , 17 octobre 2018";V4 (fév. 2021);;;manuel/08-gestion-collective-finance-durable.md
2527;8;8.7;C;Le Label ISR (Investissement Socialement Responsable) s'applique à :;Une entreprise pour sa qualité du dialogue social;Un fonds qui a développé une méthodologie d'évaluation des acteurs financiers sur la base des critères ESG, et qu'il les intègre dans sa politique d'investissement;Un produit d'épargne solidaire, c'est-à-dire qui finance des activités de développement durable;B;B;"Guide ""S'informer sur la finance durable. Comment donner du sens à son épargne"" , AMF, octobre 2020";V4 (fév. 2021);;;manuel/08-gestion-collective-finance-durable.md
2528;8;8.7;C;La notation extra-financière des acteurs économiques met en évidence :;Uniquement leur niveau d'émissions de CO2 et leur consommation d'électricité;leur niveau d'implication face aux enjeux environnementaux, sociaux et liés à leur gouvernance;Uniquement la rémunération des dirigeants;B;B;"AMF, ""Glossaire de la finance durable"" , 27 septembre 2019";V4 (fév. 2021);;;manuel/08-gestion-collective-finance-durable.md
2529;8;8.7;C;"Les ""green bonds"" sont :";Des Bons du Trésor américains dédiés au financement durable;Des obligations qui permettent de financer des projets d'entreprises respectueux de l'environnement;Des obligations à haut rendement;B;B;Obligations vertes - La finance pour tous;V4 (fév. 2021);;;manuel/08-gestion-collective-finance-durable.md
2530;8;8.7;C;Les investissements ISR (investissements socialement responsables) :;Sont des investissements réalisés dans le secteur des nouvelles technologies;Sont une forme d'investissement durable;Sont réservés aux investisseurs institutionnels;B;B;Comprendre l'investissement socialement responsable (ISR) | AMF (amf-france.org);V4 (fév. 2021);;;manuel/08-gestion-collective-finance-durable.md
2531;8;8.7;C;"Dans le cadre d'une gestion ISR (investissement socialement responsable), il est possible d'adopter une approche ""best-in-class"" . Elle consiste à :";Sélectionner des entreprises uniquement présentes dans les secteurs d'activité liés au développement durable;Choisir les meilleures entreprises, d'un point de vue extra-financier, tous secteurs confondus;Sélectionner les meilleures entreprises d'un point de vue extra-financier, pour chaque secteur d'activité;C;C;Guide de la Finance Durable de l'AMF / https://www.amf-france.org/fr/sites/default/files/private/2020-10/guide-finance-durable-2020-bd-def_0.pdf;V4 (fév. 2021);;;manuel/08-gestion-collective-finance-durable.md
2532;8;8.7;C;"L'approche dite ""thématique"" repose sur une sélection :";Des entreprises présentes dans les secteurs d'activité du développement durable, à l'exclusion de tous les autres secteurs;Des meilleures entreprises d'un point de vue extra-financier, pour chaque secteur d'activité;Des entreprises dont la performance ESG (critères environnementaux, sociaux et de gouvernance) s'est améliorée dans le temps;A;A;Guide de la Finance Durable de l'AMF / https://www.amf-france.org/fr/sites/default/files/private/2020-10/guide-finance-durable-2020-bd-def_0.pdf;V4 (fév. 2021);;;manuel/08-gestion-collective-finance-durable.md
2533;8;8.7;C;"Le ""Greenfin"" est un label :";Créé par l'organisation des Nations Unies pour identifier les investisements ISR (investissement socialement responsable);Créé par l'Union européenne pour identifier les investissements ISR;Créé par la France pour identifier les investissements ISR;C;C;Comprendre l'investissement socialement responsable (ISR) | AMF (amf-france.org);V4 (fév. 2021);;;manuel/08-gestion-collective-finance-durable.md
2534;8;8.7;C;Le label ISR (investissement socialement responsable) impose une transparence renforcée. Notamment :;La nationalité des dirigeants du fonds doit être communiquée aux investisseurs;Un rapport sur la gestion ESG doit être communiqué aux investisseurs sur une base au moins annuelle;La rémunération des dirigeants doit être communiquée aux investisseurs sur une base mensuelle;B;B;https://www.tresor.economie.gouv.fr/Articles/aafc6489-7b7b-46fe-b97c-790afb2ffba0/files/44648b13-9cdf-4001-a7da-54a6591861fd;V4 (fév. 2021);;;manuel/08-gestion-collective-finance-durable.md
2535;8;8.7;C;La finance solidaire :;Repose essentiellement sur les plateformes de crowdfunding;Finance généralement des activités ayant une utilité sociale (lutte contre l'exclusion, cohésion sociale ou de développement durable);Désigne les dispositifs d'incitation au microcrédit dans le monde;B;B;Guide de la Finance Durable de l'AMF / https://www.amf-france.org/fr/sites/default/files/private/2020-10/guide-finance-durable-2020-bd-def_0.pdf;V4 (fév. 2021);;;manuel/08-gestion-collective-finance-durable.md
2536;8;8.7;C;En France, les politiques de RSE (responsabilité sociétale des entreprises) :;N'ont pas de cadre réglementaire défini. Elles dépendent donc de chaque entreprise;Sont encadrées par la Loi relative aux nouvelles régulations économiques de 2001, les Lois Grenelle de 2009-2010 et la Loi Pacte de 2019;Concernent uniquement les entreprises cotées;B;B;Qu'est-ce que la responsabilité sociétale des entreprises (RSE) ? | economie.gouv.fr;V4 (fév. 2021);;;manuel/08-gestion-collective-finance-durable.md
2537;8;8.7;C;Le standard international norme ISO 26000 définit le périmètre de la RSE (responsabilité sociétale des entreprises) autour de questions centrales comme :;La gouvernance des organisations, les conditions de travail et l'environnement;La vigilance face au blanchiment de capitaux et au financement du terrorisme;Le développement des modèles coopératifs et mutualistes;A;A;Qu'est-ce que la responsabilité sociétale des entreprises (RSE) ? | economie.gouv.fr;V4 (fév. 2021);;;manuel/08-gestion-collective-finance-durable.md
2538;8;8.7;C;Le reporting extra-financier :;Ne concerne que les entreprises qui ont adopté une politique RSE (responsabilité sociétale des entreprises);Est obligatoire en France depuis 2017 pour les grandes entreprises;Ne concerne que le secteur industriel;B;B;Le reporting extra-financier des entreprises | Ministère de la Transition écologique (ecologie.gouv.fr);V4 (fév. 2021);ctx;"La DPEF a été remplacée par le « rapport de durabilité » de la directive CSRD (ordonnance de décembre 2023, premiers rapports en 2025 pour les plus grandes entreprises ; le paquet Omnibus de 2025 a reporté et réduit le champ). La définition donnée par la base reste valable.";manuel/08-gestion-collective-finance-durable.md
2539;8;8.7;C;Les agences de notation extra-financière évaluent les entreprises :;Exclusivement à partir de leur rapport annuel;A partir de leur performance boursière;A partir de documents publics, d'entretiens avec le personnel, de questionnaires envoyés aux entreprises et de rencontres avec la direction et les syndicats, ONG, fournisseurs, clients…;C;C;https://www.lafinancepourtous.com/decryptages/marches-financiers/acteurs-de-la-finance/agences-de-notation/notation-extra-financiere/;V4 (fév. 2021);;;manuel/08-gestion-collective-finance-durable.md
2540;8;8.7;C;"En terme de finance verte, que recouvre la notion de ""taxonomie"" ?";"La ""taxonomie"" a pour but d'établir une liste d'activités considérées comme économiquement durables servant de référentiel pour la création de standards européens verts dans la définition des produits financiers.";"La ""taxonomie"" détermine l'ensemble de secteurs d'activité exclus de tout investissement.";Il s'agit d'un outil de gestion, nécessaire à l'établissement des critères environnementaux, sociaux et de gouvernance (ESG);A;A;https://ec.europa.eu/info/business-economy-euro/banking-and-finance/sustainable-finance_fr;V4 (fév. 2021);;;manuel/08-gestion-collective-finance-durable.md
2541;8;8.7;C;Qui est en charge de la surveillance de la qualité de l'information fournie par les sociétés de gestion de portefeuille (SGP) en matière d'impact climatique de leurs investissements ?;L'Agence française anticorruption;l'AMF;Le Commissariat général au développement durable;B;B;Article L 621-1 du Code Monétaire et Financier;V4 (fév. 2021);;;manuel/08-gestion-collective-finance-durable.md
2542;8;8.7;C;"Parmi les différentes approches de l'investissement socialement responsable (ISR), que signifie la sélection ""best-in-universe"" ?";Investir dans les meilleurs émetteurs d'un point de vue des critères environnementaux, sociaux et de gouvernance (ESG), indépendamment de leur secteur d'activité.;Un émetteur mal noté selon les critères environnementaux, sociaux et de gouvernance (ESG) peut faire partie de l'univers éligible.;"Une approche similaire à l'approche ""best-in-class""";A;A;https://www.novethic.fr/lexique/detail/best-in-universe.html;V4 (fév. 2021);;;manuel/08-gestion-collective-finance-durable.md
2543;8;8.7;C;"Les produits ""Investissement Socialement Responsable"" (ISR) sont disponibles auprès :";De réseaux de distribution bancaires et financiers;D'organisations non gouvernementales;D'associations à but non lucratif;A;A;https://www.economie.gouv.fr/facileco/linvestissement-socialement-responsable;V4 (fév. 2021);;;manuel/08-gestion-collective-finance-durable.md
2544;8;8.7;C;Quel indice est un indice boursier éthique ?;Le Dow Jones Sustainability (DJSI) Monde;L'indice CAC 40;Le Nasdaq;A;A;https://www.economie.gouv.fr/facileco/linvestissement-socialement-responsable;V4 (fév. 2021);;;manuel/08-gestion-collective-finance-durable.md
2545;8;8.7;C;Quel label contribue à atteindre les objectifs climatiques de la France, notamment sur la réduction de gaz à effet de serre ?;Le label ISR;Le label Bas-carbone;Le label ESUS;B;B;https://www.ecologie.gouv.fr/label-bas-carbone;V4 (fév. 2021);;;manuel/08-gestion-collective-finance-durable.md
2546;8;8.7;C;Sont exclus du label Greenfin, les fonds qui investissent dans des entreprises opérant dans le secteur :;Nucléaire et énergies fossiles;Energies renouvelables;Agricole et forêt;A;A;https://www.amf-france.org/sites/default/files/private/2020-10/guide-finance-durable-2020-bd-def_0.pdf;V4 (fév. 2021);;;manuel/08-gestion-collective-finance-durable.md
2547;8;8.7;C;Une obligation verte émise par l'Etat français se distingue d'une OAT classique car :;Le risque financier est moins élevé;Le rendement est fonction des performances écologiques des projets financés;L'Etat doit publier un rapport annuel sur les investissements qu'elle finance et leur caractère vert;C;C;https://www.economie.gouv.fr/obligation-souveraine-verte-segolene-royal-et-michel-sapin-presentent-sa-structuration;V4 (fév. 2021);;;manuel/08-gestion-collective-finance-durable.md
2548;8;8.7;C;L'approche Best in Class permet de créer un portefeuille diversifié en privilégiant les entreprises les mieux notées d'un point de vue extra-financier au sein de leur secteur d'activité :;En excluant certains secteurs d'activités considérés comme nocifs à une économie durable;En retenant uniquement les entreprises bénéficiant du label ESUS;Sans exclure a priori aucun secteur;C;C;https://www.amf-france.org/fr/sites/default/files/private/2020-10/guide-finance-durable-2020-bd-def_0.pdf;V4 (fév. 2021);;;manuel/08-gestion-collective-finance-durable.md
2549;8;8.7;C;L'approche Best effort (meilleur effort) consiste à privilégier :;Les émetteurs avec les meilleures performances à la fois sur l'approche Best in class et l'approche Best in universe;Les émetteurs démontrant une amélioration ou de bonnes perspectives d'évolution de leurs pratiques et performances ESG dans le temps;Les émetteurs avec les meilleures performances à la fois sur les critères financiers et sur les critères extra-financiers;B;B;https://www.amf-france.org/fr/sites/default/files/private/2020-10/guide-finance-durable-2020-bd-def_0.pdf;V4 (fév. 2021);;;manuel/08-gestion-collective-finance-durable.md
2550;8;8.7;C;"Le label ""Investissement Socialement Responsable"" est attribué pour une durée :";De 3 ans renouvelable;De 3 ans non renouvelable;Illimitée;A;A;https://www.lelabelisr.fr/attribution-label-isr/;V4 (fév. 2021);;;manuel/08-gestion-collective-finance-durable.md
2551;8;8.7;C;Une entreprise engagée dans une démarche RSE (Responsabilité Sociétale de l'Entreprise) cherche à :;Favoriser l'emploi grâce à des profits élevés;Concilier performance économique et performance sociale;Favoriser le développement durable quitte à ne pas réaliser de profit;B;B;https://www.lafinancepourtous.com/outils/dictionnaire/rse-responsabilite-societale-ou-sociale-des-entreprises/?gclid=Cj0KCQiAk53-BRD0ARIsAJuNhpsvCYWUBSgekxUnm4sr1FcEusMKoX7vlqcq2AOhTK4S68uuHj3Xqr8aAm2oEALw_wcB;V4 (fév. 2021);;;manuel/08-gestion-collective-finance-durable.md
2552;8;8.7;C;La notation extra-financière peut être demandée par :;Un Etat souhaitant évaluer son risque d'insolvabilité;Une association souhaitant mettre en évidence sa gestion désintéressée;Une entreprise qui souhaite connaître son positionnement en terme de responsabilité sociale;C;C;https://www.lafinancepourtous.com/decryptages/marches-financiers/acteurs-de-la-finance/agences-de-notation/notation-extra-financiere;V4 (fév. 2021);;;manuel/08-gestion-collective-finance-durable.md
2557;8;8.7;C;Le règlement (EU) 2019/2088, aussi appelé SFDR :;Précise les exigences de transparence vis-à-vis des produits financiers selon leur degré d’intégration des considérations durables;Classifie les activités considérées comme durables d'un point de vue environnemental et social;Définit le concept de préférence de durabilité;A;A;;Récente (n° ≥ 2553);;;manuel/08-gestion-collective-finance-durable.md
2567;8;8.7;C;Les conseillers financiers employant moins de trois personnes :;Doivent publier l'information sur la prise en compte des incidences négatives en matière de durabilité;Doivent prendre en compte et intégrer les risques en matière de durabilité dans le cadre de leurs processus de conseil;Ne peuvent pas agir en tant qu’initiateurs de produits financiers, y compris dans la gestion de portefeuille;B;B;;Récente (n° ≥ 2553);;;manuel/08-gestion-collective-finance-durable.md
2569;8;8.7;C;Les gestionnaires de Fonds d'Investissement Alternatifs (FIA) :;Sont exonérés de la publication des informations sur les méthodes utilisées pour évaluer, mesurer et surveiller les caractéristiques environnementales ou sociales;Doivent publier des informations sur les méthodes utilisées pour évaluer, mesurer et surveiller les caractéristiques environnementales ou sociales dans leurs rapports annuels;Doivent publier des informations sur les méthodes utilisées pour évaluer, mesurer et surveiller les caractéristiques environnementales ou sociales dans leurs rapports trimestriels;B;B;;Récente (n° ≥ 2553);;;manuel/08-gestion-collective-finance-durable.md
2582;8;8.7;C;Le règlement Disclosure (Sustainable Finance Disclosure Régulation, SFDR - Règlement UE 2019/2088) concerne :;La publication d'informations en matière de durabilité dans le secteur des services financiers;La publication des données de marché;La lutte contre le blanchiment des capitaux;A;A;;Récente (n° ≥ 2553);;;manuel/08-gestion-collective-finance-durable.md
2583;8;8.7;C;Le règlement Disclosure (Sustainable Finance Disclosure Régulation, SFDR - Règlement UE 2019/2088) prévoit de :;Créer pour les acteurs de marché de nouvelles obligations de transparence en matière de durabilité;Supprimer les critères ESG dans la documentation;Réactualiser l'information sur les risques de durabilité uniquement sur une base annuelle;A;A;;Récente (n° ≥ 2553);;;manuel/08-gestion-collective-finance-durable.md
2584;8;8.7;C;Le règlement Disclosure (Sustainable Finance Disclosure Régulation, SFDR - Règlement UE 2019/2088) oblige les acteurs des marchés financiers et conseillers financiers à intégrer dans les informations précontractuelles :;La valeur liquidative des supports;La manière dont les risques en matière de durabilité sont intégrés dans leurs décisions d'investissement;Uniquement des informations sur les caractéristiques financières des instruments;B;B;;Récente (n° ≥ 2553);;;manuel/08-gestion-collective-finance-durable.md
2585;8;8.7;C;Dans le cadre du règlement Disclosure (Sustainable Finance Disclosure Régulation, SFDR - Règlement UE 2019/2088) les acteurs de marché doivent publier des informations :;Sur leur processus de sélection top-down ou bottom-up mis en place;Sur leur processus de sélection des produits en tenant compte du risque en matière de durabilité;Sur leur processus de sélection des produits en tenant compte du risque en matière de rentabilité;B;B;;Récente (n° ≥ 2553);;;manuel/08-gestion-collective-finance-durable.md
2586;8;8.7;C;En application du règlement Disclosure (Sustainable Finance Disclosure Régulation, SFDR - Règlement UE 2019/2088) les acteurs des marchés financiers :;Doivent prendre en compte l'incidence négative en matière de durabilité dans le choix de produits financiers;Doivent prendre en compte l'incidence positive en matière de durabilité dans le choix de produits financiers;Doivent prendre en compte uniquement la performance financière des titres;A;A;;Récente (n° ≥ 2553);;;manuel/08-gestion-collective-finance-durable.md
2592;8;8.7;C;Quel est le principal objectif du règlement européen relatif à la publication d’informations en matière de durabilité dans le secteur des services financiers ?;Informer les clients sur la nécessité de prévoir un horizon moyen terme pour tout investissement dans les produits financiers;Renforcer les obligations d'information concernant les produits financiers liés aux facteurs environnementaux, sociaux ou de gouvernance;Renforcer les obligations d'information sur les produits financiers au-delà de 5 ans;B;B;;Récente (n° ≥ 2553);;;manuel/08-gestion-collective-finance-durable.md
2593;8;8.7;C;Dans le cadre du règlement européen sur la publication d'informations en matière de durabilité, quelles sont les informations institutionnelles à publier ?;Les informations relatives aux politiques générales adoptées dans les processus de décision d’investissement;Les informations relatives au dispositif de LCB-FT;Les informations relatives au ratio d'emprise;A;A;;Récente (n° ≥ 2553);;;manuel/08-gestion-collective-finance-durable.md
2605;8;8.7;C;"Quelles sont les conditions que doit respecter un fonds affichant le label ""Relance"" ?";Il doit investir au moins 30% de ses actifs dans des entreprises françaises, dont au moins 20% dans des fonds propres de très petites, petites et moyennes entreprises françaises (TPE et PME);Il doit investir au moins 60% de ses actifs dans des entreprises françaises, dont au moins 20% dans des fonds propres (essentiellement en actions) de TPE et PME;Il n'a pas d'obligation à sensibiliser les entreprises aux critères ESG (Environnementaux, Sociaux et de Gouvernance);B;B;;Récente (n° ≥ 2553);;;manuel/08-gestion-collective-finance-durable.md
2606;8;8.7;C;"Les fonds labellisés ""Relance"" doivent établir un reporting quant à leurs obligations relatives au respect du label:";Tous les trimestres;Tous les semestres;Tous les ans;B;B;;Récente (n° ≥ 2553);;;manuel/08-gestion-collective-finance-durable.md
2609;8;8.7;C;Quand l’objectif d’investissement d'un produit s’inscrit dans une optique durable et que ses caractéristiques environnementales ou sociales sont mises en avant, l’intermédiaire financier :;Doit détailler les différences avec un produit ou un indice de marché large comparable, et expliquer ainsi ses objectifs spécifiques de développement durable;Doit comparer ses performances à celles d'autres produits similaires;Peut publier sa politique de gestion des risques de durabilité;A;A;;Récente (n° ≥ 2553);;;manuel/08-gestion-collective-finance-durable.md
2610;8;8.7;C;Les distributeurs de produits ayant des caractéristiques environnementales ou sociales ou ayant le caractère d'investissements durables doivent prévoir une information :;Uniquement sur leur site internet avec sa politique de gestion du risque de la durabilité, ses incidences négatives et l'intégration de ces risques dans la politique de rémunération;Uniquement au niveau des produits commercialisés (DICI, rapports périodiques...);Au niveau de l'entité et au niveau du produit commercialisé;C;C;;Récente (n° ≥ 2553);;;manuel/08-gestion-collective-finance-durable.md
2611;8;8.7;C;"Dans le cadre du règlement ""Disclosure"", les intermédiaires financiers :";Doivent être transparents sur la façon dont ils intègrent les risques de durabilité dans leur rémunération et la publier sur leur site internet;Doivent mettre en place une rémunération qui décourage la prise en compte des risques de durabilité;N'ont pas d'obligation concernant leur rémunération;A;A;;Récente (n° ≥ 2553);;;manuel/08-gestion-collective-finance-durable.md
2617;8;8.7;C;"Le label ""Relance"" concerne les fonds qui s’engagent à soutenir les fonds propres et quasi-fonds propres des entreprises françaises :";Cotées uniquement;Non cotées uniquement;Cotées et non cotées;C;C;;Récente (n° ≥ 2553);;;manuel/08-gestion-collective-finance-durable.md
2618;8;8.7;C;Le label « Relance » permet aux investisseurs d’identifier les organismes de placement collectifs (OPC) :;Qui financent des entreprises françaises, cotées ou non;Qui financent des entreprises respectueuses de l'environnement;Qui financent des entreprises européennes;A;A;;Récente (n° ≥ 2553);;;manuel/08-gestion-collective-finance-durable.md
2626;8;8.7;C;Parmi les labels suivants, lequel vient reconnaître les fonds qui s’engagent à mobiliser rapidement des ressources nouvelles pour soutenir les fonds propres et quasi-fonds propres des entreprises françaises, en particulier des PME et des ETI, cotées ou non ?;Label ISR;Label Finansol;Label Relance;C;C;;Récente (n° ≥ 2553);;;manuel/08-gestion-collective-finance-durable.md
2748;8;8.7;C;Les sociétés de gestion sont tenues d'expliquer comment elles prennent en compte les critères ESG quand elles sélectionnent les valeurs qui figurent dans les fonds ISR qu’elles proposent :;Dans tous les cas;Uniquement pour les fonds valorisant 100 millions ou plus;Uniquement lorsque les valeurs sont étrangères;A;A;;Récente (n° ≥ 2553);;;manuel/08-gestion-collective-finance-durable.md
2749;8;8.7;C;Un placement dans un fonds ISR vise :;Exclusivement à générer un impact social et environnemental;A concilier performance financière avec impact social et environnemental;A financer des activités choisies en fonction de leur utilité effective en matière de lutte contre l’exclusion, de cohésion sociale et de développement durable;B;B;;Récente (n° ≥ 2553);;;manuel/08-gestion-collective-finance-durable.md
2750;8;8.7;C;Les fonds ISR :;Peuvent, s'ils le souhaitent, émettre un DICI;Font l'objet en toutes circonstances d'un DICI, comme n'importe quel autre fonds commercialisé auprès du grand public;N'émette un DICI que lorsqu'ils sont destinés à être investis dans le cadre de l'épargne salariale;B;B;;Récente (n° ≥ 2553);;;manuel/08-gestion-collective-finance-durable.md
2785;8;8.7;C;Les agences de notation extra-financière sont chargées d'évaluer :;La politique sociale et environnementale d’un acteur économique;La politique financière d'un acteur de l'ISR;La politique sociale, environnementale et financière d'un acteur économique;A;A;;Récente (n° ≥ 2553);;;manuel/08-gestion-collective-finance-durable.md
2789;8;8.7;C;Les critères ESG permettent d'évaluer :;La prise en compte du développement durable et des enjeux de long terme dans la stratégie des acteurs économiques;"La part d'investissement ""vert"" pour une entreprise";La stratégie des grands groupes bancaires en matière de finance verte;A;A;;Récente (n° ≥ 2553);;;manuel/08-gestion-collective-finance-durable.md
2790;8;8.7;C;Les critères ESG sont divisés :;En 2 piliers;En 3 piliers;En 5 piliers;B;B;;Récente (n° ≥ 2553);;;manuel/08-gestion-collective-finance-durable.md
2791;8;8.7;C;Les critères extra-financiers :;Permettent d'évaluer la rentabilité d'un acteur économique;Prennent en compte la gestion des ressources humaines;Prennent en compte les fluctuations de prix des actions;B;B;;Récente (n° ≥ 2553);;;manuel/08-gestion-collective-finance-durable.md
2793;8;8.7;C;RSE signifie :;Responsabilité Sectorielle Economique;Responsabilité Sociale et Economique;Responsabilité Sociale des Entreprises;C;C;;Récente (n° ≥ 2553);;;manuel/08-gestion-collective-finance-durable.md
2794;8;8.7;C;Un label est un signe de qualité :;Qui s'applique aux produits;Qui s'applique aux services bancaires uniquement;Qui concerne les acteurs financiers uniquement;A;A;;Récente (n° ≥ 2553);;;manuel/08-gestion-collective-finance-durable.md
2795;8;8.7;C;Le label ISR a été créé par :;Le Ministère de l'Environnement;Le Ministère des Finances;L'AMF;B;B;;Récente (n° ≥ 2553);;;manuel/08-gestion-collective-finance-durable.md
2796;8;8.7;C;Le label GreenFin a été créé par :;Le Ministère de l'Economie;Le Ministère des Finances;Le Ministère de l'Environnement;C;C;;Récente (n° ≥ 2553);;;manuel/08-gestion-collective-finance-durable.md
EF26-100;8;8.7;C;Parmi les propositions suivantes, quelle pratique constitue un écoblanchiment (ou greenwashing) ?;Un fonds d'investissement communique clairement sur le financement d'un projet d'extraction de pétrole;Une banque communique sur ses actions en faveur de la lutte contre les discriminations au travers de sa fondation;Une société de gestion centre sa publicité sur de nombreuses photos de panneaux solaires et d'éoliennes, alors que les fonds gérés n'investissent que dans des entreprises d'extraction d'énergie fossile;C;C;Écoblanchiment : communication environnementale trompeuse, qui donne une image plus verte que la réalité des placements.;BTS Banque 2026 (EF2);;;manuel/08-gestion-collective-finance-durable.md
154;9;9.1;C;Qui fixe les principes applicables en matière de suspension des négociations en cas de variation importante du cours de bourse ?;L'ACPR (Autorité de Contrôle Prudentiel et de Résolution);L'AMF (Autorité des Marchés Financiers);L'entreprise de marché;C;C;514-3 Règlement Général de l'AMF;V4 (fév. 2021);;;manuel/09-fonctionnement-marches.md
875;9;9.1;C;Est-il permis à un prestataire de services d'investissement (PSI) de grouper les ordres de clients entre eux ou avec des transactions pour compte propre en vue de les exécuter ?;Oui;Oui sous certaines conditions;Non;B;B;RG AMF Article 314-67;V4 (fév. 2021);;;manuel/09-fonctionnement-marches.md
2039;9;9.1;C;Que permet le SRD aux investisseurs ?;De réduire les frais de courtage;D'investir sur les valeurs cotées au fixing;De négocier à terme des instruments financiers;C;C;Voir le site Euronext : https://www.boursedeparis.fr/centre-d-apprentissage/actions/srd;V4 (fév. 2021);;;manuel/09-fonctionnement-marches.md
2040;9;9.1;C;Un internalisateur systématique est un prestataire de services d'investissement qui, de façon organisée, fréquente et systématique, négocie pour compte propre en exécutant les ordres de ses clients :;Dans le cadre d'un marché réglementé;Dans le cadre d'un système multilatéral de négociation;En dehors d'un marché réglementé;C;C;CMF L.533-32 et suivants;V4 (fév. 2021);;;manuel/09-fonctionnement-marches.md
2042;9;9.1;C;Les internalisateurs systématiques sont des prestataires de services d'investissement qui :;Font exécuter les ordres de leurs clients sur le marché réglementé;Mettent en relation des clients souhaitant vendre des instruments financiers avec des clients potentiellement acheteurs;Exécutent les ordres de leurs clients face à leur compte propre;C;C;Article L533-32 du code monétaire et financier;V4 (fév. 2021);;;manuel/09-fonctionnement-marches.md
2043;9;9.1;C;En France, quelle est l'autorité compétente pour accorder le statut de marché réglementé?;Le Président de l'Autorité des Marchés Financiers (AMF) sur proposition de l'Autorité de Contrôle Prudentiel et de Résolution (ACPR);Le Ministre de l'Economie sur proposition de l'Autorité des Marchés Financiers (AMF);Le Ministre de l'Economie sur proposition de l'Autorité de Contrôle Prudentiel et de Résolution (ACPR);B;B;Article L 421-4 CMF;V4 (fév. 2021);;;manuel/09-fonctionnement-marches.md
2044;9;9.1;C;Que permet le SRD (Service à Règlement Différé) aux investisseurs ?;De régler les titres achetés ou de livrer les titres vendus en fin de mois boursier;D'acquérir des valeurs de jeunes sociétés à faible capitalisation en les réglant à terme;D'intervenir sur les marchés dérivés;A;A;RG AMF, art. 516-1, 315 et s. / Instruction Euronext N4-02 du 5 mai 2015.;V4 (fév. 2021);;;manuel/09-fonctionnement-marches.md
2045;9;9.1;C;Un marché réglementé :;Est un système multilatéral exploité et/ou géré par une entreprise de marché, sur lequel il existe des règles de fonctionnement et d'admission très précises;Est un marché sur lequel les seuls intervenants sont les établissements de crédit;Est un marché sur lequel seuls les titres de la dette publique sont échangés;A;A;http://www.amf-france.org/affiche_page.asp?urldoc=lexique.htm&lang=fr#m;V4 (fév. 2021);;;manuel/09-fonctionnement-marches.md
2046;9;9.1;C;Une entreprise de marché doit avoir la forme :;D'une société commerciale;D'un groupement d'intérêt économique;D'une administration publique;A;A;Article L421-2 du code monétaire et financier;V4 (fév. 2021);;;manuel/09-fonctionnement-marches.md
2047;9;9.1;C;En quoi consiste l'internalisation systématique ?;A transmettre les ordres de la clientèle à un marché domestique réglementé;A exécuter les ordres de la clientèle en se portant directement contrepartie;A exécuter les ordres de la clientèle sur un marché réglementé;B;B;Article L533-32 du CMF;V4 (fév. 2021);;;manuel/09-fonctionnement-marches.md
2048;9;9.1;C;Le Service de Règlement Différé (SRD) permet :;Le dénouement de l'opération 3 jours après l'exécution de l'ordre;Le dénouement de l'opération le dernier jour du mois boursier;Le report de la position acheteuse uniquement;B;B;amf-france.org/Epargne-Info-Service/Videos-et-outils/Question-Reponses / Comment le service à règlement différé (SRD) fonctionne t'il ?;V4 (fév. 2021);;;manuel/09-fonctionnement-marches.md
2050;9;9.1;C;Un Système Multilatéral de Négociation (SMN) a pour principale mission :;D'autoriser les négociations sur des instruments financiers entre les établissements financiers;De contrôler les rencontres sur des instruments financiers entre les vendeurs et les acheteurs;D'assurer la rencontre de multiples intérêts acheteurs et vendeurs sur des instruments financiers;C;C;CMF art. L. 424-1;V4 (fév. 2021);;;manuel/09-fonctionnement-marches.md
2051;9;9.1;C;L'appellation de marché réglementé désigne :;Une plate-forme disposant d'une reconnaissance spécifique attribuée par le ministre en charge de l'économie sur proposition de l'AMF;Toute plate-forme de négociation assurant l'exécution d'ordres d'achat et de vente;Toute plate-forme spécialisée dans l'exécution d'ordres sur des produits complexes;A;A;Article L421-4 du code monétaire et financier;V4 (fév. 2021);;;manuel/09-fonctionnement-marches.md
2110;9;9.1;C;La Directive MIF 2 interdit les négociations régulières des actions sur :;Un marché règlementé;Un marché de gré à gré;Un système multilatéral de négociation;B;B;article 23 MIFIR;V4 (fév. 2021);;;manuel/09-fonctionnement-marches.md
2111;9;9.1;C;Les négociation des dérivés soumis à l'obligation de compensation centrale ne peuvent se faire sur :;Le système des IS (Internalisateurs Systématiques);Les SMN (Systèmes Multilatéraux de Négociation);Les marchés réglementés;A;A;Article 28 MIFIR;V4 (fév. 2021);;;manuel/09-fonctionnement-marches.md
2112;9;9.1;C;Afin d'établir si leur activité de négociation est accessoire par rapport à leur activité principale, les entités non financières qui effectuent des transactions sur matières premières doivent respecter :;Un ratio qui compare la taille de l'activité de négociation spéculative à l'activité principale de l'entité;L'interdiction de faire du trading haute fréquence;L'obligation préalable de déclarer les transactions au régulateur;A;A;L 420-11 à L420-16 Code Monétaire et Financier;V4 (fév. 2021);;;manuel/09-fonctionnement-marches.md
2118;9;9.1;C;Euronext a pour mission de :;D'organiser les transactions sur les marchés des actions, des obligations et des produits dérivés;De définir les principes d'organisation et de fonctionnement que doivent respecter les entreprises de marché;De centraliser chaque jour les transactions et déterminer les conditions d'exercice de leurs adhérents;A;A;Euronext - Loi 2003-706 de la sécurité financière du 1er août 2003 - article 1.4-02;V4 (fév. 2021);;;manuel/09-fonctionnement-marches.md
2138;9;9.1;C;Les marchés à terme permettent d'effectuer une transaction :;Aujourd'hui, au prix de marché;Ultérieurement, au prix de marché de cette date;Ultérieurement, à un prix fixé aujourd'hui;C;C;Les marchés de capitaux Dupuy, Fontaine, Hamet 2018. p24;V4 (fév. 2021);;;manuel/09-fonctionnement-marches.md
2140;9;9.1;C;Parmi les marchés suivants, lequel est un marché réglementé ?;Les compartiments A, B et C d'Euronext;Euronext Access (anciennement marché libre);Le FOREX (Foreign Exchange, marché des changes);A;A;registers.esma.europa.eu/publication/searchRegister?core=esma_registers_upreg# Et CMF L421-1 et suivants - RG AMF art 511-1 et suivants;V4 (fév. 2021);;;manuel/09-fonctionnement-marches.md
2153;9;9.1;C;A partir de quel critère, les compartiments actions A, B et C sont-ils définis sur Euronext ?;La liquidité du titre;La capitalisation boursière de l'entreprise;Le type de marché sur lequel l'action est admise;B;B;"Notice Euronext n°6-02 ""Classification in market capitalisation compartments"" et FAQ Euronext 2019  : What are the “capitalisation compartments”? page 10";V4 (fév. 2021);;;manuel/09-fonctionnement-marches.md
2159;9;9.1;C;"Le ""Système Organisé de Négociation"" ou""OTF""(""organised trading facility"") :";Est réservé à la négociation des obligations, des produits financiers structurés, des quotas d'émission ou des instruments dérivés;Est réservé à la négociation des actions uniquement;Est réservé uniquement aux traders à haute fréquence;A;A;DIRECTIVE 2014/65/UE DU PARLEMENT EUROPÉEN ET DU CONSEIL du 15 mai 2014 Article 4-23;V4 (fév. 2021);;;manuel/09-fonctionnement-marches.md
2161;9;9.1;C;Quelle est la caractéristique majeure d'un marché de gré à gré ?;Une garantie de bonne fin des transactions;Des obligations d'informations légales;Aucune protection des investisseurs contre le risque de contrepartie;C;C;La Finance pour Tous > Décryptages > Marchés financiers > Fonctionnement du Marché > Marchés financiers > Deux types d'organisation des marchés > Le marché de gré à gré https://www.lafinancepourtous.com/decryptages/marches-financiers/fonctionnement-du-marche/marches-financiers/deux-types-d-organisation-des-marches/;V4 (fév. 2021);;;manuel/09-fonctionnement-marches.md
2177;9;9.1;C;Le marché des matières premières est un marché qui :;Permet notamment de se couvrir contres des risques d'évolutions défavorables des cours des matières premières;Est un segment du marché monétaire;Est réservé aux producteurs de matières premières;A;A;https://www.amf-france.org/technique/multimedia?docId=workspace://SpacesStore/1b163220-bd0f-4b87-9f42-a5c22f8c9eeb_fr_1.0_rendition;V4 (fév. 2021);;;manuel/09-fonctionnement-marches.md
2178;9;9.1;C;Euronext Paris a organisé son marché en trois segments A, B, C, basés sur :;La date d'introduction à la cote des entreprises;La capitalisation boursière des entreprises;Le nombre de transactions quotidiennes sur le titre d'une société;B;B;https://www.lafinancepourtous.com/decryptages/marches-financiers/acteurs-de-la-finance/bourse/euronext/;V4 (fév. 2021);;;manuel/09-fonctionnement-marches.md
2179;9;9.1;C;Les transactions sur dérivés :;Peuvent être réalisées sur un marché réglementé;Sont toujours réalisées de gré à gré;Sont nécessairement effectuées sur un marché OTC, organisé ou pas;A;A;https://publications.banque-france.fr/sites/default/files/media/2018/12/18/818172_chapitre_5.pdf (p. 84);V4 (fév. 2021);;;manuel/09-fonctionnement-marches.md
2180;9;9.1;C;Le service de règlement différé :;Consiste, pour un investisseur, à payer ses titres tout de suite et n'être livré qu'en fin de mois;Consiste à proposer à l'investisseur de différer le règlement des titres en fin de mois boursier;N'est proposé que pour les transactions portant sur les options asiatiques;B;B;https://www.lesechos.fr/finance-marches/vernimmen/index.php?page=44;V4 (fév. 2021);;;manuel/09-fonctionnement-marches.md
2181;9;9.1;C;Euronext Growth est un marché destiné à accueillir :;Les entreprises internationales spécialisées sur le secteur des nouvelles technologies;Les petites et moyennes entreprises;Toutes les entreprises dont le capital est compris entre 1,5 et 3 milliards d'euros;B;B;https://www.euronext.com/fr/node/1243;V4 (fév. 2021);;;manuel/09-fonctionnement-marches.md
2182;9;9.1;C;Les produits dérivés négociés sur des marchés organisés :;Sont standardisés en termes d'échéances et de montants;Ne portent que sur les métaux précieux;Ne concernent que les produits de taux;A;A;https://publications.banque-france.fr/sites/default/files/media/2018/12/18/818172_chapitre_5.pdf (p.83);V4 (fév. 2021);;;manuel/09-fonctionnement-marches.md
2191;9;9.1;C;Que signifie SMN ?;Système Multilatéral de Négociation;Système Multilatéral de Netting;Système Monopolistique de Négociation;A;A;Règles de marché Harmonisées d'Euronext chap 4art 4203-1;V4 (fév. 2021);;;manuel/09-fonctionnement-marches.md
2201;9;9.1;C;Au sein d 'un Système Multilatéral de Négociation (SMN) :;Peuvent être négociées des actions qui ont été préalablement admises à la négociation sur un marché réglementé au sein de l 'Espace Economique Européen (EEE);Ne peuvent être négociées que des actions qui ont été préalablement admises à la négociation sur un marché réglementé français;Ne peuvent être négociées que des actions qui ne sont pas admises par ailleurs sur un marché réglementé;A;A;Article L424-1 du CMF;V4 (fév. 2021);;;manuel/09-fonctionnement-marches.md
2204;9;9.1;C;"En France, le marché des actions ""Euronext Access"" est dédié :";Essentiellement aux petites et moyennes entreprises qui ne sont pas admises sur le marché réglementé;Essentiellement aux valeurs du marché réglementé (hors valeurs admises au Service de Règlement Différé);Aux émetteurs qui ne souhaitent pas publier d'information financière;A;A;https://www.lafinancepourtous.com/decryptages/marches-financiers/acteurs-de-la-finance/bourse/euronext/ https://www.euronext.com/fr/node/202;V4 (fév. 2021);;;manuel/09-fonctionnement-marches.md
2208;9;9.1;C;Sur le marché réglementé d'Euronext Paris, le Service de Règlement Différé (SRD) permet :;De différer le paiement des titres financiers achetés, au dernier jour ouvré du mois;De réaliser le paiement des titres financiers achetés, au moment de leur livraison;De différer d 'un mois la livraison du titre financier, pour un paiement au comptant;A;A;https://www.boursedeparis.fr/centre-d-apprentissage/actions/srd;V4 (fév. 2021);;;manuel/09-fonctionnement-marches.md
2635;9;9.1;C;Le FOREX est :;Un marché des matières premières;Un marché d'obligation;Un marché de devises;C;C;;Récente (n° ≥ 2553);;;manuel/09-fonctionnement-marches.md
2675;9;9.1;C;Euronext est :;Une entreprise privée;Une entreprise publique;Un service public;A;A;;Récente (n° ≥ 2553);;;manuel/09-fonctionnement-marches.md
2676;9;9.1;C;Euronext Growth est :;Un MTF;Un OTF;Un marché réglementé;A;A;;Récente (n° ≥ 2553);;;manuel/09-fonctionnement-marches.md
2733;9;9.1;C;Un produit dérivé de gré à gré est un contrat dérivé :;Dont l'exécution a lieu sur un marché réglementé;Dont l'exécution a lieu en dehors d'un marché réglementé;Dont l'exécution peut se réaliser sur n'importe quel marché;B;B;;Récente (n° ≥ 2553);;;manuel/09-fonctionnement-marches.md
2053;9;9.2;A;Un ordre au marché :;Est prioritaire en termes d'exécution par rapport aux autres types d'ordres;Comporte un prix minimum pour un ordre de vente et un prix maximum pour un ordre d'achat;Est exécuté au plus mauvais prix disponible lorsqu'il atteint le carnet d'ordres central;A;A;Euronext - Trading manual for the Optiq trading platform - publié le 3 juin 2019 - 2.1.1 Pure Market orders;V4 (fév. 2021);;;manuel/09-fonctionnement-marches.md
2056;9;9.2;A;Quel est l'intérêt pour un investisseur de passer un ordre indexé ?;L'ordre indexé est transformé en ordre à cours limité au prix de la meilleure contrepartie au moment de son arrivée sur le marché;L'ordre indexé permet à l'investisseur de bénéficier en permanence de la meilleure demande ou de la meilleure offre disponible dans le carnet d'ordres central;L'ordre indexé est exécuté au cours de clôture de la veille;B;B;Règles harmonisées d'Euronext, livre I, art. 4203/4 (https://www.euronext.com/fr/regulation/harmonised-rules) / Manuel de négociation, art. 2.1.7.;V4 (fév. 2021);;;manuel/09-fonctionnement-marches.md
2057;9;9.2;A;"Un ordre ""au marché"" est :";Obligatoirement un ordre avec une limite de prix;Prioritaire sur tout autre ordre;Un ordre permettant une maîtrise des prix;B;B;amf-france.org/Epargne-Info-Service/Videos-et-outils/Videos/Un-nouveau-tutoriel-pour-maitriser-vos-ordres-de-bourse-.html;V4 (fév. 2021);;;manuel/09-fonctionnement-marches.md
2058;9;9.2;A;"L'ordre de bourse ""au marché"" :";Consiste à vendre ou à acheter sans limite de prix dans la limite des quantités disponibles;Permet aux investisseurs de définir le prix à partir duquel l'achat ou la vente se fera;N'est jamais prioritaire sur les autres types d'ordres;A;A;Site internet AMF, Lexique, Ordre de bourse au marché (https://www.amf-france.org/En-plus/Lexique#);V4 (fév. 2021);;;manuel/09-fonctionnement-marches.md
2059;9;9.2;A;Selon les règles de marché d'Euronext, les ordres à prix limité sont exécutés avec la priorité suivante :;La taille de l'ordre d'abord, puis l'ordre d'arrivée dans le carnet d'ordres central;La limite de prix d'abord, puis l'ordre d'arrivée dans le carnet d'ordres central;Uniquement l'ordre d'arrivée dans le carnet d'ordres central;B;B;Euronext - Trading manual for the Optiq trading platform - publié le 3 juin 2019 -2.1.2 Limit orders;V4 (fév. 2021);;;manuel/09-fonctionnement-marches.md
2060;9;9.2;A;La suspension de cotation d'un titre sur un marché financier :;Peut être effectuée à l'initiative de l'AMF uniquement;Se traduit par un arrêt définitif de la cotation du titre concerné sur ledit marché;Vise à protéger le titre et à garantir la bonne circulation d'une information, à un moment donné, à l'ensemble des investisseurs;C;C;Site internet de l'AMF, Dans quelles circonstances la cotation d'un titre peut-elle être suspendue ? (https://www.amf-france.org/Epargne-Info-Service/Actualites-EIS/Suspension-de-contation?xtcr=3&isSearch=true&lastSearchPage=https%3A%2F%2Fwww.amf-france.o;V4 (fév. 2021);;;manuel/09-fonctionnement-marches.md
2061;9;9.2;A;Comment fonctionne la cotation au fixing ?;Le fixing ne peut pas être utilisé pour les actions à moindre liquidité d'Euronext Access;Le fixing est utilisé, entre autres, pour les actions à moindre liquidité d'Euronext Access;Le fixing permet d'établir un cours quatre fois par jour;B;B;Règles harmonisées d'Euronext, livre I, art. 4301 et s.;V4 (fév. 2021);;;manuel/09-fonctionnement-marches.md
2063;9;9.2;A;Concernant le carnet d'ordres, quelle affirmation est exacte ?;Les ordres sont classés de façon croissante à l'achat et à la vente;Les ordres sont exécutés en priorité en fonction du prix;Les ordres sont exécutés en priorité en fonction de leur heure d'arrivée sur le marché;B;B;abcbourse.com/apprendre/2_carnet_ordres.html - amf-france.org/En-plus/Lexique#;V4 (fév. 2021);;;manuel/09-fonctionnement-marches.md
2065;9;9.2;A;Les règles de priorité d'exécution des ordres en attente sur le carnet d'ordres électronique Euronext sont :;Par limite de prix d'abord, puis par ordre chronologique;Par ordre chronologique d'abord, puis par type de donneur d'ordre;Le prix et la taille de l'ordre;A;A;Règles de marché d'Euronext Paragraphe 4401/1, Harmonized Rulebook Euronext, 4401/1;V4 (fév. 2021);;;manuel/09-fonctionnement-marches.md
2067;9;9.2;A;Sur le marché Euronext Paris, à quel moment des séances de cotation, le système détermine un prix d'équilibre (i.e. prix qui maximise le volume de titres échangés) ?;A la préouverture et pré-clôture;Au fixing d'ouverture et au fixing de clôture;Au dernier prix négocié;B;B;Euronext, les Règles de marchés, livre 1, chapitre 4, art. 4303/1 et 2 et 4401/3;V4 (fév. 2021);;;manuel/09-fonctionnement-marches.md
2068;9;9.2;A;Que se passe-t-il pendant la période TAL (Trading at last) ?;Les exécutions se font au cours de clôture de la séance précédente;Les exécutions se font au cours d'ouverture du marché;Les exécutions se font au cours de clôture du marché;C;C;Manuel de négociation d'Euronext 1.4.3;V4 (fév. 2021);;;manuel/09-fonctionnement-marches.md
2070;9;9.2;A;Quelle est la caractéristique des ordres à seuil de déclenchement ?;L'ordre à seuil de déclenchement ne peut être passé qu'à l'achat, jamais à la vente;Un ordre de vente à seuil de déclenchement fixe un cours auquel et éventuellement au-dessous duquel l'ordre devra être exécuté;Un ordre de vente à seuil de déclenchement fixe un cours auquel et éventuellement au-dessus duquel l'ordre devra être exécuté;B;B;Règles harmonisées d'Euronext, livre I, art. 4203/3 (https://www.euronext.com/fr/regulation/harmonised-rules) / Manuel de négociation, art. 2.1.3.;V4 (fév. 2021);;;manuel/09-fonctionnement-marches.md
2071;9;9.2;A;S'agissant des valeurs cotées au fixing :;Ce type de cotation s'applique aux titres les plus liquides;Les ordres à l'achat et à la vente sont confrontés au fil de l'eau durant la séance de bourse;Les ordres sont accumulés dans le carnet d'ordres pendant une période donnée, puis confrontés tous ensemble à l'issue de cette période;C;C;Euronext Rule Book - Book I - Issue date 17 mai 2019 - Paragraphes 4303/1 et 4303/2 Auctions;V4 (fév. 2021);;;manuel/09-fonctionnement-marches.md
2072;9;9.2;A;Un ordre à cours limité :;Comporte l'indication d'un prix maximum à l'achat ou d'un prix minimum à la vente;Comporte l'indication d'une quantité maximale de titres à vendre au cours d'une journée;Permet une exécution au meilleur cours constaté pendant la durée de validité de l'ordre;A;A;amf-france.org/Epargne-Info-Service/Videos-et-outils/Videos/Un-nouveau-tutoriel-pour-maitriser-vos-ordres-de-bourse-.html;V4 (fév. 2021);;;manuel/09-fonctionnement-marches.md
2073;9;9.2;A;"La cotation au ""fixing"" concerne plutôt :";Les actions des sociétés du CAC 40;Les valeurs très liquides;Les valeurs peu liquides;C;C;abcbourse.com/apprendre/2_cotation_des_actions2.html;V4 (fév. 2021);;;manuel/09-fonctionnement-marches.md
2075;9;9.2;A;A partir de quelle heure se déroule la séance de cotation en continu du marché Euronext Paris :;9h;11 h;12 h;A;A;Euronext - Appendix to Euronext Instructions 4-01 4-03 Trading manuals (Cash markets);V4 (fév. 2021);;;manuel/09-fonctionnement-marches.md
2076;9;9.2;A;Les ordres à seuil de déclenchement permettent aux investisseurs de :;S'assurer d'un rendement supérieur en contrepartie d'un risque supérieur;Définir un niveau de prix à partir duquel l'achat ou la vente est déclenché;Définir une tranche horaire dans laquelle l'ordre sera déclenché;B;B;http://www.lesclesdelabanque.com/web/Cles/Content.nsf/DocumentsByIDWeb/6W7FBK?OpenDocument;V4 (fév. 2021);;;manuel/09-fonctionnement-marches.md
2077;9;9.2;A;"Comment est traité un ordre de vente ""à la meilleure limite"" ?";Il est transformé en ordre à cours limité au cours d'ouverture;Il est prioritaire et exécuté aux prix de marché successifs;Il est transformé en ordre à cours limité au prix de la meilleure offre d'achat existant lors de sa réception;C;C;Manuel de négociation, art. 2.2.3.;V4 (fév. 2021);;;manuel/09-fonctionnement-marches.md
2078;9;9.2;A;En phase de préouverture,quelle information est diffusée par Euronext ?;Euronext diffuse toutes les 15 minutes un cours prévisionnel d'ouverture;Euronext commence à diffuser un cours théorique 5 minutes avant l'ouverture;Euronext diffuse au fil de l'eau un cours prévisionnel d'ouverture;C;C;Manuel de négociation d'Euronext 1.3.1;V4 (fév. 2021);;;manuel/09-fonctionnement-marches.md
2113;9;9.2;A;"Les ordres ""à cours limité"" peuvent être exécutés :";A la limite du prix fixé seulement;Au meilleur cours seulement;A la limite du prix ou du meilleur cours;C;C;Livre I Article 4203/2 Règles NYSE Euronext;V4 (fév. 2021);;;manuel/09-fonctionnement-marches.md
2114;9;9.2;A;"Les ""ordres indexés"" ou ordres""à la meilleure limite"":";Offrent une limite sur le prix;Suivent la meilleure demande ou la meilleure offre dans le carnet d'ordres;Sont utilisés pour des valeurs très peu liquides;B;B;Livre I Article 4203/4 Règles NYSE Euronext;V4 (fév. 2021);;;manuel/09-fonctionnement-marches.md
2120;9;9.2;A;"Les ordres ""au marché"" :";Sont destinés à être exécuté au(x) à meilleur(s) prix disponibles lorsqu'ils entrent dans le Carnet d'Ordres Central;Sont déclenchés en cas d'atteinte d'une certaine limite de prix sur le marché;Sont destinés à être exécuté au prix du marché qui maximise le volume échangé, sur la base du carnet à l'issue de la période d'accumulation;A;A;Règles de marché d'Euronext Paragraphe 4203/1;V4 (fév. 2021);;;manuel/09-fonctionnement-marches.md
2121;9;9.2;A;Durant la période de négociation en continu :;Chaque ordre arrivant est confronté immédiatement aux ordres de sens opposé présents en carnet pour déterminer s'il maximise le volume échangé;Les agents doivent réviser leurs position en continu;Chaque ordre arrivant est confronté immédiatement aux ordres de sens opposé présents en carnet pour déterminer s'il peut être exécuté;C;C;Règles de marché d'Euronext - Règles harmonisées Paragraphe 4401/2;V4 (fév. 2021);;;manuel/09-fonctionnement-marches.md
2126;9;9.2;A;Un ordre à la meilleure limite :;Est assorti d'un prix maximum fixé par le donneur d'ordre;N'est assorti d'aucune indication de prix;Est assorti d'un prix maximum fixé par la banque du donneur d'ordre;B;B;Voir le site : https://www.amf-france.org/En-plus/Lexique.html#;V4 (fév. 2021);;;manuel/09-fonctionnement-marches.md
2129;9;9.2;A;Sur le marché réglementé d'Euronext Paris, un ordre transmis pour être exécuté au meilleur prix proposé par les contreparties au moment de la transmission est un ordre :;A cours limité;Au marché;A la meilleure limite;B;B;Euronext Règles de marché Livre I Règles harmonisées Ch 4 4203/1 (17 mai 2019);V4 (fév. 2021);;;manuel/09-fonctionnement-marches.md
2130;9;9.2;A;Lequel de ces ordres de bourse est prioritaire sur les autres ?;"L'ordre à ""cours limité""";L'ordre au marché;"L'ordre à ""meilleure limite""";B;B;Euronext Règles de marché Livre I Règles harmonisées Ch 4 4401/3 (17 mai 2019);V4 (fév. 2021);;;manuel/09-fonctionnement-marches.md
2133;9;9.2;A;Pour les ordres à cours limité :;Ils ne peuvent être exécutés qu'à la limite de prix fixée ou à un meilleur cours;Les achats sont effectués à un prix minimum et les ventes à un prix maximum;Ce type d'ordre n'existe pas;A;A;Règles de marché d'EURONEXT Livre I N°4203/2;V4 (fév. 2021);;;manuel/09-fonctionnement-marches.md
2134;9;9.2;A;Quand un ordre groupé (client et OPCVM notamment) par une société de gestion de portefeuille est partiellement exécuté,;L'affectation se fait prioritairement sur l'ordre le plus important;Les opérations sont allouées proportionnellement suivant la politique de répartition des ordres définie par la société de gestion;Aucune affectation n'est faite tant que l'ordre n'est pas totalement exécuté;B;B;RGAMF art. 321-108 et 109;V4 (fév. 2021);;;manuel/09-fonctionnement-marches.md
2143;9;9.2;A;Qu'est-ce qu'un ordre iceberg ?;La consolidation de plusieurs ordres;Un ordre à quantité cachée;Un ordre à quantité flottante;B;B;Dictionnaire des marchés financiers - Ed De Boeck - page 423;V4 (fév. 2021);;;manuel/09-fonctionnement-marches.md
2149;9;9.2;A;Comment sont calculés les fixing d'ouverture et de clôture ?;Le système détermine le prix moyen des ordres d'achat;Le système calcule le cours permettant l'exécution du maximum d'ordres;Le système détermine le prix moyen des ordres de vente;B;B;Règles de marché d'Euronext Livre I : Règles harmonisées page 47 art 4401/3;V4 (fév. 2021);;;manuel/09-fonctionnement-marches.md
2150;9;9.2;A;"Qu'est-ce qu'un ordre ""à la meilleure limite"" ?";Un ordre qui se transforme en ordre à cours limite avec comme limite la meilleure offre au moment où il est mis sur le marché;Un ordre qui est exécuté intégralement ou pas du tout;Un ordre qui se transforme en ordre à cours limite avec comme limite la meilleure offre de la journée de bourse;A;A;Règles de marché d'Euronext Livre I : Règles harmonisées page 44 art4204/2 B (ii);V4 (fév. 2021);;;manuel/09-fonctionnement-marches.md
2162;9;9.2;A;Le code ISIN est une immatriculation :;Pour les sociétés appartenant au CAC 40;Internationale unique pour les instruments financiers;Internationale unique pour les acteurs des marchés financiers;B;B;Norme ISO 6166 https://www.iso.org/obp/ui/#iso:std:iso:6166:ed-6:v1:fr Site code ISIN https://www.isin.org/ Euroclear https://www.euroclear.com/;V4 (fév. 2021);;;manuel/09-fonctionnement-marches.md
2164;9;9.2;A;Sur un marché dirigé par les prix :;Le cours résulte de la confrontation des prix acheteurs et vendeurs dans un carnet d'ordres électronique;La cotation est dite au fixing quotidien;Les prix résultent de la fourchette prix achat/vente proposée par un teneur de marché;C;C;La Finance pour Tous https://www.lafinancepourtous.com;V4 (fév. 2021);;;manuel/09-fonctionnement-marches.md
2165;9;9.2;A;"Un ordre ""au marché"" est :";Obligatoirement un ordre avec une limite de prix;Prioritaire sur tout autre ordre;Un ordre permettant une maîtrise des prix;B;B;Décision AMF du 08/01/2019 Euronext Règles de marché harmonisées section 4203 https://www.euronext.com;V4 (fév. 2021);;;manuel/09-fonctionnement-marches.md
2166;9;9.2;A;"L'ordre ""au marché"" permet :";D'acheter ou de vendre sans limite de prix;De maîtriser le prix d'exécution;De se protéger contre les fluctuations du marché;A;A;Décision AMF du 08/01/2019 Euronext Règles de marché harmonisées section 4203 https://www.euronext.com;V4 (fév. 2021);;;manuel/09-fonctionnement-marches.md
2167;9;9.2;A;Quelle est la bonne réponse sur les modalités de transmission des ordres de bourse ?;Les ordres sont exécutés en priorité en fonction de l'horodatage (premier entré, premier sorti);Les ordres peuvent être transmis par téléphone et par mail sans confirmation écrite;Les ordres sont exécutés en priorité en fonction du meilleur prix proposé;C;C;Décision AMF du 08/01/2019 Euronext Règles de marché harmonisées section 4203 https://www.euronext.com;V4 (fév. 2021);;;manuel/09-fonctionnement-marches.md
2172;9;9.2;A;Quel est le principe de priorité d'exécution des ordres sur les marchés de titres d'Euronext ?;Les ordres sont exécutés selon un principe de stricte priorité de prix dans le carnet d'ordres central d'Euronext. Les ordres au même prix sont exécutés suivant un ordre de stricte priorité de temps (à l'exception de certains ordres transitant par le service d'appariement interne);Les ordres sont exécutés suivant un principe de stricte priorité de volume dans le carnet d'ordres central d'Euronext;Les ordres sont exécutés suivant un principe de stricte priorité de temps dans le carnet d'ordres central d'Euronext. Les ordres arrivant en même temps sont exécutés suivant un ordre de stricte priorité de volume;A;A;EURONEXT, Règles de marché d'Euronext Livre I : Règles harmonisées, chapitre 4, paragraphe 4401/1, page 46, 17 mai 2019.;V4 (fév. 2021);;;manuel/09-fonctionnement-marches.md
2183;9;9.2;A;"Un ordre de bourse ""à cours limité"" :";Est un ordre assorti d'un cours maximal pour un vendeur;Est un ordre assorti d'un cours minimal pour un acheteur;Est un ordre assorti d'un cours minimal pour un vendeur;C;C;https://www.amf-france.org/En-plus/Lexique.html#;V4 (fév. 2021);;;manuel/09-fonctionnement-marches.md
2184;9;9.2;A;Lors de la préouverture de la séance de bourse (de 7h15 à 9h) :;Seuls les grands établissements financiers peuvent réaliser des transactions;Les ordres s'accumulent mais aucune transaction n'intervient;Les ordres passés ne peuvent être ni modifiés, ni annulés;B;B;https://www.boursedeparis.fr/centre-d-apprentissage/glossaire;V4 (fév. 2021);;;manuel/09-fonctionnement-marches.md
2186;9;9.2;A;Sur le marché français, les OAT aux particuliers :;Ont en permanence un cours représentatif de l'offre et de la demande;Sont négociables au fixing (10h30 et 16h);Sont négociables deux fois par semaine;A;A;https://www.aft.gouv.fr/fr/oat-particuliers;V4 (fév. 2021);;;manuel/09-fonctionnement-marches.md
2192;9;9.2;A;"Un ordre ""à cours limité"" comporte :";L'indication d'un prix maximum (à l'achat) ou d'un prix minimum (à la vente);L'indication d'une quantité maximale de titres à vendre ou à acheter au cours d'une journée;Une priorité d'exécution;A;A;Règles de marché Harmonisées d'Euronext chap 4art 4203-2;V4 (fév. 2021);;;manuel/09-fonctionnement-marches.md
2193;9;9.2;A;A défaut de comporter une indication de durée de validité, un ordre est présumé :;Rester valide pendant 365 jours, sauf exécution ou révocation;N'être valide que pour la journée en cours;N'être valide que pour la journée du lendemain de son enregistrement;B;B;Règles de marché Harmonisées d'Euronext chap 4art 4204-1;V4 (fév. 2021);;;manuel/09-fonctionnement-marches.md
2197;9;9.2;A;"Un ordre ""jour"" :";Comporte une durée de validité comprise entre 2 et 7 jours;Est enregistré un jour donné pour être exécuté le jour suivant;Sera retiré du marché en cas de non-exécution dans la journée;C;C;Règles de marché Harmonisées d'Euronext Chap 4 art 4204/1;V4 (fév. 2021);;;manuel/09-fonctionnement-marches.md
2202;9;9.2;A;Sur le marché réglementé d 'Euronext Paris, un ordre qui est transmis pour être exécuté immédiatement et intégralement aux meilleurs prix proposés dans le carnet d 'ordres, est un ordre :;Au marché;A la meilleure limite;A cours limité;A;A;Article 4203/1 des Règles de marché d 'Euronext;V4 (fév. 2021);;;manuel/09-fonctionnement-marches.md
2205;9;9.2;A;Dans le carnet d'ordres d 'Euronext Paris, les ordres sont exécutés selon l 'ordre de priorité suivant :;Le niveau de prix proposé puis l 'heure de saisie dans le carnet d 'ordres;L 'heure de saisie dans le carnet d 'ordres puis la quantité d 'instruments financiers proposés ou demandés;Le niveau de prix proposé puis la quantité d 'instruments financiers proposés ou demandés;A;A;Article 4401/1, Règles de marché d 'Euronext;V4 (fév. 2021);;;manuel/09-fonctionnement-marches.md
2209;9;9.2;A;Sur le marché réglementé des actions, lors de la négociation en continu, un ordre d 'achat qui devient un ordre à cours limité au prix de la meilleure offre lorsqu 'il est inséré dans le carnet d'ordres, est un ordre :;A la meilleure limite;Au marché;A cours limité;A;A;Article 4204/2, Règles de marché d 'Euronext;V4 (fév. 2021);;;manuel/09-fonctionnement-marches.md
2210;9;9.2;A;Sur le marché réglementé des actions, pour éviter des variations de prix de grande ampleur trop brusques il existe des limites de variation de cours. Si ces limites sont franchies les transactions sur l 'action sont :;Suspendues temporairement quelques instants;Suspendues jusqu 'au lendemain matin;Maintenues mais avec une alerte qui doit être bien visible pour tous les investisseurs;A;A;"Article 514-3 RG AMF Euronext Rule Book - Book I: Harmonised Rules; ISSUE DATE: 17 MAY 2019 rule 44/03";V4 (fév. 2021);;;manuel/09-fonctionnement-marches.md
2661;9;9.2;A;Les ordres concernant un instrument financier formulés par un client, comparables notamment eu égard à leur taille, leur type et la nature des instruments financiers sur lesquels ils portent, sont executés par le PSI en fonction :;Du moment de leur réception par le PSI;Du jour d'envoi des ordres concernés;De la disponibilté du PSI;A;A;;Récente (n° ≥ 2553);;;manuel/09-fonctionnement-marches.md
2753;9;9.2;A;L’ordre à cours limité peut garantir :;Le moment où l’ordre est exécuté;Un nombre de titres vendus;La vente d’un titre à prix minimum;C;C;;Récente (n° ≥ 2553);;;manuel/09-fonctionnement-marches.md
2754;9;9.2;A;Parmi les trois types d'ordre suivants, lequel est prioritaire :;L'ordre à déclenchement;L'ordre à la meilleure limite;L'ordre au marché;C;C;;Récente (n° ≥ 2553);;;manuel/09-fonctionnement-marches.md
2049;9;9.3;C;L'obligation de publication de prix s'applique :;A tous les internalisateurs systématiques;Aux internalisateurs systématiques qui effectuent des transactions ne dépassant pas la taille standard de marché;Aux internalisateurs systématiques qui effectuent des transactions supérieures à la taille standard de marché;B;B;https://www.amf-france.org/Acteurs-et-produits/Marches-financiers-et-infrastructures/Autres-lieux-de-negociation/Internalisateur-systematique et Règlement 600/2014 UE intro point 21;V4 (fév. 2021);;;manuel/09-fonctionnement-marches.md
2079;9;9.3;C;Sur le marché réglementé, quelle est l'information non publiée ?;Le volume des transactions exécutées;Le prix auquel les transactions ont été exécutées;Le nom des prestataires de service d'investissement qui ont transmis les ordres exécutés;C;C;CMF (article L424-2) et voir site AMF : https://www.amf-france.org/Acteurs-et-produits/Marches-financiers-et-infrastructures/Autres-lieux-de-negociation/Systemes-multilateraux-de-negociation;V4 (fév. 2021);;;manuel/09-fonctionnement-marches.md
2080;9;9.3;C;Les cours auxquels sont effectuées les transactions sur les marchés réglementés sont :;Publiés par l'entreprise de marché;Publiés par l'AMF;Confidentiels;A;A;RGAMF Article 514-5;V4 (fév. 2021);;;manuel/09-fonctionnement-marches.md
2081;9;9.3;C;Selon quelle périodicité les entreprises de marché doivent-elles rendre compte à l'AMF des ordres reçus des membres des marchés réglementés qu'elle gère et des transactions effectuées dans ses systèmes ?;Hebdomadaire;Mensuelle;Quotidienne;C;C;Article 514-9 RGAMF;V4 (fév. 2021);;;manuel/09-fonctionnement-marches.md
2082;9;9.3;C;Après chaque opération, les prestataires de services d'investissement (PSI) doivent fournir un certain nombre d'informations à leurs clients. Notamment :;L'indication de l'heure d'exécution de l'ordre;L'identité de la personne qui a exécuté l'ordre;La rentabilité projetée à un an de l'opération;A;A;http://www.amf-france.org/documents/general/6905_1.pdf;V4 (fév. 2021);;;manuel/09-fonctionnement-marches.md
2084;9;9.3;C;Les gestionnaires de systèmes assurant la cotation de valeurs en continu doivent publier :;Au moins les cinq meilleures limites de prix à l'achat et à la vente sur ces valeurs;Au moins les dix meilleures limites de prix à l'achat et à la vente;Au moins les vingt meilleures limites de prix à l'achat et à la vente;A;A;Annexe 1 - Tableau 1 du Règlement délégué (UE) 2017/587 du 14 juillet 2016 complétant le règlement (UE) no 600/2014 concernant les marchés d'instruments financiers par des normes techniques de réglementation relatives aux obligations de transparence applicables aux plates-formes de négociation et aux entreprises d'investissement;V4 (fév. 2021);;;manuel/09-fonctionnement-marches.md
2087;9;9.3;C;Le LEI (legal entity identifier) est un identifiant unique attribué aux intervenants sur les marchés financiers afin de :;Faciliter la gestion et le contrôle des risques par les autorités publiques;Connaître précisément le nombre d'intervenants par marché;Mesurer le risque de corruption au niveau mondial;A;A;amf-france.org/Reglementation/Dossiers-thematiques/Marches/Fonctionnement-des-marches/LEI-pour-les--metteurs - Reglement UE MIFIR 600/2014;V4 (fév. 2021);;;manuel/09-fonctionnement-marches.md
2088;9;9.3;C;Le LEI (Legal Entity Identifier) indiqué par les personnes morales lors de leurs transactions financières est attribué par :;L'INSEE;L'Autorité européenne des marchés financiers (ESMA);La Banque de France;A;A;Site AMF - L'AMF attire l'attention des émetteurs de titres et des participants aux négociations en bourse sur l'obligation de fournir un code légal d'identification (LEI) - publié le 4 août 2017;V4 (fév. 2021);;;manuel/09-fonctionnement-marches.md
2115;9;9.3;C;L'entreprise de marché peut différer la publication des transactions sur un marché réglementé avec l'accord de :;L'ACPR (Autorité de Contrôle Prudentiel et de Résolution);L'AMF (Autorité des Marchés Financiers);La Banque de France;B;B;514-5 Règlement Général de l'AMF;V4 (fév. 2021);;;manuel/09-fonctionnement-marches.md
2122;9;9.3;C;Euronext doit publier :;Immédiatement le volume et le prix attachés à tous les ordres introduits dans le carnet d'ordres central;Immédiatement l'information qui concerne les transactions mais peut différer la publication des ordres introduits dans le carnet d'ordres central;Immédiatement l'information des ordres introduits dans le carnet d'ordres central mais peut différer la publication des transactions;A;A;Règles de marché d'Euronext, 5702/1;V4 (fév. 2021);;;manuel/09-fonctionnement-marches.md
2127;9;9.3;C;Que sont les dark pools ?;Des plates-formes organisées liées aux ordres de grande taille, sans aucune transparence pré-négociation;Des plates-formes organisées pour l'appariement des ordres de grande taille entre clients d'un même PSI;Des plates-formes organisées spécialisées dans le cleared market system;A;A;Voir le site : https://www.lafinancepourtous.com/outils/dictionnaire/dark-pool/;V4 (fév. 2021);;;manuel/09-fonctionnement-marches.md
2151;9;9.3;C;Quelle règle s'applique en matière de transparence prénégociation pour les marchés réglementés et les SMN ?;Ils doivent publier le nombre d'ordres et d'actions correspondant aux cinq meilleures offres et aux cinq meilleures demandes;Ils doivent publier les quantités de titres en attente aussi bien pour l'offre que pour la demande;Ils doivent publier le nombre d'ordres et d'actions qu'ils représentent pour la meilleure offre et la meilleure demande;A;A;Article 17 §2 du règlement (CE) n° 1287/2006 (page 9);V4 (fév. 2021);;;manuel/09-fonctionnement-marches.md
2163;9;9.3;C;Que permet le code LEI (Legal Entity Identifier) ?;L'immatriculation mondiale unique des contrats sur instruments financiers;L'immatriculation mondiale unique des contrats financiers sur matières premières;L'immatriculation mondiale unique des acteurs des marchés financiers;C;C;Règlement MIFIR 600/2014 art.26 Norme ISO 17442 https://www.iso.org/ Site INSEE https://www.lei-france.insee.fr;V4 (fév. 2021);;;manuel/09-fonctionnement-marches.md
2168;9;9.3;C;Quelles sont les obligations de transparence pré-négociation en termes d'affichage de prix pour un système dirigé par les prix ?;Le meilleur prix à l'achat et à la vente de chaque teneur de marché;Le prix moyen à l'achat et à la vente calculés sur les cours d'ouverture;Les cinq meilleures limites à l'achat et la vente;A;A;MIF Règlement d'exécution UE N°2017/587, CHAPITRE II TRANSPARENCE PRÉ-NÉGOCIATION Section 1 Transparence pré-négociation pour les plates-formes de négociation Article 3 Obligations de transparence pré-négociation https://eur-lex.europa.eu/legal-content/FR/TXT/PDF/?uri=CELEX:32017R0587 MIF Règlement délégué UE N°2019/442;V4 (fév. 2021);;;manuel/09-fonctionnement-marches.md
2173;9;9.3;C;Quelles informations Euronext doit-il rendre publiques dans le cadre de la transparence post-négociation ?;En temps réel, le prix, le volume d'actions négociées et l'heure de la transaction;En temps réel, le prix et le volume d'actions négociées uniquement;En temps réel, le prix et l'heure de la transaction uniquement;A;A;EURONEXT, Règles de marché d'Euronext Livre I : Règles harmonisées, chapitre 5, paragraphe 5702/1, page 61, 17 mai 2019.;V4 (fév. 2021);;;manuel/09-fonctionnement-marches.md
2187;9;9.3;C;L'obligation de transparence post-négociation introduite par la Directive MIF s'applique :;Aux seuls marchés réglementés;Aux marchés réglementés et aux internalisateurs systématiques;A tous les modes d'exécution des transactions;C;C;https://www.amf-france.org/technique/multimedia?docId=workspace://SpacesStore/20f64df6-c54b-4638-a8b8-59cadd40a6bb_fr_1.1_rendition;V4 (fév. 2021);;;manuel/09-fonctionnement-marches.md
2198;9;9.3;C;Pour quel type d'instruments financiers, les règles MIF II de transparence des informations sont-elles harmonisées entre les différents systèmes de négociation ?;Tous les instruments et les contrats financiers;Uniquement les actions et obligations cotées;Uniquement les actions et obligations non cotées;A;A;MIFIR RÈGLEMENT (UE) No 600/2014 art 6-10-20-21 Rapport AMF MIF 2 : Les principaux apports Publié le 25 juin 2018 MIF 2 va changer le cadre des marchés d'instruments financiers. Publication des transactions;V4 (fév. 2021);;;manuel/09-fonctionnement-marches.md
2206;9;9.3;C;L 'entreprise qui exploite un marché réglementé ou un Système Multilatéral de Négociation (SMN) répond à son obligation de transparence pré-négociation concernant une action :;En publiant les cinq meilleurs prix acheteurs et vendeurs qui se trouvent dans le marché pour cette action ainsi que les quantités exprimées à ces prix;En publiant dès que possible le prix, le volume et l 'heure de toute transaction qui vient d 'être exécutée pour cette action;En publiant en différé de 15 minutes la meilleure offre et la meilleure demande pour cette action;A;A;Article L421-21 du CMF;V4 (fév. 2021);;;manuel/09-fonctionnement-marches.md
2212;9;9.3;C;Sur les marchés actions, quelle différence existe-t-il entre l 'obligation de transparence pré-négociation qui échoit à un Système Multilatéral de Négociation (SMN) et celle qui échoit à un marché réglementé ?;Aucune, les deux sont soumis aux mêmes exigences;Le SMN peut utiliser une dérogation pour ne pas publier d 'information sur l 'offre et la demande (système de dark pool);Le SMN est soumis à des exigences de transparence renforcée par rapport au marché réglementé;A;A;"RÈGLEMENT DÉLÉGUÉ (UE) 2017/575 DE LA COMMISSION article 7 Règlement (UE) n°600/2014 du Parlement européen et du conseil du 15 mai 2014 concernant les marchés d 'instruments financiers ( ""MiFIR"" )";V4 (fév. 2021);;;manuel/09-fonctionnement-marches.md
2755;9;9.3;C;Les transactions pour lesquelles le LEI n'est pas obligatoire portent :;Sur les bons d'Etat;Sur les actions;Sur les parts sociales;C;C;;Récente (n° ≥ 2553);;;manuel/09-fonctionnement-marches.md
2092;9;9.4;C;L'activité de tenue de marché sur un ou plusieurs instruments financiers admis sur une plate-forme de négociation :;Peut être exercée librement par tout membre de ce marché;Nécessite la conclusion d'un accord entre le membre de marché et le gestionnaire de la plate-forme de négociation;Nécessite une autorisation spécifique du ministère de l'Economie et des Finances;B;B;Article premier du Règlement délégué (UE) 2017/578 du 13 juin 2016 complétant la directive 2014/65/UE concernant les marchés d'instruments financiers par des normes techniques de réglementation précisant les exigences relatives aux accords et aux systèmes de tenue de marché;V4 (fév. 2021);;;manuel/09-fonctionnement-marches.md
2094;9;9.4;C;Un animateur de marché est une entreprise, généralement une banque d'investissement, ou une personne qui, sur un marché donné :;Transmet, à une certaine périodicité, des prix à l'achat uniquement à sa clientèle;Publie des recommandations d'investissement à destination du marché;Transmet, en continu, des prix à l'achat et à la vente, soit à sa clientèle, soit à l'ensemble du marché;C;C;"RGAMF art. 612-1 ; AMF Pratique du marché admise AMF n° 2011-07 du 24 mars 2011";V4 (fév. 2021);;;manuel/09-fonctionnement-marches.md
2095;9;9.4;C;Quelles sont les sociétés qui peuvent conclure un contrat de liquidité avec un PSI ?;Les sociétés dont les actions font partie d'un indice;Les sociétés dont les actions sont cotées en continu;Toutes les sociétés dont les actions sont cotées;C;C;article 1 Décision AMF n° 2018-01;V4 (fév. 2021);;;manuel/09-fonctionnement-marches.md
2098;9;9.4;C;La réglementation impose aux PSI ayant fait exécuter des ordres pour compte de clients de fournir à leur autorité de tutelle :;La liste de tous les ordres exécutés, avec l'identification des clients concernés, ceci au plus tard au terme du jour ouvrable suivant;La liste de tous les ordres exécutés, avec l'identification des clients concernés, ceci au plus tard à la fin du mois;Seulement la liste des ordres les plus volumineux, ceci au plus tard à la fin du mois;A;A;Article 26 du Règlement (UE) n ° 600/2014 du 15 mai 2014 concernant les marchés d'instruments financiers et modifiant le règlement (UE) n ° 648/2012 Texte présentant de l'intérêt pour l'EEE;V4 (fév. 2021);;;manuel/09-fonctionnement-marches.md
2116;9;9.4;C;Qu'appelle t-on HFT (Trading à Haute Fréquence) pour une même EI (Entreprise d'Investissement) ?;Plus de 2 messages par seconde sur un même instrument financier sur une même plateforme;Plus de 10 messages par seconde sur un même instrument financier sur une même plateforme;Plus de 100 messages par seconde sur un même instrument financier sur une même plateforme;A;A;Article 19 Règlement délégué du 25 avril 2016;V4 (fév. 2021);;;manuel/09-fonctionnement-marches.md
2123;9;9.4;C;La directive MIF II exigent d'un marché réglementé qu'il soit en mesure d'identifier :;La liste de clients de tous les prestataires de service d'investissement (PSI) ayant recours à la négociation algorithmique;Les ordres générés par le trading algorithmique et les différents algorithmes utilisés par les acteurs ayant recours à la négociation algorithmique;Le montant total sous gestion des acteurs ayant recours à la négociation algorithmique;B;B;Directive 2014/65/EU Article 48-10;V4 (fév. 2021);;;manuel/09-fonctionnement-marches.md
2135;9;9.4;C;Le teneur de marché sur Euronext Paris:;Est doté d'un accès direct et continu à la négociation des ordres et transmet en continu des prix à l'achat et à la vente;N'a pas d'accès direct à la négociation des ordres;Exécute les ordres d'achat et de vente reçus sur le titre dont il assure la cotation;A;A;Règles de marché d'EURONEXT Livre I N° 4507;V4 (fév. 2021);;;manuel/09-fonctionnement-marches.md
2139;9;9.4;C;Lorsqu'ils ne sont pas membres d'Euronext, les intermédiaires financiers qui collectent des ordres auprès de leurs clients :;Exécutent ces ordres sur le marché;Transmettent les ordres à un membre négociateur;Transmettent les ordres à un valorisateur;B;B;Règles harmonisées d'Euronext art 1.1 Définitions;V4 (fév. 2021);;;manuel/09-fonctionnement-marches.md
2141;9;9.4;C;Le trading algorithmique est la négociation d'instruments financiers pour laquelle :;Un groupe de traders se réunit de façon hebdomadaire pour choisir les seuils d'intervention les plus pertinents;Un algorithme informatique détermine automatiquement les différents paramètres des ordres avec une intervention humaine limitée ou inexistante;Les résultats d'un programme de choix de valeurs sont validés régulièrement par un comité d'experts indépendants;B;B;EURONEXT RULE BOOK Book I: Harmonised Rules du 17 mai 2019 (page 7) entré en vigueur le 20 mai 2019 - reglement UE 2014/65 art 4/39;V4 (fév. 2021);;;manuel/09-fonctionnement-marches.md
2155;9;9.4;C;s'agissant du trading algorithmique, quelle affirmation est exacte ?;Les ordres stop-loss peuvent être lancés via du trading algorithmique;Le trading algorithmique est obligatoirement du trading de haute fréquence;Le trading algorithmique est réservé aux marchés réglementés;A;A;"voir le document AMF : ""Le trading haute fréquence vu de l'AMF"" - page 1";V4 (fév. 2021);;;manuel/09-fonctionnement-marches.md
2170;9;9.4;C;Quel est le rôle principal d'un market maker ?;Il assure la liquidité des titres en proposant en permanence des prix à l'achat et à la vente;Il assure la garantie de bonne fin des transactions qu'il négocie;Il surveille la transparence des marchés;A;A;Règlement UE N°236/2012 Position AMF 2013-09;V4 (fév. 2021);;;manuel/09-fonctionnement-marches.md
2188;9;9.4;C;Un animateur de marché :;Est chargé de gérer un marché OTC;Assure la liquidité d'un titre d'une société cotée;"Négocie les titres à ""la corbeille"" pour ses clients";B;B;https://www.banque-france.fr/fileadmin/user_upload/banque_de_france/archipel/publications/bdf_rsf/etudes_bdf_rsf/bdf_rsf_08_etu_2.pdf note p.69;V4 (fév. 2021);;;manuel/09-fonctionnement-marches.md
2194;9;9.4;C;Que peut-on dire sur le développement de la liquidité des marchés ?;Il existe des contrats d'animation de marché;Certaines valeurs uniquement peuvent bénéficier d'un contrat d'animation;Les animateurs de marché sont désignés d'office;A;A;Comofi L420-4 décision AMF N°2018-01 du 02/07/2018 Règles de marché Harmonisées d'Euronext chap 4art 4107;V4 (fév. 2021);;;manuel/09-fonctionnement-marches.md
2199;9;9.4;C;"Parmi ces différents statuts, quel est celui que peut adopter un ""broker"" en instruments financiers ?";Négociateur sur les marchés;Société de gestion;Assureur;A;A;AMAFI Documentation Contrat de liquidité http://www.amafi.fr/ Règles de marché harmonisées Euronext Chap 2,2;V4 (fév. 2021);;;manuel/09-fonctionnement-marches.md
2203;9;9.4;C;La Directive MIF2 a renforcé l 'encadrement du trading algorithmique. Les PSI réalisant du trading algorithmique doivent notamment :;Notifier les autorités compétentes, tester les algorithmes qu 'elles utilisent et leurs ordres doivent être marqués pour être identifiés par les autorités;Intervenir uniquement sur les marchés actions les plus liquides après avoir reçu une autorisation des marchés sur lesquels ils interviennent;Payer une taxe spécifique pour avoir le droit d 'utiliser leur algorithme au-delà d 'un seuil déterminé pour chaque valeur en fonction de sa liquidité;A;A;Article L533-10-5 du CMF;V4 (fév. 2021);;;manuel/09-fonctionnement-marches.md
2207;9;9.4;C;Au sein des marchés d 'instruments financiers, le rôle de l 'apporteur de liquidité est notamment :;D 'apporter des liquidités aux investisseurs en prenant les titres financiers achetés comme garantie du prêt;D'amortir les variations de volatilité sur le marché et de garantir les transactions à tout moment au meilleur prix;D 'apporter de nouveaux titres financiers sur les marchés réglementés d 'instruments financiers;B;B;"Euronext Rule Book - Book I: Harmonised Rules; ISSUE DATE: 17 MAY 2019 page 11 + rule 4107";V4 (fév. 2021);;;manuel/09-fonctionnement-marches.md
2756;9;9.4;C;En France, sont soumis au reporting des transactions à l'AMF :;Les prestataires de services d'investissement et les sociétés de gestions de portefeuille;Les sociétés de gestions de portefeuille;Les prestataires de services d'investissement;C;C;;Récente (n° ≥ 2553);;;manuel/09-fonctionnement-marches.md
2099;9;9.5;C;Parmi ces acteurs, lequel est un diffuseur de données financières relatives aux titres cotés ?;Euronext;La Commission Européenne;L'Autorité de contrôle prudentiel et de résolution (ACPR);A;A;RGAMF Article 514-5;V4 (fév. 2021);;;manuel/09-fonctionnement-marches.md
2102;9;9.5;C;Lorsqu'un PSI effectue des opérations de gré à gré sur des actions cotées pour compte propre ou pour le compte de clients :;Il n'est pas soumis aux obligations de transparence post-négociation sur ces opérations;Il doit publier immédiatement les heures, prix et volumes traités, ceci par tout moyen;Il doit publier ces informations par l'intermédiaire d'un dispositif de publication agréé;C;C;Article 20 du Règlement (UE) n ° 600/2014 du 15 mai 2014 concernant les marchés d'instruments financiers et modifiant le règlement (UE) n ° 648/2012 (dit MifIR);V4 (fév. 2021);;;manuel/09-fonctionnement-marches.md
2104;9;9.5;C;Pour exercer leur activité de publication des transactions, les prestataires de services de communication de données (PSCD) doivent être agréés par :;La Banque Centrale Européenne;L'AMF ou l'ACPR selon leur statut;Le ministère de l'économie et des finances;B;B;CMF L549-2;V4 (fév. 2021);obs;Depuis janvier 2022, la plupart des prestataires de services de communication de données (APA, ARM, CTP) sont agréés et supervisés par l'ESMA, et non plus par l'AMF ou l'ACPR. La base attend « l'AMF ou l'ACPR selon leur statut ».;manuel/09-fonctionnement-marches.md
2105;9;9.5;C;Quelle règle s'applique aux agences de notation ?;Elles doivent garder secrètes leurs méthodes de notation;Elles doivent publier leurs méthodes de notation et les appliquer de façon stable;Elles ne peuvent communiquer leurs méthodes de notation qu'aux entreprises notées;B;B;Guide pédagogique AMF Les agences de notation : Comprendre et utiliser leurs notes de crédit;V4 (fév. 2021);;;manuel/09-fonctionnement-marches.md
2106;9;9.5;C;Par données financières, on entend :;Des données descriptives des instruments financiers cotés uniquement;Des données relatives aux places boursières et aux marchés uniquement;Tous types de données relatives aux instruments, aux émetteurs et aux marchés;C;C;Règles harmonisées d'Euronext art 4502;V4 (fév. 2021);;;manuel/09-fonctionnement-marches.md
2107;9;9.5;C;L'Insee est :;L'institut chargé de calculer le PIB de la France;L'institut européen chargé de compiler les données des pays de l'Union européenne;L'institut chargé d'établir les statistiques douanières de la France;A;A;http://www.insee.fr/fr/themes/theme.asp?theme=16&sous_theme=1;V4 (fév. 2021);;;manuel/09-fonctionnement-marches.md
2108;9;9.5;C;Que mesure une note de crédit attribuée à un emprunteur par une agence de notation ?;La perception du risque de liquidité du point de vue de l'agence;La perception du risque de marché du point de vue de l'agence;La perception du risque de crédit du point de vue de l'agence;C;C;"AMF ""Les agences de notation : Comprendre et utiliser leurs notes de crédit"" §1";V4 (fév. 2021);;;manuel/09-fonctionnement-marches.md
2128;9;9.5;C;Laquelle des propositions suivantes est vraie ?;Reuters est une agence d'information et Moody's est une agence de notation;Fitch est une agence d'information et Bloomberg est une agence de notation;Standard and Poor's est une agence d'information et Bloomberg est une agence de notation;A;A;Voir le site : https://www.lafinancepourtous.com/decryptages/marches-financiers/acteurs-de-la-finance/agences-de-notation/;V4 (fév. 2021);;;manuel/09-fonctionnement-marches.md
2132;9;9.5;C;Quel est le rôle essentiel d'un diffuseur de données financières ?;Centraliser l'information en provenance de tous les acteurs du marché;Offrir les services d'un bureau d'études économiques et d'analyses financières;Offrir une plateforme de négociation sur les marchés;A;A;RGAMF art. 221-4;V4 (fév. 2021);;;manuel/09-fonctionnement-marches.md
2145;9;9.5;C;La loi MIF2 fait obligation aux APA (Approved Publication Arrangement - Dispositif de publication agréé) de diffuser les informations relatives aux négociations sur des plateformes dans les 15 minutes qui suivent la transaction. Cette diffusion est :;Privée et payante;Privée et gratuite;Publique et gratuite;C;C;DIRECTIVE 2014/65/UE Section 2 Article 64 - 1;V4 (fév. 2021);;;manuel/09-fonctionnement-marches.md
2148;9;9.5;C;En Europe, la création de systèmes consolidés de publication, regroupant des transactions exécutées sur plusieurs plate-formes :;Est impossible, vu le nombre de transactions à centraliser;Est interdite car elle génère des risques d'abus de marché;Est possible et encadrée réglementairement;C;C;Article 65 alinéa 1 inséré dans le Titre V - Section 3 Conditions applicables aux fournisseurs de système consolidé de publication (CTP) de la Directive 2014/65/UE du 15 mai 2014 concernant les marchés d'instruments financiers et modifiant la directive 2002/92/CE et la directive 2011/61/UE (dite MIF2);V4 (fév. 2021);;;manuel/09-fonctionnement-marches.md
2152;9;9.5;C;Qui est en charge de la supervision des agences de notation ?;Le pôle commun AMF/ACPR;L'Autorité européenne des marchés financiers (AEMF);Une autorité spécifique;B;B;Site ESMA/Supervision/Credit Rating Agencies;V4 (fév. 2021);;;manuel/09-fonctionnement-marches.md
2160;9;9.5;C;Pour avoir le droit d'exercer en Europe, une agence de notation doit bénéficier d'une autorisation de:;L'Autorité des marchés financiers (AMF);L'Autorité européenne des marchés financiers (ESMA);La Commission Européenne;B;B;"Autorité des marchés financiers - S'informer sur... Les agences de notation : Comprendre et utiliser leurs notes de crédit de notation, page 8 ""Les missions et pouvoirs de l'ESMA""";V4 (fév. 2021);;;manuel/09-fonctionnement-marches.md
2171;9;9.5;C;Qui calcule l'indice CAC 40 ?;"La société de diffusion de données ""Bloomberg""";Les services statistiques de l'AMF;L'entreprise de marché Euronext Paris;C;C;Euronext Règles des calcul des indices version 18-01 du 23/11/2018 https://www.euronext.com https://live.euronext.com › cac_family_rules_version_18-01fr_nov_2018;V4 (fév. 2021);;;manuel/09-fonctionnement-marches.md
2175;9;9.5;C;Quel est le cours qui est considéré comme le cours du jour, ou cours de référence, de la séance de Bourse ?;Le cours d'ouverture;Le cours le plus haut;Le cours de clôture;C;C;EURONEXT, Règles de marché d'Euronext Livre I : Règles harmonisées, chapitre 4 : Mécanismes de marché, paragraphe 4404/5, page 49, 17 mai 2019.;V4 (fév. 2021);;;manuel/09-fonctionnement-marches.md
2176;9;9.5;C;Quel est le principal indice de la Bourse de Paris ?;Nasdaq;Dow Jones;CAC 40;C;C;Site internet de la Bourse de Paris (définition): https://www.boursedeparis.fr/centre-d-apprentissage/glossaire;V4 (fév. 2021);;;manuel/09-fonctionnement-marches.md
2190;9;9.5;C;Les agences de notation :;Sont des institutions dépendant du Fonds monétaire international;Délivrent uniquement des notes à long terme sur les emprunts des Etats;Délivrent des notes à court et long terme sur la capacité des emprunteurs à rembourser leur dette;C;C;https://www.economie.gouv.fr/facileco/agences-notation-role-crise-reforme;V4 (fév. 2021);;;manuel/09-fonctionnement-marches.md
2195;9;9.5;C;Combien de valeurs comprend le Dow Jones Industrial Average, indice phare du New York Stock Exchange (NYSE) ?;30 valeurs;40 valeurs;50 valeurs;A;A;La Finance pour Tous https://www.lafinancepourtous.com/decryptages/marches-financiers/acteurs-de-la-finance/bourse/les-indices-boursiers/;V4 (fév. 2021);;;manuel/09-fonctionnement-marches.md
2200;9;9.5;C;Quelle mission peut, entre autres, assurer un prestataire de services de communication de données ?;Calculer le flottant d'un émetteur;Harmoniser les méthodes de calcul utilisées sur les marchés de taux;Gérer un système de consolidation de données boursières;C;C;Directive MIF II 2014/65/EU art 59 à 65, INSTRUCTION AMF 2014-01 PROGRAMME D'ACTIVITE DES PRESTATAIRES DE SERVICE D'INVESTISSEMENT ET INFORMATION DE L'AMF RG AMF art 311-2, 311-3, 312-1 et 312-2;V4 (fév. 2021);;;manuel/09-fonctionnement-marches.md
2211;9;9.5;C;Parmi les prestataires de services de communication de données suivant, lequel correspond à un APA, Approved Publication Arrangement (dispositif de déclaration agréé) ?;Un prestataire qui publie les transactions réalisées par des entreprises d 'investissement en dehors des plateformes de négociation;Un prestataire qui agrège les informations sur toutes les transactions pour un instrument financier donné provenant des plateformes de négociations et des entreprises d 'investissement;Un prestataire qui déclare les transactions effectuées au régulateur pour le compte d 'entreprises d 'investissement, en conformité avec l 'exigence de déclaration des transactions prévue par le règlement MIFIR au sein de MIF 2;A;A;https://amf-france.org/Acteurs-et-produits/Marches-financiers-et-infrastructures/De-MIF-1-a-MIF-2/Les-principaux-apports-de-MIF-2#title_paragraph_4 (publication des transactions);V4 (fév. 2021);;;manuel/09-fonctionnement-marches.md
2213;9;9.5;C;Parmi les prestataires de services de communication de données suivant, lequel correspond à un Consolidated Tape Provider (chambre d 'enregistrement consolidée) ?;Un prestataire qui publie les transactions réalisées par des entreprises d 'investissement en dehors des plateformes de négociation;Un prestataire qui agrège les informations sur toutes les transactions pour un instrument financier donné provenant des plateformes de négociations et des entreprises d 'investissement;Un prestataire qui déclare les transactions effectuées au régulateur pour le compte d 'entreprises d 'investissement, en conformité avec l 'exigence de déclaration des transactions prévue par le règlement MIFIR au sein de MIF 2;B;B;Article 4 définitions - DIRECTIVE 2014/65/UE DU PARLEMENT EUROPÉEN ET DU CONSEIL du 15 mai 2014;V4 (fév. 2021);;;manuel/09-fonctionnement-marches.md
2757;9;9.5;C;L'entité qui assure pour le compte d’entreprises d’investissement la publication de leurs transactions correspond au :;Système consolidé de publication;Mécanisme de déclaration agréé;Dispositif de publication agréé;C;C;;Récente (n° ≥ 2553);;;manuel/09-fonctionnement-marches.md
2215;10;10.1;C;"Que signifie l'expression de ""nominatif administré"" ?";L'inscription des titres dans le registre des titres nominatifs de l'émetteur et la gestion des titres par l'intermédiaire financier de l'actionnaire;L'inscription des titres dans le registre des titres nominatifs de l'intermédiaire financier de l'actionnaire et la gestion des titres par l'AMF;L'inscription des titres dans le registre des titres nominatifs de l'AMF et la gestion des titres par l'émetteur;A;A;RG AMF, art. 322-3.;V4 (fév. 2021);;;manuel/10-post-marche-infrastructures.md
2216;10;10.1;C;Pour obtenir l'habilitation de teneur de compte conservateur, les requérants adressent leur demande à :;La Banque Centrale Européenne (BCE);L'Autorité des Marchés Financiers (AMF);L'Autorité du Contrôle Prudentiel et de Résolution (ACPR);C;C;CMF art. R. 542-1 et R. 532-1;V4 (fév. 2021);;;manuel/10-post-marche-infrastructures.md
2218;10;10.1;C;Règlementairement, la tenue du passif d'un OPCVM correspond :;Aux missions de centralisation des ordres de souscription/rachat et de tenue du compte émission de l'OPCVM;A la valorisation des actifs composant le portefeuille de l'OPCVM;Au contrôle du respect des ratios réglementaires par le gérant de l'OPCVM;A;A;Article 411-64 du règlement général de l'AMF;V4 (fév. 2021);;;manuel/10-post-marche-infrastructures.md
2220;10;10.1;C;En France, la fonction de dépositaire central est assurée par :;Euronext France;Euroclear France;La Banque de France;B;B;.euroclear.com/services/en/provider-homepage/euroclear-france.html;V4 (fév. 2021);;;manuel/10-post-marche-infrastructures.md
2221;10;10.1;C;Les activités de tenue de compte-conservation d'instruments financiers :;Peuvent être exercées par des personnes morales et des personnes physiques;Ne peuvent pas être exercées par la Banque de France;Peuvent être exercées par les établissements de crédit établis en France;C;C;Article L542-1 CMF;V4 (fév. 2021);;;manuel/10-post-marche-infrastructures.md
2222;10;10.1;C;Quelle est la fonction du dépositaire central ?;Il fait le lien entre les intermédiaires financiers et les actionnaires;Il fait le lien entre les sociétés émettrices et les autorités de contrôle;Il fait le lien entre les sociétés émettrices et les intermédiaires financiers;C;C;"Site Internet de l'AMF : ""La supervision du dépositaire central de titres financiers"" 30 avril 2013";V4 (fév. 2021);;;manuel/10-post-marche-infrastructures.md
2223;10;10.1;C;Le système de communication qui assure de manière rapide et efficace le paiement et la livraison des valeurs entre entreprises de marché est :;Le système interbancaire;Le système SWIFT;Le SEPA;B;B;Site SWIFT: http://www.swift.com/about_swift/company_information/index.page?&lang=fr;V4 (fév. 2021);;;manuel/10-post-marche-infrastructures.md
2224;10;10.1;C;Dans la liste ci-dessous, quelle activité fait partie des missions de la chambre de compensation ?;Assurer la protection des clients contre les risques de défaillance des contreparties;Informer les clients sur leur situation fiscale;Conserver les instruments financiers détenus par ses clients;A;A;RG AMF art 541-25 et suivants;V4 (fév. 2021);;;manuel/10-post-marche-infrastructures.md
2225;10;10.1;C;S'agissant des teneurs de compte-conservateurs, la séparation des avoirs pour compte propre de ceux détenus pour compte de tiers est :;Facultative;Une décision interne prise par la majeure partie des teneurs de compte-conservateurs;Une obligation réglementaire;C;C;Article 322-7 du règlement général de l'AMF;V4 (fév. 2021);;;manuel/10-post-marche-infrastructures.md
2226;10;10.1;C;Comment est désignée l'entité en charge de la centralisation des ordres de souscription/rachat d'un OPC dans le prospectus de l'OPC ?;C'est le centralisateur de l'OPC;C'est le valorisateur de l'OPC;C'est le compensateur de l'OPC;A;A;Article 422-44 du RG AMF;V4 (fév. 2021);;;manuel/10-post-marche-infrastructures.md
2228;10;10.1;C;Le TCC (teneur de compte conservateur) :;Inscrit en compte les instruments financiers au nom du bénéficiaire;Doit informer l'ACPR des transactions sur les titres;Doit calculer l'impôt sur les plus-values sur les instruments financiers de ses clients;A;A;RG AMF art 322-3;V4 (fév. 2021);;;manuel/10-post-marche-infrastructures.md
2229;10;10.1;C;Depuis le 1er janvier 2004, la tenue administrative de compte d'épargne salariale est déléguée à des opérateurs dédiés appelés :;TCCP (Teneurs de Comptes Conservateurs de Parts);FCPE (Fonds Commun de Placement d'Entreprise);SGP (Société de Gestion de Portefeuille);A;A;N°2002-03 Code Monétaire et Financier;V4 (fév. 2021);;;manuel/10-post-marche-infrastructures.md
2230;10;10.1;C;La fonction de teneur de compte-conservateur consiste à :;Fournir un service d'investissement;Inscrire les titres financiers sur le compte ouvert au nom de l'investisseur;Assurer la circulation des instruments financiers entre les adhérents;B;B;"Note AMF ""S'informer sur la tenue de compte-conservation de titres financiers"" du 30 avril 2013";V4 (fév. 2021);;;manuel/10-post-marche-infrastructures.md
2231;10;10.1;C;Le dépositaire d'OPCVM a essentiellement pour fonctions;Le règlement et la livraison des actifs constitutifs de l'OPCVM;La conservation des actifs pour le compte de l'OPCVM et le contrôle de la régularité des actes de gestion de l'OPCVM;La tenue d'un compte titre au nom des clients de l'OPCVM;B;B;Directives OPCVM 1 à 5 et Directive AIFM - RGAMF art. 540-1 et 550-1 et 550-1-1;V4 (fév. 2021);;;manuel/10-post-marche-infrastructures.md
2239;10;10.1;C;Le dépositaire central de titres Euroclear France a notamment pour rôle :;D'autoriser toute introduction en bourse d'une nouvelle valeur;De remettre à chaque investisseur acheteur les titres physiques qui lui sont remis par le vendeur;D'assurer les virements de compte à compte des titres financiers entre participants;C;C;Article 10-7 des Règles de fonctionnement du Dépositaire Central Euroclear France, approuvées par Décision de l'AMF du 16 avril 2019 relative à l'agrément de la société Euroclear France SA en tant que dépositaire central de titres et approbation de ses règles de fonctionnement;V4 (fév. 2021);;;manuel/10-post-marche-infrastructures.md
2240;10;10.1;C;Qui approuve les règles de fonctionnement du dépositaire central ?;L'AFTI - Association Française des professionnels des Titres;La Banque de France;L'AMF;C;C;Article L441-1 du CMF;V4 (fév. 2021);;;manuel/10-post-marche-infrastructures.md
2241;10;10.1;C;Parmi les fonctions suivantes, laquelle est assurée par le dépositaire central ?;La compensation;La gestion du passif des OPC;L'enregistrement, sur les comptes de ses adhérents, des titres en circulation émis par les émetteurs et les opérations sur ces titres;C;C;La finance pour tous https://www.lafinancepourtous.com RG AMF art.550-1 https://www.amf-france.org/eli/fr/aai/amf/rg/550-1-1/article/20090805/fr.html;V4 (fév. 2021);;;manuel/10-post-marche-infrastructures.md
2242;10;10.1;C;Le rôle de la chambre de compensation est :;De garantir la bonne fin des paiements et des livraisons des ordres exécutés;D'enregistrer les titres en circulation émis par les émetteurs;D'assurer exclusivement la gestion du passif des OPC;A;A;COMOFI L440-10 et suivants La finance pour tous https://www.lafinancepourtous.com amf/Acteurs-et-produits/Marches-financiers-et-infrastructures/Chambre-de-compensation/amf-france.org/Acteurs-et-produits/Marches-financiers-et-infrastructures/Chambre-de-compensation/Les missions de la chambre de compensation https://www.amf-france.org/Acteurs-et-produits/Marches-financiers-et-infrastructures/Chambre-de-compensation;V4 (fév. 2021);;;manuel/10-post-marche-infrastructures.md
2244;10;10.1;C;Quelle est la définition correcte de la gestion du passif d'un OPC ?;Gérer le portefeuille d'instruments financiers détenus par l'OPC;La réception et l'enregistrement des ordres de souscription et rachat d'un OPC;Contrôler les décisions de la société de gestion de l'OPC;B;B;RG AMF art 411-64 à 71;V4 (fév. 2021);;;manuel/10-post-marche-infrastructures.md
2247;10;10.1;C;Quel est l'organisme qui garantit la bonne fin des opérations et qui est également la contrepartie unique des opérateurs de marché ?;La chambre de compensation;L'apporteur de liquidités sur Euroclear;SWIFT;A;A;C. mon. fin., art. L 440-1.;V4 (fév. 2021);;;manuel/10-post-marche-infrastructures.md
2250;10;10.1;C;SWIFT offre un canal de communication bancaire simple à ses adhérents. Comment ses adhérents sont-ils identifiés au sein du réseau ?;Ils sont identifiés au sein du réseau par leur code BIC (Bank Identifier Code);Ils sont identifiés au sein du réseau par leur code BBAN (Basic Bank Accounting Number);Ils sont identifiés au sein du réseau par leur code ISIN (International Securities Identification Numbers);A;A;https://www.swift.com/fr/about-us/discover-swift/messaging-standards#topic-tabs-menu;V4 (fév. 2021);;;manuel/10-post-marche-infrastructures.md
2251;10;10.1;C;Lorsque des titres financiers sont conservés directement au nom de l'actionnaire par la société émettrice, on parle de :;Nominatif pur;Nominatif direct;Nominatif administré;A;A;Art 322-2 RG AMF;V4 (fév. 2021);;;manuel/10-post-marche-infrastructures.md
2252;10;10.1;C;L'un des rôles exercés par un dépositaire de fonds :;Est d'être chargé de la gestion administrative de l'OPC;Est d'être chargé de la gestion comptable et financière de l'OPC;Est d'assurer le contrôle de la régularité des décisions de gestion prises pour le compte de l'OPC;C;C;https://www.amf-france.org/Acteurs-et-produits/Prestataires-financiers/Depositaires;V4 (fév. 2021);;;manuel/10-post-marche-infrastructures.md
2253;10;10.1;C;Lorsque des titres financiers sont détenus au nominatif, l'actionnaire est identifié par la société émettrice et peut gérer les titres selon deux modalités. Quelles sont-elles ?;Le nominatif pur et le nominatif administré;Le nominatif délégué et le nominatif au porteur;Le nominatif de premier ordre et le nominatif de second ordre;A;A;https://www.amf-france.org/Epargne-Info-Service/Comprendre-les-produits-financiers/Actions-Obligations/Actions/Nominatif-ou-porteur-Bien-choisir-le-mode-de-detention-de-vos-actions;V4 (fév. 2021);;;manuel/10-post-marche-infrastructures.md
2254;10;10.1;C;La fonction de tenue du registre des porteurs de titres au nominatif peut être assurée par :;Une société commerciale;L'AMF (Autorité des marchés financiers);L'émetteur des titres, lui-même;C;C;COMOFI art R211-4, RG AMF art 322-52;V4 (fév. 2021);;;manuel/10-post-marche-infrastructures.md
2256;10;10.1;C;Dans la liste ci-dessous, qui est un des acteurs du post-marché ?;L'entreprise de marché;Le dépositaire central;L'ESMA;B;B;RG AMF art 322-3;V4 (fév. 2021);;;manuel/10-post-marche-infrastructures.md
2258;10;10.1;C;Le dépositaire d'un Organisme de Placement Collectif (OPC) assure :;Les décisions de gestion stratégiques et l'allocation au quotidien des actifs de l 'OPC;Le contrôle de la régularité des décisions de gestion et la conservation des actifs de l 'OPC;Exclusivement la conservation des actifs de l 'OPC;B;B;Article 3 du RÈGLEMENT DÉLÉGUÉ (UE) 2016/438 DE LA COMMISSION du 17 décembre 2015;V4 (fév. 2021);;;manuel/10-post-marche-infrastructures.md
2259;10;10.1;C;Après une transaction, qui assure le transfert de propriété des instruments financiers en réalisant au sein de ses registres un virement des instruments du compte du vendeur vers celui de l 'acquéreur ?;Le dépositaire central;La chambre de compensation;Le teneur de marché;A;A;https://www.amf-france.org/Acteurs-et-produits/Marches-financiers-et-infrastructures/Depositaire-central;V4 (fév. 2021);;;manuel/10-post-marche-infrastructures.md
2260;10;10.1;C;Parmi les acronymes suivants, lequel correspond à un réseau interbancaire utilisé par la majorité des banques pour leurs paiements internationaux ?;SWIFT;Target 2;ESES France;A;A;"Vernimmen ""la gestion du BFR, de la trésorerie, des risques et de l'immobilier"" , p. 1095, Edition 2020";V4 (fév. 2021);;;manuel/10-post-marche-infrastructures.md
2157;10;10.2;C;à quels instruments financiers le règlement européen EMIR (European market and infrastructure regulation) s'applique-t-il ?;Uniquement aux dérivés OTC de matières premières;Aux dérivés OTC à l'exclusion de ceux de matières premières;A tous les dérivés de gré à gré;C;C;"voir le site : https://www.amf-france.org/Acteurs-et-produits/Produits-derives/Presentation : ""principes et champ d'application du règlement EMIR""";V4 (fév. 2021);;;manuel/10-post-marche-infrastructures.md
2214;10;10.2;C;Le règlement EMIR porte principalement sur quel type d'activité ?:;La gestion des FIA;Les marchés dérivés de gré à gré;Les Règlements-livraisons;B;B;Voir le site : https://www.amf-france.org/Acteurs-et-produits/Produits-derives/Presentation;V4 (fév. 2021);;;manuel/10-post-marche-infrastructures.md
2232;10;10.2;C;Le dépôt de garantie versé par l'adhérent d'une chambre de compensation est;Obligatoire et d'un montant déterminé par le Comité Européen des Valeurs Mobilières (CEVM);Obligatoire et sa nature et son étendue sont fixées par les règles de fonctionnement de la chambre de compensation;Optionnel si l'adhérent peut donner la preuve qu'il dispose d'actifs financiers nécessaires;B;B;RGAMF art. 541-25 à 34;V4 (fév. 2021);;;manuel/10-post-marche-infrastructures.md
2235;10;10.2;C;La chambre de compensation :;S'interpose par le mécanisme de la novation entre le vendeur et l'acheteur;Sert de dépositaire pour la majorité des PSI;Est responsable du fonctionnement du système multilatéral de négociation (SMN);A;A;Les marchés de capitaux Dupuy, Fontaine, Hamet 2019. p30 et 33;V4 (fév. 2021);;;manuel/10-post-marche-infrastructures.md
2236;10;10.2;C;Une fois passées les phases de négociation et de compensation, intervient la phase de :;Règlement-livraison;Livraison-inscription;Virement-livraison;A;A;banque-france.fr/stabilite-financiere/infrastructures-de-marche-et-systemes-de-paiement/infrastructure-des-marches-financiers/imf-traitant-les-titres ou amf-france.org/Epargne-Info-Service/Autres-infos-et-guides-pratiques/Investir-en-actions/Comprendre-le-circuit-d-un-ordre-de-bourse;V4 (fév. 2021);;;manuel/10-post-marche-infrastructures.md
2237;10;10.2;C;"Les règlements imputés dans les comptes de la Banque Centrale sont dits ""en monnaie banque centrale"" . Ces règlements sont :";Révocables;Irrévocables;Conditionnels;B;B;Banque de France - Infrastructures de paiement - Target 2 - https://www.banque-france.fr/stabilite-financiere/infrastructures-de-marche-et-systemes-de-paiement/target2-banque-de-France;V4 (fév. 2021);;;manuel/10-post-marche-infrastructures.md
2245;10;10.2;C;La Directive EMIR instaure entre autres :;Un approfondissement de la connaissance de ses clients;Le transfert de propriété des titres en J;Une obligation de compensation des dérivés de gré à gré standardisables;C;C;Note AMF des 11/08/2016 et 28/03/2019 La Finance pour Tous;V4 (fév. 2021);;;manuel/10-post-marche-infrastructures.md
2246;10;10.2;C;En matière de règlement-livraison, quelle affirmation est correcte ?;Le transfert de la propriété des titres s'opère au moment du dénouement du règlement-livraison;Le transfert de la propriété des titres s'opère au moment de la négociation;Le transfert de propriété n'est effectif que pour les opérations négociées en bourse;A;A;COMOFI art L211-17 et L431-2 https://www.legifrance.gouv.fr/affichCodeArticle.do?idArticle=LEGIARTI000006652944&cidTexte=LEGITEXT000006072026&dateTexte=20050401 RG AMF art 570-3 https://www.amf-france.org/eli/fr/aai/amf/rg/article/570-3/20181029/notes/fr.html;V4 (fév. 2021);;;manuel/10-post-marche-infrastructures.md
2248;10;10.2;C;Quelles sont les principales caractéristiques du système de règlement-livraison dans le cadre d'Euronext ?;Le règlement et la livraison des titres doivent être réalisés successivement dans cet ordre;Le transfert de propriété s'effectue à J + 1;Le règlement et la livraison obéissent à deux principes : la livraison contre paiement et des délais standard de dénouement;C;C;Site internet de la Banque de France : https://www.banque-france.fr/stabilite-financiere/infrastructures-de-marche-et-systemes-de-paiement/infrastructure-des-marches-financiers/imf-traitant-les-titres.;V4 (fév. 2021);;;manuel/10-post-marche-infrastructures.md
2249;10;10.2;C;Les titres financiers faisant l'objet d'une transaction sont traités par des infrastructures post-marchés. La chaîne de traitement des titres comprend plusieurs étapes. Quelles sont-elles ?;La négociation, la compensation, le règlement livraison;La négociation, la compensation, la livraison;La négociation, le règlement, la livraison;A;A;https://www.banque-france.fr/stabilite-financiere/infrastructures-de-marche-et-systemes-de-paiement/infrastructure-des-marches-financiers/imf-traitant-les-titres;V4 (fév. 2021);;;manuel/10-post-marche-infrastructures.md
2255;10;10.2;C;En France, le délai de règlement-livraison d'un ordre de bourse est de :;J+5;J+3;J+2;C;C;Règlement 2014/909/UE du 23/07/2014 Titre II Chap II art 5-2;V4 (fév. 2021);ctx;Règlement-livraison à J+2 : toujours vrai aujourd'hui, mais l'UE passera à J+1 le 11 octobre 2027. Réponse attendue : J+2.;manuel/10-post-marche-infrastructures.md
2261;10;10.2;C;Si un investisseur ne peut répondre à l 'appel de marge exigé par la chambre de compensation suite à une variation défavorable de sa position sur des instruments financiers à terme :;La chambre de compensation peut procéder à la clôture de la position du client et utiliser le dépôt de garantie pour faire face à la perte potentielle;L 'adhérent compensateur inflige une sanction pécuniaire à son client pour défaut de couverture;La chambre de compensation prête le montant manquant au client pour un délai maximum de 10 jours ouvrés;A;A;LCH SA - Règles de la Compensation : Articles : 4.5.2.2 / 4.5.2.4 / 4.5.2.5 / 4.5.3.1 / 4.5.3.2 Article 541-35 RG AMF;V4 (fév. 2021);;;manuel/10-post-marche-infrastructures.md
2719;10;10.2;C;Les produits dérivés :;Doivent faire l'objet d'une déclaration seulement s'ils sont négociés sur des plateformes;Doivent faire l'objet d'une déclaration seulement s'ils sont négociés de gré à gré;Doivent faire l'objet d'une déclaration, qu'ils soient négociés de gré à gré ou sur des plateformes;C;C;;Récente (n° ≥ 2553);;;manuel/10-post-marche-infrastructures.md
2721;10;10.2;C;Les contreparties centrales :;Communiquent uniquement sur les prix afférents aux services fournis;Communiquent uniquement sur les frais de chaque service fourni;Rendent publics les prix et les frais de chaque service fourni séparément, y compris les remises et les rabais, ainsi que les conditions à remplir pour bénéficier de ces réductions;C;C;;Récente (n° ≥ 2553);;;manuel/10-post-marche-infrastructures.md
2760;10;10.2;C;Le règlement-livraison d'instruments financiers constitue la dernière étape du processus de traitement d'une transaction. Il est piloté, après la négociation du titre par :;Le dépositaire central;La chambre de compensation;L'établissement teneur de compte;C;C;;Récente (n° ≥ 2553);;;manuel/10-post-marche-infrastructures.md
2262;11;11.1;C;Comment est appelé le marché sur lequel sont effectuées les augmentations de capital et les émissions d'obligations ?;Marché primaire;Marché secondaire;Marché libre;A;A;QUIRY Pascal et LE FUR Yann, Pierre Vernimmen Finance d'entreprise 2020, éditions Dalloz (Paris), 18ème édition, 16.7.;V4 (fév. 2021);;;manuel/11-emissions-operations-titres.md
2263;11;11.1;C;Concernant le financement participatif, quelle affirmation est fausse :;Il s'agit d'un financement reposant généralement sur un appel de fonds via internet;Il est obligatoirement géré par un syndicat de banques, compte tenu des montants très importants levés auprès du public;Il prend différentes formes, comme l'acquisition de titres de capital ou de créances ou de prêts;B;B;Ouvrage Finance d'entreprise 2019 - Pierre vernimmen, Pascal Quiry, Yann Le fur - Editions Dalloz, chapitre 23 - Les autres produits de dettes, point 23.29;V4 (fév. 2021);;;manuel/11-emissions-operations-titres.md
2264;11;11.1;C;Quelle règle s'applique dans le cadre d'un sondage de marché ?;Un PSI n'a pas la possibilité de diffuser aux futurs investisseurs des informations privilégiées;Un PSI peut diffuser aux futurs investisseurs des informations privilégiées, sous réserve de les informer du caractère privilégié et d'obtenir leur accord;Un PSI doit sans réserve diffuser aux futurs investisseurs des informations privilégiées sans avoir besoin de leur accord;B;B;Article 11 du Règlement (UE) No 596/2014 du parlement européen et du conseil;V4 (fév. 2021);;;manuel/11-emissions-operations-titres.md
2265;11;11.1;C;"Le marché ""gris"" obligataire est :";Un marché en amont du marché primaire;Un marché en aval du marché secondaire;Un trait d'union entre le marché primaire et secondaire;C;C;COMOFI Livre II;V4 (fév. 2021);;;manuel/11-emissions-operations-titres.md
2266;11;11.1;C;Quelle est la différence de statut entre une plate-forme de dons et une plate-forme de prêts de financement participatif ?;La plate-forme de prêt doit disposer du statut d'IFP et la plate-forme de dons dispose du statut d'IFP sur option;La plate-forme de prêt dispose sur option du statut d'IFP et la plate-forme de dons doit disposer du statut d'IFP;Aucune différence, les deux types de plate-forme doivent disposer du statut d'IFP;C;C;"Guide AMF : ""S'informer sur le nouveau cadre applicable au financement participatif (crowdfunding)"" mis à jour le 9 mai 2017";V4 (fév. 2021);ctx;"Depuis le régime européen ECSP (2023), les plateformes d'investissement et de prêt aux entreprises sont des PSFP agréés par l'AMF ; le statut d'IFP subsiste pour certains prêts et pour les dons. Réponse attendue de la base : statut d'IFP pour les deux.";manuel/11-emissions-operations-titres.md
2268;11;11.1;C;Le financement participatif :;Consiste à rechercher des fonds pour les entreprises sans risques pour les investisseurs;N'est pas règlementé;Est un moyen de rapprocher un émetteur dont les titres ne sont pas cotés et des investisseurs et est soumis à un cadre règlementaire précis;C;C;Position AMF Placement non garanti et financement participatif DOC 2014-10 du 30 septembre 2014 - CMF art. D. 321-1;V4 (fév. 2021);;;manuel/11-emissions-operations-titres.md
2269;11;11.1;C;Quelle est la bonne définition du service de placement non garanti ?;Rechercher des souscripteurs pour le compte d'un émetteur sans lui garantir le prix que paieront les souscripteurs;Rechercher des souscripteurs pour le compte d'un émetteur sans lui garantir un montant de souscription;Rechercher des souscripteurs pour le compte d'un émetteur sans lui garantir le délai de paiement par les souscripteurs;B;B;Article D321-1 du CMF;V4 (fév. 2021);;;manuel/11-emissions-operations-titres.md
2270;11;11.1;C;Sur les plateformes de financement participatif, les investisseurs peuvent financer des projets sous forme :;D'achat d'actions uniquement;D'achat d'actions ou de dons uniquement;D'achat d'actions, de prêts ou de dons;C;C;amf/depliant finance participative-2018.pdf - amf-france.org/Epargne-Info-Service/Comprendre-les-produits-financiers/Financement-participatif-crowdfunding;V4 (fév. 2021);;;manuel/11-emissions-operations-titres.md
2271;11;11.1;C;Qui est autorisé à diffuser les documents officiels relatifs à une émission de titres sur le marché ?;L'AMF exclusivement;L'émetteur exclusivement;L'AMF et l'émetteur;C;C;Voir le site : https://www.amf-france.org/Acteurs-et-produits/Societes-cotees-et-operations-financieres/Introduction-en-bourse.html;V4 (fév. 2021);;;manuel/11-emissions-operations-titres.md
2272;11;11.1;C;Concernant les sondages de marché, quelle affirmation est fausse :;Ils permettent de contacter des investisseurs potentiels afin de vérifier si les caractéristiques de l'obligation (taux d'intérêt, maturité...) sont en phase avec la demande du marché;Ils sont interdits par la réglementation européenne;Ils sont très encadrés en raison de l'information privilégiée fournie aux investisseurs;B;B;Article 11 du règlement (UE) No 596/2014 du 16 avril 2014 sur les abus de marché (dit MAR);V4 (fév. 2021);;;manuel/11-emissions-operations-titres.md
2274;11;11.1;C;Lors de l'admission aux négociations sur un marché réglementé français, un émetteur doit rédiger un prospectus. Quelle règle doit respecter ce prospectus ?;Il est soumis au visa préalable d'Euronext;Il s'agit d'un document confidentiel, destiné uniquement à l'AMF, pour évaluer la situation financière de l'émetteur;Il doit contenir les informations permettant aux investisseurs d'évaluer le patrimoine, la situation financière, le résultat et les perspectives de l'émetteur ainsi que les droits attachés aux titres et les conditions d'émission de ces derniers;C;C;AMF, Le prospectus, mars 2007, consulté sur le site www.amf-france.org [PDF] / C. mon fin., art. L 451-1-2 et s. / RG AMF, Livre II titre II / Guide de l'information périodique des sociétés cotées sur un marché réglementé.;V4 (fév. 2021);;;manuel/11-emissions-operations-titres.md
2275;11;11.1;C;Les contrôleurs légaux (commissaires aux comptes) de l'émetteur doivent-ils attester que les informations prévisionnelles, estimées ou pro forma, éventuellement présentées dans le prospectus ont été adéquatement établies ?;Non car ces informations sont de la responsabilité de l'émetteur;Non car ces informations ne font pas partie des comptes annuels;Oui;C;C;article 212-15 RG AMF;V4 (fév. 2021);;;manuel/11-emissions-operations-titres.md
2276;11;11.1;C;Sur quel marché peut-on acheter et vendre des titres déjà créés ?;Le marché primaire;Le marché secondaire;Le marché tertiaire;B;B;Banque et bourse 4e édition, DALLOZ;V4 (fév. 2021);;;manuel/11-emissions-operations-titres.md
2295;11;11.1;C;Qu'est-ce que le marché primaire ?;Le premier jour de cotation d'un nouveau titre;Le marché de l'émission de titres nouveaux;Le marché de négociation des entreprises dont le capital social est supérieur à 100 millions d'euros;B;B;Règles de marché Euronext COMOFI Livre IV;V4 (fév. 2021);;;manuel/11-emissions-operations-titres.md
2296;11;11.1;C;Le fait de souscrire ou d'acquérir directement auprès de l'Emetteur des instruments financiers admis à la négociation sur un marché réglementé, en vue de procéder à leur vente, est pour un Prestataire de Services d'Investissement :;Une prise ferme;Un placement non garanti;Un placement garanti;A;A;CMF art. L. 321-1 à 3 - vernimmen 2013 page 610 et 626 - AMAFI Lexique;V4 (fév. 2021);;;manuel/11-emissions-operations-titres.md
2301;11;11.1;C;"La technique de l'adjudication ""au prix demandé"" est dite :";A la française;A la hollandaise;A l'américaine;B;B;Dictionnaire des marchés financiers - Ed De Boeck - page 37;V4 (fév. 2021);;;manuel/11-emissions-operations-titres.md
2305;11;11.1;C;Parmi les affirmations suivantes laquelle est vraie ?;La finance participative permet de financer les entreprises en leur prêtant de l 'argent ou en investissant en actions, obligations, ou encore minibons qui s 'apparentent à des bons de caisse;La finance participative est un mode de financement direct des entreprises qui est désormais plus importante que les émissions obligataires au sein de l 'UE;La finance participative implique d 'investir dans des titres financiers très risqués et chaque investisseur ne peut souscrire chaque année plus de 10 000 € de titres émis de cette façon;A;A;L547-1 / D547-1 CMF;V4 (fév. 2021);obs;Les minibons ont été supprimés lors de l'entrée en vigueur du régime européen du financement participatif (ECSP, transition achevée le 10/11/2023). Le reste de la réponse (prêts, actions, obligations) reste juste.;manuel/11-emissions-operations-titres.md
2761;11;11.1;C;Le seuil de déclenchement de l'obligation d'établir un prospectus d'offre au public est fixé à :;1 million d'euros;8 millions d'euros;100 millions d'euros;B;B;;Récente (n° ≥ 2553);obs;Seuil français de dispense de prospectus pour une offre au public : 8 M€ dans la base. Le Listing Act européen l'a porté à 12 M€ sur 12 mois à partir de mars 2026. Si la question tombe avec ces choix, la base attend 8 M€.;manuel/11-emissions-operations-titres.md
2125;11;11.2;C;Lors des introductions en bourse et dans le cadre de l'offre à prix ouvert :;Seuls les ordres passés par les professionnels sont révocables;Seuls les ordres passés par les clients particuliers sont révocables;La quasi-totalité des ordres, particuliers ou professionnels sont révocables;C;C;Voir document AMF : Position-Recommandation AMF Les introductions en bourse - DOC-2015-02;V4 (fév. 2021);;;manuel/11-emissions-operations-titres.md
2278;11;11.2;C;Dans la liste ci-dessous, quelle affirmation concernant une fusion-absorption est correcte ?;Les actionnaires de la société dissoute sont systématiquement indemnisés en espèces;Les actionnaires de la société absorbante sont indemnisés en espèces;Les actionnaires de la société dissoute reçoivent de nouvelles actions;C;C;Directive 2004/25 concernant les offres publiques d'acquisition Norme IFRS N°5;V4 (fév. 2021);;;manuel/11-emissions-operations-titres.md
2279;11;11.2;C;Lors d'une OPA (Offre Publique d'Achat), l'initiateur propose aux actionnaires d'échanger leurs titres contre :;Des options d'achat;Des liquidités;Des titres de la société initiatrice;B;B;vernimmen 2020 chap 47;V4 (fév. 2021);;;manuel/11-emissions-operations-titres.md
2280;11;11.2;C;Parmi les offres suivantes, laquelle est une offre publique d'échange (OPE) ?;Une offre où l'acquisition des titres par l'initiateur est proposée contre une somme en espèces;Une offre où l'acquisition des titres est proposée en échange d'autres titres cotés, émis ou à émettre;Une offre où le règlement s'effectue en partie en titres et en partie en espèces;B;B;"Note AMF ""COMPRENDRE LES OFFRES PUBLIQUES D'ACQUISITION : OPA, OPE, ETC.""";V4 (fév. 2021);;;manuel/11-emissions-operations-titres.md
2281;11;11.2;C;Une augmentation de capital doit :;Etre approuvée par une assemblée générale extraordinaire;Etre approuvée par une assemblée générale ordinaire;Avoir été obligatoirement programmée dans les statuts au moment de la création de la société;A;A;Article L225-129 du code de commerce;V4 (fév. 2021);;;manuel/11-emissions-operations-titres.md
2283;11;11.2;C;Le sigle OPA signifie :;Offre au Public d'Actions;Offre Publique d'Acquisition;Offre de Paiement en actions;B;B;CMF art. L. 231-1;V4 (fév. 2021);;;manuel/11-emissions-operations-titres.md
2284;11;11.2;C;Une offre publique d'achat :;Consiste, pour une entreprise, à proposer un rachat d'une autre société par échange de titres avec les actionnaires de cette autre société;Est obligatoirement exercée par une personne morale;Permet à une entreprise de prendre le contrôle d'une autre entreprise par rachat des actions de cette société auprès de ses actionnaires;C;C;Article 231-1 du règlement général de l'AMF;V4 (fév. 2021);;;manuel/11-emissions-operations-titres.md
2286;11;11.2;C;Laquelle des propositions suivantes ne constitue pas une modalité d'augmentation du capital social d'une société anonyme ?;L'émission d'actions ordinaires ou d'actions de préférence;L'intégration des réserves dans le capital social;La division du nominal de l'action de cette société;C;C;Article L. 225-127 du code de comerce;V4 (fév. 2021);;;manuel/11-emissions-operations-titres.md
2288;11;11.2;C;Dans quel cas le lancement d'une OPA (Offre Publique d'Achat) / OPE (Offre Publique d'Échange) est-il obligatoire ?;En cas de franchissement du seuil du quart du capital ou des droits de vote d'une société;En cas de franchissement du seuil de 30 % du capital ou des droits de vote d'une société;En cas de franchissement du seuil de 40 % du capital ou des droits de vote d'une société;B;B;RG AMF, art. 234-2 et s. / RG AMF, livre II titre III.;V4 (fév. 2021);;;manuel/11-emissions-operations-titres.md
2289;11;11.2;C;L'initiateur d'une offre publique peut-il permettre aux détenteurs de procéder à la cession différée de leurs titres sur option ?;Non les cessions différées de titres sont strictement interdites dans le cadre d'une offre publique;Oui à condition de respecter plusieurs conditions : obtenir l'accord préalable de l'AMF, que l'option puisse être exercée dans un délai raisonnable et qu'elle ait un caractère subsidiaire à l'offre principale;Oui à condition de respecter plusieurs conditions : que l'option puisse être exercée dans un délai raisonnable, qu'elle ait un caractère subsidiaire à l'offre principale et que son exercice soit garanti par l'établissement présentateur de l'offre;C;C;Article 231-8, dernier alinéa RGAMF;V4 (fév. 2021);;;manuel/11-emissions-operations-titres.md
2290;11;11.2;C;Dans le cadre d'une introduction sur Euronext Paris, quel pourcentage de capital la société doit-elle au minimum diffuser ?;Au minimum 50 % de son capital ou 10 % si cela représente au moins 10 millions d'euros;Au minimum 25 % de son capital ou 5 % si cela représente au moins 5 millions d'euros;Au minimum 15% de son capital;B;B;"Document AMF du 13 avril 2015 ""Préparer son introduction en bourse""";V4 (fév. 2021);;;manuel/11-emissions-operations-titres.md
2291;11;11.2;C;Une augmentation de capital peut avoir lieu :;En espèces uniquement;A titre gratuit ou en numéraire;En numéraire uniquement;B;B;vernimmen 2020 chap 35/36/40;V4 (fév. 2021);;;manuel/11-emissions-operations-titres.md
2292;11;11.2;C;S'agissant des dividendes versés par les sociétés françaises :;Leur paiement ne peut s'effectuer qu'en espèces;Les sociétés doivent obligatoirement proposer aux actionnaires une option entre le paiement du dividende en espèces ou en actions;Les sociétés peuvent prévoir dans leurs statuts une option entre le paiement du dividende en espèces ou en actions;C;C;Article L232-18 du code du commerce;V4 (fév. 2021);;;manuel/11-emissions-operations-titres.md
2294;11;11.2;C;"En quoi consiste un ""split"" ?";Au rachat de ses titres par un émetteur;A diminuer la valeur nominale d'une action en la divisant en plusieurs titres;A augmenter le capital d'une société à titre onéreux;B;B;Vernimmen - Lexique de Finance;V4 (fév. 2021);;;manuel/11-emissions-operations-titres.md
2297;11;11.2;C;Une fusion-absorption entre deux sociétés est une opération à l'issue de laquelle;Une seule société conserve une personnalité juridique, l'autre étant dissoute (absorbée);Deux nouvelles sociétés sont créées;Les deux sociétés sont dissoutes et une troisième société est créée;A;A;vernimmen 2012 chapitre 10;V4 (fév. 2021);;;manuel/11-emissions-operations-titres.md
2298;11;11.2;C;Parmi les opérations suivantes, laquelle constitue une opération sur titres ?;Le paiement des dividendes;Un achat de titre;Une vente de titre;A;A;Voir le document AFTI : Harmonisation européenne des opérations sur titres (oct 2018);V4 (fév. 2021);;;manuel/11-emissions-operations-titres.md
2299;11;11.2;C;Une OPA est une :;Opération par laquelle une entreprise achète les actions d'une autre entreprise et en devient propriétaire;Opération par laquelle la chambre de compensation s'interpose entre l'acheteur et le vendeur de titres;Opération publique anticipée;A;A;Vernimmen 2020 (47.22 p978);V4 (fév. 2021);;;manuel/11-emissions-operations-titres.md
2300;11;11.2;C;Une offre publique est qualifiée d'amicale lorsque :;L'initiateur de l'offre et la cible ont des administrateurs communs;L'AMF considère que l'ensemble des procédures requises sont respectées;Le conseil d'administration de la cible recommande aux actionnaires d'apporter leurs titres à l'offre;C;C;Vernimmen 2020 (47.23 p979);V4 (fév. 2021);;;manuel/11-emissions-operations-titres.md
2304;11;11.2;C;"Dans le cadre des offres publiques, une offre publique ""mixte"" est :";Une combinaison d 'une Offre Publique d 'Acquisition (OPA) et d 'une Offre Publique de Vente (OPV);Une offre publique dans laquelle le règlement de l'apport des titres financiers à l'offre est rémunéré en numéraire et en titres financiers;Une combinaison d 'une Offre Publique d 'Echange (OPE) et d 'une Offre Publique de Vente (OPV);B;B;"Vernimmen ""les négociations du contrôle"" , p. 978, Edition 2020";V4 (fév. 2021);;;manuel/11-emissions-operations-titres.md
2752;11;11.2;C;L'émission de titres financiers à l'occasion d'une introduction en bourse ou d'une augmentation de capital se fait sur un marché :;Essentiel;Primaire;De matières primaires;B;B;;Récente (n° ≥ 2553);;;manuel/11-emissions-operations-titres.md
2762;11;11.2;C;Une action de concert est :;Le fait pour des personnes de conclure un accord en vue d'acquérir, de céder ou d'exercer des droits de vote, pour mettre en œuvre une politique commune vis-à-vis de la société ou pour obtenir le contrôle de cette société;Le fait pour les actionnaires minoritaires de contraindre les actionnaires majoritaires à acheter leurs titre lors d'un changement substantiels de nature à affecter la rentabilité de ces participations;L'échange par une société émettrice de titres de créance ne donnant pas accès au capital contre des titres de capital ou donnant accès au capital;A;A;;Récente (n° ≥ 2553);;;manuel/11-emissions-operations-titres.md
2306;12;12.1;C;Dans le compte de résultat, lequel parmi les éléments suivants fait partie des produits :;Les frais de personnel;Le chiffre d'affaires;Le capital social;B;B;Plan comptable général de l'Autorité des Normes Comptables Livre I Titre V Chapitre 1 section 2;V4 (fév. 2021);;;manuel/12-bases-comptables-fiscales.md
2307;12;12.1;C;Qu'est-ce que le compte de résultat ?;Le compte de résultat regroupe toutes les charges et les produits d'une entreprise pour un exercice comptable;Le compte de résultat permet d'apprécier la capacité d'une entreprise à autofinancer ses investissements;Il recense à un instant donné l'ensemble des actifs de l'entreprise d'une part et l'ensemble de son passif d'autre part;A;A;C. com., art. R 123-192 et s. / QUIRY Pascal et LE FUR Yann, Pierre Vernimmen Finance d'entreprise 2020, éditions Dalloz (Paris), 18ème édition, 4.2.;V4 (fév. 2021);;;manuel/12-bases-comptables-fiscales.md
2308;12;12.1;C;Pendant combien de temps les documents comptables et les pièces justificatives doivent-ils être conservés par les entreprises après la clôture de l'exercice ?;Deux ans;Cinq ans;Dix ans;C;C;Article L 123-22, alinéa 2 c. com.;V4 (fév. 2021);;;manuel/12-bases-comptables-fiscales.md
2309;12;12.1;C;A partir de quel document sont calculés les SIG - Soldes intermédiaires de gestion ?;Du compte de résultat;Du bilan;Des états de trésorerie;A;A;Plan comptable Tableau n° 523-7 des SIG;V4 (fév. 2021);;;manuel/12-bases-comptables-fiscales.md
2310;12;12.1;C;Les sociétés françaises cotées sur un marché réglementé ne sont pas tenues d'établir et de publier;Leurs comptes consolidés;Leur plan de développement;Le rapport des commissaires aux comptes sur leurs comptes consolidés;B;B;CMF art. L. 451-1-2;V4 (fév. 2021);;;manuel/12-bases-comptables-fiscales.md
2311;12;12.1;C;Dans la comptabilité d'une société, le passif représente :;L'ensemble des dettes de la société;L'ensemble des ressources de l'entreprise, principalement : les capitaux propres, les dettes d'exploitation ou bancaires;L'ensemble des découverts bancaires;B;B;Plan comptable général de l'Autorité des Normes Comptable Livre I Titre III Chapitre 2 section 1;V4 (fév. 2021);;;manuel/12-bases-comptables-fiscales.md
2312;12;12.1;C;Lequel de ces éléments figure dans le compte de résultat?;Les emprunts;Les charges financières;Les immobilisations;B;B;Art. 823-2 du Règlement n°2014-03 relatif au Plan comptable général version consolidée au 1er janvier 2019 - ANC (Autorité des normes comptables);V4 (fév. 2021);;;manuel/12-bases-comptables-fiscales.md
2314;12;12.1;C;Toute entreprise doit publier des comptes annuels. En normes comptables françaises, ils sont composés :;Du bilan, du compte de résultat et d'une annexe;Du bilan, du compte de résultat, du tableau de variation des capitaux propres;Du compte de résultat et du rapport de gestion;A;A;Article L123-12 du code commerce;V4 (fév. 2021);;;manuel/12-bases-comptables-fiscales.md
2316;12;12.1;C;Lequel de ces éléments figure dans le bilan ?;Le capital;Les charges de personnel;Le chiffre d'affaires;A;A;Art. 821-1 du Règlement n°2014-03 relatif au Plan comptable général version consolidée au 1er janvier 2019 - ANC (Autorité des normes comptables);V4 (fév. 2021);;;manuel/12-bases-comptables-fiscales.md
2317;12;12.1;C;Parmi les comptes suivants, quel est celui qui ne constitue pas une charge ?;La production stockée;Les charges locatives;Les dotations aux amortissements;A;A;C. com., art. R 123 - 193 et s. / Recueil 2018 des normes comptables françaises - comptes annuels (Règlement n°2014-03 du 5 juin 2014 relatif au plan comptable général).;V4 (fév. 2021);;;manuel/12-bases-comptables-fiscales.md
2318;12;12.1;C;Le compte de résultat d'une entreprise :;Récapitule les éléments actifs et passifs de l'entreprise, et fait apparaître, de façon distincte, les capitaux propres;Récapitule les produits et les charges de l'exercice en prenant en compte leur date d'encaissement ou de paiement;Récapitule les produits et les charges de l'exercice, sans qu'il soit tenu compte de leur date d'encaissement ou de paiement;C;C;Article L123-13, alinéa 2 c. com.;V4 (fév. 2021);;;manuel/12-bases-comptables-fiscales.md
2320;12;12.1;C;Dans le bilan d'une entreprise quel est l'effet de la part de résultat positif qui n'est pas distribuée aux actionnaires ?;Elle augmente les capitaux propres;Elle augmente le résultat de l'exercice;Elle augmente les comptes courants d'associé;A;A;Article 941-12 du recueil des normes comptables françaises;V4 (fév. 2021);;;manuel/12-bases-comptables-fiscales.md
2321;12;12.1;C;Qu'est-ce qu'un passif ?;Un passif est un élément du patrimoine ayant une valeur économique négative pour l'entité, c'est-à-dire une obligation de l'entité à l'égard d'un tiers dont il est probable ou certain qu'elle provoquera une sortie des ressources au bénéfice de ce tiers, sans contrepartie au moins équivalente attendue de celui-ci;Un passif est un élément identifiable du patrimoine ayant une valeur économique positive pour l'entité, c'est-à-dire un élément générant une ressource que l'entité contrôle du fait d'évènements passés et dont elle attend des avantages économiques futurs;Un passif est une somme reçue ou à recevoir en contrepartie de la fourniture par l'entreprise de biens, travaux et services;A;A;PCG, Art. 212-1;V4 (fév. 2021);;;manuel/12-bases-comptables-fiscales.md
2322;12;12.1;C;Les dettes d'une entreprise s'enregistrent :;A l'actif du bilan;Au passif du bilan;Dans le compte de résultat;B;B;vernimmen 2020 chap 4;V4 (fév. 2021);;;manuel/12-bases-comptables-fiscales.md
2323;12;12.1;C;Dans le Plan Comptable Général français, les postes d'actif sont classés par :;Exigibilité croissante;Liquidité croissante;Liquidité décroissante;B;B;Voir le site : http://www.plancomptable.com/titre-IV/titre-IV_chapitre-III_section-1.htm#431-1;V4 (fév. 2021);;;manuel/12-bases-comptables-fiscales.md
2324;12;12.1;C;Quelle affirmation concernant la comptabilité est exacte ?;Seuls les flux de trésorerie sont enregistrés;La comptabilité n'est utile que pour l'AMF;Le bilan et le compte de résultat sont regroupés dans la liasse fiscale;C;C;Plan comptable de l'Autorité des Normes Comptable général Livre IV Titre VIII Chapitre 4 section 2;V4 (fév. 2021);;;manuel/12-bases-comptables-fiscales.md
2325;12;12.1;C;Quelle est la fonction de l'amortissement?;Constater l'usure des actifs immobilisés;Constater une perte de valeur passagère des actifs;Diminuer le montant d'une dette;A;A;Article R. 123-179 du code de commerce;V4 (fév. 2021);;;manuel/12-bases-comptables-fiscales.md
2326;12;12.1;C;"Laquelle des trois propositions correspond à la définition suivante ? ""Recense l'ensemble des flux qui modifient positivement ou négativement le patrimoine de l'entreprise pendant une période donnée"" .";Le rapport de gestion;Le compte de résultat;Le bilan;B;B;http://www.vernimmen.net/html/glossaire/definition_compte_de_resultat.html;V4 (fév. 2021);;;manuel/12-bases-comptables-fiscales.md
2328;12;12.1;C;En comptabilité, qu'est-ce qu'une provision ?;Une provision est un passif dont l'échéance ou le montant n'est pas fixé de façon précise;Une provision est un passif dont l'échéance et le montant sont fixés de façon précise;Une provision est un actif;A;A;PCG Art. 212-2;V4 (fév. 2021);;;manuel/12-bases-comptables-fiscales.md
2329;12;12.1;C;Le taux de rentabilité des capitaux propres correspond :;Au résultat net divisé par les capitaux propres;Au chiffre d'affaires divisé par les capitaux propres;Au solde d'exploitation divisé par les capitaux propres;A;A;Ouvrage Finance d'entreprise 2019 - Pierre vernimmen, Pascal Quiry, Yann Le fur - Editions Dalloz, chapitre 14 - L'analyse de la rentabilité comptable, point 14.5;V4 (fév. 2021);;;manuel/12-bases-comptables-fiscales.md
2330;12;12.1;C;Dans le bilan, lequel parmi les éléments suivants fait partie du passif ?;Les créances client;Les immobilisations;Le capital social;C;C;Plan comptable général de l'Autorité des Normes Comptable Livre I Titre III Chapitre 1 section 1;V4 (fév. 2021);;;manuel/12-bases-comptables-fiscales.md
2331;12;12.1;C;Dans le bilan d'une société, le passif représente :;Uniquement les dettes;L'ensemble des ressources (capitaux propres et dettes);L'ensemble des charges à payer;B;B;vernimmen 2020 chap 4;V4 (fév. 2021);;;manuel/12-bases-comptables-fiscales.md
2332;12;12.1;C;Le bilan comptable d'une entreprise :;Décrit séparément les éléments actifs et passifs de l'entreprise, et fait apparaître, de façon distincte, les capitaux propres;Récapitule les produits et les charges de l'exercice, sans qu'il soit tenu compte de leur date d'encaissement ou de paiement;Complète et commente l'information donnée par le compte de résultat;A;A;Article L 123-13 c. com.;V4 (fév. 2021);;;manuel/12-bases-comptables-fiscales.md
2333;12;12.1;C;Que reflète la CAF ?;La part des investissements financée par l'entreprise;La part de la valeur ajoutée qui reste dans l'entreprise;La trésorerie potentielle dégagée par l'activité courante de l'entreprise;C;C;Voir fiche N°21 sur le site : http://www4.minefi.gouv.fr/budget/circpdf/f02-21.pdf;V4 (fév. 2021);;;manuel/12-bases-comptables-fiscales.md
2334;12;12.1;C;Qu'est-ce que la marge commerciale ?;Il s'agit de la différence entre le montant hors taxe (HT) des ventes et le coût d'achat HT des marchandises vendues, au cours d'un exercice comptable;Il s'agit de la différence entre le prix de vente toutes taxes comprises (TTC) et le coût d'achat TTC des marchandises vendues;Il s'agit de la performance industrielle de l'entreprise;A;A;QUIRY Pascal et LE FUR Yann, Pierre Vernimmen Finance d'entreprise 2020, éditions Dalloz (Paris), 18ème édition, 10.14.;V4 (fév. 2021);;;manuel/12-bases-comptables-fiscales.md
2335;12;12.1;C;Dans quel poste sont comptabilisées les dotations aux amortissements et aux provisions ?;Dans le compte de résultat, dans les charges;Dans le compte de résultat, dans les produits;Dans le hors bilan;A;A;Art. 946 du recueil des normes comptables;V4 (fév. 2021);;;manuel/12-bases-comptables-fiscales.md
2336;12;12.1;C;Il permet, par sa simple lecture, de comparer l'actif et le passif d'une entreprise d'une année sur l'autre. De quoi s'agit-il ?;Le compte de résultat;Le bilan;Le rapport annuel;B;B;C. com. art. L 123-12 / Recueil 2018 des normes comptables françaises - comptes annuels (Règlement n°2014-03 du 5 juin 2014 relatif au plan comptable général),;V4 (fév. 2021);;;manuel/12-bases-comptables-fiscales.md
2337;12;12.1;C;Quel principe doivent respecter les comptes annuels d'une entreprise ?;Le principe de méfiance;Le principe d'obéissance;Le principe de prudence;C;C;Article L123-20, alinéa 1 c. com;V4 (fév. 2021);;;manuel/12-bases-comptables-fiscales.md
2338;12;12.1;C;La marge commerciale :;Est égale au résultat net;Est la différence entre le montant des ventes de marchandises et leur coût d'achat;Est la différence entre le montant des ventes de marchandises et leur coût d'achat majoré des frais de personnel;B;B;Ouvrage Finance d'entreprise 2019 - Pierre vernimmen, Pascal Quiry, Yann Le fur - Editions Dalloz, chapitre 10 - L'analyse des marges : structure, point 10.14;V4 (fév. 2021);;;manuel/12-bases-comptables-fiscales.md
2395;12;12.1;C;La valeur ajoutée mesure :;La collecte des taxes effectuée par l'entreprise pour compte de l'Etat;La richesse brute créée par l'entreprise dans le cadre de son activité;La différence entre le prix du stock en début d'exercice et en fin d'exercice;B;B;Définition;V4 (fév. 2021);;;manuel/12-bases-comptables-fiscales.md
2396;12;12.1;C;Le ratio capitaux propres/ actif est un indicateur de :;La capacité d'endettement de l'entreprise;L'autonomie financière de l'entreprise;La rentabilité de l'entreprise;B;B;Vernimmen - Lexique financier;V4 (fév. 2021);;;manuel/12-bases-comptables-fiscales.md
2399;12;12.1;C;Dans le compte de résultat, lequel parmi les éléments suivants fait partie des charges :;Les frais de personnel;Le chiffre d'affaires;Le capital social;A;A;Plan comptable général de l'Autorité des Normes Comptables Livre IV Titre IX Chapitre 4 section 6;V4 (fév. 2021);;;manuel/12-bases-comptables-fiscales.md
2401;12;12.1;C;"Dans le compte de résultat, on désigne par ""charges"" :";Les investissements réalisés par l'entreprise;Les biens et services consommés par l'entreprise dans son processus d'exploitation;Aucune réponse ne convient;B;B;Site internet fimarkets.com - vernimmen 2012 chapitre 3;V4 (fév. 2021);;;manuel/12-bases-comptables-fiscales.md
2402;12;12.1;C;Dans le bilan, lequel parmi les éléments suivants fait partie de l'actif ?;Les créances client;Le chiffre d'affaires;Le capital social;A;A;Plan comptable général de l'Autorité des Normes Comptables Livre III Titre VIII Chapitre 2 section 1;V4 (fév. 2021);;;manuel/12-bases-comptables-fiscales.md
2421;12;12.1;C;Que mesure la capacité d'autofinancement ?;La capacité d'autofinancement mesure le montant des capitaux propres de l'entreprise;La capacité d'autofinancement mesure l'ensemble des ressources externes qui financent l'entreprise;La capacité d'autofinancement mesure l'ensemble des ressources internes sécrétées par l'entreprise;C;C;Vernimmen 2020 (5.14 p72 et 5.15 p73);V4 (fév. 2021);;;manuel/12-bases-comptables-fiscales.md
2423;12;12.1;C;Pour une entreprise, que trouve-t-on, entre autres, dans les immobilisations financières ?;La part amortie des immobilisations corporelles;Les titres financiers acquis par l'entreprise pour être détenus à long terme;Ses dettes à court terme;B;B;https://www.creer-gerer-entreprendre.fr/6-la-gestion-de-lentreprise/6-1-la-gestion-comptable/les-immobilisations-financieres/;V4 (fév. 2021);;;manuel/12-bases-comptables-fiscales.md
2425;12;12.1;C;Parmi les informations suivantes, lesquelles figurent dans un bilan ?;Les dettes d'exploitations;Les charges d'exploitations;Les charges financières;A;A;"Ouvrage Vernimmen ""Finance d'entreprise"" - Chapitre 4 : section 2 et Chapitre 5 : section 1.";V4 (fév. 2021);;;manuel/12-bases-comptables-fiscales.md
2426;12;12.1;C;Parmi les informations suivantes, lesquelles figurent dans le compte de résultat ?;Les dettes d'exploitations;Les charges d'exploitations;Les créances;B;B;"Ouvrage Vernimmen ""Finance d'entreprise"" - Chapitre 4 : section 2 et Chapitre 5 : section 1.";V4 (fév. 2021);;;manuel/12-bases-comptables-fiscales.md
2427;12;12.1;C;Le taux de rentabilité financière des fonds propres est calculé comme :;Le produit financier divisé par les fonds propres;Le résultat net divisé par les fonds propres;Le dividende distribué divisé par les fonds propres;B;B;"Ouvrage Vernimmen ""Finance d'entreprise"" - Chapitre 14 - section 1 : Analyse de la rentabilité de l'entreprise";V4 (fév. 2021);;;manuel/12-bases-comptables-fiscales.md
2434;12;12.1;C;Quel poste parmi les suivants figure à l'actif du bilan comptable d'une société ?;Les immobilisations;Les capitaux propres;Les dettes financières;A;A;REGLEMENT Autorité des Normes Comptables N° 2014-03 RELATIF AU PLAN COMPTABLE GENERAL;V4 (fév. 2021);;;manuel/12-bases-comptables-fiscales.md
2435;12;12.1;C;Quel poste parmi les suivants figure au passif du bilan comptable d 'une société ?;Les dettes fournisseurs;Les stocks;Les créances clients;A;A;REGLEMENT Autorité des Normes Comptables N° 2014-03 RELATIF AU PLAN COMPTABLE GENERAL;V4 (fév. 2021);;;manuel/12-bases-comptables-fiscales.md
2444;12;12.1;C;Parmi les Soldes Intermédiaires de Gestion déterminés d 'après le compte de résultat de l 'entreprise, lequel est égal à la Valeur Ajoutée moins le montant des charges de personnel, les impôts et les taxes de l 'entreprise ?;L'Excédent Brut d 'Exploitation (EBE);La marge commerciale;Le résultat net;A;A;"Vernimmen ""le diagnostic financier : analyse et prévisions"" , p. 204, Edition 2020";V4 (fév. 2021);;;manuel/12-bases-comptables-fiscales.md
2445;12;12.1;C;Parmi les Soldes Intermédiaires de Gestion déterminés d 'après le compte de résultat de l 'entreprise, lequel est égal à ce que l 'entreprise a produit moins ce qu 'elle a consommé pour réaliser cette production ?;La Valeur Ajoutée (VA);L'Excédent Brut d 'Exploitation (EBE);Le résultat d 'exploitation;A;A;"Vernimmen ""le diagnostic financier : analyse et prévisions"" , p. 202, Edition 2020";V4 (fév. 2021);;;manuel/12-bases-comptables-fiscales.md
2763;12;12.1;C;Le passif est constitué, entre autre :;Des immobilisations financières;Des stocks;Des capitaux propres;C;C;;Récente (n° ≥ 2553);;;manuel/12-bases-comptables-fiscales.md
2764;12;12.1;C;Dans un bilan, les provisions :;Apparaissent uniquement au passif du bilan;Apparaissent uniquement à l'actif du bilan;N'apparaissent pas dans le bilan;A;A;;Récente (n° ≥ 2553);;;manuel/12-bases-comptables-fiscales.md
2086;12;12.2;C;Dans quel délai un émetteur ayant acquis, sur le marché ou hors marché, en une ou plusieurs fois, plus de 10 % de titres représentant un même emprunt obligataire doit-il en informer le marché ?;Immédiatement;Il n'a aucune obligation d'information dans ce cas;Dans un délai de quatre jours de négociation;C;C;Article 238-2 RGAMF;V4 (fév. 2021);;;manuel/12-bases-comptables-fiscales.md
2100;12;12.2;C;Concernant l'heure de divulgation de faits nouveaux par l'émetteur, l'AMF :;Recommande de les divulguer pendant les heures de bourse;Recommande de ne pas les divulguer pendant les heures de bourse;N'a pas de position;B;B;(Guide de de l'information périodique des sociétés cotées sur un marché réglementé - DOC-2016-05;V4 (fév. 2021);;;manuel/12-bases-comptables-fiscales.md
2339;12;12.2;C;Après la clôture des comptes, quel est le délai de publication du rapport financier annuel par les entreprises cotées sur Euronext ?;2 mois après la clôture;4 mois après la clôture;6 mois après la clôture;B;B;Guide de de l'information périodique des sociétés cotées sur un marché réglementé - DOC-2016-05;V4 (fév. 2021);;;manuel/12-bases-comptables-fiscales.md
2340;12;12.2;C;En cas de franchissement des seuils de 10 ou 20 % du capital ou des droits de vote, quelle obligation s'impose à l'acquéreur de titres ayant franchi l'un de ces seuils ?;Aucune obligation déclarative n'accompagne le franchissement des seuils de 10 ou 20 % du capital ou des droits de vote;Une déclaration de franchissement de seuil doit être adressée aux autres actionnaires au plus tard le cinquième jour de négociation suivant le franchissement de seuil;Une déclaration de franchissement de seuil doit être adressée à l'AMF au plus tard le quatrième jour de négociation suivant le franchissement du seuil;C;C;C. com., art. L 233-7 et art. R 233-1 / RG AMF, art. 223-14 § 5.;V4 (fév. 2021);;;manuel/12-bases-comptables-fiscales.md
2342;12;12.2;C;Lorsque les comptes sociaux et consolidés figurent dans le rapport financier annuel :;Ils peuvent être présentés sous forme résumée;Ils doivent être présentés en intégralité;Les comptes sociaux sont résumés et les comptes consolidés sont détaillés;B;B;CMF art. L. 451-1-2 - RGAMF art. 222-3 et 4;V4 (fév. 2021);;;manuel/12-bases-comptables-fiscales.md
2343;12;12.2;C;Parmi les informations périodiques indiquées ci-dessous, quelle est celle qui doit être publiée et déposée auprès de l'AMF par les émetteurs français dont les titres sont admis sur un marché réglementé ?;Un rapport financier annuel dans les quatre mois qui suivent la clôture de l'exercice;Un rapport financier trimestriel dans les 15 jours qui suivent la fin d'un trimestre civil;Un bilan prévisionnel dans les 6 mois qui suivent la clôture de l'exercice;A;A;amf-France.org/ Les obligations d'information des émetteurs et des investisseurs;V4 (fév. 2021);;;manuel/12-bases-comptables-fiscales.md
2344;12;12.2;C;Quelle règle s'applique à l'information financière publiée par un émetteur ?;Peut être différente en France et à l'étranger;Doit être différente en France et à l'étranger;Elle doit être identique et simultanée en France et à l'étranger;C;C;Article 223-8 du RG AMF;V4 (fév. 2021);;;manuel/12-bases-comptables-fiscales.md
2345;12;12.2;C;Vis-à-vis du marché, les sociétés cotées sur un marché réglementé ont des obligations d'informations périodiques relatives :;A leur niveau d'activité et à leur situation financière;A l'âge de leurs dirigeants;Au taux de détention d'actions détenues par chaque salarié de l'entreprise;A;A;Art 221-1 et suivants du règlement général de l'AMF;V4 (fév. 2021);;;manuel/12-bases-comptables-fiscales.md
2346;12;12.2;C;"Les documents de présentation (ou ""slides shows"" ) mis à disposition des analystes présents à la réunion de présentation des résultats d'une société cotée sur un marché réglementé doivent-ils être publiés ?";Oui, ils doivent être mis en ligne uniquement s'ils comportent des informations supplémentaires significatives ou différentes de celles qui ont été communiquées au public, au plus tard à la fin de la réunion;Non, leur mise en ligne n'est pas obligatoire car ils ne comportent jamais d'informations supplémentaires significatives ou différentes de celles qui ont été communiquées au public;Oui, ils doivent être mis en ligne systématiquement et sans délai au plus tard au début de la réunion;C;C;Position-recommandation AMF - DOC-2016-05, 6.3.3 (https://www.amf-france.org/Reglementation/Doctrine/Doctrine-list/Doctrine?docVersion=2.1&docId=workspace%3A%2F%2FSpacesStore%2Fbf315354-215c-469b-9a4d-f09e5cf72a0c&category=I+-+Emetteurs+et+information+fin;V4 (fév. 2021);;;manuel/12-bases-comptables-fiscales.md
2348;12;12.2;C;Les entreprises cotées sur le marché réglementé doivent publier leur rapport financier semestriel au plus tard :;Dans les deux mois qui suivent la clôture du premier semestre;Dans les trois mois qui suivent la clôture du premier semestre;Dans les six mois qui suivent la clôture du premier semestre;B;B;Article L451-1-2 du code monétaire et financier;V4 (fév. 2021);;;manuel/12-bases-comptables-fiscales.md
2397;12;12.2;C;En cas de non respect des déclarations de franchissement de seuil, les actions dépassant la fraction qui aurait dû être déclarée, sont :;Revendues immédiatement;Privées de droit de vote pendant deux ans suivant la date de régularisation;Mises sur un compte spécifique en attendant la régularisation;B;B;L 233-14 Code de commerce;V4 (fév. 2021);;;manuel/12-bases-comptables-fiscales.md
2403;12;12.2;C;Sur le marché réglementé des actions, l'obligation d'information dans le cas de franchissement de seuils s'applique :;Uniquement dans le cas d'un franchissement à la hausse;Uniquement dans le cas d'un franchissement à la baisse;Dans le cas d'un franchissement à la hausse comme à la baisse;C;C;Article L233-7 du code de commerce;V4 (fév. 2021);;;manuel/12-bases-comptables-fiscales.md
2405;12;12.2;C;Les comptes annuels d'une société cotée sont certifiés par :;L'expert comptable;Les commissaires aux comptes;L'autorité des Normes Comptables (ANC);B;B;Code de commerce art. L. 823-12-1;V4 (fév. 2021);;;manuel/12-bases-comptables-fiscales.md
2406;12;12.2;C;Le visa apposé par l'AMF sur l'information établie par une société dans le cas d'une introduction en bourse:;Atteste que tous les éléments nécessaires pour décider de l'acquisition de titres de la société sont bien mis à la disposition du public;Constitue une recommandation de participer à l'opération;Constitue une authentification des résultats comptables et financiers présentés;A;A;COMOFI Livre II RG AMG Livre II;V4 (fév. 2021);;;manuel/12-bases-comptables-fiscales.md
2422;12;12.2;C;"Un ""profit warning"" est un avertissement sur les résultats qui doit se faire quand ils sont :";Uniquement à la baisse;Uniquement à la hausse;L'un ou l'autre;C;C;Dictionnaire des marchés financiers - Ed De Boeck - page 476;V4 (fév. 2021);;;manuel/12-bases-comptables-fiscales.md
2424;12;12.2;C;Les franchissements de seuil doivent être déclarés :;Dans tous les cas;En cas d'intention d'OPA (Offre Publique d'Achat);En cas de pacte d'actionnaires;A;A;L. 233-7 du Code de Commerce;V4 (fév. 2021);;;manuel/12-bases-comptables-fiscales.md
2436;12;12.2;C;"Le ""document de référence"" est un document qui regroupe des informations détaillées sur l'activité, la situation financière et les perspectives d'une société. Pour les sociétés dont les actions sont admises sur un marché réglementé ou un système multilatéral de négociation organisé, il est :";Obligatoire, publié tous les mois et doit être enregistré auprès du Greffe du Tribunal de Commerce;Facultatif, publié une fois par an;Obligatoire et réservé à l 'Autorité des Marchés Financiers qui doit le recevoir une fois par an;B;B;Article 212-13 RG AMF;V4 (fév. 2021);;;manuel/12-bases-comptables-fiscales.md
2437;12;12.2;C;Une société dont les actions sont admises à la négociation sur un marché règlementé doit :;Communiquer sans délai à l 'AMF tout projet de modifications de ses statuts au plus tard à la date de convocation de l 'Assemblée Générale;Faire valider par l 'AMF tout projet de modifications des personnes occupant des postes dans les organes de Direction avant que le projet ne soit voté en Assemblée Générale ou Comité de Direction;Communiquer sans délai le projet de résolution concernant le versement des dividendes au plus tard un mois avant la date de convocation de l 'Assemblée Générale;A;A;Article 223-19 RG AMF;V4 (fév. 2021);;;manuel/12-bases-comptables-fiscales.md
2619;12;12.2;C;Le document d’enregistrement universel (« DEU ») des sociétés cotées est un document d'information financière :;Obligatoire;Facultatif;Obligatoire, mais uniquement pour les sociétés du compartiment A d'Euronext;B;B;;Récente (n° ≥ 2553);;;manuel/12-bases-comptables-fiscales.md
2620;12;12.2;C;Une société qui dépose un document d'enregistrement universel peut actualiser les informations qu'il contient :;A tout moment;Une fois par an;Chaque année à la date anniversaire du dépôt;A;A;;Récente (n° ≥ 2553);;;manuel/12-bases-comptables-fiscales.md
2623;12;12.2;C;Le Document d'Enregistrement Universel (DEU) doit-il être soumis à la validation de l'AMF ?;Non. La soumission du DEU à l'approbation de l'AMF, n'est obligatoire que si la société est cotée au CAC 40;Oui, mais ce n'est plus obligatoire si deux exercices consécutifs ont déjà été soumis à l'approbation de l'AMF;Oui. Le DEU doit être approuvé par l'AMF systématiquement à chaque exercice;B;B;;Récente (n° ≥ 2553);;;manuel/12-bases-comptables-fiscales.md
2624;12;12.2;C;Le Document d'Enregistrement Universel (DEU) doit être soumis à la fois à l'AMF et à l'AEMF (Autorité Européenne des Marchés Financiers) ?;Non. L'AMF notifie le certificat d'approbation à l'AEMF;Non, puisque l'approbation par l'AMF est facultative;Oui. Cette double approbation est obligatoire pour les sociétés cotées;A;A;;Récente (n° ≥ 2553);;;manuel/12-bases-comptables-fiscales.md
2627;12;12.2;C;Sous quelle forme de publication le document d’enregistrement universel (URD) peut-il être présenté ?;Il doit obligatoirement faire l’objet d’un document spécifique;Il peut prendre la forme d’un document spécifique ou d’un rapport financier annuel destiné aux actionnaires, lorsque celui-ci contient toutes les informations requises par l’AMF;Il se présente sous la forme d’un document de 10 pages A4 formatées par l’AMF;B;B;;Récente (n° ≥ 2553);;;manuel/12-bases-comptables-fiscales.md
2765;12;12.2;C;La publication des informations annuelles des sociétés relatives à leur niveau d'activité et à leur situation financière est obligatoire pour :;Toutes les sociétés françaises;Les sociétés françaises cotées sur un marché réglementé;Les sociétés de plus de 500 salariés;B;B;;Récente (n° ≥ 2553);;;manuel/12-bases-comptables-fiscales.md
2349;12;12.3;C;Depuis janvier 2018, la nouvelle assiette de l'impôt sur la fortune est fondée :;Sur l'ensemble du patrimoine au 1er janvier de l'année d'imposition;Uniquement sur l'évaluation du portefeuille boursier au 1er janvier de l'année d'imposition;Uniquement sur l'évaluation du patrimoine immobilier au 1er janvier de l'année d'imposition;C;C;Article 964 du code général des impôts;V4 (fév. 2021);;;manuel/12-bases-comptables-fiscales.md
2350;12;12.3;C;Les plus-values immobilières imposables réalisées par un particulier sont soumises :;Au barème progressif de l'impôt sur le revenu;Au taux forfaitaire de 19 %;Au taux forfaitaire de 21 %;B;B;CGI, art. 150 U à 150 VH;V4 (fév. 2021);;;manuel/12-bases-comptables-fiscales.md
2351;12;12.3;C;Comment sont imposés les dividendes encaissés par des personnes physiques ?;Au choix du contribuable, au barème progressif de l'impôt sur le revenu ou au prélèvement forfaitaire libératoire (PFL);Soit au prélèvement forfaitaire unique (PFU), soit au barème progressif de l'impôt sur le revenu;Uniquement au barème progressif de l'impôt sur le revenu;B;B;CGI, art. 117 quater et s.;V4 (fév. 2021);;;manuel/12-bases-comptables-fiscales.md
2352;12;12.3;C;Sont soumises à l'impôt sur la fortune immobilière (IFI) :;Les personnes physiques ayant leur domicile fiscal en France, à raison de leurs biens et droits immobiliers situés en France ou hors de France;Les personnes physiques ayant leur domicile fiscal en France, uniquement à raison de leurs biens et droits immobiliers situés en France;Les personnes physiques et morales ayant leur domicile fiscal en France, à raison de leurs biens et droits immobiliers situés en France;A;A;L'article 964 du code général des impôts;V4 (fév. 2021);;;manuel/12-bases-comptables-fiscales.md
2353;12;12.3;C;Parmi les biens suivants, lesquels sont exonérés partiellement ou totalement au titre de l'IFI?;Les bâtiments classés monument historique;Les immeubles ou fractions d'immeubles représentés par des parts de sociétés immobilières de copropriété;L'immobilier, détenu directement ou indirectement (via une SCI), utilisé pour son activité professionnelle;C;C;https://www.service-public.fr/particuliers/vosdroits/F563;V4 (fév. 2021);;;manuel/12-bases-comptables-fiscales.md
2355;12;12.3;C;L'Impôt sur le revenu des personnes physiques tient compte :;"De la situation de famille et du nombre de personnes à charge via un système de ""quotient familial""";Des revenus perçus en année N-2;Du lieu de résidence sur le territoire métropolitain;A;A;Article 6 du code des impôts;V4 (fév. 2021);;;manuel/12-bases-comptables-fiscales.md
2356;12;12.3;C;Dans le cadre du Plan d'Épargne en Actions (PEA), l'exonération d'impôt sur le revenu n'est acquise que si le PEA est détenu pendant au moins :;2 ans;5 ans;8 ans;B;B;servicepublic.fr/particuliers/vos droits/F22449;V4 (fév. 2021);;;manuel/12-bases-comptables-fiscales.md
2357;12;12.3;C;Font l'objet d'une imposition commune à l'impôt sur la fortune immobilière (IFI) :;Uniquement les couples mariés, sauf exception;Uniquement les couples mariés, sauf exception, et les partenaires pacsés;Les couples mariés, sauf exception, les partenaires pacsés et les concubins notoires;C;C;Article 964, 2°, alinéa 2 et 3 CGI;V4 (fév. 2021);;;manuel/12-bases-comptables-fiscales.md
2358;12;12.3;C;Quel est le sort des moins-values subies à l'occasion de cessions de valeurs mobilières ?;Elles ne sont plus récupérables;Elles sont imputables sur les revenus pendant 10 ans;Elles sont imputables sur les plus-values de même nature pendant 10 ans;C;C;Article 150-0 D 7° Al 11 du code général des impôts;V4 (fév. 2021);;;manuel/12-bases-comptables-fiscales.md
2359;12;12.3;C;Dans le cadre de l'assurance-vie, les produits des contrats, pour les primes versées à compter du 27 septembre 2017, lorsque la durée de vie du contrat est de 5 ans :;Sont soumises à un PFU de 12,8 % ou sur option globale au barème de l'IR;Sont soumises à un prélèvement forfaitaire libératoire de 15 %;Sont soumises à un prélèvement forfaitaire non libératoire de 35 %;A;A;CGI, art. 200 A;V4 (fév. 2021);;;manuel/12-bases-comptables-fiscales.md
2360;12;12.3;C;Les sorties en rentes viagères des contrats d'assurance vie sont :;Totalement exonérées d'impôt sur le revenu;Imposées à l'impôt sur le revenu pour une fraction qui dépend de l'âge du crédirentier au moment du premier versement de la rente;Totalement imposées à l'impôt sur le revenu;B;B;CGI art158;V4 (fév. 2021);;;manuel/12-bases-comptables-fiscales.md
2361;12;12.3;C;Le revenu net global soumis à l'impôt sur le revenu est composé de quels revenus ?;Pour tous les contribuables, uniquement des traitements et salaires;Pour tous les contribuables, uniquement des traitements et salaires et des revenus des capitaux mobiliers;Pour tous les contribuables, de tous les revenus qu'ils ont acquis ou qu'ils ont perçus;C;C;Article 1 A du CGI;V4 (fév. 2021);;;manuel/12-bases-comptables-fiscales.md
2363;12;12.3;C;A défaut d'option pour une déduction réelle des frais professionnels, quel est le pourcentage d'abattement applicable aux traitements et salaires en matière d'impôt sur le revenu (IR)?;0.3;20%;10%;C;C;Article 83 CGI;V4 (fév. 2021);;;manuel/12-bases-comptables-fiscales.md
2364;12;12.3;C;Les dividendes sont :;Soumis à des prélèvements sociaux;Exonérés de prélèvements sociaux;Soumis à la taxe spéciale sur les opérations de Bourse;A;A;code sécurité sociale L136-6 / CGIart 117 quater;V4 (fév. 2021);;;manuel/12-bases-comptables-fiscales.md
2365;12;12.3;C;Les dividendes perçus par un contribuable sont imposables au titre de l'IR :;A un prélèvement forfaitaire libératoire au taux de 21 %;A un prélèvement forfaitaire de 12,8 % ou, sur option globale, au barème progressif de l'impôt sur le revenu;A un prélèvement forfaitaire libératoire au taux de 24 %;B;B;CGI, art. 200 A;V4 (fév. 2021);;;manuel/12-bases-comptables-fiscales.md
2367;12;12.3;C;L'IFI est un impôt qui frappe :;Le revenu;Le patrimoine immobilier;Le revenu et le patrimoine immobilier;B;B;CGI, art. 964;V4 (fév. 2021);;;manuel/12-bases-comptables-fiscales.md
2368;12;12.3;C;Comment est imposé le bénéficiaire d'un contrat d'assurance-vie, lors du dénouement de ce contrat par décès de l'assuré ?;Le bénéficiaire est toujours exonéré de la totalité des droits de mutation à titre gratuit;Le bénéficiaire est exonéré de droits de mutation à titre gratuit dans certaines limites et sous certaines conditions;Le bénéficiaire doit acquitter la totalité des droits de droits de mutation à titre gratuit dûs dans les conditions de droit commun;B;B;Article 757 B du CGI;V4 (fév. 2021);;;manuel/12-bases-comptables-fiscales.md
2369;12;12.3;C;Le taux marginal le plus élevé de l'impôt sur le revenu (IR) est actuellement de :;40%;45%;50%;B;B;Article 197, I CGI;V4 (fév. 2021);;;manuel/12-bases-comptables-fiscales.md
2370;12;12.3;C;Quelle est la base de calcul de la CSG - contribution sociale généralisée ?;Les revenus financiers;Le montant brut de l'ensemble des revenus d'activité ou financiers, et le montant net pour les revenus fonciers;Le montant net des salaires et pensions;B;B;Article L136-2 du code de la sécurité sociale;V4 (fév. 2021);;;manuel/12-bases-comptables-fiscales.md
2371;12;12.3;C;Quelles sont les personnes soumises à l'impôt sur le revenu (IR), en France ?;Celles ayant un domicile fiscal en France;Celles qui ne résident pas en France mais dont les revenus sont de source française (seuls imposables);Les deux catégories de personnes mentionnées ci-dessus;C;C;CGI art. 4A;V4 (fév. 2021);;;manuel/12-bases-comptables-fiscales.md
2372;12;12.3;C;Comment se détermine le quotient familial ?;A partir du rapport entre le revenu net imposable et le nombre de personnes au foyer fiscal;A partir du rapport entre le revenu net imposable et le nombre de parts;A partir du rapport entre le revenu brut et le nombre de personnes au foyer fiscal;B;B;Voir le site : http://bofip.impots.gouv.fr/bofip/6516-PGP;V4 (fév. 2021);;;manuel/12-bases-comptables-fiscales.md
2373;12;12.3;C;Depuis le 1er janvier 2018, les dividendes perçus sur un compte-titre ordinaire :;Sont soumis au prélèvement forfaitaire unique, sauf demande de dispense;Sont soumis par défaut au barème progressif de l'impôt sur le revenu;Sont exemptés de tout prélèvement forfaitaire;A;A;Article 200 A du code général des impôts;V4 (fév. 2021);;;manuel/12-bases-comptables-fiscales.md
2374;12;12.3;C;En cas de retrait, la fiscalité des gains générés dans le cadre du PEA :;Est identique, quelle que soit la durée de détention du PEA;Diffère selon la durée de détention du PEA;Diffère selon la nature des titres concernés par ces gains (actions ou obligations);B;B;Article 150-0 A paragraphe II du code général des impôts (retrait avant 5 ans) et Article 157 du code général des impôts (retrait après 5 ans);V4 (fév. 2021);;;manuel/12-bases-comptables-fiscales.md
2375;12;12.3;C;Dans le cadre de l'assurance-vie, un contribuable célibataire peut bénéficier d'un abattement de 4 600 € sur ses gains :;Si la durée du contrat est au moins égale à 8 ans;Uniquement s'il opte pour le prélèvement forfaitaire non libératoire;Il n'existe plus d'abattement depuis le 1er juillet 2016;A;A;CGI art 125-0 A;V4 (fév. 2021);;;manuel/12-bases-comptables-fiscales.md
2376;12;12.3;C;Quel est le nombre de parts à prendre en compte pour le calcul du quotient familial d'un couple marié ayant 3 enfants mineurs à charge ?;3,5 parts;4 parts;5 parts;B;B;Article 194 du CGI;V4 (fév. 2021);;;manuel/12-bases-comptables-fiscales.md
2377;12;12.3;C;Quelle est la caractéristique de l'impôt sur le revenu des particuliers (IRPP) ?;Il s'agit d'un impôt proportionnel;Il s'agit d'un impôt avec une part proportionnelle et une part progressive;Il s'agit d'un impôt progressif;C;C;Site internet gouvernemental Vie publique : https://www.vie-publique.fr/decouverte-institutions/finances-publiques/ressources-depenses-etat/ressources/qu-entend-on-par-proportionnalite-progressivite-impot.html;V4 (fév. 2021);;;manuel/12-bases-comptables-fiscales.md
2398;12;12.3;C;Les prélèvements sociaux s'appliquent à :;Tous les revenus du patrimoine et de placements;Tous les revenus du patrimoine et de placements sauf les livrets défiscalisés : intérêts du livret A, LEP, LDD, livret jeune;Uniquement aux revenus du travail;B;B;136.6, 136.7, 136.8 Code de la Sécurité Sociale;V4 (fév. 2021);;;manuel/12-bases-comptables-fiscales.md
2400;12;12.3;C;Le taux de la TTF (Taxe sur les Transactions Financières) sur l'acquisition d'actions françaises cotées a été modifié au 1er janvier 2017 pour atteindre un taux de :;0,5% de la valeur de la transaction concernée;0,2% de la valeur de la transaction concernée;0,3% de la valeur de la transaction concernée;C;C;"235 ter ZD Code Général des Impôts - Livre I - Titre IV Chapitre I bis ""Impôt de solidarité sur la fortune""";V4 (fév. 2021);obs;Taux de la TTF : 0,3 % depuis 2017 (réponse de la base), porté à 0,4 % à compter du 1er avril 2025 (loi de finances 2025). Si les choix sont 0,3 / 0,5 / 0,2 %, la base attend 0,3 %.;manuel/12-bases-comptables-fiscales.md
2404;12;12.3;C;L'IFI (Impôt sur la Fortune Immobilière) est l'impôt qui remplace :;La taxe d'habitation;L'ISF (Impôt de Solidarité sur la Fortune);Les impôts fonciers;B;B;Art n°964 à 983 Code Général des Impôts;V4 (fév. 2021);;;manuel/12-bases-comptables-fiscales.md
2407;12;12.3;C;Les gains nets réalisés dans le cadre d'un PEA sont :;En cas de retrait ou de rachat entre 2 et 5 ans : imposés à 19% (+ prélèvements sociaux), lorsque le montant des cessions réalisées au cours de l'année considérée dépasse un certain seuil;En cas de rachat ou de retrait après 5 ans : totalement exonérés d'impôt sur le revenu et de prélèvements sociaux, quel que soit le montant des cessions réalisées au cours de l'année considérée;En cas de rachat ou de retrait après 5 ans : totalement exonérés d'impôt sur le revenu mais soumis aux prélèvements sociaux, quel que soit le montant des cessions réalisées au cours de l'année considérée;C;C;CGI art. 150-0 A, II-2 et CGI, art. 200 A, 5;V4 (fév. 2021);;;manuel/12-bases-comptables-fiscales.md
2408;12;12.3;C;Les droits de succession et de donation sont calculés :;Sur la part nette (après déduction des dettes) du patrimoine revenant à chaque bénéficiaire après abattements;Sur la part nette (après déduction des dettes) du patrimoine revenant à chaque bénéficiaire avant abattements;Forfaitairement;A;A;BOI-ENR-DMTG-10-50;V4 (fév. 2021);;;manuel/12-bases-comptables-fiscales.md
2409;12;12.3;C;Les PEL (Plan d'Epargne Logement) ouverts depuis le 1er janvier 2018 sont :;Exonérés d'impôt sur le revenu jusqu'à la veille du 12ème anniversaire du contrat;Taxables au titre du PFU (Prélèvement Forfaitaire Unique) dès la 1ère année;Taxables au titre du PFU au bout de 10 ans;B;B;Art 200 A Code Général des Impôts;V4 (fév. 2021);;;manuel/12-bases-comptables-fiscales.md
2410;12;12.3;C;Les intérêts d'un compte à terme sont imposables :;Au PFU ou sur option globale au barème de l'IR;Au PFU sans option pour le barème de l'IR;Sont exonérés de toute imposition;A;A;CGI art. 200 A;V4 (fév. 2021);;;manuel/12-bases-comptables-fiscales.md
2411;12;12.3;C;Les niches fiscales sont globalement plafonnées pour un même foyer fiscal à :;18.000 euros majoré de 4 % du revenu net imposable;10.000 euros majoré de 4 % du revenu net imposable;10.000 euros;C;C;BOI-IR-LIQ-20-20-10-30 n°120;V4 (fév. 2021);;;manuel/12-bases-comptables-fiscales.md
2413;12;12.3;C;Les moins-values constatées la même année sur des actions françaises ne peuvent pas se compenser fiscalement avec des plus-values réalisées sur :;Des obligations françaises;Des biens immobiliers;Des SICAV monétaires;B;B;CGI art. 150-0 A à 150-0 D;V4 (fév. 2021);;;manuel/12-bases-comptables-fiscales.md
2414;12;12.3;C;Le total des impôts et prélèvements payés par une personne physique ne doit pas dépasser :;50% de ses revenus nets imposables;75% de ses revenus nets imposables;80% de ses revenus nets imposables;B;B;L'article 979 du code général des impôts;V4 (fév. 2021);;;manuel/12-bases-comptables-fiscales.md
2418;12;12.3;C;En France, quelle est la nature du barème de l'impôt sur le revenu ?;Proportionnel;Progressif;Forfaitaire;B;B;Voir le site : https://www.vie-publique.fr/decouverte-institutions/finances-publiques/ressources-depenses-etat/ressources/qu-est-ce-que-impot-revenu.html;V4 (fév. 2021);;;manuel/12-bases-comptables-fiscales.md
2419;12;12.3;C;Sur quoi porte l'IFI ?;Sur le patrimoine immobilier des propriétaires personnes physiques;Sur le patrimoine immobilier des propriétaires entreprises;Sur le patrimoine immobilier professionnel des propriétaires personnes physiques;A;A;Voir le site : https://www.economie.gouv.fr/particuliers/impot-fortune-immobiliere-ifi;V4 (fév. 2021);;;manuel/12-bases-comptables-fiscales.md
2429;12;12.3;C;Comment sont imposées les plus-values sur les revenus de valeurs mobilières ?;Les revenus des valeurs mobilières sont soumis à un prélèvement forfaitaire unique (PFU) de 30 % (12,8 % d'impôts sur le revenu auxquels s'ajoutent les prélèvements sociaux de 17,2%);Un acompte est de 21 % (hors prélèvements sociaux) est prélevé pour les dividendes;Les revenus des valeurs mobilières sont soumis à un prélèvement forfaitaire libératoire (PFL) de 21 %;A;A;CGI, art. 117 quater / CSS, art. L 136-7;V4 (fév. 2021);ver;PFU de 30 % = 12,8 % d'IR + 17,2 % de prélèvements sociaux : c'est la réponse de la base. À vérifier : la LFSS 2026 a relevé la CSG sur une partie des revenus du capital (prélèvements sociaux portés à 18,6 %, flat tax à 31,4 %, avec des exceptions comme l'assurance-vie et les revenus fonciers).;manuel/12-bases-comptables-fiscales.md
2430;12;12.3;C;Les plus-values de cessions de titres :;Sont soumises aux prélèvements sociaux dès le 1er euro de cession;Sont exonérées d'impôt sur le revenu et de prélèvements sociaux s'il s'agit d'actions européennes;Sont soumises aux prélèvements sociaux à partir d'un seuil annuel de cession de 25 000 euros;A;A;https://www.legifrance.gouv.fr/affichCode.do?idSectionTA=LEGISCTA000006197215&cidTexte=LEGITEXT000006069577;V4 (fév. 2021);;;manuel/12-bases-comptables-fiscales.md
2431;12;12.3;C;Les déductions fiscales :;Diminuent le montant du revenu imposable;Augmentent le taux global d'imposition;Viennent diminuer le quotient familial;A;A;https://www.service-public.fr/particuliers/vosdroits/F823;V4 (fév. 2021);;;manuel/12-bases-comptables-fiscales.md
2432;12;12.3;C;"La ""CSG"" et la ""CRDS"":";Portent sur les revenus salariés mais pas sur les revenus des placements mobiliers;Frappent les revenus du capital financier et immobilier;Sont les seules contributions sociales existantes;B;B;https://www.service-public.fr/particuliers/vosdroits/F2329;V4 (fév. 2021);;;manuel/12-bases-comptables-fiscales.md
2438;12;12.3;C;Dans le cadre de l'impôt sur le revenu, le quotient familial d'un foyer fiscal est :;Le taux moyen d'imposition applicable à la somme des revenus du foyer fiscal;Le ratio, revenu imposable divisé par le nombre de parts du foyer, utilisé pour déterminer le taux d'imposition marginal du foyer fiscal;Le taux de réduction applicable à l'impôt sur le revenu du foyer fiscal en fonction du nombre de parts du foyer;B;B;Bulletin Officiel des Finances Publiques Article 194 du code général des impôts;V4 (fév. 2021);;;manuel/12-bases-comptables-fiscales.md
2440;12;12.3;C;Une personne physique qui ne réside pas en France mais dont les revenus sont de source française est soumise à l 'impôt sur le revenu :;En France;Dans son pays de résidence exclusivement;Au prorata temporis du temps passé en France et dans son pays de résidence;A;A;Article 4 bis du Code Général des Impôts;V4 (fév. 2021);;;manuel/12-bases-comptables-fiscales.md
2441;12;12.3;C;Lorsqu 'un investisseur détient un Plan d 'Epargne en Actions (PEA), les plus-values réalisées :;Ne sont pas imposables mais sont soumises aux prélèvements sociaux;Sont imposables selon le régime des plus-values mobilières si l 'on clôture le PEA avant 5 ans;Sont imposables selon le régime de droit commun si l 'on clôture le PEA avant 5 ans;B;B;Article 150-0 A du Code Général des Impôts;V4 (fév. 2021);;;manuel/12-bases-comptables-fiscales.md
2766;12;12.3;C;Lors de la vente de titres financiers, le fait générateur de l'imposition est :;L'exécution de l'ordre de bourse;Le passage en chambre de compensation;Le transfert de propriété, lequel intervient 2 jours ouvrés après l'exécution de l'ordre de bourse;C;C;;Récente (n° ≥ 2553);;;manuel/12-bases-comptables-fiscales.md
2811;12;12.3;C;"Le dispositif ""Pinel"" prend la forme d'une réduction d'impôt sur le revenu accordée aux particuliers lorsqu'ils :";Acquièrent et mettent en location un logement neuf;Acquièrent et rénovent un logement ancien;Acquièrent et mettent en location un logement ancien;A;A;;Récente (n° ≥ 2553);obs;Le dispositif Pinel a pris fin pour les acquisitions réalisées après le 31 décembre 2024. Sa définition (logement neuf mis en location) reste la bonne réponse.;manuel/12-bases-comptables-fiscales.md
2378;12;12.4;C;Pour une entreprise soumise à l'Impôt sur les sociétés (IS), comment sont imposées les plus values sur OPC ?;Au taux de l'IS;A un taux spécifique;A un taux spécifique après abattement de 22 500 €;A;A;Article 38 du code général des impôts;V4 (fév. 2021);;;manuel/12-bases-comptables-fiscales.md
2379;12;12.4;C;La plus-value sur les titres de placement réalisée par une entreprise imposée à l'impôt sur les sociétés est :;Soumise à l'impôt sur les sociétés;Exonérée d'impôt sur les sociétés;Soumise à l'impôt sur les sociétés si elle est supérieure à 10 000 €;A;A;manuel droit fiscal - DCG4 - Foucher;V4 (fév. 2021);;;manuel/12-bases-comptables-fiscales.md
2380;12;12.4;C;Comment sont imposés les intérêts d'un dépôt à terme perçus par une entreprise passible de l'impôt sur les sociétés (IS) ?;Ils peuvent bénéficier sur option d'un prélèvement forfaitaire libératoire (PFL);Ils doivent être rattachés aux résultats de l'exercice au cours duquel ils ont couru;Ils doivent être rattachés aux résultats de l'exercice au cours duquel ils ont été perçus;B;B;CGI, art. 209 OA.;V4 (fév. 2021);;;manuel/12-bases-comptables-fiscales.md
2381;12;12.4;C;Les produits nets des participations, perçus par une société mère, ouvrant droit à l'application du régime des sociétés mères :;Sont imposés au taux normal de l'IS;Sont imposés au taux réduit de 15%;Peuvent être retranchés du bénéfice total de celle-ci, défalcation faite de 5% de leur produit total;C;C;CGI art. 145 et 216;V4 (fév. 2021);;;manuel/12-bases-comptables-fiscales.md
2382;12;12.4;C;Quelles entités parmi les suivantes réalisent des Bénéfices Non Commerciaux (BNC) ?;Les associations (Loi 1901);Les professions libérales;Les entreprises industrielles;B;B;Voir le site : https://www.service-public.fr/professionnels-entreprises/vosdroits/F32105;V4 (fév. 2021);;;manuel/12-bases-comptables-fiscales.md
2383;12;12.4;C;Parmi les formes de sociétés suivantes, laquelle est soumise de plein droit à l'impôt sur les sociétés (IS)?;Les sociétés en nom collectif;Les sociétés civiles;Les sociétés anonymes;C;C;Article 206, 1 CGI;V4 (fév. 2021);;;manuel/12-bases-comptables-fiscales.md
2384;12;12.4;C;Quels sont les bénéfices imposables dans la catégorie des bénéfices industriels et commerciaux (BIC) pour l'application de l'impôt sur le revenu ?;Les bénéfices réalisés par des personnes physiques et provenant de l'exercice d'une profession libérale;Les bénéfices réalisés par des personnes physiques et provenant de placements financiers;Les bénéfices réalisés par des personnes physiques et provenant de l'exercice d'une profession commerciale, industrielle ou artisanale;C;C;Article 34 du CGI;V4 (fév. 2021);;;manuel/12-bases-comptables-fiscales.md
2385;12;12.4;C;Les produits de titre à revenu fixe perçus par une société anonyme sont :;Soumis à l'impôt sur les sociétés;Exonérés d'impôts;Soumis à un taux forfaitaire;A;A;Articles 205 et 206 du CGI;V4 (fév. 2021);;;manuel/12-bases-comptables-fiscales.md
2386;12;12.4;C;Sauf cas particulier, les revenus financiers perçus par une société anonyme sont :;Incorporés parmi les autres produits réalisés et imposés à l'impôt sur les sociétés;Imposés à un taux différent par rapport à celui des autres produits réalisés par la société;Soumis à des droits d'enregistrement;A;A;Article 205 du code général des impôts (impôt sur les sociétés portant sur l'ensemble des bénéfices et des revenus réalisés) et article 206 du code général des impôts (sociétés assujetties à l'IS, notamment les sociétés anonymes);V4 (fév. 2021);;;manuel/12-bases-comptables-fiscales.md
2387;12;12.4;C;Concernant le portefeuille titres détenu par une société, vous pouvez affirmer :;Les titres non cotés ne sont pas évalués;Les titres cotés sont évalués à la clôture de chaque exercice;En cas de dépréciation, son provisionnement n'est pas obligatoire;B;B;B BOI-BIC-PVMV-30-20-10-10 n°20;V4 (fév. 2021);;;manuel/12-bases-comptables-fiscales.md
2388;12;12.4;C;Comment les entreprises payent-elles l'impôt sur les sociétés ?;En quatre acomptes payés dans l'année N et le solde au cours de l'année N+1;Au cours de l'année N+1 pour l'exercice de l'année N;En une seule fois, au 15 avril de l'année N+1;A;A;Article 1668 du code général des impôts;V4 (fév. 2021);;;manuel/12-bases-comptables-fiscales.md
2389;12;12.4;C;Quelle est la société dont les bénéfices sont soumis de plein droit (sans option) à l‘impôt sur les sociétés ?;L'EURL (Entreprise unipersonnelle à responsabilité limitée) dont l'associé est une personne physique;La SA (Société anonyme);La SNC (Société en Nom Collectif);B;B;Article 206 du CGI;V4 (fév. 2021);;;manuel/12-bases-comptables-fiscales.md
2390;12;12.4;C;Pour l'établissement de l'impôt sur les sociétés, sur quelle durée les entreprises peuvent-elles amortir les sommes versées pour la souscription en numéraire au capital de petites ou moyennes entreprises innovantes ?;Dix ans;Trois ans;Cinq ans;C;C;Article 217 octies, I, 1° CGI;V4 (fév. 2021);;;manuel/12-bases-comptables-fiscales.md
2391;12;12.4;C;Les placements de trésorerie des entreprises sont généralement faits en :;Actions;Produits dérivés;Supports et titres peu risqués;C;C;Vernimmen, Partie 5 gestion fiancière, titre 2 la gestion des flux et des risques;V4 (fév. 2021);;;manuel/12-bases-comptables-fiscales.md
2393;12;12.4;C;Une société soumise à l'Impôt sur les Sociétés (IS) qui détient un compte sur livret :;Est imposée sur les intérêts de son compte sur livret;Est exonérée d'imposition sur les plus-values latentes de son compte sur livret;Ne paie pas d'impôt sur les intérêts de son compte sur livret;A;A;manuel droit fiscal - DCG4 - Foucher;V4 (fév. 2021);;;manuel/12-bases-comptables-fiscales.md
2394;12;12.4;C;Les plus-values réalisées par une société anonyme sur une cession de parts d'OPCVM sont:;Exemptées d'impôt sur les sociétés;Soumises à un taux spécifique d'impôt sur les sociétés;Soumises au taux normal de l'impôt sur les sociétés;C;C;Instruction BOI-IS-BASE-10-20-10-20120912 - IS - Base d'imposition - Produits de parts ou d'actions d'organismes de placement collectif en valeurs mobilières (OPCVM) - Entreprises et titres concernés, point I;V4 (fév. 2021);;;manuel/12-bases-comptables-fiscales.md
2412;12;12.4;C;La règle de prise en compte des plus-values latentes pour une société soumise à l'IS (Impôt sur les Société) détenant un portefeuille titres concerne :;Les parts ou actions d'OPCVM (Organismes de Placement Collectif en Valeurs Mobilières) étrangers;Les parts de fonds communs de placement à risques si l'entreprise a pris l'engagement de les conserver pendant au moins 5 ans;Les parts ou actions d'OPCVM dont la valeur de l'actif de l'OPCVM est représentée de façon constante pour 90 % au moins d'actions;A;A;209-0-A Code Général des Impôts;V4 (fév. 2021);;;manuel/12-bases-comptables-fiscales.md
2415;12;12.4;C;Une société soumise à l'impôt sur les sociétés (IS) qui détient des parts ou actions d'OPC :;Est exonérée d'imposition sur les plus-values latentes sur les parts ou actions d'OPC qu'elle détient à la clôture de l'exercice;Est imposée sur les plus-values latentes sur les parts ou actions d'OPC qu'elle détient à la clôture de l'exercice;Bénéficie d'un sursis d'imposition jusqu'à la revente des parts ou actions d'OPC;B;B;CGI art. 209-0 A;V4 (fév. 2021);;;manuel/12-bases-comptables-fiscales.md
2416;12;12.4;C;Les sociétés de personnes :;Sont imposées à l'impôt sur les sociétés;Sont imposées à l'impôt sur le revenu;Sont imposées à l'impôt sur le revenu mais peuvent choisir d'être imposées à l'impôt sur les sociétés;C;C;http://bofip.impots.gouv.fr/bofip/2862-PGP.html?identifiant=BOI-BIC-CHAMP-70-20-20-20190710;V4 (fév. 2021);;;manuel/12-bases-comptables-fiscales.md
2417;12;12.4;C;L'IS (Impôt sur les Sociétés) s'applique :;Au chiffre d'affaires réalisé par l'entreprise;Aux revenus du dirigeant de l'entreprise;Aux bénéfices réalisés par l'entreprise;C;C;Article 205 Code Général des Impôts - Annexe 2;V4 (fév. 2021);;;manuel/12-bases-comptables-fiscales.md
2428;12;12.4;C;Dans le cadre de la détention d'un portefeuille-titres par une société soumise à l'impôt sur les sociétés, la règle de prise en compte des plus-values latentes concerne :;Uniquement les parts ou actions d'OPC français;Uniquement les parts ou actions d'OPC étrangers;Les parts ou actions d'OPC français et étrangers;C;C;CGI art. 209-0 A;V4 (fév. 2021);;;manuel/12-bases-comptables-fiscales.md
2433;12;12.4;C;Le bénéfice des sociétés est soumis :;A l'impôt sur les sociétés, pour les seules sociétés réalisant plus de 15 000 € de bénéfices;A l'impôt sur les sociétés ou à l'impôt sur le revenu selon le statut de l'entreprise concernée;A l'impôt sur les sociétés, sauf pour les filiales étrangères implantées en France;B;B;https://www.impots.gouv.fr/portail/professionnel/imposition-des-resultats;V4 (fév. 2021);;;manuel/12-bases-comptables-fiscales.md
2442;12;12.4;C;Une entreprise de droit français est soumise à l 'Impôt sur le bénéfice des Sociétés (IS) en France en fonction de ses activités en France et des activités réalisées :;A l 'étranger par elle-même ou par ses succursales étrangères;A l 'étranger par ses filiales étrangères;En France par ses filiales étrangères;C;C;Article 209 du code général des impôts Bulletin Officiel des Finances Publiques;V4 (fév. 2021);;;manuel/12-bases-comptables-fiscales.md
2443;12;12.4;C;La rémunération des produits d 'investissement dans lesquels une société soumise à l 'imposition sur le bénéfice des sociétés (IS) investit ses excédents de trésorerie à court terme constitue :;Des produits financiers soumis à l 'IS;Des produits financiers soumis au Prélèvement Forfaitaire Libératoire (PFL);Des produits exceptionnels qui ne sont pas soumis à l 'IS;A;A;Article 209-0 A CGI;V4 (fév. 2021);;;manuel/12-bases-comptables-fiscales.md
