Lot;N° dans le lot;Thème;Sous-thème;Catégorie;N° question;Question;Bonne réponse;Première apparition;Alerte;Note
1;1;1;1.1;C;2604;"Le suivi du respect par les fonds labellisés ""Relance"" de la bonne application de la Charte de ce label est assuré par :";La direction générale du Trésor;nouvelle;;
1;2;1;1.1;C;13;Le Comité Consultatif de la Législation et de la Règlementation Financière (CCLRF) est en charge de :;Donner un avis sur tous les projets de textes normatifs relatifs aux secteurs de la banque et de l'assurance;nouvelle;;
1;3;1;1.2.1;C;60;Qui assure la cohérence globale de la régulation des marchés financiers en Europe ?;L'Autorité européenne des marchés financiers - ESMA;nouvelle;;
1;4;1;1.2.1;C;50;L'Union européenne impose aux marchés financiers des règles communes qui portent sur :;Le fonctionnement des marchés et la protection des épargnants;nouvelle;;
1;5;1;1.2.2;C;70;Quelle est la mission du Comité de Bâle ?;La promotion de la coopération internationale en matière de contrôle prudentiel;nouvelle;;
1;6;1;1.3;C;125;Un Conseiller en Investissement Financier (CIF) peut :;Exercer la réception et transmission d'ordres sur des parts ou actions d'OPCVM;nouvelle;;
1;7;1;1.3;C;101;Le statut de conseillers en investissements participatifs est-il cumulable avec d'autres statuts ?;Oui, il peut être cumulé avec celui d'IFP - Intermédiaires en financement participatif;nouvelle;Réponse dépassée;Statut de CIP supprimé le 10/11/2023 (règlement européen ECSP) : les plateformes d'investissement participatif sont devenues des PSFP agréés par l'AMF. Réponse de la base : cumul CIP + IFP.
1;8;1;1.3;C;2636;Les gestionnaires de plates-formes de négociation sont supervisés :;Conjointement par l'ACPR et l'AMF;nouvelle;;
1;9;1;1.5.1;C;169;La politique fiscale dans les pays de l'Union européenne, est du ressort :;De chaque Etat qui peut lui-même en déléguer une partie au niveau régional ou local;nouvelle;;
1;10;1;1.5.1;C;143;La Banque centrale européenne :;A la personnalité juridique;nouvelle;;
1;11;1;1.5.2;C;214;Qu'est que le taux d'épargne ?;Le taux d'épargne est le rapport entre l'épargne des ménages et le revenu disponible brut;nouvelle;;
1;12;1;1.5.2;C;212;Qu'est-ce que l'OCDE ?;Organisation de coopération et de développement économiques (OCDE);nouvelle;;
1;13;1;1.8;C;243;Quel est l'organe de l'AMF qui peut ordonner qu'il soit mis fin aux manquements aux obligations législatives, réglementaires ou professionnelles :;Le collège;nouvelle;;
1;14;1;1.8;C;232;Dans quel cas les sociétés de gestion ont elles besoin d'être agréées par l'AMF ?;Quand leur objet social unique est la gestion de produits collectifs;nouvelle;;
1;15;2;2.1;A;2638;Les codes de bonne conduite sont élaborés par :;Les associations professionnelles;nouvelle;;
1;16;2;2.1;A;362;Au sein d'une Société de Gestion de Portefeuille (SGP), qui doit être titulaire d'une carte professionnelle délivrée par l'Autorité des Marchés Financiers (AMF) ?;Le Responsable de la Conformité et du Contrôle Interne (RCCI);nouvelle;;
1;17;2;2.2;A;405;Lorsque les mesures prises pour éviter les conflits d'intérêt ne suffisent pas à garantir que le risque de porter atteinte aux intérêts des clients sera évité, le prestataire informe clairement :;Les clients concernés;nouvelle;;
1;18;2;2.2;A;2559;Lorsqu'un conflit d'intérêts est identifié, le PSI a le droit :;De mettre en place une surveillance séparée des personnes impliquées dans des activités donnant lieu à conflits;nouvelle;;
1;19;2;2.3;A;421;La médiation est un mode de :;Règlement amiable des conflits;nouvelle;;
1;20;2;2.3;A;468;La procédure de réclamation :;Doit toujours être gratuite pour le client;nouvelle;;
1;21;3;3;A;503;Le déclarant d'un soupçon de financement de terrorisme :;Ne peut être poursuivi pour violation du secret professionnel sous réserve que la déclaration de soupçon ait été effectuée de bonne foi;nouvelle;;
1;22;3;3;A;495;Lorsqu'une opération qui aurait dû faire l'objet d'une déclaration de soupçon auprès de TRACFIN a malgré tout été réalisée:;Les services de TRACFIN doivent en être informés sans délai;nouvelle;;
1;23;3;3;A;535;Dans le cadre de la lutte contre le blanchiment de capitaux, lorsque le client d'un Prestataire de Services d'Investissement (PSI) n'est pas physiquement présent lors de l'identification ni représenté par son représentant légal, le PSI doit :;Appliquer au moins une mesure de vigilance complémentaire notamment en vue de confirmer l'identité du client;nouvelle;;
1;24;4;4;A;561;"Pour pallier les risques de ""late-trading"" , opération de souscription-rachat d'un OPCVM, il convient de :";Préciser l'heure limite des réceptions des ordres chez le ou les établissements auxquels la société de gestion a confié le soin de leur centralisation;nouvelle;;
1;25;4;4;A;542;Auprès de qui est effectuée la déclaration de soupçon d'abus de marché ?;L'Autorité des Marchés Financiers (AMF);nouvelle;;
1;26;5;5.1;A;632;La mise en œuvre du droit de rétractation impose au client :;De payer le prix correspondant à l'utilisation du produit ou du service financier fourni prorata temporis, sans motif ni pénalité;nouvelle;;
1;27;5;5.1;A;629;Selon la réglementation MIF2, lorsqu'un distributeur décide de commercialiser un instrument financier auprès de sa clientèle, il doit :;Définir un marché cible pour ne proposer l'instrument financier qu'à certains clients;nouvelle;;
1;28;5;5.1;A;682;La directive européenne sur les marchés d'instruments financiers 2 (MIF 2) :;Impose aux producteurs de produits financiers de déterminer un marché cible, avec une stratégie de distribution compatible avec ce dernier;nouvelle;;
1;29;5;5.1;A;711;Parmi les instruments financiers suivants, lequel peut faire l'objet d'un acte de démarchage auprès d'une personne physique en vue de son acquisition :;Une action d 'une Société d'Investissement à Capital Variable (SICAV) luxembourgeoise autorisée à la commercialisation en France;nouvelle;;
1;30;5;5.2;C;699;Que signifie l'acronyme DIC (ou KID en anglais) ?;Document d'Information Clé;nouvelle;;
1;31;5;5.2;C;641;Le document d'information clé pour l'investisseur (DICI) établit par les SICAV et sociétés de gestion pour chacun des OPCVM gérés :;Doit être fourni aux investisseurs préalablement à la souscription;nouvelle;Réponse dépassée;Depuis le 1er janvier 2023, le DICI des OPCVM est remplacé par le DIC PRIIPs pour les investisseurs non professionnels (indicateur de risque SRI de 1 à 7 et 4 scénarios de performance). Les questions sur le DICI restent dans la base : retiens leurs réponses (remise avant souscription, échelle 1 à 7, frais…), qui valent aussi pour le DIC.
1;32;6;6.1.1;A;779;Quel est l'objectif de la catégorisation de la clientèle ?;Déterminer le niveau de protection dont pourra bénéficier le client;nouvelle;;
1;33;6;6.1.1;A;769;Un client est classé dans la catégorie des clients professionnels par le PSI (Prestataire de Services d'Investissement), lorsqu'il :;Possède l'expérience, les connaissances et la compétence lui permettant d'évaluer correctement les risques encourus par ses décisions d'investissement;nouvelle;;
1;34;6;6.1.1;A;793;Le prestataire de services d'investissement peut classer ses clients dans les catégories suivantes :;Client professionnel, client non professionnel, contrepartie éligible;nouvelle;;
1;35;6;6.1.1;A;772;MIF 2 a ajouté des critères d'évaluation de l'adéquation client/conseil. Désormais, le conseiller devra examiner, en plus des critères existant auparavant :;La tolérance du client au risque;nouvelle;;
1;36;6;6.1.1;A;797;Le prestataire de services d'investissement doit classer ses clients en catégories. Laquelle des affirmations suivantes est correcte ?;Le client non professionnel peut, sous certaines conditions, demander à changer de catégorie;nouvelle;;
1;37;6;6.1.2;C;814;Le secret bancaire peut être levé en toute légalité lorsque la demande d'information provient :;De la commission de surendettement de la Banque de France;nouvelle;;
1;38;6;6.1.2;C;819;Laquelle de ces institutions est habilitée à lever le secret bancaire ?;L'administration des douanes;nouvelle;;
1;39;6;6.2;A;1175;Lorsqu 'un Prestataire de Services d 'Investissement (PSI) propose un service d 'investissement à ses clients non-professionnels, il a l 'obligation de leur communiquer un ensemble d 'informations pour qu 'ils prennent leur décision en connaissance de cause. Parmi les informations suivantes, laquelle doit être obligatoirement communiquée ?;Les coûts et l 'ensemble des frais induits par l 'instrument financier;nouvelle;;
1;40;6;6.2;A;1011;L'information que le PSI doit fournir à son client sur les frais relatifs à l'instrument financier souscrit doit porter :;Sur l'ensemble des frais et taxes de manière détaillée;nouvelle;;
1;41;6;6.2;A;1177;Lorsqu 'il propose des services d 'investissements, quelle information parmi les suivantes, le Prestataire de Services d 'Investissement (PSI) doit-il communiquer à ses clients non professionnels ?;Si le prix total à payer par le client n 'est pas encore connu, sa base de calcul, permettant au client de le vérifier;nouvelle;;
1;42;6;6.2;A;890;L'obligation d'enregistrement de tout service ou transaction, prévue par le Code monétaire et financier, qui incombe au prestataire et permet à l'AMF de contrôler qu'il respecte ses obligations, s'applique-t-elle à l'avis d'opéré ?;Oui, car elle permet au prestataire de justifier du respect de ses obligations d'information à l'égard de ses clients;nouvelle;;
1;43;6;6.2;A;886;Les porteurs de parts et actionnaires doivent-ils être informés sur la gestion d'un OPCVM effectuée par la société de gestion de portefeuille ?;Oui, ils doivent recevoir toute l'information nécessaire sur cette gestion;nouvelle;;
1;44;6;6.3;A;1154;Quelle règle s'applique lorsque les recommandations personnalisées orientent un client vers un produit illiquide ?;La recommandation doit tenir compte de la durée pendant laquelle le client est prêt à conserver le placement;nouvelle;;
1;45;6;6.3;A;948;Dans le cas d'un client qui refuse de communiquer des informations sur sa situation financière, le prestataire :;Ne doit pas lui fournir le service de gestion de portefeuille pour compte de tiers;nouvelle;;
1;46;6;6.3;A;1033;Comment le service de conseil en investissement délivré de manière indépendante peut-il être rémunéré ?;Uniquement par le client, sous forme d'honoraires ou de commissions;nouvelle;;
1;47;6;6.4;A;957;"Dans le cadre de la ""Best execution"" , quel critère permet entre autres, d'obtenir le meilleur résultat possible pour son client ?";Le coût total d'une transaction;nouvelle;;
1;48;6;6.4;A;962;L'obligation d'obtenir le meilleur résultat possible par le prestataire de services d'investissement (PSI) s'applique :;A tous les instruments financiers;nouvelle;;
1;49;6;6.4;A;998;Parmi les propositions suivantes, laquelle caractérise le respect de l'obligation de la meilleure sélection de l'intermédiaire ?;Etablir et mettre en œuvre une politique de sélection des intermédiaires par type d'instruments financiers;nouvelle;;
1;50;6;6.5;C;1005;Comment sont calculés les frais de transaction sur achat et vente de titres (actions ou obligations) ?;"Ils sont libres et respectent le cadre juridique de la ""publicité des tarifs bancaires""";nouvelle;;
1;51;6;6.5;C;1024;Les frais de courtage sont :;Les frais liés à l'exécution des ordres de bourse;nouvelle;;
1;52;6;6.6;C;1046;Dans quel document les modalités de dénonciation d'un mandat de gestion doivent-elles figurer ?;Dans le mandat de gestion signé par les clients;nouvelle;;
1;53;6;6.7;C;1060;Quelle est la finalité du redressement judiciaire d'une entreprise en difficulté ?;La poursuite de l'activité, le maintien de l'emploi et l'apurement du passif;nouvelle;;
1;54;6;6.8;C;1156;Quel est le délai d'indemnisation des déposants par le Fonds de garantie des dépôts et de résolution ?;7 jours ouvrables;nouvelle;;
1;55;6;6.8;C;1074;La réglementation sur les pratiques commerciales trompeuses vise essentiellement à protéger :;Les clients des prestataires de services d'investissement;nouvelle;;
1;56;6;6.9;C;1113;Le démarchage pour des CFD (contracts for difference) est-il autorisé ?;Non, en aucun cas;nouvelle;;
1;57;7;7.1;C;1254;Quel est le risque majeur supporté par un actionnaire ?;Le risque de perte en capital;nouvelle;;
1;58;7;7.1;C;1237;L'impact que peuvent avoir les fluctuations de cours de titres financiers sur les positions d'un investisseur fait partie du :;Risque de marché;nouvelle;;
1;59;7;7.1;C;1220;Le risque de défaillance de l'acheteur ou du vendeur au moment du règlement-livraison se nomme :;Le risque de contrepartie lié à la transaction;nouvelle;;
1;60;7;7.2;C;1291;Le Price Earning Ratio (PER) :;Augmente quand la valeur de l'action augmente;nouvelle;;
1;61;7;7.2;C;1331;Une action est :;Un titre de propriété qui confère un droit de vote et un droit à la participation aux bénéfices;nouvelle;;
1;62;7;7.2;C;1298;Les actions de préférence sans droit de vote :;Ne peuvent représenter plus de la moitié du capital social, et dans les sociétés dont les actions sont admises aux négociations sur un marché réglementé, plus du quart du capital social;nouvelle;;
1;63;7;7.3;C;1368;La sensibilité d'une obligation mesure :;La variation de sa valeur en pourcentage induite par une variation donnée du taux d'intérêt;nouvelle;;
1;64;7;7.3;C;1390;Sur quel paramètre les OAT peuvent-ils être indexés ?;Le taux d'inflation;nouvelle;;
1;65;7;7.3;C;1726;Quel est l 'intérêt d'afficher les prix des obligations en pourcentage du nominal sur les écrans de cotations ?;Cela permet de comparer le prix des obligations entre elles;nouvelle;;
1;66;7;7.4;C;2566;Le principal avantage de l'€STER (EURO Short Term Rate) par rapport à l'EURIBOR (Euro Interbank Offered Rate) :;L'EURIBOR est calculé de manière hybride, s'appuyant sur les transactions effectives et les taux offerts par les banques sur le marché interbancaire, alors que l'€STER est calculé sur la base des transactions réelles des prêts interbancaires réalisées la veille;nouvelle;;
1;67;7;7.4;C;1424;Le taux Euribor couvre des durées :;D'une semaine à un an;nouvelle;;
1;68;7;7.5;C;1467;Un bon de souscription d'actions :;Est un titre donnant un accès différé au capital social;nouvelle;;
1;69;7;7.6;C;1472;Quelles sont les conditions de dénouement d'un contrat d'assurance vie ?;Le souscripteur a le choix entre un dénouement du contrat en rente ou en capital;nouvelle;;
1;70;7;7.6;C;1489;Les livrets d'épargne populaire :;Sont réservés aux personnes ne dépassant pas un certain plafond de revenu;nouvelle;;
1;71;7;7.7;C;1513;Acheter un call signifie :;Avoir le droit et non l'obligation d'acheter un sous-jacent à un prix fixé à l'avance;nouvelle;;
1;72;7;7.8;C;1571;La valeur liquidative d'un OPC (Organisme de Placement Collectif) :;Est égale à l'actif net de l'OPC divisé par le nombre de parts;nouvelle;;
1;73;7;7.8;C;1568;Les parts d'un OPC (Organisme de Placement Collectif) peuvent être détenues par :;Des personnes morales, des personnes physiques ou des associations;nouvelle;;
1;74;7;7.9;C;1696;Les propositions publicitaires d'investissements en chevaux de courses sont-ils soumis au contrôle préalable de l'AMF ?;OUI;nouvelle;;
1;75;7;7.9;C;1638;Quel est le critère principal permettant de définir un intermédiaire en bien divers ?;Les modalités de commercialisation des biens divers;nouvelle;;
1;76;7;7.10;C;1667;Le Bitcoin :;Est une monnaie virtuelle;nouvelle;;
1;77;7;7.10;C;2570;Lorsque le prestataire de services sur actifs numériques (PSAN) est un prestataire de services d'investissement, la politique de gestion des conflits d'intérêts porte :;A la fois sur les services sur actifs numériques et sur les services d'investissement;nouvelle;;
1;78;8;8.1;C;1733;Pour exercer ses activités, une société de gestion doit :;Obtenir préalablement un agrément de l'Autorité des Marchés Financiers;nouvelle;;
1;79;8;8.2.1;C;1796;Les FCP sont des entités :;Dépendantes d'une SGP, qui n'ont pas de personnalité juridique et ne doivent donc pas publier leurs comptes;nouvelle;;
1;80;8;8.2.2;C;2780;La performance relative d'un fonds :;Est évaluée par comparaison à une autre référence;nouvelle;;
1;81;8;8.2.2;C;1964;Concernant la gestion benchmarkée, laquelle de ces affirmations est juste ?;La performance de l'OPC s'analyse par rapport à l'indice de référence indiqué dans son DICI;nouvelle;;
1;82;8;8.4;C;1806;L'agrément d'un OPCVM relève normalement de :;L'autorité compétente du pays où il est constitué;nouvelle;;
1;83;8;8.4;C;1795;Dans le cadre d'un service de gestion sous mandat, le prestataire de services d'investissement et le teneur de compte doivent-ils catégoriser le client séparément ?;Oui, les deux sont tenus de catégoriser leur client de façon séparée : le prestataire pour le service d'investissement et le teneur de compte conservateur pour le service connexe;nouvelle;;
1;84;8;8.5;C;1839;"Un OPCVM dit ""fonds de fonds"" est un OPCVM qui investit :";Directement dans des parts d'OPCVM;nouvelle;;
1;85;8;8.5;C;2038;Les montants investis dans des Fonds Commun de Placement dans l 'Innovation (FCPI) sont-ils bloqués pendant plusieurs années ?;Oui en général pour une durée de 7 à 10 ans plus longue que la durée de blocage de 5 ans nécessaire pour bénéficier d 'une réduction d 'impôt;nouvelle;;
1;86;8;8.5;C;1987;Quelle caractéristique a, entre autres, un OPC à plusieurs catégories de parts ?;Des valeurs liquidatives différentes suivant les catégories d'investisseurs;nouvelle;;
1;87;8;8.6;C;2005;A qui s'adresse la gestion alternative ?;Aux investisseurs ayant une bonne connaissance des instruments financiers;nouvelle;;
1;88;8;8.7;C;2514;Quelle norme de standard international définit le périmètre de la responsabilité sociétale des entreprises (RSE) ?;La norme ISO 26000;nouvelle;;
1;89;8;8.7;C;2617;"Le label ""Relance"" concerne les fonds qui s’engagent à soutenir les fonds propres et quasi-fonds propres des entreprises françaises :";Cotées et non cotées;nouvelle;;
1;90;8;8.7;C;2790;Les critères ESG sont divisés :;En 3 piliers;nouvelle;;
1;91;8;8.7;C;2618;Le label « Relance » permet aux investisseurs d’identifier les organismes de placement collectifs (OPC) :;Qui financent des entreprises françaises, cotées ou non;nouvelle;;
1;92;8;8.7;C;2534;Le label ISR (investissement socialement responsable) impose une transparence renforcée. Notamment :;Un rapport sur la gestion ESG doit être communiqué aux investisseurs sur une base au moins annuelle;nouvelle;;
1;93;8;8.7;C;2548;L'approche Best in Class permet de créer un portefeuille diversifié en privilégiant les entreprises les mieux notées d'un point de vue extra-financier au sein de leur secteur d'activité :;Sans exclure a priori aucun secteur;nouvelle;;
1;94;8;8.7;C;1893;Le label GreenFin autorise-t-il l'utilisation d'instruments financiers dérivés ?;Oui mais cette utilisation doit se limiter à des techniques permettant une gestion efficace du portefeuille de titres, et ne doit pas avoir pour effet de dénaturer significativement ou durablement la politique d'investissement du fonds;nouvelle;;
1;95;8;8.7;C;2519;Comment définit-on la finance verte ?;Comme l'ensemble des actions et opérations financières qui favorisent la transition énergétique et la lutte contre le réchauffement climatique;nouvelle;;
1;96;8;8.7;C;2465;Parmi ces propositions, laquelle définit le mieux ce que sont les critères ESG ?;Des critères d'analyse de performance extra financière;nouvelle;;
1;97;8;8.7;C;2785;Les agences de notation extra-financière sont chargées d'évaluer :;La politique sociale et environnementale d’un acteur économique;nouvelle;;
1;98;8;8.7;C;2495;La notation extra-financière :;Intègre les comportements environnementaux et sociaux d'une entreprise;nouvelle;;
1;99;8;8.7;C;2478;"Que signifie l'approche ""Best in universe"" pour un gérant ?";La sélection d'entreprises ayant les meilleures pratiques de développement durable indépendamment de leur secteur d'activité;nouvelle;;
1;100;8;8.7;C;2497;Parmi les propositions suivantes, quelle est celle qui décrit une procédure d'investissement ISR existante :;Best Effort;nouvelle;;
1;101;8;8.7;C;2467;"Les bases d'un ""marché carbone"" , pour limiter les émissions de gaz responsables du changement climatique ont été établies lors :";Du protocole de Kyoto en 1997;nouvelle;;
1;102;8;8.7;C;1937;Quelles entreprises sont soumises à l'obligation d'intégrer une déclaration de performance extra-financière à leur rapport de gestion ?;Cela concerne les sociétés dont les titres sont admis aux négociations sur un marché réglementé ainsi que les sociétés non cotées qui dépassent certains seuils fixés par décret;nouvelle;Contexte;"La DPEF a été remplacée par le « rapport de durabilité » de la directive CSRD (ordonnance de décembre 2023, premiers rapports en 2025 pour les plus grandes entreprises ; le paquet Omnibus de 2025 a reporté et réduit le champ). La définition donnée par la base reste valable."
1;103;9;9.1;C;2048;Le Service de Règlement Différé (SRD) permet :;Le dénouement de l'opération le dernier jour du mois boursier;nouvelle;;
1;104;9;9.1;C;2153;A partir de quel critère, les compartiments actions A, B et C sont-ils définis sur Euronext ?;La capitalisation boursière de l'entreprise;nouvelle;;
1;105;9;9.2;A;2065;Les règles de priorité d'exécution des ordres en attente sur le carnet d'ordres électronique Euronext sont :;Par limite de prix d'abord, puis par ordre chronologique;nouvelle;;
1;106;9;9.2;A;2070;Quelle est la caractéristique des ordres à seuil de déclenchement ?;Un ordre de vente à seuil de déclenchement fixe un cours auquel et éventuellement au-dessous duquel l'ordre devra être exécuté;nouvelle;;
1;107;9;9.3;C;2206;L 'entreprise qui exploite un marché réglementé ou un Système Multilatéral de Négociation (SMN) répond à son obligation de transparence pré-négociation concernant une action :;En publiant les cinq meilleurs prix acheteurs et vendeurs qui se trouvent dans le marché pour cette action ainsi que les quantités exprimées à ces prix;nouvelle;;
1;108;9;9.4;C;2203;La Directive MIF2 a renforcé l 'encadrement du trading algorithmique. Les PSI réalisant du trading algorithmique doivent notamment :;Notifier les autorités compétentes, tester les algorithmes qu 'elles utilisent et leurs ordres doivent être marqués pour être identifiés par les autorités;nouvelle;;
1;109;9;9.5;C;2102;Lorsqu'un PSI effectue des opérations de gré à gré sur des actions cotées pour compte propre ou pour le compte de clients :;Il doit publier ces informations par l'intermédiaire d'un dispositif de publication agréé;nouvelle;;
1;110;10;10.1;C;2231;Le dépositaire d'OPCVM a essentiellement pour fonctions;La conservation des actifs pour le compte de l'OPCVM et le contrôle de la régularité des actes de gestion de l'OPCVM;nouvelle;;
1;111;10;10.1;C;2216;Pour obtenir l'habilitation de teneur de compte conservateur, les requérants adressent leur demande à :;L'Autorité du Contrôle Prudentiel et de Résolution (ACPR);nouvelle;;
1;112;10;10.2;C;2261;Si un investisseur ne peut répondre à l 'appel de marge exigé par la chambre de compensation suite à une variation défavorable de sa position sur des instruments financiers à terme :;La chambre de compensation peut procéder à la clôture de la position du client et utiliser le dépôt de garantie pour faire face à la perte potentielle;nouvelle;;
1;113;11;11.1;C;2263;Concernant le financement participatif, quelle affirmation est fausse :;Il est obligatoirement géré par un syndicat de banques, compte tenu des montants très importants levés auprès du public;nouvelle;;
1;114;11;11.2;C;2300;Une offre publique est qualifiée d'amicale lorsque :;Le conseil d'administration de la cible recommande aux actionnaires d'apporter leurs titres à l'offre;nouvelle;;
1;115;12;12.1;C;2320;Dans le bilan d'une entreprise quel est l'effet de la part de résultat positif qui n'est pas distribuée aux actionnaires ?;Elle augmente les capitaux propres;nouvelle;;
1;116;12;12.1;C;2337;Quel principe doivent respecter les comptes annuels d'une entreprise ?;Le principe de prudence;nouvelle;;
1;117;12;12.2;C;2348;Les entreprises cotées sur le marché réglementé doivent publier leur rapport financier semestriel au plus tard :;Dans les trois mois qui suivent la clôture du premier semestre;nouvelle;;
1;118;12;12.3;C;2374;En cas de retrait, la fiscalité des gains générés dans le cadre du PEA :;Diffère selon la durée de détention du PEA;nouvelle;;
1;119;12;12.3;C;2373;Depuis le 1er janvier 2018, les dividendes perçus sur un compte-titre ordinaire :;Sont soumis au prélèvement forfaitaire unique, sauf demande de dispense;nouvelle;;
1;120;12;12.4;C;2394;Les plus-values réalisées par une société anonyme sur une cession de parts d'OPCVM sont:;Soumises au taux normal de l'impôt sur les sociétés;nouvelle;;
2;1;1;1.1;C;15;Quel est le rôle du CCLRF (Comité Consultatif de la Législation et de la Réglementation Financières) ?;C'est une institution consultative qui donne un avis sur les projets de textes législatifs et réglementaires (français ou européens) dans le domaine financier;nouvelle;;
2;2;1;1.1;C;32;Quelle est la mission du Comité consultatif du secteur financier ?;Donner un avis sur les questions relatives aux relations entre les établissements de crédit et leur clientèle;nouvelle;;
2;3;1;1.2.1;C;41;Qu'est-ce que l'AEMF (ou ESMA)?;L'autorité européenne des marchés financiers;nouvelle;;
2;4;1;1.2.1;C;305;Quelle institution vote les nouvelles lois européennes?;Le Parlement européen;nouvelle;;
2;5;1;1.2.2;C;69;L'organisation internationale des commissions de valeurs (OICV) :;A pour objectif principal d'établir des normes internationales;nouvelle;;
2;6;1;1.3;C;123;L'ORIAS a-t-elle la compétence pour contrôler le respect des règles de non cumul de statuts (IAS, IOBSP, CIF, IFP etc) édictées par le Code Monétaire et Financier ?;Non mais ces règles font l'objet d'un rappel spécifique lors des formalités d'inscription et d'une mention publique informative pour les consommateurs;nouvelle;;
2;7;1;1.3;C;106;Qu'est-ce qu'un IOBSP (Intermédiaire en Opérations de Banque et en Services de Paiement) ?;Une personne qui propose à titre habituel et contre rémunération, l'intermédiation en opérations de banque sans se porter ducroire;nouvelle;;
2;8;1;1.3;C;83;Les acteurs habilités à réaliser du conseil en investissement sont :;Les prestataires de services d'investissement et les conseillers en investissements financiers (CIF);nouvelle;;
2;9;1;1.5.1;C;163;La volatilité des marchés financiers est une mesure :;De variabilité des prix et donc de risque;nouvelle;;
2;10;1;1.5.1;C;172;Quel est l'un des principaux effets de l'inflation sur l'économie ?;L'érosion de l'épargne liquide des ménages;nouvelle;;
2;11;1;1.5.2;C;192;Parmi les propositions suivantes, laquelle ne correspond pas à un risque opérationnel ?;Une forte hausse du dollar par rapport à l'euro;nouvelle;;
2;12;1;1.5.2;C;219;Les marchés financiers de pays comme le Brésil, la Colombie, l'Egypte, le Vietnam font partie :;Des marchés émergents;nouvelle;;
2;13;1;1.8;C;231;Sont soumis(es) à un agrément de l'AMF :;Les Organismes de Placement Collectif Immobilier (OPCI);nouvelle;;
2;14;1;1.8;C;246;Parmi les produits suivants, lesquels sont des instruments financiers ?;Les titres financiers;nouvelle;;
2;15;2;2.1;A;352;Le Responsable Conformité est-il titulaire d'une carte professionnelle ?;Oui, il est titulaire d'une carte professionnelle délivrée par l'AMF;nouvelle;;
2;16;2;2.1;A;364;Au sein d'un prestataire de services d'investissement, autre qu'une Société de Gestion de Portefeuille, peut-il y avoir plusieurs titulaires de cartes professionnelles de responsable de la conformité, délivrées par l'Autorité des Marchés Financiers ?;Oui, si l'AMF s'assure que le nombre des titulaires de ces cartes est en adéquation avec la nature et les risques des activités du prestataire de services d'investissement, sa taille et son organisation;nouvelle;;
2;17;2;2.2;A;373;Une transaction personnelle est une opération réalisée par une personne concernée ou pour son compte :;Lorsque cette personne agit en dehors du cadre de ses fonctions;nouvelle;;
2;18;2;2.2;A;397;Quelle règle s'applique à la liste d'initiés établie par un PSI à l'occasion d'une opération financière ?;Elle doit être mise à jour régulièrement;nouvelle;;
2;19;2;2.3;A;415;La saisine du service de la médiation de l'AMF est :;Gratuite;nouvelle;;
2;20;2;2.3;A;427;La procédure de médiation interne est:;Gratuite;nouvelle;;
2;21;3;3;A;730;L'identification formelle du client doit se faire :;Avant l'établissement de la relation d'affaire;nouvelle;;
2;22;3;3;A;493;TRACFIN (Traitement du Renseignement et Action contre les Circuits Financiers clandestins) doit remplir plusieurs missions. Lesquelles ?;Collecter les déclarations de soupçon, les analyser et enquêter;nouvelle;;
2;23;3;3;A;475;Qu'est-ce que le GAFI ?;Le Groupe d'Action Financière (GAFI) est un organisme intergouvernemental qui a pour objectif de concevoir et de promouvoir des politiques de lutte contre le blanchiment de capitaux et le financement du terrorisme, aussi bien à l'échelon national qu'international;nouvelle;;
2;24;4;4;A;566;"Quel objectif poursuit, notamment, la règlementation ""abus de marché"" ?";Assurer l'intégrité des marchés;nouvelle;;
2;25;4;4;A;579;Quel agissement parmi les suivants est susceptible d'être sanctionné dans le cadre des sanctions qui s 'appliquent pour les abus de marchés ?;Une tentative échouée d 'abus de marché;nouvelle;;
2;26;5;5.1;A;616;Un prestataire de services d'investissement contacte l'un de ses clients pour lui proposer une opération de placement qui correspond à une opération habituelle pour ce dernier (en termes de nature d'opérations, de risques, de montants).;Il s'agit là d'une opération qui n'entre pas dans le champ d'application du démarchage;nouvelle;;
2;27;5;5.1;A;586;Quels sont les principaux objectifs poursuivis par la réglementation en matière de vente à distance ?;Elle vise notamment à encadrer de manière plus stricte le statut et les obligations des personnes habilitées à effectuer du démarchage;nouvelle;;
2;28;5;5.1;A;635;Les produits dont le risque maximal n'est pas connu au moment de la souscription :;Ne peuvent pas être proposés dans le cadre du démarchage;nouvelle;;
2;29;5;5.1;A;714;Le distributeur d 'instruments financiers :;Doit adapter les préconisations du producteur sur le Marché Cible par rapport à la réalité de sa clientèle;nouvelle;;
2;30;5;5.2;C;647;Dans le document d'information clé pour l'investisseur (DICI) d'un OPCVM, l'affichage du niveau de risque et de rendement est :;Obligatoire et présenté sur une échelle de 1 à 7;nouvelle;Réponse dépassée;Depuis le 1er janvier 2023, le DICI des OPCVM est remplacé par le DIC PRIIPs pour les investisseurs non professionnels (indicateur de risque SRI de 1 à 7 et 4 scénarios de performance). Les questions sur le DICI restent dans la base : retiens leurs réponses (remise avant souscription, échelle 1 à 7, frais…), qui valent aussi pour le DIC.
2;31;5;5.2;C;676;Dans le cadre de la réglementation européenne PRIIPS, le document d'information clé est :;N'est pas un document publicitaire;nouvelle;;
2;32;6;6.1.1;A;804;Un client non-professionnel personne physique :;Renoncer à une partie de sa protection uniquement après l'évaluation adéquate de ses compétences, expériences et situation financière par le Prestataire de Services d'Investissement (PSI) concerné;nouvelle;;
2;33;6;6.1.1;A;812;Les personnes physiques sont par nature des :;Clients non professionnels;nouvelle;;
2;34;6;6.1.1;A;2695;Les clients qui ont le droit de demander une catégorisation différente sont :;Les clients non professionnels, les clients professionnels et les contreparties éligibles;nouvelle;;
2;35;6;6.1.1;A;1161;Le Prestataire de Services d'Investissement établit et met en œuvre des politiques et des procédures appropriées et écrites permettant de classer ses clients. Dans quelle catégorie seront classés les clients particuliers personnes physiques ou encore les entreprises de petite taille ou les professions libérales ?;Clients non professionnels;nouvelle;;
2;36;6;6.1.1;A;752;Pour fournir les services adéquats à leurs clients, les PSI sont-ils habilités à se fonder sur les informations fournies par le client ?;Oui, à moins qu'ils ne sachent que celles-ci sont manifestement erronées;nouvelle;;
2;37;6;6.1.2;C;834;Les entreprises d'investissements sont-elles soumises au secret professionnel?;Oui mais il ne peut pas être opposé à l'Autorité de contrôle prudentiel et de résolution (ACPR);nouvelle;;
2;38;6;6.1.2;C;734;La conservation des données clients en matière de conformité est d'une durée de :;Cinq ans à compter de la fin de la relation d'affaire, pour les clients habituels et occasionnels;nouvelle;;
2;39;6;6.2;A;1132;dans le cadre de MIF 2, quels sont notamment les documents à adresser à son client par le CIF ?;La description du type de conseil : indépendant ou pas;nouvelle;;
2;40;6;6.2;A;879;Quel historique doit être mentionné dans l'indication des performances passées d'un instrument ou d'un indice financier ?;Les 5 dernières années;nouvelle;;
2;41;6;6.2;A;854;Quelles doivent être les caractéristiques de l'information communiquée au client sur les performances passées d'un produit financier ?;Les données doivent porter sur les 5 dernières années minimum ou sur la durée depuis laquelle le service existe et pour des tranches complètes de 12 mois;nouvelle;;
2;42;6;6.2;A;853;Que doit faire le PSI en matière d'information du client sur la politique en matière de conflits d'intérêt ?;Informer son client si les mesures prises pour éviter les conflits d'intérêt ne suffisent pas à garantir d'éviter les risques de porter atteinte à ses intérêts;nouvelle;;
2;43;6;6.2;A;908;La politique d'exécution des ordres, pour un client non professionnel est un document :;Communiqué aux clients avant la prestation de services;nouvelle;;
2;44;6;6.3;A;764;Concernant les informations recueillies sur le client, de quoi doit s'assurer le PSI ?;Que le questionnaire est compréhensible et permet d'évaluer l'adéquation des produits ou services proposés;nouvelle;;
2;45;6;6.3;A;1181;Dans le cadre d 'une prestation de conseil en investissement non-indépendant, le prestataire pourra-t-il conserver d 'éventuelles rétrocessions de commission versées par les producteurs des fonds ou instruments qu 'il recommandera à son client, si ce dernier y souscrit où les achète ?;Oui mais à la condition que le client en soit informé;nouvelle;;
2;46;6;6.3;A;925;Concernant le test d'adéquation, quel type d'information doit permettre de vérifier si le client est financièrement capable de faire face aux risques ?;La capacité du client à subir des pertes;nouvelle;;
2;47;6;6.4;A;993;En matière d'exécution des ordres, les prestataires de services d'investissement autres que les sociétés de gestion de portefeuille doivent-ils suivre les instructions spécifiques de leurs clients lorsqu'ils en donnent ?;Oui, l'ordre doit être exécuté en suivant ces instructions;nouvelle;;
2;48;6;6.4;A;978;La politique de négociation des ordres peut prévoir que les ordres des clients soient exécutés hors d'un marché réglementé ou d'un système multilatéral de négociation (SMN). Dans ce cas, quelle est l'obligation spécifique des prestataires ?;Le prestataire doit en informer ses clients ou prospects et obtenir leur consentement exprès avant de procéder à l'exécution de leurs ordres hors d'un marché réglementé ou d'un SMN;nouvelle;;
2;49;6;6.4;A;976;Les procédures appliquées par les prestataires de services d'investissement, autres que les sociétés de gestion de portefeuille, en vue de fournir le service d'exécution d'ordres pour le compte de tiers :;Doivent garantir l'exécution rapide des ordres de leurs clients et de façon équitable par rapport aux ordres de leurs autres clients ou aux ordres pour leur propre compte;nouvelle;;
2;50;6;6.5;C;1037;La commission de rachat équivaut :;Au droit de sortie;nouvelle;;
2;51;6;6.5;C;1040;Que peut comprendre la rémunération de la gestion de portefeuille sous mandat ?;La commission de gestion et la commission de surperformance;nouvelle;;
2;52;6;6.6;C;1050;Quel régime de protection permet à une personne majeure incapable de conserver l'exercice de ses droits mais dont les actes peuvent être annulés s'ils nuisent à ses intérêts ?;Le régime de la curatelle;nouvelle;Piège;"La définition donnée (conserve l'exercice de ses droits, actes annulables s'ils lui nuisent) correspond juridiquement à la sauvegarde de justice ; comme elle n'est pas proposée, la base attend « curatelle »."
2;53;6;6.7;C;2664;Le Fichier des Incidents de Crédit aux Particuliers (FICP) :;Est géré par la Banque de France;nouvelle;;
2;54;6;6.8;C;1083;Parmi les propositions suivantes, qu'est-ce qui est exclu du dispositif de protection du FGDR (Fonds de Garantie des Dépôts et de Résolution) ?;Le contenu du coffre-fort du client;nouvelle;;
2;55;6;6.8;C;1139;Quel est le délai d'indemnisation des déposants en France ?;Il est de 7 jours ouvrables;nouvelle;;
2;56;6;6.9;C;1109;La vente d'options binaires à des investisseurs non professionnels est-elle possible en France ?;Non, ce n'est plus possible;nouvelle;;
2;57;7;7.1;C;2724;Plusieurs types de volatilité existent dont :;La volatilité historique et la volatilité implicite;nouvelle;;
2;58;7;7.1;C;1217;Le risque de change d'un actif financier est consécutif à :;La variation du cours de change de cet actif par rapport à une autre devise;nouvelle;;
2;59;7;7.1;C;2741;Plus la volatilité d'un fonds est importante :;Plus grand est l'écart de performances possibles;nouvelle;;
2;60;7;7.2;C;1285;Le dividende distribué par une société à ses actionnaires s'assimile à :;Un revenu variable;nouvelle;;
2;61;7;7.2;C;1289;Le PER (Price Earning Ratio) est :;"Un indicateur de ""cherté"" pour une action";nouvelle;;
2;62;7;7.2;C;1283;Le détenteur d'une action :;N'est engagé qu'à hauteur de son apport financier;nouvelle;;
2;63;7;7.3;C;1358;Qu'est-ce qu'une obligation ?;Un titre de créance;nouvelle;;
2;64;7;7.3;C;1383;En France, une OATi designe :;Une Obligation Assimilable du Trésor indexée à l'inflation;nouvelle;;
2;65;7;7.3;C;1336;Le prix d'émission au pair d'une obligation est égal à :;100 % de sa valeur nominale;nouvelle;;
2;66;7;7.4;C;1294;Lequel de ces taux de référence possède plusieurs échéances ?;L'Euribor;nouvelle;;
2;67;7;7.4;C;1421;L'indice de référence EURIBOR est déterminé pour des maturités allant de :;Une semaine à un an;nouvelle;;
2;68;7;7.5;C;1463;Quelle possibilité est offerte par une obligation convertible ?;La conversion en actions de la société émettrice;nouvelle;;
2;69;7;7.6;C;1504;Par rapport à un contrat d'assurance monosupport en euros, un contrat d'assurance multisupport :;Est plus risqué;nouvelle;;
2;70;7;7.6;C;1473;Le compte à terme (CAT) est un contrat d'épargne dans lequel :;La somme épargnée est bloquée pendant toute la durée du contrat et le taux d'intérêt garanti peut être fixe ou progressif;nouvelle;;
2;71;7;7.7;C;1525;Qu'est ce qu'une option ?;Un instrument financier donnant le droit d'acheter ou de vendre à une date future un actif financier à un cours fixé à l'avance;nouvelle;;
2;72;7;7.8;C;704;Le prix d'une part d'un OPC est appelé :;La valeur liquidative;nouvelle;;
2;73;7;7.8;C;1721;Parmi les propositions suivantes, laquelle est vraie ?;Les Fonds d 'Investissement Alternatif peuvent permettre de prendre plus de risque qu 'avec des Organismes de Placement Collectif en valeurs mobilières;nouvelle;;
2;74;7;7.9;C;1627;Quel peut être le statut d'un intermédiaire en biens divers ?;Un conseiller en investissements et gestion de biens immobiliers;nouvelle;;
2;75;7;7.9;C;1609;"Parmi ces produits, lequel fait partie des ""biens divers"" ?";Un placement dans des bouteilles de vin;nouvelle;;
2;76;7;7.10;C;1648;Quel organisme est chargé de la supervision des prestataires de services sur actifs numériques ?;L'AMF;nouvelle;Réponse dépassée;"Le statut de PSAN (enregistrement obligatoire, agrément optionnel auprès de l'AMF) est remplacé par MiCA : les prestataires de services sur crypto-actifs (PSCA/CASP) doivent obtenir un agrément, délivré en France par l'AMF, avec passeport européen ; la période transitoire française a pris fin au plus tard le 1er juillet 2026. Réponses de la base : celles du régime PSAN."
2;77;7;7.10;C;2564;Les prestataires de services sur actifs numériques doivent identifier leurs clients préalablement :;à toute transaction occasionnelle;nouvelle;;
2;78;8;8.1;C;1737;L'acteur du métier de la gestion pour compte de tiers qui propose des services spécifiques aux fonds alternatifs (Hedge Funds) est :;Le prime broker;nouvelle;;
2;79;8;8.2.1;C;1960;Un mandat de gestion doit :;Mentionner la répartition recherchée par classe d'actifs et l'existence d'un plancher ou d'un plafond pour certaines catégories d'actifs (le minimum ou le maximum investi);nouvelle;;
2;80;8;8.2.2;C;2000;"Quel est l'objectif du règlement (UE) 2016/1011, dit ""règlement Benchmark"" ?";Encadrer, au sein de l'Union européenne, la fourniture et l'utilisation d'indices de référence;nouvelle;;
2;81;8;8.2.2;C;1963;La performance absolue d'un fonds sert à :;Mesurer sa performance sans relation avec un autre fonds ou un benchmark;nouvelle;;
2;82;8;8.4;C;1807;La directive AIFM vise notamment à :;Réguler les principales sources de risque associées à la gestion alternative;nouvelle;;
2;83;8;8.4;C;1810;Les politiques et les pratiques de rémunération mises en œuvre par les sociétés de gestion d'OPCVM :;Doivent être compatibles avec une gestion saine et efficace des risques;nouvelle;;
2;84;8;8.5;C;1815;Le portefeuille d'un OPCVM :;Doit être investi essentiellement dans des valeurs mobilières et/ou des instruments du marché monétaire;nouvelle;;
2;85;8;8.5;C;2036;Parmi les affirmations suivantes laquelle est vraie ?;Investir dans une Société d 'Epargne Forestière peut procurer des avantages fiscaux pour son détenteur mais présente une liquidité réduite car il n 'y a pas d 'obligation de rachat;nouvelle;;
2;86;8;8.5;C;2026;Parmi les Organismes de Placement Collectif (OPC) suivants, lesquels sont investis intégralement en titres d 'un autre OPC, appelé OPC maître ?;Les OPC nourriciers;nouvelle;;
2;87;8;8.6;C;2027;Parmi les gestions suivantes, laquelle consiste à investir dans plusieurs fonds gérés par plusieurs sociétés de gestion différentes ?;La multigestion;nouvelle;;
2;88;8;8.7;C;2496;La France est un des rares pays à mettre en avant la gestion ISR :;C'est faux, la gestion ISR se développe en Europe mais aussi en Amérique du nord et en Asie;nouvelle;;
2;89;8;8.7;C;2522;En matière d'approche ISR, que signifie l'exclusion sectorielle?;Le fait d'exclure de l'univers d'investissement d'un fonds ISR, des entreprises ayant un comportement néfaste pour l'homme ou l'environnement;nouvelle;;
2;90;8;8.7;C;1886;La gestion dont l'objectif est de systématiquement prendre en compte des critères liés à l'environnement, au social et à la gouvernance est :;Une gestion ISR;nouvelle;;
2;91;8;8.7;C;1920;Dans le cadre de la gestion ISR, l'approche Best-in-Universe consiste à sélectionner selon les critères ESG :;Les entreprises les mieux notées, indépendamment de leur secteur d'activité, les secteurs les plus vertueux étant sur-représentés;nouvelle;;
2;92;8;8.7;C;1911;Quelle affirmation est exacte concernant un placement ISR ?;Elle est un placement soumis aux aléas du marché;nouvelle;;
2;93;8;8.7;C;2469;L'approche ESG :;Doit s'appuyer sur des critères objectifs;nouvelle;;
2;94;8;8.7;C;2451;Qu'est-ce qu'un Green Bond ?;Une obligation pour laquelle les fonds levés sont exclusivement orientés vers des projets environnementaux;nouvelle;;
2;95;8;8.7;C;2609;Quand l’objectif d’investissement d'un produit s’inscrit dans une optique durable et que ses caractéristiques environnementales ou sociales sont mises en avant, l’intermédiaire financier :;Doit détailler les différences avec un produit ou un indice de marché large comparable, et expliquer ainsi ses objectifs spécifiques de développement durable;nouvelle;;
2;96;8;8.7;C;2542;"Parmi les différentes approches de l'investissement socialement responsable (ISR), que signifie la sélection ""best-in-universe"" ?";Investir dans les meilleurs émetteurs d'un point de vue des critères environnementaux, sociaux et de gouvernance (ESG), indépendamment de leur secteur d'activité.;nouvelle;;
2;97;8;8.7;C;2446;Les bénéfices générés par une entreprise sociale et solidaire sont principalement consacrés :;Au développement de l'activité de l'entreprise;nouvelle;;
2;98;8;8.7;C;1909;La finance verte a pour objectif :;De favoriser l'accélération de la transition énergétique et la lutte contre le réchauffement climatique;nouvelle;;
2;99;8;8.7;C;2552;La notation extra-financière peut être demandée par :;Une entreprise qui souhaite connaître son positionnement en terme de responsabilité sociale;nouvelle;;
2;100;8;8.7;C;1934;Laquelle de ces agences est une agence de notation extra-financière habilitée en France à délivrer le label ISR aux fonds d'investissement?;Afnor Certification;nouvelle;;
2;101;8;8.7;C;2457;"Parmi les affirmations suivantes, laquelle décrit le mieux la stratégie d'investissement en matière d'ISR dite ""best in class"" ?";Avec cette stratégie, le gérant du fonds surpondère les émetteurs qui ont les meilleures pratiques en matière de développement durable et ont la meilleure notation ESG tout en conservant une allocation sectorielle ou géographique en ligne avec leur benchmark;nouvelle;;
2;102;8;8.7;C;2526;Le label Greenfin est attribué aux fonds qui investissent dans :;Des instruments financiers qui favorisent l'accélération de la transition énergétique et la lutte contre le réchauffement climatique;nouvelle;;
2;103;9;9.1;C;2161;Quelle est la caractéristique majeure d'un marché de gré à gré ?;Aucune protection des investisseurs contre le risque de contrepartie;nouvelle;;
2;104;9;9.1;C;2179;Les transactions sur dérivés :;Peuvent être réalisées sur un marché réglementé;nouvelle;;
2;105;9;9.2;A;2077;"Comment est traité un ordre de vente ""à la meilleure limite"" ?";Il est transformé en ordre à cours limité au prix de la meilleure offre d'achat existant lors de sa réception;nouvelle;;
2;106;9;9.2;A;2164;Sur un marché dirigé par les prix :;Les prix résultent de la fourchette prix achat/vente proposée par un teneur de marché;nouvelle;;
2;107;9;9.3;C;2127;Que sont les dark pools ?;Des plates-formes organisées liées aux ordres de grande taille, sans aucune transparence pré-négociation;nouvelle;;
2;108;9;9.4;C;2207;Au sein des marchés d 'instruments financiers, le rôle de l 'apporteur de liquidité est notamment :;D'amortir les variations de volatilité sur le marché et de garantir les transactions à tout moment au meilleur prix;nouvelle;;
2;109;9;9.5;C;2160;Pour avoir le droit d'exercer en Europe, une agence de notation doit bénéficier d'une autorisation de:;L'Autorité européenne des marchés financiers (ESMA);nouvelle;;
2;110;10;10.1;C;2240;Qui approuve les règles de fonctionnement du dépositaire central ?;L'AMF;nouvelle;;
2;111;10;10.1;C;2239;Le dépositaire central de titres Euroclear France a notamment pour rôle :;D'assurer les virements de compte à compte des titres financiers entre participants;nouvelle;;
2;112;10;10.2;C;2236;Une fois passées les phases de négociation et de compensation, intervient la phase de :;Règlement-livraison;nouvelle;;
2;113;11;11.1;C;2272;Concernant les sondages de marché, quelle affirmation est fausse :;Ils sont interdits par la réglementation européenne;nouvelle;;
2;114;11;11.2;C;2278;Dans la liste ci-dessous, quelle affirmation concernant une fusion-absorption est correcte ?;Les actionnaires de la société dissoute reçoivent de nouvelles actions;nouvelle;;
2;115;12;12.1;C;2329;Le taux de rentabilité des capitaux propres correspond :;Au résultat net divisé par les capitaux propres;nouvelle;;
2;116;12;12.1;C;2445;Parmi les Soldes Intermédiaires de Gestion déterminés d 'après le compte de résultat de l 'entreprise, lequel est égal à ce que l 'entreprise a produit moins ce qu 'elle a consommé pour réaliser cette production ?;La Valeur Ajoutée (VA);nouvelle;;
2;117;12;12.2;C;2620;Une société qui dépose un document d'enregistrement universel peut actualiser les informations qu'il contient :;A tout moment;nouvelle;;
2;118;12;12.3;C;2441;Lorsqu 'un investisseur détient un Plan d 'Epargne en Actions (PEA), les plus-values réalisées :;Sont imposables selon le régime des plus-values mobilières si l 'on clôture le PEA avant 5 ans;nouvelle;;
2;119;12;12.3;C;2376;Quel est le nombre de parts à prendre en compte pour le calcul du quotient familial d'un couple marié ayant 3 enfants mineurs à charge ?;4 parts;nouvelle;;
2;120;12;12.4;C;2378;Pour une entreprise soumise à l'Impôt sur les sociétés (IS), comment sont imposées les plus values sur OPC ?;Au taux de l'IS;nouvelle;;
3;1;1;1.1;C;10;L'Autorité de contrôle prudentiel et de résolution (ACPR) doit veiller :;A la préservation de la stabilité du système financier et à la protection des clients;nouvelle;;
3;2;1;1.1;C;20;Les fonctions de membre du comité consultatif de la législation et de la réglementation financières (CCLRF) sont-elles rémunérées?;Non, elles sont exercées gratuitement;nouvelle;;
3;3;1;1.2.1;C;325;Parmi les autorités suivantes laquelle a un rôle de conseil de la Commission Européenne sur les lois concernant les marchés financiers, de rédaction de normes techniques pour l 'application de ces lois et de contrôle de la mise en œuvre par les Etats membre de l 'UE ?;L 'Esma (autorité européenne des marches financiers);nouvelle;;
3;4;1;1.2.1;C;266;Lequel des organismes français suivants fait partie de l'ESMA (ou AEMF) ?;L'AMF;nouvelle;;
3;5;1;1.2.2;C;306;Le Conseil de Stabilité Financière (Financial Stability Board) a pour mission :;D'identifier les vulnérabilités du système financier mondial et de proposer des mesures pour y remédier;nouvelle;;
3;6;1;1.3;C;313;Une entreprise d 'investissement est :;Une personne morale, autre qu 'une société de gestion de portefeuille ou un établissement de crédit, agréée pour fournir à titre de profession habituelle des services d'investissement;nouvelle;;
3;7;1;1.3;C;2673;Le CIF est habilité :;A fournir une recommandation personnalisée à un client concernant des transactions portant sur des instruments financiers;nouvelle;;
3;8;1;1.3;C;122;Quelle autorité dispose d'un pouvoir de contrôle et de sanctions sur les Conseillers en Investissement Financier ?;L'AMF;nouvelle;;
3;9;1;1.5.1;C;271;Comment la BCE agit-elle sur les taux d'intérêt?;En fixant les taux d'intérêt auxquels les banques peuvent se refinancer auprès de la banque centrale;nouvelle;;
3;10;1;1.5.1;C;291;Le risque systémique correspond au :;Risque de perturbation dans le système financier susceptible d'avoir de graves répercussions sur les marchés et l'économie réelle;nouvelle;;
3;11;1;1.5.2;C;180;Lorsqu'un investisseur dont le compte est libellé en euros (EUR) acquiert des actions brésiliennes en real (BRL), il s'expose :;Au risque de change et au risque action;nouvelle;;
3;12;1;1.5.2;C;215;Le défaut d'un Etat est un risque majeur pour l'investisseur sur les marchés émergent, ce risque est lié à :;"Les deux réponses à la fois
A. La solvabilité de l'Etat
B. A la position de trésorerie de l'Etat (liquidité)
C. Les deux réponses à la fois";nouvelle;;
3;13;1;1.8;C;244;Dans le cadre de quel statut, un établissement de crédit peut-il proposer le service d'investissement de gestion de portefeuille ?;Le statut de prestataire de service d'investissement (PSI);nouvelle;;
3;14;1;1.8;C;234;La voie de composition administrative implique un engagement :;A verser au Trésor public une somme définie par la commission des sanctions;nouvelle;;
3;15;2;2.1;A;245;Chez un PSI, quelle fonction nécessite une carte professionnelle ?;Analyste financier;nouvelle;;
3;16;2;2.1;A;2639;"En matière de conformité, la ""muraille de Chine"" est synonyme de :";La séparation des activités susceptibles de générer des conflits d'intérêts;nouvelle;;
3;17;2;2.2;A;2558;Lorsque les dispositions organisationnelles prises par une société de gestion de portefeuille pour prévenir les conflits d'intérêts ne suffisent pas à garantir que le risque de porter atteinte aux intérêts des clients sera évité, cette société doit d'abord informer de ces risques :;ses clients;nouvelle;;
3;18;2;2.2;A;406;Les activités suivantes sont de façon structurelle en conflit d'intérêts entre elles :;La négociation pour compte propre avec l'exécution d'ordres pour compte de tiers;nouvelle;;
3;19;2;2.3;A;2683;La décision du médiateur en cas de litige entre un client et sa banque :;Peut être acceptée ou non par les parties;nouvelle;;
3;20;2;2.3;A;440;Si un client engage une procédure judiciaire, il :;Ne peut pas recourir à la médiation de la consommation;nouvelle;;
3;21;3;3;A;522;Avant l'entrée en relation, puis pendant la durée de la relation, dans quel cas y-a-t-il obligation de vigilance renforcée ?;Le client est une personne politiquement exposée;nouvelle;;
3;22;3;3;A;2589;Dans le cadre d'une entrée en relation à distance, que doit faire un organisme financier pour vérifier l'identité du client ?;Recueillir la copie d’un document officiel en cours de validité et une signature électronique certifiée par un prestataire de service qualifié;nouvelle;;
3;23;3;3;A;486;A partir de quel montant les opérations en espèces effectuées sur un compte dépôt doivent-elles être déclarées à TRACFIN ?;10 000 € sur un mois calendaire;nouvelle;;
3;24;4;4;A;578;Parmi les opérations suivantes laquelle peut être considérée comme une manipulation de cours :;Emettre des ordres qui donnent des indications fausses sur l 'offre, la demande d 'un instrument financier;nouvelle;;
3;25;4;4;A;541;Qu'est-ce qu'une liste d'initiés ?;Une liste de toutes les personnes ayant accès à des informations privilégiées sur des émetteurs;nouvelle;;
3;26;5;5.1;A;2690;Le démarchage sans avoir obtenu de carte est puni, pour une personne physique, de :;6 mois d'emprisonnement et 7500 euros d'amende;nouvelle;;
3;27;5;5.1;A;640;Sont habilités à pratiquer le démarchage bancaire et financier :;Les établissements bancaires ou financiers limitativement énumérés par la loi;nouvelle;;
3;28;5;5.1;A;621;La loi prévoit des exceptions à l'application des règles concernant le démarchage bancaire et financier.;Lorsqu'il s'agit d'un client pour lequel l'opération constitue une opération habituelle;nouvelle;;
3;29;5;5.1;A;2621;Le démarchage téléphonique d'un consommateur inscrit sur une liste d'opposition au démarchage téléphonique est :;Interdit sauf lorsqu'il s'agit de sollicitations intervenant dans le cadre de l'exécution d'un contrat en cours et ayant un rapport avec l'objet de ce contrat;nouvelle;;
3;30;5;5.2;C;646;Les catégories d'actifs dans lesquels l'OPCVM est habilité à investir :;Doivent être précisées dans le prospectus;nouvelle;;
3;31;5;5.2;C;655;Dans quelle langue les documents destinés à l'information des porteurs de parts ou actionnaires d'OPCVM commercialisés en France doivent-ils être rédigés ?;En français en principe, sauf exception;nouvelle;;
3;32;6;6.1.1;A;1151;Quelle règle s'applique en matière d'information des clients sur leur catégorisation ?;Le PSI doit informer ses clients de leur catégorie;nouvelle;;
3;33;6;6.1.1;A;2697;La charge de la preuve d'évaluer les capacités du client non professionnel avant de prendre sa décision de souscrire à un produit complexe revient :;Au PSI;nouvelle;;
3;34;6;6.1.1;A;1169;Un Prestataire de Service d 'Investissement (PSI) doit recueillir des informations auprès de ses clients afin d 'obtenir une connaissance approfondie des profils et besoins des clients. Dans ce cadre le PSI :;Peut recueillir ces informations par questionnaire automatisé mais en vérifiant autant que possible leur véracité par des éléments objectifs;nouvelle;;
3;35;6;6.1.1;A;751;La catégorie à laquelle appartient le client :;Doit obligatoirement être communiquée par le PSI au client;nouvelle;;
3;36;6;6.1.1;A;802;Parmi les acteurs suivants, qui peut avoir la qualité de client professionnel par nature ou la qualité de contrepartie éligible ?;Les entreprises d'investissement;nouvelle;;
3;37;6;6.1.2;C;827;Les établissements de crédit peuvent diffuser des informations couvertes par le secret professionnel aux agences de notation pour les besoins de la notation des produits financiers.;Vrai;nouvelle;;
3;38;6;6.1.2;C;816;Quelle(s) autorité(s) a(ont) accès aux informations personnelles des clients détenues par des Prestataires de Services d'Investissement assujettis au secret professionnel ?;La Banque de France, l'Autorité des Marchés Financiers, l'Autorité de Contrôle Prudentiel et de Résolution et l'Autorité judiciaire agissant dans le cadre d'une procédure pénale ont accès aux informations personnelles des clients;nouvelle;;
3;39;6;6.2;A;866;Quelles caractéristiques doit avoir l'information sur un instrument financier adressée par le PSI à ses clients non professionnels ?;Claire, exacte et non trompeuse;nouvelle;;
3;40;6;6.2;A;845;Lorsqu'un PSI communique des informations sur des performances futures d'un instrument financier, laquelle de ces affirmations est exacte ?;Les informations reposent sur des hypothèses raisonnables fondées sur des éléments objectifs;nouvelle;;
3;41;6;6.2;A;900;Quelle information le PSI doit-il obligatoirement donner au client non professionnel ?;Une brève description des mesures de protection des instruments financiers ou des espèces qu'il détient pour le compte des clients;nouvelle;;
3;42;6;6.2;A;735;Quelles informations le prestataire de services d'investissement (PSI) doit-il donner à ses clients sur les instruments financiers ?;Il doit donner une description générale de la nature et des risques des instruments financiers en tenant compte notamment de la catégorisation de son client en tant que client non professionnel ou client professionnel;nouvelle;;
3;43;6;6.2;A;881;Un avis d'opéré doit obligatoirement être adressé au client :;Après chaque exécution d'ordre;nouvelle;;
3;44;6;6.3;A;944;Les avantages perçus par un conseiller lors de la fourniture d'un service d'investissement sont encadrés. Quel avantage est considéré mineur et donc acceptable parmi les suivants :;L'invitation à une conférence de formation sur un instrument financier;nouvelle;;
3;45;6;6.3;A;1006;Le Règlement général de l'AMF encadre les rémunérations versées ou perçues par les prestataires de services d'investissement afin de les rendre compatibles avec leur obligation d'agir au mieux des intérêts du client. Quels sont les éléments de rémunération concernés ?;Cette réglementation concerne les rémunérations monétaires, les commissions ainsi que les avantages non monétaires;nouvelle;;
3;46;6;6.3;A;929;L'évaluation de l'adéquation réalisée afin de pouvoir recommander aux clients des produits ou des services adéquats relève de la responsabilité :;Du prestataire de services d'investissement;nouvelle;;
3;47;6;6.4;A;992;En cas d'instruction spécifique donnée par son client pour l'exécution d'un ordre :;Le PSI doit exécuter l'ordre en suivant l'instruction du client, mais ce dernier ne bénéficie plus de la meilleure exécution;nouvelle;;
3;48;6;6.4;A;977;"En quoi consiste une politique de meilleure sélection ( ""best selection"" ) ?";Sélectionner les intermédiaires auprès desquels les ordres sont transmis pour exécution;nouvelle;;
3;49;6;6.4;A;2660;Lorsque la politique d'exécution des ordres prévoit que les ordres des clients peuvent être exécutés en dehors d'une plate-forme de négociation, les PSI informent notamment leurs clients ou leurs clients potentiels de cette possibilité :;Les PSI obtiennent le consentement préalable exprès de leurs clients avant de procéder à l'exécution de leurs ordres en dehors d'une plate-forme de négociation;nouvelle;;
3;50;6;6.5;C;1008;Les droits de garde sont prélevés par :;Le prestataire de services d'investissement (PSI), teneur du compte;nouvelle;;
3;51;6;6.5;C;1028;Dans quel cas la commission de gestion d'un OPC peut-elle comprendre une part variable liée à la surperformance de l'OPC ?;Lorsqu'elle est expressément prévue dans le DICI et qu'elle est cohérente avec l'objectif de gestion;nouvelle;;
3;52;6;6.6;C;1195;Un compte d 'instruments financiers joint :;Permet à chaque personne pour laquelle le compte est ouvert de faire, séparément, toutes opérations sur ce compte d 'instruments financiers;nouvelle;;
3;53;6;6.7;C;1066;A quoi correspond la notion de cessation de paiement ?;Au fait d'être dans l'impossibilité de faire face au passif exigible avec son actif disponible;nouvelle;;
3;54;6;6.8;C;1092;Comment est calculé le plafond d'indemnisation par le fonds de garantie des dépôts et de résolution ?;Par déposant et par établissement;nouvelle;;
3;55;6;6.8;C;1200;Le système de garantie des dépôts :;Est progressivement harmonisé au niveau européen dans un système de fonds européen de garantie des dépôts;nouvelle;;
3;56;6;6.9;C;2601;La communication promotionnelle par voie électronique sur certains contrats hautement spéculatifs est prohibée si elle est susceptible d'atteindre des clients potentiels :;Non professionnels;nouvelle;;
3;57;7;7.1;C;1223;Le risque de liquidité d'un instrument financier est :;La difficulté pour un investisseur de trouver une contrepartie à l'achat ou à la vente;nouvelle;;
3;58;7;7.1;C;1717;Parmi les définitions de risque proposées ci-après, laquelle correspond à la définition du risque de volatilité pour un investisseur détenant un instrument financier ?;Le risque de perte lié à la forte propension du prix de cet instrument financier à fluctuer dans le temps;nouvelle;;
3;59;7;7.1;C;1214;Le rendement moyen d'un investissement :;Est en relation avec son risque;nouvelle;;
3;60;7;7.2;C;1292;Le Price Earnings Ratio (PER) correspond :;Au cours de l'action divisé par le bénéfice par action;nouvelle;;
3;61;7;7.2;C;1328;Qu'est-ce qu'une action de préférence ?;Des actions qui dérogent au principe de proportionnalité;nouvelle;;
3;62;7;7.2;C;1318;Pour une action, plus le PER (Price Earning Ratio) est faible :;Plus l'action est considérée comme bon marché;nouvelle;;
3;63;7;7.3;C;1360;La prime de remboursement d'une obligation s'obtient :;En faisant la différence entre le prix de remboursement et la valeur nominale;nouvelle;;
3;64;7;7.3;C;1371;D'une manière générale, lorsque les taux d'intérêt baissent, le cours des obligations à taux fixe :;Monte;nouvelle;;
3;65;7;7.3;C;1364;Lorsque les taux de référence augmentent, la valeur de marché d'une obligation à taux fixe :;Diminue;nouvelle;;
3;66;7;7.4;C;1417;Sur la base de combien de jours le taux Euribor (Euro Interbank Offered Rate) est-il calculé ?;360 jours;nouvelle;;
3;67;7;7.4;C;1419;Comment sont émis les titres de créances négociables (TCN) ?;Au pair, en dessous du pair ou avec une prime de remboursement;nouvelle;;
3;68;7;7.5;C;1456;Pourquoi les obligations convertibles correspondent-elles à des titres hybrides ?;Elles peuvent donner accès au capital de la société;nouvelle;;
3;69;7;7.6;C;1490;Le Livret d'Epargne Populaire est destiné :;Aux seuls foyers fiscaux ne dépassant pas un certain plafond d'imposition;nouvelle;;
3;70;7;7.6;C;1485;Lors de la souscription d'un contrat d'assurance vie, quel choix s'offre au souscripteur ?;Le souscripteur peut opter soit pour un contrat monosupport, généralement un fonds en euros, soit pour un contrat multisupport, en unités de compte (UC) ou alliant fonds en euros et UC;nouvelle;;
3;71;7;7.7;C;1527;"Qu'est-ce qu'un ""Contracts for difference"" (CFD)?";"Un produit financier qui permet de parier sur les variations à la hausse ou à la baisse d'un ""actif sous-jacent"" sans jamais le détenir";nouvelle;;
3;72;7;7.8;C;1537;Lors de l'achat de parts d'OPC, les commissions de souscription :;S'ajoutent à la valeur liquidative afin de déterminer le prix d'achat;nouvelle;;
3;73;7;7.8;C;1542;A quel agrément est soumise la constitution d'un OPCVM ?;A l'agrément de l'AMF;nouvelle;;
3;74;7;7.9;C;1629;A qui sont transmis les documents annuels établis par un gestionnaire de biens divers ?;Aux détenteurs des droits et à l'AMF;nouvelle;;
3;75;7;7.9;C;2736;L'intermédiaire en biens divers doit :;Agir dans l'intérêt exclusif des investisseurs;nouvelle;;
3;76;7;7.10;C;1649;Les crypto-monnaies comme le Bitcoin, l'Ether… :;N'ont pas cours légal en France;nouvelle;;
3;77;7;7.10;C;1697;les sociétés proposant des investissements en crypto monnaies doivent-elles être enregistrées auprès de l'AMF ?;OUI;nouvelle;Réponse dépassée;"Le statut de PSAN (enregistrement obligatoire, agrément optionnel auprès de l'AMF) est remplacé par MiCA : les prestataires de services sur crypto-actifs (PSCA/CASP) doivent obtenir un agrément, délivré en France par l'AMF, avec passeport européen ; la période transitoire française a pris fin au plus tard le 1er juillet 2026. Réponses de la base : celles du régime PSAN."
3;78;8;8.1;C;1728;Quelles sont les deux missions principales du dépositaire d'OPC ?;Conserver les actifs et s'assurer de la régularité des décisions de l'OPC ou de sa société de gestion;nouvelle;;
3;79;8;8.2.1;C;1749;Dans le cadre de la gestion pour compte de tiers, le mandat de gestion :;Est une convention par laquelle un client donne pouvoir à un gérant de gérer un portefeuille incluant un ou plusieurs instruments financiers en fonction de ses objectifs, de son expérience et de sa situation;nouvelle;;
3;80;8;8.2.2;C;1778;La méthodologie utilisée par un administrateur pour déterminer un indice de référence doit être développée, utilisée et gérée de manière :;Transparente;nouvelle;;
3;81;8;8.2.2;C;2001;Que mesure la volatilité ?;Elle mesure l'amplitude des variations de la valeur d'un instrument financier;nouvelle;;
3;82;8;8.4;C;1970;La Directive OPCVM 5;Oblige le dépositaire à suivre les liquidités des OPCVM;nouvelle;;
3;83;8;8.4;C;1803;Conformément au Règlement AMF, à quels fonds s'applique la demande d'agrément comme fonds monétaire ?;Aux nouveaux OPCVM et FIA et aussi aux fonds déjà existants;nouvelle;;
3;84;8;8.5;C;1982;Les fonds communs de placement à risque (FCPR) sont :;Ouverts à tous les investisseurs;nouvelle;;
3;85;8;8.5;C;2740;Un OPCVM maître satisfait à la condition suivante :;Il compte au moins un OPCVM nourricier parmi ses porteurs de parts ou actionnaires;nouvelle;;
3;86;8;8.5;C;1833;Parmi les FIA (Fonds d'Investissement Alternatifs) suivants, lequel doit être agréé par l'AMF ?;Les fonds professionnels à vocation générale;nouvelle;;
3;87;8;8.6;C;1877;Qu'est-ce qui définit une gestion alternative ?;Elle vise à délivrer une performance positive quel que soit l'évolution des marchés;nouvelle;;
3;88;8;8.7;C;1901;"En quoi consiste l'approche ""Best in class"" parmi les différentes stratégies d'investissement socialement responsable (ISR) ?";Elle consiste consistant à sélectionner les meilleures entreprises de chaque secteur sans en exclure aucun;nouvelle;;
3;89;8;8.7;C;1927;Que peut intégrer la notation extra financière ?;Elle peut intégrer l'étude de la qualité de codes de conduite;nouvelle;;
3;90;8;8.7;C;2489;Un gérant d'un fonds d'investissement qui privilégie les entreprises les mieux notées d'un point de vue extra-financier dans leur secteur d'activité, sans privilégier ou exclure un secteur par rapport à l'indice de référence s'appuie sur :;L'approche Best-in-class;nouvelle;;
3;91;8;8.7;C;2505;"La politique d'investissement ""investissement socialement responsable"" (ISR) d'un fonds :";Peut concerner la totalité du portefeuille ou une partie des actifs seulement;nouvelle;;
3;92;8;8.7;C;1889;On entend par Investissement Socialement Responsable (ISR) :;Un processus de sélection d'investissement par des sociétés de gestion de portefeuilles qui investissent dans des entreprises respectueuses en matière d'environnement, de politique sociale et de gouvernance;nouvelle;;
3;93;8;8.7;C;2449;Les SGP appliquant une politique d'investissement ISR doivent entre autres:;Organiser un contrôle et suivi des risques appropriés;nouvelle;;
3;94;8;8.7;C;1923;Un OPCVM peut obtenir le label GreenFin si son portefeuille est investi :;"Dans des entreprises entrant dans le champ de la transition énergétique et écologique et de la lutte contre le changement climatique ( ""éco-activités"" )";nouvelle;;
3;95;8;8.7;C;1992;L'investissement socialement responsable :;Intègre des critères extra financiers;nouvelle;;
3;96;8;8.7;C;2480;Pour un gérant d'OPC, laquelle de ces trois démarches se définit comme un investissement dans la finance solidaire ?;Investir dans des ateliers protégés faisant travailler des personnes en situations de handicap;nouvelle;;
3;97;8;8.7;C;2024;Parmi les labels suivants, lequel est un label soutenu par le Ministère des Finances et qui garantit le respect par les fonds accessibles aux clients non-professionnels du respect de critères ESG ?;Label ISR;nouvelle;;
3;98;8;8.7;C;2498;Quels types de fonds peuvent être labellisés ISR ?;Les fonds investis en actions, en obligations ou en instruments monétaires.;nouvelle;;
3;99;8;8.7;C;2547;Une obligation verte émise par l'Etat français se distingue d'une OAT classique car :;L'Etat doit publier un rapport annuel sur les investissements qu'elle finance et leur caractère vert;nouvelle;;
3;100;8;8.7;C;1908;Le label Greenfin est un label :;Gouvernemental qui exclut les fonds qui continuent à investir dans des entreprises opérant dans le secteur nucléaire et les énergies fossiles;nouvelle;;
3;101;8;8.7;C;1885;"La stratégie d'investissement socialement responsable ""Best-in-Class"" consiste à :";Sélectionner les meilleures entreprises de chaque secteur sans en exclure aucun;nouvelle;;
3;102;8;8.7;C;2455;Pour un gérant d'OPC, laquelle de ces 3 démarches se définit comme un investissement dans la finance solidaire ?;Investir dans des ateliers protégés faisant travailler des personnes en situation de handicap;nouvelle;;
3;103;9;9.1;C;2201;Au sein d 'un Système Multilatéral de Négociation (SMN) :;Peuvent être négociées des actions qui ont été préalablement admises à la négociation sur un marché réglementé au sein de l 'Espace Economique Européen (EEE);nouvelle;;
3;104;9;9.1;C;2045;Un marché réglementé :;Est un système multilatéral exploité et/ou géré par une entreprise de marché, sur lequel il existe des règles de fonctionnement et d'admission très précises;nouvelle;;
3;105;9;9.2;A;2114;"Les ""ordres indexés"" ou ordres""à la meilleure limite"":";Suivent la meilleure demande ou la meilleure offre dans le carnet d'ordres;nouvelle;;
3;106;9;9.2;A;2165;"Un ordre ""au marché"" est :";Prioritaire sur tout autre ordre;nouvelle;;
3;107;9;9.3;C;2163;Que permet le code LEI (Legal Entity Identifier) ?;L'immatriculation mondiale unique des acteurs des marchés financiers;nouvelle;;
3;108;9;9.4;C;2756;En France, sont soumis au reporting des transactions à l'AMF :;Les prestataires de services d'investissement;nouvelle;;
3;109;9;9.5;C;2099;Parmi ces acteurs, lequel est un diffuseur de données financières relatives aux titres cotés ?;Euronext;nouvelle;;
3;110;10;10.1;C;2230;La fonction de teneur de compte-conservateur consiste à :;Inscrire les titres financiers sur le compte ouvert au nom de l'investisseur;nouvelle;;
3;111;10;10.1;C;2228;Le TCC (teneur de compte conservateur) :;Inscrit en compte les instruments financiers au nom du bénéficiaire;nouvelle;;
3;112;10;10.2;C;2249;Les titres financiers faisant l'objet d'une transaction sont traités par des infrastructures post-marchés. La chaîne de traitement des titres comprend plusieurs étapes. Quelles sont-elles ?;La négociation, la compensation, le règlement livraison;nouvelle;;
3;113;11;11.1;C;2296;Le fait de souscrire ou d'acquérir directement auprès de l'Emetteur des instruments financiers admis à la négociation sur un marché réglementé, en vue de procéder à leur vente, est pour un Prestataire de Services d'Investissement :;Une prise ferme;nouvelle;;
3;114;11;11.2;C;2289;L'initiateur d'une offre publique peut-il permettre aux détenteurs de procéder à la cession différée de leurs titres sur option ?;Oui à condition de respecter plusieurs conditions : que l'option puisse être exercée dans un délai raisonnable, qu'elle ait un caractère subsidiaire à l'offre principale et que son exercice soit garanti par l'établissement présentateur de l'offre;nouvelle;;
3;115;12;12.1;C;2425;Parmi les informations suivantes, lesquelles figurent dans un bilan ?;Les dettes d'exploitations;nouvelle;;
3;116;12;12.1;C;2421;Que mesure la capacité d'autofinancement ?;La capacité d'autofinancement mesure l'ensemble des ressources internes sécrétées par l'entreprise;nouvelle;;
3;117;12;12.2;C;2342;Lorsque les comptes sociaux et consolidés figurent dans le rapport financier annuel :;Ils doivent être présentés en intégralité;nouvelle;;
3;118;12;12.3;C;2359;Dans le cadre de l'assurance-vie, les produits des contrats, pour les primes versées à compter du 27 septembre 2017, lorsque la durée de vie du contrat est de 5 ans :;Sont soumises à un PFU de 12,8 % ou sur option globale au barème de l'IR;nouvelle;;
3;119;12;12.3;C;2371;Quelles sont les personnes soumises à l'impôt sur le revenu (IR), en France ?;"Les deux catégories de personnes mentionnées ci-dessus
A. Celles ayant un domicile fiscal en France
B. Celles qui ne résident pas en France mais dont les revenus sont de source française (seuls imposables)
C. Les deux catégories de personnes mentionnées ci-dessus";nouvelle;;
3;120;12;12.4;C;2442;Une entreprise de droit français est soumise à l 'Impôt sur le bénéfice des Sociétés (IS) en France en fonction de ses activités en France et des activités réalisées :;En France par ses filiales étrangères;nouvelle;;
4;1;1;1.1;C;12;En France, le pouvoir réglementaire est directement exercé par :;Le ministre chargé de l'économie;nouvelle;;
4;2;1;1.1;C;26;La modification du code de bonne conduite d'une association représentative des conseillers en investissements financiers agréée par l'Autorité des Marchés Financiers (AMF) :;Doit être soumise à l'approbation préalable de l'AMF;nouvelle;;
4;3;1;1.2.1;C;39;Qu'est-ce que le Mécanisme de surveillance unique (MSU)?;Le système de surveillance financière composé de la Banque Centrale Européenne (BCE) et des autorités compétentes nationales des États membres participants;nouvelle;;
4;4;1;1.2.1;C;48;Quel est l'objectif principal du passeport européen ?;La libre prestation de services au sein de l'Union européenne;nouvelle;;
4;5;1;1.2.2;C;310;Quelle est la mission du Conseil de Stabilité Financière ?;Elaborer des recommandations de bonne conduite pour assurer la stabilité financière internationale;nouvelle;;
4;6;1;1.3;C;85;En quoi consiste l'activité d'IOBSP (Intermédiaire en Opérations de Banque et en Services de Paiement) ?;Il s'agit de l'activité qui consiste à présenter, proposer ou aider à la conclusion des opérations de banque ou des services de paiement ou à effectuer tous travaux et conseils préparatoires à leur réalisation;nouvelle;;
4;7;1;1.3;C;82;Pour être Conseiller en investissements financiers (CIF) il est, entre autres, nécessaire :;De respecter les règles de bonne conduite prévues par le Code Monétaire et Financier, le Règlement Général de l'AMF et celles définies par l'association dont il relève;nouvelle;;
4;8;1;1.3;C;111;Quel professionnel a l'obligation de s'inscrire sur le registre unique d'immatriculation des intermédiaires en assurance, banque et finance tenu par l'ORIAS ?;Un agent général d'assurance;nouvelle;;
4;9;1;1.5.1;C;165;Dans la zone euro, qui décide du niveau des taux d'intérêt directeurs ?;La Banque centrale européenne;nouvelle;;
4;10;1;1.5.1;C;141;Parmi les instruments financiers suivants, quels sont ceux principalement concernés par la notion de sensibilité aux variations de taux d'intérêt ?;Les obligations;nouvelle;;
4;11;1;1.5.2;C;195;"Le ""Fed Fund target"" est :";Le taux directeur de la banque centrale américaine;nouvelle;;
4;12;1;1.5.2;C;207;Qu'est-ce que €STR (Euro Short-Term Rate) ?;"Il s'agit d'un taux à court terme en euros ayant vocation à remplacer EONIA. Il reflète combien une banque doit payer quand elle emprunte de l'argent au jour le jour sans fournir de garanties (emprunts non garantis ou ""en blanc"" )";nouvelle;;
4;13;1;1.8;C;252;Un établissement dûment agréé :;Peut avoir le statut d'établissement de crédit et de prestataire de services d'investissements;nouvelle;;
4;14;1;1.8;C;260;Parmi les sanctions suivantes, laquelle est du ressort de la Commission des sanctions de l'AMF ?;Les interdictions d'exercer;nouvelle;;
4;15;2;2.1;A;354;Quelles sont les obligations générales du prestataire de services d'investissement (PSI) en matière de conformité ?;Etablir des procédures de détection des risques de manquements à leurs obligations professionnelles par ses dirigeants, salariés et par les personnes travaillant pour son compte;nouvelle;;
4;16;2;2.1;A;361;Le responsable de la conformité et du contrôle interne (RCCI) est le responsable de la conformité au sein :;Des sociétés de gestion de portefeuille;nouvelle;;
4;17;2;2.2;A;2572;Le conseiller en investissements financiers doit réviser sa politique en matière de gestion des conflits d'intérêts :;au moins une fois par an;nouvelle;;
4;18;2;2.2;A;808;Que doit faire le PSI sollicité pour traiter une opération susceptible de générer un conflit d'intérêts ?;"Prendre, vis-à-vis de certains de ses collaborateurs identifiés comme ""personnes concernées"" , des mesures de restriction, d'interdiction et d'abstention";nouvelle;;
4;19;2;2.3;A;466;Lorsqu 'un client porte réclamation, le PSI doit accuser réception de la réclamation dans les dix jours ouvrables à compter de sa réception. Il doit ensuite faire parvenir sa réponse au client :;Dans les 2 mois à partir de la réception de la réclamation;nouvelle;;
4;20;2;2.3;A;431;Une demande d'information ou de clarification formulée par un client est-elle considérée comme une réclamation ?;Non, elle n'est pas considérée comme une réclamation;nouvelle;;
4;21;3;3;A;534;Quel type d'organisation est le GAFI (Groupe d'action financière) ?;Un organisme intergouvernemental regroupant un nombre limité de pays;nouvelle;;
4;22;3;3;A;517;La déclaration de soupçon d'une transaction doit être envoyée à TRACFIN (Traitement du Renseignement et Action contre les Circuits FINanciers clandestins) :;Préalablement à l'exécution de la transaction;nouvelle;;
4;23;3;3;A;2576;Les PSAN (Prestataires de Service sur Actifs Numériques), une fois enregistrés auprès de l'AMF :;Doivent mettre en œuvre l’intégralité des obligations relatives à la LCB-FT et au gel des avoirs;nouvelle;;
4;24;4;4;A;2688;Le fait de répandre sur un réseau social professionnel ouvert au public des informations privilégiées sur une société cotée relève :;De la divulgation illicite d'informations privilégiées;nouvelle;;
4;25;4;4;A;565;"Au sein d'une société émettrice, qui peut être considéré comme une personne ""initiée"" au sens de la règlementation applicable aux abus de marché ?";Toute personne disposant dans l'exercice de sa profession ou de ses fonctions d'une information privilégiée, qu'elle soit salariée ou non;nouvelle;;
4;26;5;5.1;A;599;En cas de démarchage et dans le cadre d'un service de réception-transmission d'ordres (RTO), le délai de réflexion est de :;48 heures;nouvelle;;
4;27;5;5.1;A;597;Dans le cadre d'un démarchage à domicile, les informations concernant les produits ou services peuvent être fournies :;Sur support papier ou sur un autre support durable après accord du client;nouvelle;;
4;28;5;5.1;A;701;Lorsque le démarcheur est salarié d'un prestataire de services d'investissement, la durée de validité de sa carte est :;De 3 ans;nouvelle;;
4;29;5;5.1;A;608;Peuvent faire l'objet de démarchage :;Les instruments financiers admis aux négociations sur les marchés réglementés ou sur les marchés étrangers reconnus;nouvelle;;
4;30;5;5.2;C;692;L'affichage du niveau de risque et de rendement d'un produit dans le Document d'information clé pour l'investisseur (DICI) est présenté :;Sur une échelle allant de 1 à 7;nouvelle;Réponse dépassée;Depuis le 1er janvier 2023, le DICI des OPCVM est remplacé par le DIC PRIIPs pour les investisseurs non professionnels (indicateur de risque SRI de 1 à 7 et 4 scénarios de performance). Les questions sur le DICI restent dans la base : retiens leurs réponses (remise avant souscription, échelle 1 à 7, frais…), qui valent aussi pour le DIC.
4;31;5;5.2;C;656;L'information pré-contractuelle remise au client non professionnel avant la souscription d'un OPCVM comprend :;Obligatoirement le DICI, sachant que le prospectus peut lui être remis sur simple demande;nouvelle;Réponse dépassée;Depuis le 1er janvier 2023, le DICI des OPCVM est remplacé par le DIC PRIIPs pour les investisseurs non professionnels (indicateur de risque SRI de 1 à 7 et 4 scénarios de performance). Les questions sur le DICI restent dans la base : retiens leurs réponses (remise avant souscription, échelle 1 à 7, frais…), qui valent aussi pour le DIC.
4;32;6;6.1.1;A;1150;Que doit faire un PSI qui constate qu'un client professionnel ne remplit plus les conditions qui lui valaient d'être catégorisé comme tel ?;Il doit prendre les mesures appropriées;nouvelle;;
4;33;6;6.1.1;A;736;Les unions de mutuelles :;Sont des clients professionnels par nature;nouvelle;;
4;34;6;6.1.1;A;728;Lorsqu'un PSI propose des services d'investissement à un client non professionnel, quelles informations doit-il recueillir ?;Les informations sur ses connaissances et son expérience en matière d'instruments financiers;nouvelle;;
4;35;6;6.1.1;A;768;"Parmi ces catégories de clients, quelles sont celles qui ont la qualité de ""client non professionnel"" ?";"Les personnes non catégorisées ""client professionnel"" ou""contrepartie éligible""";nouvelle;;
4;36;6;6.1.1;A;795;Que peut faire une contrepartie éligible qui estime ne pas être en mesure d'évaluer les risques auxquels elle est amené à s'exposer ?;Elle peut demander au PSI à être placé dans une catégorie offrant une plus grande protection;nouvelle;;
4;37;6;6.1.2;C;822;Le responsable du traitement des données personnelles qui constate une violation de celles-ci, doit en informer la CNIL dans les meilleurs délais et au plus tard :;72 heures après en avoir pris connaissance;nouvelle;;
4;38;6;6.1.2;C;839;Les prestataires de services d'investissement (PSI) autres que les sociétés de gestion de portefeuille :;Ont une obligation d'enregistrement des conversations téléphoniques ou des communications électroniques relatives aux transactions conclues ou destinées à donner lieu à des transactions conclues même si elles n'ont pas donné lieu à la conclusion de telles transactions;nouvelle;;
4;39;6;6.2;A;877;Quel degré de précision doit apparaître sur l'avis d'opération envoyé au client ?;Il doit préciser la journée et l'heure d'exécution de l'ordre;nouvelle;;
4;40;6;6.2;A;905;Que doit faire le PSI lorsque l'information sur un instrument financier comporte des simulations de performances passées ou y fait référence ?;Préciser que les chiffres se réfèrent à des simulations des performances passées et que les performances passées ne préjugent pas des performances futures;nouvelle;;
4;41;6;6.2;A;873;Que mentionne le compte-rendu d'exécution d'un ordre adressé au client non professionnel par un PSI ?;L'identification du lieu d'exécution de cet ordre;nouvelle;;
4;42;6;6.2;A;2614;Une société de gestion de portefeuille :;Doit disposer d'une politique de gestion des conflits d'intérêts écrite;nouvelle;;
4;43;6;6.2;A;868;Dans quel délai, le PSI doit fournir à son client les informations essentielles concernant l'exécution d'un ordre (sauf option du client pour une périodicité particulière d'information avec le PSI) ?;Sans délai;nouvelle;;
4;44;6;6.3;A;930;En cas de conseil en investissement portant sur une offre groupée de produits ou services, le test d'adéquation :;Porte sur l'ensemble de l'offre groupée;nouvelle;;
4;45;6;6.3;A;920;Que doit faire le PSI quand le client refuse de lui fournir les informations nécessaires pour le test d'adéquation ?;S'abstenir de fournir le service d'investissement;nouvelle;;
4;46;6;6.3;A;1133;L'évaluation des connaissances des vendeurs travaillant pour le compte d'un PSI doit être effectuée sous quel délai ?;Dans les 6 mois suivant leur entrée en fonction;nouvelle;;
4;47;6;6.4;A;985;Le choix du lieu d'exécution d'un ordre par un PSI parmi la liste de ceux définis dans sa politique d'exécution :;Est fondé obligatoirement sur certains critères comme le prix et la rapidité d'exécution;nouvelle;;
4;48;6;6.4;A;1145;Dans le cadre de la meilleure exécution des ordres, parmi ces lieux, lesquels doivent faire l'objet d'un accord préalable du client ?;Les internalisateurs systématiques;nouvelle;;
4;49;6;6.4;A;989;En cas de litige entre un PSI et son client sur l'exécution d'un ordre, le PSI :;Doit pouvoir démontrer qu'il a exécuté son ordre conformément à sa politique d'exécution;nouvelle;;
4;50;6;6.5;C;1020;La commission de gestion d'un OPCVM (Organisme de Placement Collectif en Valeurs Mobilières) peut comprendre une part variable liée :;A la surperformance de l'OPCVM;nouvelle;;
4;51;6;6.5;C;1018;Dans le cadre de l'épargne salariale, les frais de tenue de compte sont :;Obligatoirement à la charge de l'employeur;nouvelle;;
4;52;6;6.6;C;1045;Le compte-titres peut prendre la forme :;D'un compte individuel, d'un compte joint ou d'un compte indivis;nouvelle;;
4;53;6;6.7;C;1068;En matière de traitement du surendettement des particuliers, que permet la procédure de rétablissement personnel ?;Elle permet l'effacement total des dettes non professionnelles des débiteurs dont la situation est irrémédiablement compromise;nouvelle;;
4;54;6;6.8;C;1138;en France, quel est le plafond d'indemnisation des comptes courants par déposant et par établissement, en cas de résolution bancaire ?;100 000 Euros;nouvelle;;
4;55;6;6.8;C;1072;Le fonds de garantie et de résolution intervient sur demande :;De l'Autorité de contrôle prudentiel et de résolution;nouvelle;;
4;56;6;6.9;C;1108;La publicité sur les CFD est-elle autorisée en France?;Non, sauf pour ceux bénéficiant d'une protection intrinsèque du capital;nouvelle;;
4;57;7;7.1;C;2667;Un placement atypique (métaux précieux, manuscrits, vins…) est en général :;Un placement avec une possibilité de rendement élevé et un risque élévé;nouvelle;;
4;58;7;7.1;C;1262;Un exportateur français qui doit recevoir un paiement en dollars dans un mois est exposé :;Au risque de change;nouvelle;;
4;59;7;7.1;C;1231;Lequel des produits correspond à un contrat financier selon la définition du CMF ?;Les contrats à terme;nouvelle;;
4;60;7;7.2;C;1277;La capitalisation boursière d'une société représente :;"La ""valeur de marché"" de l'ensemble des actions émises par la société";nouvelle;;
4;61;7;7.2;C;1287;"Le PER ( ""Price Earning Ratio"" ) d'une action se calcule de la façon suivante :";Le cours / le BNPA (Bénéfice Net Par Action);nouvelle;;
4;62;7;7.2;C;1274;L'achat d'actions permet :;D'acquérir une part du capital social d'une entreprise;nouvelle;;
4;63;7;7.3;C;1365;Le rendement actuariel d'une obligation :;Est le taux de rendement réel de l'obligation pour un investisseur qui la conserve jusqu'à son remboursement et qui réinvestit les intérêts au même taux;nouvelle;;
4;64;7;7.3;C;1386;Lorsque le droit de propriété d'une obligation est démembré, à qui appartient le droit de vote dans les assemblées générales d'obligataires d'une société anonyme?;En principe au nu-propriétaire;nouvelle;;
4;65;7;7.3;C;1392;"Sur le marché obligataire, que signifie le sigle ""OAT"" :";Obligation Assimilable du Trésor;nouvelle;;
4;66;7;7.4;C;1425;Comment est fixée la rémunération des titres de créances négociables (TCN) ?;Elle est libre et peut être indexée sur un des taux usuels des marchés interbancaire, monétaire ou obligataire;nouvelle;;
4;67;7;7.4;C;1404;Les titres de créance négociables :;Sont des titres financiers émis au gré de l'émetteur;nouvelle;;
4;68;7;7.5;C;1460;Parmi les affirmations suivantes relatives au bon de souscription, laquelle est correcte ?;Il peut être attaché à l'émission d'une action (action à bon de souscription d'action ou ABSA) ou d'une obligation (obligation à bon de souscription d'action ou OBSA) ou être distribué gratuitement;nouvelle;;
4;69;7;7.6;C;1476;Un contrat d'assurance-vie investi en unités de compte :;Présente un risque financier pour le souscripteur;nouvelle;;
4;70;7;7.6;C;1475;Parmi les affirmations suivantes relatives au contrat d'assurance-vie mono support en euros, laquelle est correcte?;Les sommes versées dans ce type de contrat sont investies dans un fonds en euros dont le capital est garanti par la compagnie d'assurance;nouvelle;;
4;71;7;7.7;C;1519;Les contrats financiers à terme traités sur les marchés organisés et réglementés :;Bénéficient des services d'une chambre de compensation;nouvelle;;
4;72;7;7.8;C;1606;Lequel de ces organismes est un FIA ?;Une SCPI;nouvelle;;
4;73;7;7.8;C;1573;Comment est calculée la valeur liquidative d'un OPC ?;Cette valeur est obtenue en divisant la valeur globale de l'actif net de l'OPC par le nombre de ses parts;nouvelle;;
4;74;7;7.9;C;1620;L'AMF est habilitée à déterminer un minimum de garanties :;Pour toutes les opérations d'investissement en bien divers;nouvelle;;
4;75;7;7.9;C;1633;"Le fait de diffuser des documents d'information sur des ""biens divers"" sans les avoir soumis au préalable à l'AMF :";Est passible de peines de prison et d'amendes;nouvelle;;
4;76;7;7.10;C;2625;Que doit vérifier l’AMF avant d’enregistrer en France un prestataire de services sur actifs numériques quant à ses activités de conservation d’actifs pour le compte de tiers, ou ses services d'achats ou de ventes d'actifs numériques en monnaie ayant cours légal ?;Vérifier qu’il est en mesure de se conformer à ses obligations en matière de lutte contre le blanchiment des capitaux et le financement du terrorisme, et en matière de gel des avoirs;nouvelle;;
4;77;7;7.10;C;1645;Qu'est-ce que les crypto-actifs ?;Il s'agit d'actifs virtuels stockés sur un support électronique permettant à une communauté d'utilisateurs les acceptant en paiement de réaliser des transactions sans avoir à recourir à la monnaie légale;nouvelle;;
4;78;8;8.1;C;1732;L'exactitude et la régularité des comptes des OPC (Organismes de Placement Collectif) doivent être vérifiées par :;Un commissaire aux comptes;nouvelle;;
4;79;8;8.2.1;C;1747;Quelle est, entre autres, l'obligation qui s'impose aux gestionnaires d'actifs ?;Les gestionnaires doivent exercer leur activité dans l'intérêt exclusif de leurs mandants;nouvelle;;
4;80;8;8.2.2;C;2031;L 'attribution de performance de fonds sur une période donnée consiste à :;Expliquer la performance de fonds sur une période donnée grâce aux comportement des marchés, le solde de performance inexpliquée étant attribué au talent des gérants;nouvelle;;
4;81;8;8.2.2;C;1772;Le règlement Benchmark définit et distingue :;Les indices de référence d'importance critique et les indices de référence d'importance significative;nouvelle;;
4;82;8;8.4;C;1789;En France, les OPC sont agréés par :;L'AMF;nouvelle;;
4;83;8;8.4;C;1812;Qu'apporte le Règlement européen relatif aux fonds monétaires de 2017 (MMF) ?;Il établit des règles uniformes d'agrément et de fonctionnement des fonds monétaires au niveau européen;nouvelle;;
4;84;8;8.5;C;1819;Quelle affirmation est exacte concernant les fonds professionnels spécialisés ?;Ne sont pas obligatoirement des OPC;nouvelle;;
4;85;8;8.5;C;1867;Les fonds d'épargne salariale sont proposés aux les salariés d'une entreprise bénéficiant de participation ou d'intéressement dans le cadre :;D'un PEE (plan d'épargne entreprise);nouvelle;;
4;86;8;8.5;C;1825;Les règles applicables aux Fonds d'Investissement Alternatifs (FIA) sont précisées dans :;La directive AIFM;nouvelle;;
4;87;8;8.6;C;1884;Qu'est-ce qu'une gestion indicielle ?;"Une gestion dite ""passive"" consistant à reproduire la performance de l'indice de référence";nouvelle;;
4;88;8;8.7;C;2023;Parmi les labels suivants, lequel est un label créé par le ministère de la Transition écologique qui garantit l 'orientation des investissements vers le financement de la Transition énergétique et écologique ?;Label Greenfin;nouvelle;;
4;89;8;8.7;C;2466;Qu'est-ce que le label GREENFIN ?;Un label créé par le Ministère de la Transition Ecologique et Solidaire, attribué aux fonds investissant dans l'économie verte et excluant les entreprises opérant dans le secteur nucléaire et les énergies fossiles;nouvelle;;
4;90;8;8.7;C;1905;Dans le cadre de la gestion socialement responsable, le gérant d'un fonds à stratégie d'engagement actionnarial :;A une participation active aux assemblées générales (AG) afin d'améliorer les pratiques de l'entreprise;nouvelle;;
4;91;8;8.7;C;1903;La notation extra-financière est :;Une notation qui ne se base pas uniquement sur les performances économiques d'une entreprise mais sur son respect de l'environnement, des valeurs sociales et de gouvernance;nouvelle;;
4;92;8;8.7;C;2793;RSE signifie :;Responsabilité Sociale des Entreprises;nouvelle;;
4;93;8;8.7;C;2506;"Parmi les critères suivants, lequel est un critère pouvant être pris en compte dans le cadre du pilier ""S"" des critères ""Environnementaux, Sociaux et de Gouvernance"" (ESG) ?";L'emploi des personnes handicapées;nouvelle;;
4;94;8;8.7;C;2557;Le règlement (EU) 2019/2088, aussi appelé SFDR :;Précise les exigences de transparence vis-à-vis des produits financiers selon leur degré d’intégration des considérations durables;nouvelle;;
4;95;8;8.7;C;2544;Quel indice est un indice boursier éthique ?;Le Dow Jones Sustainability (DJSI) Monde;nouvelle;;
4;96;8;8.7;C;2593;Dans le cadre du règlement européen sur la publication d'informations en matière de durabilité, quelles sont les informations institutionnelles à publier ?;Les informations relatives aux politiques générales adoptées dans les processus de décision d’investissement;nouvelle;;
4;97;8;8.7;C;2592;Quel est le principal objectif du règlement européen relatif à la publication d’informations en matière de durabilité dans le secteur des services financiers ?;Renforcer les obligations d'information concernant les produits financiers liés aux facteurs environnementaux, sociaux ou de gouvernance;nouvelle;;
4;98;8;8.7;C;2484;Les critères ESG regroupent des critères :;Environnementaux, Sociaux et de Gouvernance;nouvelle;;
4;99;8;8.7;C;1888;Pour obtenir le label ISR (Investissement Socialement Responsable) pour un fonds d'investissement, une société de gestion doit déposer un dossier spécifique auprès :;D'un organisme de certification accrédité;nouvelle;;
4;100;8;8.7;C;2789;Les critères ESG permettent d'évaluer :;La prise en compte du développement durable et des enjeux de long terme dans la stratégie des acteurs économiques;nouvelle;;
4;101;8;8.7;C;2485;S'agissant des critères ESG, laquelle de ces pratiques relève du pilier E (environnement) ?;Le recyclage des déchets;nouvelle;;
4;102;8;8.7;C;1906;Parmi les affirmations suivantes relatives au label Finansol, laquelle est correcte ?;Il a été créé pour distinguer les produits d'épargne solidaire des autres produits d'épargne auprès du grand public;nouvelle;;
4;103;9;9.1;C;154;Qui fixe les principes applicables en matière de suspension des négociations en cas de variation importante du cours de bourse ?;L'entreprise de marché;nouvelle;;
4;104;9;9.1;C;2046;Une entreprise de marché doit avoir la forme :;D'une société commerciale;nouvelle;;
4;105;9;9.2;A;2183;"Un ordre de bourse ""à cours limité"" :";Est un ordre assorti d'un cours minimal pour un vendeur;nouvelle;;
4;106;9;9.2;A;2753;L’ordre à cours limité peut garantir :;La vente d’un titre à prix minimum;nouvelle;;
4;107;9;9.3;C;2088;Le LEI (Legal Entity Identifier) indiqué par les personnes morales lors de leurs transactions financières est attribué par :;L'INSEE;nouvelle;;
4;108;9;9.4;C;2095;Quelles sont les sociétés qui peuvent conclure un contrat de liquidité avec un PSI ?;Toutes les sociétés dont les actions sont cotées;nouvelle;;
4;109;9;9.5;C;2190;Les agences de notation :;Délivrent des notes à court et long terme sur la capacité des emprunteurs à rembourser leur dette;nouvelle;;
4;110;10;10.1;C;2229;Depuis le 1er janvier 2004, la tenue administrative de compte d'épargne salariale est déléguée à des opérateurs dédiés appelés :;TCCP (Teneurs de Comptes Conservateurs de Parts);nouvelle;;
4;111;10;10.1;C;2252;L'un des rôles exercés par un dépositaire de fonds :;Est d'assurer le contrôle de la régularité des décisions de gestion prises pour le compte de l'OPC;nouvelle;;
4;112;10;10.2;C;2232;Le dépôt de garantie versé par l'adhérent d'une chambre de compensation est;Obligatoire et sa nature et son étendue sont fixées par les règles de fonctionnement de la chambre de compensation;nouvelle;;
4;113;11;11.1;C;2265;"Le marché ""gris"" obligataire est :";Un trait d'union entre le marché primaire et secondaire;nouvelle;;
4;114;11;11.2;C;2288;Dans quel cas le lancement d'une OPA (Offre Publique d'Achat) / OPE (Offre Publique d'Échange) est-il obligatoire ?;En cas de franchissement du seuil de 30 % du capital ou des droits de vote d'une société;nouvelle;;
4;115;12;12.1;C;2306;Dans le compte de résultat, lequel parmi les éléments suivants fait partie des produits :;Le chiffre d'affaires;nouvelle;;
4;116;12;12.1;C;2317;Parmi les comptes suivants, quel est celui qui ne constitue pas une charge ?;La production stockée;nouvelle;;
4;117;12;12.2;C;2424;Les franchissements de seuil doivent être déclarés :;Dans tous les cas;nouvelle;;
4;118;12;12.3;C;2398;Les prélèvements sociaux s'appliquent à :;Tous les revenus du patrimoine et de placements sauf les livrets défiscalisés : intérêts du livret A, LEP, LDD, livret jeune;nouvelle;;
4;119;12;12.3;C;2349;Depuis janvier 2018, la nouvelle assiette de l'impôt sur la fortune est fondée :;Uniquement sur l'évaluation du patrimoine immobilier au 1er janvier de l'année d'imposition;nouvelle;;
4;120;12;12.4;C;2415;Une société soumise à l'impôt sur les sociétés (IS) qui détient des parts ou actions d'OPC :;Est imposée sur les plus-values latentes sur les parts ou actions d'OPC qu'elle détient à la clôture de l'exercice;nouvelle;;
5;1;1;1.1;C;7;Quel est le rôle du CCSF (Comité Consultatif du Secteur Financier) ?;C'est une institution consultative qui rédige des avis ou des recommandations dans lesquelles elle propose des mesures sous forme d'avis ou de recommandations législatives, réglementaires ou déontologiques dans le domaine des relations entre les établissements financiers et leurs clientèles respectives;nouvelle;;
5;2;1;1.1;C;14;Le HCSF (Haut Conseil de stabilité financière) a pour mission principale de veiller à :;La surveillance du système financier dans son ensemble;nouvelle;;
5;3;1;1.2.1;C;55;Quel est le rôle de l'Autorité européenne des marchés financiers (AEMF ou ESMA - European Securities and Markets Authority ) ?;Améliorer la protection des investisseurs et promouvoir la stabilité et le bon fonctionnement des marchés financiers;nouvelle;;
5;4;1;1.2.1;C;56;Parmi les institutions suivantes, laquelle fait partie du système européen de surveillance financière (SESF) ?;L'Autorité européenne des marchés financiers (AEMF);nouvelle;;
5;5;1;1.2.2;C;284;Le comité de Bâle a pour objectif essentiel de :;Promouvoir l'harmonisation internationale dans le domaine du contrôle prudentiel bancaire;nouvelle;;
5;6;1;1.3;C;126;Des activités des prestataires de services d'investissement comprennent:;La négociation pour compte propre;nouvelle;;
5;7;1;1.3;C;269;A quelle obligation un CIF est-il soumis ?;Adhérer à une association professionnelle agréée par l'AMF;nouvelle;;
5;8;1;1.3;C;90;Pour exercer une activité de gestion de portefeuille, le Prestataire de Service d'Investissement revêt le statut de :;Société de gestion de portefeuille;nouvelle;;
5;9;1;1.5.1;C;129;Les politiques économiques des Etats membres de l'UE :;Doivent être conformes aux grandes orientations des politiques économiques des États membres et de l'Union élaborées par le Conseil de l'Union Européenne (UE);nouvelle;;
5;10;1;1.5.1;C;302;Quelle est l'institution chargée de la surveillance macro prudentielle du système financier dans l'Union européenne ?;Le Comité européen du risque systémique (CERS);nouvelle;;
5;11;1;1.5.2;C;197;Les marchés émergents sont caractérisés par une :;Faible liquidité;nouvelle;;
5;12;1;1.5.2;C;308;Le revenu disponible brut des ménages (RDB) :;Désigne le revenu à la disposition des ménages pour la consommation et l'épargne une fois déduits les prélèvements sociaux et fiscaux;nouvelle;;
5;13;1;1.8;C;240;En cas de manquement à leurs obligations réglementaires, les PSI :;Supportent des risques de sanctions disciplinaires et pécuniaires;nouvelle;;
5;14;1;1.8;C;319;Parmi les services suivants, lequel est défini comme un service d 'investissement ?;La gestion de portefeuille pour compte de tiers;nouvelle;;
5;15;2;2.1;A;347;Pour une société de gestion, quels sont les deux niveaux des dispositifs de contrôle interne et de conformité?;Le contrôle permanent, intégrant le dispositif de conformité, et le contrôle périodique;nouvelle;;
5;16;2;2.1;A;351;Le responsable de la conformité d'un prestataire de services d'investissement est en charge :;Du contrôle de l'efficacité des mesures permettant d'éviter tout manquement aux obligations professionnelles;nouvelle;;
5;17;2;2.2;A;382;Dans le cadre de la réglementation européenne des transactions personnelles, quelle contrainte réglementaire s'applique à une personne dite''concernée''?;Informer sans délai son employeur de toute transaction personnelle réalisée;nouvelle;;
5;18;2;2.2;A;368;"Dans quel cas le PSI doit-il maintenir des dispositions opérationnelles pour interdire aux ""personnes concernées"" de réaliser des transactions personnelles ?";Incompatibilités avec les obligations professionnelles du PSI;nouvelle;;
5;19;2;2.3;A;439;En matière de traitement des réclamations clients, le PSI doit :;Etablir et maintenir opérationnelle une procédure efficace et transparente en vue du traitement raisonnable et rapide des réclamations;nouvelle;;
5;20;2;2.3;A;465;Un Prestataire de Services d'Investissement doit dans son organisation :;Etablir et maintenir opérationnelle une procédure efficace et transparente en vue du traitement raisonnable et rapide des réclamations adressées par ses clients;nouvelle;;
5;21;3;3;A;498;Le client bénéficiaire de la relation d'affaires :;Doit être identifié dès l'entrée en relation;nouvelle;;
5;22;3;3;A;2577;Parmi les propositions suivantes concernant la 5ème Directive LCB-FT sur l'entrée en relation d'affaires à distance, laquelle de ces informations est juste ?;La 5ème Directive LCB-FT a allégé les mesures de vérification de l'identité des clients concernant la nature du justificatif supplémentaire d'identité.;nouvelle;;
5;23;3;3;A;514;À quels clients les PSI doivent-ils appliquer des mesures de vigilance complémentaire ?;"Aux clients ""Personnes Politiquement Exposées (PPE)""";nouvelle;;
5;24;4;4;A;553;A quel moment le PSI doit-il effectuer une déclaration de transaction suspecte à l´AMF ?;Dès lors qu'il a des raisons manifestes de soupçonner un délit d'initié ou une manipulation de cours;nouvelle;;
5;25;4;4;A;390;Le responsable d'une liste d'initiés doit, dès qu'une personne est inscrite dans ladite liste, informer rapidement :;La personne concernée;nouvelle;;
5;26;5;5.1;A;713;Lorsque qu 'un producteur d 'instruments financiers définit le marché cible vers lequel les produits financiers doivent être orientés, il définit également :;Un Marché cible négatif identifiant les clients vers lesquels il ne faut pas proposer ces produits;nouvelle;;
5;27;5;5.1;A;620;Le mandat délivré dans le cadre d'un démarchage bancaire et financier :;Mentionne la nature des produits et services qui en sont l'objet ainsi que les conditions dans lesquelles l'activité de démarchage peut être exercée;nouvelle;;
5;28;5;5.1;A;668;Laquelle des situations suivantes est-elle du démarchage bancaire et financier ?;Contacter des personnes, sans sollicitation préalable, par tout moyen pour leur proposer une opération financière;nouvelle;;
5;29;5;5.1;A;709;Parmi les actions suivantes, laquelle constitue un acte de démarchage ?;Le fait de se rendre au domicile d'un particulier à sa demande en vue de conclure un accord de gestion sous mandat;nouvelle;;
5;30;5;5.2;C;2647;Dans le DICI, les performances sont calculées :;Nettes de frais;nouvelle;Réponse dépassée;Depuis le 1er janvier 2023, le DICI des OPCVM est remplacé par le DIC PRIIPs pour les investisseurs non professionnels (indicateur de risque SRI de 1 à 7 et 4 scénarios de performance). Les questions sur le DICI restent dans la base : retiens leurs réponses (remise avant souscription, échelle 1 à 7, frais…), qui valent aussi pour le DIC.
5;31;5;5.2;C;1204;Comment est symbolisé le profil de risque et de rendement des FCP et des SICAV ?;Par une échelle allant de 1 à 7, le niveau 1 correspondant aux niveaux de risque et de performance potentielle les plus faibles;nouvelle;Réponse dépassée;Depuis le 1er janvier 2023, le DICI des OPCVM est remplacé par le DIC PRIIPs pour les investisseurs non professionnels (indicateur de risque SRI de 1 à 7 et 4 scénarios de performance). Les questions sur le DICI restent dans la base : retiens leurs réponses (remise avant souscription, échelle 1 à 7, frais…), qui valent aussi pour le DIC.
5;32;6;6.1.1;A;794;Parmi ces clients, quels sont ceux qui peuvent avoir la qualité de contreparties éligibles ?;Les investisseurs institutionnels;nouvelle;;
5;33;6;6.1.1;A;739;L'information à recueillir auprès des clients non professionnels, avant tout conseil en investissement :;Porte également sur leur degré de tolérance au risque et leur capacité à faire face aux pertes;nouvelle;;
5;34;6;6.1.1;A;725;La directive européenne sur les marchés et instruments financiers (MIF) classe les clients en :;Trois catégories : clients non professionnels, clients professionnels ou contreparties éligibles;nouvelle;;
5;35;6;6.1.1;A;1126;Dans le cadre de la catégorisation d'un client, qui informe ce client de la catégorie à laquelle il est affecté ?;Le PSI;nouvelle;;
5;36;6;6.1.1;A;2650;La catégorie des clients non professionnels :;Existe et est définie dans le Code monétaire et financier;nouvelle;;
5;37;6;6.1.2;C;826;La durée de conservation minimale des données relatives à une opération sur instruments financiers est de :;5 ans après la fin de l'opération;nouvelle;;
5;38;6;6.1.2;C;842;Lorsque des services d'investissement concernant la réception, la transmission et l'exécution d'ordres de clients sont fournis au téléphone, les prestataires de services d'investissement (PSI) :;Doivent informer à l'avance du fait que leurs conversations téléphoniques sont enregistrées;nouvelle;;
5;39;6;6.2;A;1131;Dans le cadre d'un conseil indépendant, le CIF;Ne peut pas conserver les avantages monétaires reçus d'un tiers;nouvelle;;
5;40;6;6.2;A;888;Quelles mentions doivent apparaître sur l'avis d'opération envoyé au client pour les souscriptions de parts ou actions d'un placement collectif ?;Le montant total des commissions et des frais facturés;nouvelle;;
5;41;6;6.2;A;849;Les conseillers en investissement agissant de manière indépendante :;Ne peuvent pas recevoir des rétrocessions de commissions de la part des producteurs;nouvelle;;
5;42;6;6.2;A;850;Parmi les propositions suivantes, quel instrument financier est considéré comme complexe ?;Un fonds d'investissement alternatif (FIA) à formule;nouvelle;;
5;43;6;6.2;A;1153;Quelle règle s'applique sur la communication de l'agrément utilisé pour délivrer un service d'investissement ?;Il doit être déclaré au client, avec le nom de l'autorité qui l'a délivré;nouvelle;;
5;44;6;6.3;A;928;Un client qui possède l'expérience et les connaissances nécessaires pour comprendre les risques inhérents à la transaction recommandée ou au service de gestion de portefeuille fourni:;N'est pas réputé en connaître le caractère adéquat;nouvelle;;
5;45;6;6.3;A;937;Quelles sont les informations que le prestataire de services d'investissement, autre qu'une société de gestion de portefeuille, doit recueillir auprès de son client en vue de lui fournir un service de conseil en investissement adapté ?;Celles relatives à sa situation financière, ses objectifs d'investissement, ses connaissances et expériences en matière d'investissement ainsi que sa capacité à subir des pertes et sa tolérance au risque;nouvelle;;
5;46;6;6.3;A;914;Face à un client non professionnel, pour quel service d'investissement le PSI doit-il réaliser un test d'adéquation ?;La gestion de portefeuille;nouvelle;;
5;47;6;6.4;A;999;Quelle obligation doit remplir la politique d'exécution des ordres d'un PSI ?;La politique d'exécution des ordres doit être approuvée par le client préalablement à la transaction;nouvelle;;
5;48;6;6.4;A;1188;Dans le cadre de la divulgation de la politique de meilleure exécution des prestataires de services d 'investissement, la réglementation impose depuis la Directive MIF 2 :;De divulguer chaque année les cinq lieux les plus utilisés pour chaque instrument, avec la part des transactions qui y sont réalisées et la qualité d'exécution obtenue;nouvelle;Réponse dépassée;"La publication annuelle des « 5 premiers lieux d'exécution » (RTS 28) a été supprimée par la révision de MIF 2 (2024) ; l'ESMA a demandé dès 2024 de ne plus la contrôler. La base garde l'ancienne règle : c'est la réponse attendue si la question tombe."
5;49;6;6.4;A;995;Que doit faire le PSI fournissant le service de réception et de transmission d'ordres lorsqu'il transmet des ordres de clients à d'autres entités pour exécution ?;"Il est tenu d'appliquer sa politique de sélection des intermédiaires (obligation de ""best selection"" )";nouvelle;;
5;50;6;6.5;C;1014;Les droits de garde relatifs aux services fournis par le teneur de compte-conservateur sont :;Fixés par une convention entre le teneur de compte-conservateur et son client;nouvelle;;
5;51;6;6.5;C;1007;Qui fixe la rémunération perçue par un PSI en tant qu'intermédiaire négociateur et transmetteur d'ordre ?;Le PSI lui-même;nouvelle;;
5;52;6;6.6;C;1044;La capacité civile :;Concerne les majeurs et les mineurs;nouvelle;;
5;53;6;6.7;C;1067;Le secrétariat des commissions de surendettement est assuré par :;La Banque de France;nouvelle;;
5;54;6;6.8;C;1076;Les PSI peuvent-ils utiliser les titres appartenant à leur client ?;Oui, s'ils ont le consentement exprès des clients;nouvelle;;
5;55;6;6.8;C;2613;En matière de commercialisation de produits financiers à des personnes âgées vulnérables, les mesures de vigilance renforcée peuvent prévoir :;Une procédure d'examen systématique des souscriptions, désinvestissements et arbitrages au-delà d'un âge de référence défini en interne;nouvelle;;
5;56;6;6.9;C;1102;"La Loi dite ""Sapin II"" relative à la transparence, à la lutte contre la corruption et à la modernisation de la vie économique :";Encadre la publicité par voie électronique adressée à des clients non professionnels portant sur des contrats financiers considérés comme spéculatifs et risqués;nouvelle;;
5;57;7;7.1;C;1239;Lors d'une transaction sur un instrument financier, le risque que l'acheteur ou le vendeur n'honore pas ses engagements au moment du règlement/livraison est appelé :;Risque de contrepartie;nouvelle;;
5;58;7;7.1;C;1710;Le risque de contrepartie pour un investisseur est défini comme :;Le risque de perte lié à la défaillance de l'autre partie lors d'une opération d'achat ou de vente d'instruments financiers;nouvelle;;
5;59;7;7.1;C;1250;Qu'est-ce que le risque de liquidité ?;Le risque de ne pas pouvoir vendre un actif sur le marché au prix désiré et/ou au moment voulu;nouvelle;;
5;60;7;7.2;C;1297;Les actions de préférence :;Peuvent donner droit à des avantages pécuniaires;nouvelle;;
5;61;7;7.2;C;1275;L'actif net réévalué est une approche possible pour :;Evaluer les actions d'une société;nouvelle;;
5;62;7;7.2;C;1686;Si le coefficient Beta d'une action est supérieur à 1, comment évolue le cours de l'action ?;En amplifiant les variations du marché;nouvelle;;
5;63;7;7.3;C;1385;Les obligations à coupon zéro donnent-elles lieu au versement d'intérêts au bénéfice de leur propriétaire ?;Oui, les intérêts sont versés en totalité à l'échéance de l'emprunt après avoir été capitalisés sur toute la période;nouvelle;;
5;64;7;7.3;C;1339;Le cours coté d'une obligation :;Est présenté en pourcentage de la valeur nominale de l'obligation;nouvelle;;
5;65;7;7.3;C;1388;Comment évolue la valeur de marché d'une obligation à taux fixe ?;Dans le sens inverse à celui des taux d'intérêt;nouvelle;;
5;66;7;7.4;C;2580;L'indice Euro short Terme Rate (€STER) :;Est le taux au jour le jour basé sur les emprunts effectués par des banques auprès de contreparties financières;nouvelle;;
5;67;7;7.4;C;2555;L'indice monétaire EURIBOR est administré par :;L'European money markets institute (EMMI);nouvelle;;
5;68;7;7.5;C;1445;Une obligation convertible est un titre hybride qui permet au porteur :;De convertir le titre en actions;nouvelle;;
5;69;7;7.6;C;1477;Les gains en capital et/ou intérêts d'un contrat d'assurance vie sont :;Soumis aux prélèvements sociaux dans tous les cas;nouvelle;;
5;70;7;7.6;C;2731;Le contrat d'assurance-vie est un contrat :;Régi par le Code des assurances;nouvelle;;
5;71;7;7.7;C;1517;Quel est le droit de l'acheteur d'un put?;Droit de vendre le sous-jacent;nouvelle;;
5;72;7;7.8;C;1604;Le régime juridique d'une SICAV est celui :;D'une société anonyme;nouvelle;;
5;73;7;7.8;C;1597;Le prix de souscription d'un part d'OPC est égal à :;La valeur liquidative plus les commissions de souscription;nouvelle;;
5;74;7;7.9;C;1631;Quelles communications à caractère promotionnel le CIF peut-il utiliser pour conseiller une offre en biens divers ?;Les projets de communication à caractère promotionnels doivent d'abord être déposés à l'AMF dans le cadre de l'enregistrement d'une opération en biens divers;nouvelle;;
5;75;7;7.9;C;1616;Que doit faire un CIF avant de conseiller à un client l'investissement dans un bien divers ?;Lui faire signer une lettre de mission décrivant, entre autres, les nature et modalités de la prestation;nouvelle;;
5;76;7;7.10;C;1657;Pour pouvoir proposer d'acheter/vendre des crypto-monnaies, ou encore pour les services de conservation de cryptoactifs, l'intermédiaire doit :;Obligatoirement être enregistré auprès de l'AMF;nouvelle;Réponse dépassée;"Le statut de PSAN (enregistrement obligatoire, agrément optionnel auprès de l'AMF) est remplacé par MiCA : les prestataires de services sur crypto-actifs (PSCA/CASP) doivent obtenir un agrément, délivré en France par l'AMF, avec passeport européen ; la période transitoire française a pris fin au plus tard le 1er juillet 2026. Réponses de la base : celles du régime PSAN."
5;77;7;7.10;C;1681;Dans la liste ci-dessous quelle est la meilleure définition d'un crypto-actifs ?;Ce sont des actifs numériques se servant d'un réseau informatique et reposant sur une technologie appelée Blockchain;nouvelle;;
5;78;8;8.1;C;1730;Le dépositaire d'un OPC assure la conservation :;De tous les actifs (titres et espèces) de l'OPC;nouvelle;;
5;79;8;8.2.1;C;1755;Quel est l'objectif du ratio d'emprise pour un OPCVM :;Il limite la capacité d'un OPCVM d'exercer une influence notable sur la gestion d'un émetteur;nouvelle;;
5;80;8;8.2.2;C;2017;Qu'est-ce que la volatilité ?;Une mesure des amplitudes des variations du cours d'un titre;nouvelle;;
5;81;8;8.2.2;C;2723;Plus la volatilité d'un actif est élevée :;Plus l'investissement dans cet actif sera considéré comme risqué;nouvelle;;
5;82;8;8.4;C;1779;Pour les Fonds d'Investissement Alternatifs, la présence d'un dépositaire distinct de la société de gestion découle :;De la directive AIFM;nouvelle;;
5;83;8;8.4;C;2019;La directive AIFM permet à un gérant de fonds d 'investissement alternatifs (FIA) de commercialiser ses FIA au sein de l 'Espace Economique Européen :;Auprès de tous les investisseurs dans la catégorie des clients professionnels;nouvelle;;
5;84;8;8.5;C;1850;Quelle est la réponse bonne concernant la souscription / rachat d'un ELTIF ?;Durant la période de souscription, et au moins deux semaines après la date de souscription des parts ou des actions de l'ELTIF, les investisseurs de détail peuvent annuler leur souscription et être remboursés sans pénalité;nouvelle;;
5;85;8;8.5;C;1851;Parmi les propositions à propos des ETF (Echange Traded Funds), laquelle est fausse ?;Un ETF est un instrument financier hybride qui regroupe les caractéristiques d'un fonds et d'une action;nouvelle;;
5;86;8;8.5;C;1856;A quelle famille d'OPC les fonds à valeur liquidative constante de dette publique appartiennent-ils ?;Monétaire;nouvelle;;
5;87;8;8.6;C;1882;Parmi les affirmations suivantes relatives aux styles de gestion d'actions, laquelle est correcte ?;Gérer des portefeuilles d'actions selon un style consiste à sélectionner des valeurs, compte tenu de certains critères préétablis, dont les plus courants sont l'analyse de la valeur, la taille des capitalisations et la persistance des performances;nouvelle;;
5;88;8;8.7;C;2541;Qui est en charge de la surveillance de la qualité de l'information fournie par les sociétés de gestion de portefeuille (SGP) en matière d'impact climatique de leurs investissements ?;l'AMF;nouvelle;;
5;89;8;8.7;C;2515;Les FIA sont-ils assujettis à l'obligation de communiquer sur l'aspect Finance durable de leurs investissements ?;Oui, au même titre que les autres intervenants de marché;nouvelle;;
5;90;8;8.7;C;2795;Le label ISR a été créé par :;Le Ministère des Finances;nouvelle;;
5;91;8;8.7;C;2458;Parmi les affirmations suivantes, laquelle décrit le mieux la stratégie d'investissement en matière d'ISR, dite d'exclusion ?;Avec cette stratégie, les émetteurs ou secteurs qui ont une part significative de leur activité liée à des pratiques jugées néfastes pour l'environnement ou la société sont exclus de l'univers d'investissement;nouvelle;;
5;92;8;8.7;C;2550;"Le label ""Investissement Socialement Responsable"" est attribué pour une durée :";De 3 ans renouvelable;nouvelle;;
5;93;8;8.7;C;2482;Trucost est une agence spécialisée sur l'analyse et la notation :;Des impacts environnementaux des entreprises;nouvelle;;
5;94;8;8.7;C;2501;Dans la mise en place d'une démarche de type RSE, une entreprise doit :;Limiter son impact sur ses sites de production, les sites de ses sous-traitants et sa chaine d'approvisionnement;nouvelle;;
5;95;8;8.7;C;2551;Une entreprise engagée dans une démarche RSE (Responsabilité Sociétale de l'Entreprise) cherche à :;Concilier performance économique et performance sociale;nouvelle;;
5;96;8;8.7;C;2606;"Les fonds labellisés ""Relance"" doivent établir un reporting quant à leurs obligations relatives au respect du label:";Tous les semestres;nouvelle;;
5;97;8;8.7;C;1997;Les données environnementales, sociales et sociétales d'une société française sont-elles vérifiées par :;Un organisme tiers indépendant;nouvelle;;
5;98;8;8.7;C;1895;"La gestion ""investissement socialement responsable"" (ISR), au-delà de la recherche du rendement, tient compte de l'impact des émetteurs :";Sur un ensemble de critères environnementaux, de société, et de gouvernance d'entreprise;nouvelle;;
5;99;8;8.7;C;1953;"Qui qualifie une émission obligataire, d'obligations vertes ( ""green bonds"" ) ?";L'émetteur;nouvelle;;
5;100;8;8.7;C;2463;Quel type d'entreprise peut mettre en oeuvre une démarche RSE ?;Toutes les entreprises, quelle que soit leur taille, leur statut ou leur secteur d'activité;nouvelle;;
5;101;8;8.7;C;2586;En application du règlement Disclosure (Sustainable Finance Disclosure Régulation, SFDR - Règlement UE 2019/2088) les acteurs des marchés financiers :;Doivent prendre en compte l'incidence négative en matière de durabilité dans le choix de produits financiers;nouvelle;;
5;102;8;8.7;C;2461;Parmi les affirmations suivantes, laquelle est vraie ?;L'indépendance du label ISR est garantie car il est accordé par des organismes certificateurs indépendants;nouvelle;;
5;103;9;9.1;C;2138;Les marchés à terme permettent d'effectuer une transaction :;Ultérieurement, à un prix fixé aujourd'hui;nouvelle;;
5;104;9;9.1;C;2043;En France, quelle est l'autorité compétente pour accorder le statut de marché réglementé?;Le Ministre de l'Economie sur proposition de l'Autorité des Marchés Financiers (AMF);nouvelle;;
5;105;9;9.2;A;2209;Sur le marché réglementé des actions, lors de la négociation en continu, un ordre d 'achat qui devient un ordre à cours limité au prix de la meilleure offre lorsqu 'il est inséré dans le carnet d'ordres, est un ordre :;A la meilleure limite;nouvelle;;
5;106;9;9.2;A;2193;A défaut de comporter une indication de durée de validité, un ordre est présumé :;N'être valide que pour la journée en cours;nouvelle;;
5;107;9;9.3;C;2087;Le LEI (legal entity identifier) est un identifiant unique attribué aux intervenants sur les marchés financiers afin de :;Faciliter la gestion et le contrôle des risques par les autorités publiques;nouvelle;;
5;108;9;9.4;C;2155;s'agissant du trading algorithmique, quelle affirmation est exacte ?;Les ordres stop-loss peuvent être lancés via du trading algorithmique;nouvelle;;
5;109;9;9.5;C;2175;Quel est le cours qui est considéré comme le cours du jour, ou cours de référence, de la séance de Bourse ?;Le cours de clôture;nouvelle;;
5;110;10;10.1;C;2254;La fonction de tenue du registre des porteurs de titres au nominatif peut être assurée par :;L'émetteur des titres, lui-même;nouvelle;;
5;111;10;10.1;C;2242;Le rôle de la chambre de compensation est :;De garantir la bonne fin des paiements et des livraisons des ordres exécutés;nouvelle;;
5;112;10;10.2;C;2245;La Directive EMIR instaure entre autres :;Une obligation de compensation des dérivés de gré à gré standardisables;nouvelle;;
5;113;11;11.1;C;2266;Quelle est la différence de statut entre une plate-forme de dons et une plate-forme de prêts de financement participatif ?;Aucune différence, les deux types de plate-forme doivent disposer du statut d'IFP;nouvelle;Contexte;"Depuis le régime européen ECSP (2023), les plateformes d'investissement et de prêt aux entreprises sont des PSFP agréés par l'AMF ; le statut d'IFP subsiste pour certains prêts et pour les dons. Réponse attendue de la base : statut d'IFP pour les deux."
5;114;11;11.2;C;2281;Une augmentation de capital doit :;Etre approuvée par une assemblée générale extraordinaire;nouvelle;;
5;115;12;12.1;C;2763;Le passif est constitué, entre autre :;Des capitaux propres;nouvelle;;
5;116;12;12.1;C;2402;Dans le bilan, lequel parmi les éléments suivants fait partie de l'actif ?;Les créances client;nouvelle;;
5;117;12;12.2;C;2436;"Le ""document de référence"" est un document qui regroupe des informations détaillées sur l'activité, la situation financière et les perspectives d'une société. Pour les sociétés dont les actions sont admises sur un marché réglementé ou un système multilatéral de négociation organisé, il est :";Facultatif, publié une fois par an;nouvelle;;
5;118;12;12.3;C;2367;L'IFI est un impôt qui frappe :;Le patrimoine immobilier;nouvelle;;
5;119;12;12.3;C;2360;Les sorties en rentes viagères des contrats d'assurance vie sont :;Imposées à l'impôt sur le revenu pour une fraction qui dépend de l'âge du crédirentier au moment du premier versement de la rente;nouvelle;;
5;120;12;12.4;C;2381;Les produits nets des participations, perçus par une société mère, ouvrant droit à l'application du régime des sociétés mères :;Peuvent être retranchés du bénéfice total de celle-ci, défalcation faite de 5% de leur produit total;nouvelle;;
6;1;1;1.1;C;27;En France, la sécurité des marchés financiers est assurée par :;L'AMF (Autorité des Marchés Financiers);nouvelle;;
6;2;1;1.1;C;2668;Le HCSF (Haut conseil de stabilité financière) est composé de 8 membres dont :;Le président de l'ACPR;nouvelle;;
6;3;1;1.2.1;C;43;Quels sont les organes qui assurent la surveillance du secteur financier au niveau européen ?;L'Autorité Bancaire Européenne (ABE) pour le secteur bancaire, l'Autorité Européenne des Assurances et des Pensions Professionnelles (AEAPP) pour le secteur de l'assurance et l'Autorité Européenne des Marchés Financiers (AEMF) pour les marchés des valeurs mobilières. Ensemble, ils assurent la surveillance du secteur financier au niveau européen;nouvelle;;
6;4;1;1.2.1;C;44;"La Directive ""Solvabilité II"" est une réforme de la réglementation européenne qui concerne :";Le secteur de l'assurance;nouvelle;;
6;5;1;1.2.2;C;68;Quel est l'objectif du Comité de Bâle ?;Le Comité de Bâle a pour objectif de renforcer la solidité du système financier mondial en améliorant l'efficacité du contrôle prudentiel et la coopération entre les régulateurs bancaires;nouvelle;;
6;6;1;1.3;C;102;S'agissant des entreprises d'assurance, quelle affirmation est exacte ?;Les entreprises d'assurance peuvent proposer des instruments financiers;nouvelle;;
6;7;1;1.3;C;81;Le conseiller en investissements financiers (CIF) exerce :;Une profession dont le statut est règlementé par le Code Monétaire et Financier (CMF) et le Règlement Général de l'Autorité des Marchés Financiers (RGAMF);nouvelle;;
6;8;1;1.3;C;314;Parmi les intermédiaires suivants, lequel doit s 'enregistrer auprès de l 'ORIAS ?;Les agents généraux d 'assurance;nouvelle;;
6;9;1;1.5.1;C;443;En temps de crise, de quel moyen dispose entre autres la BCE ?;Se substituer au marché interbancaire pour proposer davantage de liquidités;nouvelle;;
6;10;1;1.5.1;C;132;Qui mène la politique monétaire de l'Union monétaire Européenne ?;L'Eurosystème;nouvelle;;
6;11;1;1.5.2;C;213;Qu'est-ce que le risque de crédit ?;Le risque qu'un emprunteur ne rembourse pas tout ou partie de son crédit aux échéances prévues;nouvelle;;
6;12;1;1.5.2;C;290;D'un point de vue systémique, les établissements financiers peuvent être importants pour les économies et les systèmes financiers :;Internationaux, nationaux et locaux;nouvelle;;
6;13;1;1.8;C;2677;Le conseil en investissement est le fait de fournir des recommandations personnalisées à un tiers :;Soit à sa demande, soit à l'initiative de l'entreprise qui fournit le conseil;nouvelle;;
6;14;1;1.8;C;265;Parmi les services suivants, lequel est défini comme un service d'investissement ?;L'exploitation d'un système multilatéral de négociation;nouvelle;;
6;15;2;2.1;A;453;Parmi les règles de bonne conduite imposées par la directive MIF aux prestataires de services d'investissement figure l'obligation :;De délivrer des informations correctes, claires et non trompeuses aux clients;nouvelle;;
6;16;2;2.1;A;339;Dans une société de gestion la fonction de conformité est confiée à :;Un responsable de la conformité et du contrôle interne (RCCI);nouvelle;;
6;17;2;2.2;A;386;"Le prestataire de services d'investissement établit et garde opérationnelles des procédures appropriées de contrôle de la circulation et de l'utilisation des informations privilégiées en tenant compte des activités exercées par le groupe auquel il appartient et de l'organisation adoptée au sein de celui-ci. Ces procédures sont dites ""barrières à l'information"" ou :";Muraille de Chine;nouvelle;;
6;18;2;2.2;A;2573;Lorsque le conseiller en investissements financiers appartient à un groupe, la politique de gestion des conflits d'intérêts :;Doit prendre en compte les circonstances qui pourraient provoquer un conflit d'intérêts résultant des activités professionnelles des autres membres du groupe;nouvelle;;
6;19;2;2.3;A;413;La médiation interne concerne les litiges :;Entre les prestataires de services d'investissement et les particuliers n'agissant pas pour des besoins professionnels;nouvelle;;
6;20;2;2.3;A;430;Lorsque la décision du médiateur de l'AMF (Autorité des Marchés Financiers) est défavorable à l'épargnant, ce dernier doit :;N'acquitter aucun montant, la médiation étant toujours gratuite;nouvelle;;
6;21;3;3;A;485;Après la cessation de la relation, quelle est la durée de conservation et d'archivage des documents relatifs à l'identité du client et ses opérations ?;5 ans;nouvelle;;
6;22;3;3;A;2596;Les assujettis définissent et mettent en place des dispositifs d’identification et d’évaluation des risques de blanchiment des capitaux et de financement du terrorisme. Lequel de ces risques ne participe pas à cette évaluation ?;Le risque de change;nouvelle;;
6;23;3;3;A;505;Quelle peine maximale encourt un collaborateur d'un organisme financier qui porte son concours à une opération de blanchiment, voire qui utilise les facilités que procure l'exercice de son activité professionnelle ?;10 ans d'emprisonnement et 750.000 euros d'amende;nouvelle;;
6;24;4;4;A;570;L'AMF considère le market timing et le late trading comme des pratiques:;Répréhensibles;nouvelle;;
6;25;4;4;A;575;Les abus de marché peuvent être :;Des manipulations de marché et des opérations d'initié;nouvelle;;
6;26;5;5.1;A;672;Tout document promotionnel sur un instrument financier présente un contenu exact, clair et non trompeur. Les communications à caractère promotionnel sont clairement identifiables en tant que telles.;Les performances de l'instrument financier présentées doivent préciser l'impact des frais et commissions facturés au client;nouvelle;;
6;27;5;5.1;A;2645;En matière de démarchage bancaire, la personne démarchée dispose d'un délai de rétractation de :;14 jours;nouvelle;;
6;28;5;5.1;A;624;Les documents commerciaux faisant la promotion des produits financiers :;Doivent délivrer une information claire, exacte et non trompeuse;nouvelle;;
6;29;5;5.1;A;595;En cas de démarchage physique, le démarcheur doit obligatoirement être en possession de :;Sa carte de démarcheur;nouvelle;;
6;30;5;5.2;C;679;Le document d'information clé (DIC) d'un PRIIP (Package Retail and Insurance-based Investment Product) concerne :;Certains contrats d'assurance-vie en unités de compte;nouvelle;;
6;31;5;5.2;C;643;Qu'est-ce que le DICI - document d'information clé pour l'investisseur ?;Un document pré-contractuel qui doit être remis à l'investisseur préalablement à sa souscription;nouvelle;Réponse dépassée;Depuis le 1er janvier 2023, le DICI des OPCVM est remplacé par le DIC PRIIPs pour les investisseurs non professionnels (indicateur de risque SRI de 1 à 7 et 4 scénarios de performance). Les questions sur le DICI restent dans la base : retiens leurs réponses (remise avant souscription, échelle 1 à 7, frais…), qui valent aussi pour le DIC.
6;32;6;6.1.1;A;762;La demande d'un client professionnel qui souhaiterait être traité comme un non professionnel peut-elle être prise en compte par le PSI ?;Oui, elle peut être prise en compte par le PSI;nouvelle;;
6;33;6;6.1.1;A;2680;L'évaluation de la tolérance au risque de l'investisseur ainsi que son appréciation de sa capacité à subir des pertes est prévue dans la directive :;MIF2;nouvelle;;
6;34;6;6.1.1;A;729;Un client non professionnel peut-il renoncer à la protection accordée par les règles de bonne conduite s'imposant aux prestataires de services d'investissement autre que les sociétés de gestion de portefeuille ?;Oui, il peut y renoncer en respectant une procédure détaillée dans le Code Monétaire et Financier;nouvelle;;
6;35;6;6.1.1;A;758;En matière d'évaluation des clients, la réglementation impose au PSI :;De mettre en place des dispositifs permettant de déceler les inexactitudes manifestes dans les informations reçues des clients;nouvelle;;
6;36;6;6.1.1;A;774;À quel moment le PSI doit-il procéder à la catégorisation de ses clients ?;A l'entrée en relation;nouvelle;;
6;37;6;6.1.2;C;828;Un membre de marché doit conserver les données relatives aux transactions et aux ordres pendant :;5 ans;nouvelle;;
6;38;6;6.1.2;C;835;Quelle est la durée minimale de conservation des informations pertinentes relatives aux transactions sur instruments financiers par les PSI ?;5 ans;nouvelle;;
6;39;6;6.2;A;892;Au niveau réglementaire, l'avis d'opéré lié à l'exécution d'un ordre de vente d'un instrument financier doit mentionner obligatoirement :;Le jour et l'heure de négociation de la vente;nouvelle;;
6;40;6;6.2;A;1141;Les Prestataires de Services d'Investissement doivent communiquer des informations :;Claires, exactes et non trompeuses, quelle que soit la catégorie du client et le type de communication;nouvelle;;
6;41;6;6.2;A;1178;Dans le cadre d 'un service d 'exécution d 'ordres, un compte rendu avec les informations essentielles concernant la transaction doit être envoyé au client (professionnel ou non professionnel) :;Sans délai dès qu 'une transaction a lieu;nouvelle;;
6;42;6;6.2;A;1173;Parmi les informations suivantes le concernant, laquelle doit être obligatoirement communiquée par le PSI à ses clients non professionnels, lorsqu 'il leur propose un service d 'investissement ?;La nature, la fréquence et les dates des comptes rendus concernant les performances du service à fournir par le PSI;nouvelle;;
6;43;6;6.2;A;883;Lorsqu'une société de gestion de portefeuille reçoit un ordre de souscription ou de rachat de parts ou actions d'OPCVM, elle doit transmettre à l'investisseur les informations essentielles concernant l'exécution de cet ordre :;Sans délai;nouvelle;;
6;44;6;6.3;A;939;Le prestataire de services d'investissement doit s'assurer que les personnes qui assurent des conseils pour son compte disposent des connaissances minimales dans les 6 mois de la prise de fonction. Lorsqu'il s'agit de formation en alternance :;Le prestataire peut ne pas procéder à la vérification;nouvelle;;
6;45;6;6.3;A;918;Pour un client non professionnel, quel service d'investissement nécessite, notamment, un test d'adéquation ?;Le conseil en investissement;nouvelle;;
6;46;6;6.3;A;953;Comment le PSI détermine-t-il l'étendue des informations à collecter auprès de la clientèle ?;L'étendue des informations collectées peut être variable, notamment en fonction de la complexité du produit financier proposé;nouvelle;;
6;47;6;6.4;A;990;Le principe général que doivent adopter les PSI lors de l'exécution des ordres est de rechercher le meilleur résultat possible :;Pour tous les clients;nouvelle;;
6;48;6;6.4;A;986;Quelle obligation doit remplir la politique d'exécution des ordres d'un PSI ?;La politique d'exécution des ordres doit être approuvée par le client;nouvelle;;
6;49;6;6.4;A;982;Dans le cas où le PSI (Prestataire de Services d'Investissement) confie à des tiers intermédiaires l'exécution des ordres provenant de ses clients, il doit s'assurer :;"Que l'intermédiaire respecte ses règles de meilleure exécution ( ""best execution"" )";nouvelle;;
6;50;6;6.5;C;1038;Laquelle des trois caractéristiques ci-dessous la commission de surperformance doit-elle respecter en matière d'Organisme de Placement Collectif (OPC) ?;Elle peut être calculée au regard d'un indicateur de référence (benchmark);nouvelle;;
6;51;6;6.5;C;851;Quelle information sur les tarifications des instruments financiers doit fournir le démarcheur au client ?;Le prix total dû ou la base de calcul permettant de le déterminer;nouvelle;;
6;52;6;6.6;C;1136;Qu'est-ce qu'un compte joint ?;C'est un compte ouvert au nom de plusieurs titulaires;nouvelle;;
6;53;6;6.7;C;1056;Dans le cas d'insolvabilité du client particulier, le rétablissement personnel est décidé par :;La commission de surendettement;nouvelle;;
6;54;6;6.8;C;1097;Comment est déterminé le plafond du système d'indemnisation des investisseurs par le Fonds de garantie des titres ?;Par investisseur et par établissement pour l'ensemble des comptes titres ouverts dans cet établissement;nouvelle;;
6;55;6;6.8;C;1090;Dans quel délai les titulaires de dépôts bancaires doivent-ils être indemnisés en cas de défaillance de la banque (dans la limite du montant garanti)?;7 jours ouvrables;nouvelle;;
6;56;6;6.9;C;1115;Le règlement général de l'AMF définit des catégories de contrats financiers visés par des mesures renforcées de protection des consommateurs. Dans la liste suivante, quel produit est concerné ?;Les CFD (contract for difference);nouvelle;;
6;57;7;7.1;C;1240;Lorsque la volatilité d'un placement financier est élevée :;La possibilité de gain et le risque de perte sont plus importants;nouvelle;;
6;58;7;7.1;C;1215;Le risque de baisse du prix d'une obligation à taux fixe dépend de :;Une hausse des taux;nouvelle;;
6;59;7;7.1;C;1712;Parmi les définitions de risque proposées ci-après, laquelle correspond à la définition du risque de crédit pour un investisseur ?;Le risque de perte résultant de l 'incapacité d 'un débiteur de rembourser sa créance ou de payer les intérêts dans les termes fixés lors de l 'emprunt ou de l 'émission du titre de créance;nouvelle;;
6;60;7;7.2;C;1269;Comment se calcule le BNPA ?;Par le rapport du bénéfice net (après impôts) au nombre d'actions;nouvelle;;
6;61;7;7.2;C;1700;Pour un instrument financier, qu'est-ce que le PER (Price Earning Ratio) ?;Un indicateur boursier;nouvelle;;
6;62;7;7.2;C;1267;A quoi correspond la capitalisation boursière ?;Au nombre d'actions composant le capital multiplié par la valeur boursière;nouvelle;;
6;63;7;7.3;C;1379;Les obligations à taux fixe :;Sont des obligations dont la rémunération est constante tout au long de la durée de vie de l'obligation;nouvelle;;
6;64;7;7.3;C;1359;Comment s'exprime le cours des obligations ?;En pourcentage de leur valeur nominale;nouvelle;;
6;65;7;7.3;C;1337;Les OAT françaises indexées sur l'inflation sont des obligations dont les coupons :;Sont indexés sur l'indice des prix à la consommation hors tabac;nouvelle;;
6;66;7;7.4;C;1413;L'émission d'un TCN (titre de créance négociable) :;Nécessite préalablement l'établissement d'une documentation financière adressée à la BDF;nouvelle;;
6;67;7;7.4;C;2581;L'indice Euro Interbank Offered Rate (Euribor) est :;Le taux moyen auquel certaines banques de l'UE peuvent obtenir des fonds sur le marché interbancaire;nouvelle;;
6;68;7;7.5;C;1450;Les titres hybrides :;Ont des caractéristiques des marchés obligataires et des marchés actions;nouvelle;;
6;69;7;7.6;C;1503;Les titres de créances émis par un organisme de titrisation peuvent faire l'objet d'un démarchage, auprès :;D'investisseurs qualifiés;nouvelle;;
6;70;7;7.6;C;1508;A l'issue d'un délai de 10 ans après le décès de l'assuré, que deviennent les sommes dues au titre des contrats d'assurance-vie non réclamés et non réglés ?;Les organismes d'assurance doivent déposer l'intégralité des sommes à la Caisse des Dépôts et Consignations;nouvelle;;
6;71;7;7.7;C;1512;"Que permettent les contrats de ""futures"" ou contrats à terme ?";D'acheter ou de vendre un actif à un prix fixé pour un règlement/livraison à une date future;nouvelle;;
6;72;7;7.8;C;1558;Que peut-on dire de la valeur liquidative d'un OPC à vocation générale ?;Elle doit être calculée au moins deux fois par mois;nouvelle;;
6;73;7;7.8;C;1548;Les frais supportés par les investisseurs dans un OPCVM :;Sont présentés Toutes Taxes Comprises;nouvelle;;
6;74;7;7.9;C;1708;Le non-respect de l 'obligation d 'enregistrement au préalable d 'une action de démarchage ou de promotion d 'une opération sur biens divers est passible :;D 'un emprisonnement de 5 ans et d 'une amende de 18 000 euros;nouvelle;;
6;75;7;7.9;C;1643;Quel organisme est habilité à enregistrer les intermédiaires en biens divers ?;L'AMF;nouvelle;;
6;76;7;7.10;C;1668;Le Bitcoin est-il accepté par tous comme moyen de paiement ?;Non, il n'est accepté comme moyen de paiement que sur certains sites et auprès de certains commerces;nouvelle;;
6;77;7;7.10;C;1673;En matière de prestataire de services sur actif numérique, quelle affirmation est exacte ?;Les prestataires de services sur actif numériques peuvent demander un agrément optionnel à l'AMF;nouvelle;Réponse dépassée;"Le statut de PSAN (enregistrement obligatoire, agrément optionnel auprès de l'AMF) est remplacé par MiCA : les prestataires de services sur crypto-actifs (PSCA/CASP) doivent obtenir un agrément, délivré en France par l'AMF, avec passeport européen ; la période transitoire française a pris fin au plus tard le 1er juillet 2026. Réponses de la base : celles du régime PSAN."
6;78;8;8.1;C;1729;La fonction principale d'un dépositaire est :;La conservation des actifs et le contrôle de la régularité des décisions de l'OPCVM;nouvelle;;
6;79;8;8.2.1;C;1757;Que doit préciser, a minima, un mandat de gestion de portefeuille ?;Les objectifs de la gestion, les catégories d'instruments financier et les modalités d'information du mandant;nouvelle;;
6;80;8;8.2.2;C;1773;Le CAC40 est un indice :;Pondéré par les capitalisations des titres;nouvelle;;
6;81;8;8.2.2;C;1777;Selon le règlement Benchmark, un indice de référence est :;Un indice utilisé pour déterminer le montant à verser au titre d'un instrument ou d'un contrat financier, ou le prix d'un instrument financier;nouvelle;;
6;82;8;8.4;C;1805;Quel impact la directive MIF II a-t-elle, entre autres, sur l'organisation des sociétés de gestion collective ?;L'obligation de vérification des connaissances et compétences des collaborateurs informant ou conseillant les clients sur les produits financiers;nouvelle;;
6;83;8;8.4;C;1797;"Le terme de ""gestion pour compte de tiers"" regroupe:";La gestion individualisée sous mandat;nouvelle;;
6;84;8;8.5;C;1868;Un Fonds Commun de Placement dans l'innovation;Doit être notamment investi à plus de 70% en titres non cotés sur les marchés;nouvelle;;
6;85;8;8.5;C;1979;Les sommes investies dans un PERCO sont disponibles :;Lors du départ à la retraite;nouvelle;Contexte;Le PERCO n'est plus ouvert depuis le 1er octobre 2020 : il est remplacé par le PER collectif (PERECO, loi PACTE). Le principe (sommes disponibles à la retraite, sauf cas de déblocage anticipé) demeure.
6;86;8;8.5;C;1835;Une SICAV (Société d'Investissement à Capital Variable) monétaire intéressera plutôt un investisseur à la recherche :;D'un placement de court terme sécurisé;nouvelle;;
6;87;8;8.6;C;1879;Les gestions alternatives :;Correspondent à un ensemble de stratégies de gestion strictement actives dont l'objectif principal est la recherche d'une performance absolue, souvent décorrélée de l'évolution des marchés;nouvelle;;
6;88;8;8.7;C;2567;Les conseillers financiers employant moins de trois personnes :;Doivent prendre en compte et intégrer les risques en matière de durabilité dans le cadre de leurs processus de conseil;nouvelle;;
6;89;8;8.7;C;2539;Les agences de notation extra-financière évaluent les entreprises :;A partir de documents publics, d'entretiens avec le personnel, de questionnaires envoyés aux entreprises et de rencontres avec la direction et les syndicats, ONG, fournisseurs, clients…;nouvelle;;
6;90;8;8.7;C;1930;Qu'est-ce que l'agrément ESUS en matière de finance solidaire ?;"Il signifie ""Entreprise Solidaire d'Utilité Sociale"" , seules les entreprises de l'économie sociale et solidaire sont éligibles, à condition de remplir certains critères";nouvelle;;
6;91;8;8.7;C;2749;Un placement dans un fonds ISR vise :;A concilier performance financière avec impact social et environnemental;nouvelle;;
6;92;8;8.7;C;2569;Les gestionnaires de Fonds d'Investissement Alternatifs (FIA) :;Doivent publier des informations sur les méthodes utilisées pour évaluer, mesurer et surveiller les caractéristiques environnementales ou sociales dans leurs rapports annuels;nouvelle;;
6;93;8;8.7;C;2022;Parmi les labels suivants, lequel vise à distinguer les produits d 'épargne solidaire qui contribuent au financement d 'activités génératrices d 'utilité sociale et/ou environnementale par le biais de critères de solidarité et de transparence ?;Label Finansol;nouvelle;;
6;94;8;8.7;C;2007;Les critères de notation extra financières concernent-ils tout type d'entreprises ?;OUI puisque ces critères comportent notamment des éléments de gouvernance et de RH;nouvelle;;
6;95;8;8.7;C;2462;Qu'est ce que la responsabilité sociétale des entreprises (RSE) ?;L'intégration volontaire par les entreprises de préoccupations sociales et environnementales à leurs activités commerciales;nouvelle;;
6;96;8;8.7;C;2605;"Quelles sont les conditions que doit respecter un fonds affichant le label ""Relance"" ?";Il doit investir au moins 60% de ses actifs dans des entreprises françaises, dont au moins 20% dans des fonds propres (essentiellement en actions) de TPE et PME;nouvelle;;
6;97;8;8.7;C;2748;Les sociétés de gestion sont tenues d'expliquer comment elles prennent en compte les critères ESG quand elles sélectionnent les valeurs qui figurent dans les fonds ISR qu’elles proposent :;Dans tous les cas;nouvelle;;
6;98;8;8.7;C;1922;Quand un fonds investit dans des obligations vertes, qu'est-ce que cela signifie ?;Il investit dans des obligations qui servent à financer des projets à vocation écologique;nouvelle;;
6;99;8;8.7;C;1914;Le label Finansol distingue :;Les produits qui respectent les critères de solidarité, de transparence et d'information;nouvelle;;
6;100;8;8.7;C;2021;Une obligation verte se distingue d 'une obligation classique :;Par l 'utilisation des fonds levés par l 'émetteur au bénéfice de projets d 'investissement favorables à la transition énergétique et écologique;nouvelle;;
6;101;8;8.7;C;2538;Le reporting extra-financier :;Est obligatoire en France depuis 2017 pour les grandes entreprises;nouvelle;Contexte;"La DPEF a été remplacée par le « rapport de durabilité » de la directive CSRD (ordonnance de décembre 2023, premiers rapports en 2025 pour les plus grandes entreprises ; le paquet Omnibus de 2025 a reporté et réduit le champ). La définition donnée par la base reste valable."
6;102;8;8.7;C;1915;Parmi les affirmations suivantes relatives à l'épargne solidaire, laquelle est correcte ?;Ce type d'épargne investit dans des activités de lutte contre l'exclusion, de cohésion sociale ou de développement durable;nouvelle;;
6;103;9;9.1;C;2140;Parmi les marchés suivants, lequel est un marché réglementé ?;Les compartiments A, B et C d'Euronext;nouvelle;;
6;104;9;9.1;C;2181;Euronext Growth est un marché destiné à accueillir :;Les petites et moyennes entreprises;nouvelle;;
6;105;9;9.2;A;2067;Sur le marché Euronext Paris, à quel moment des séances de cotation, le système détermine un prix d'équilibre (i.e. prix qui maximise le volume de titres échangés) ?;Au fixing d'ouverture et au fixing de clôture;nouvelle;;
6;106;9;9.2;A;2167;Quelle est la bonne réponse sur les modalités de transmission des ordres de bourse ?;Les ordres sont exécutés en priorité en fonction du meilleur prix proposé;nouvelle;;
6;107;9;9.3;C;2049;L'obligation de publication de prix s'applique :;Aux internalisateurs systématiques qui effectuent des transactions ne dépassant pas la taille standard de marché;nouvelle;;
6;108;9;9.4;C;2116;Qu'appelle t-on HFT (Trading à Haute Fréquence) pour une même EI (Entreprise d'Investissement) ?;Plus de 2 messages par seconde sur un même instrument financier sur une même plateforme;nouvelle;;
6;109;9;9.5;C;2107;L'Insee est :;L'institut chargé de calculer le PIB de la France;nouvelle;;
6;110;10;10.1;C;2224;Dans la liste ci-dessous, quelle activité fait partie des missions de la chambre de compensation ?;Assurer la protection des clients contre les risques de défaillance des contreparties;nouvelle;;
6;111;10;10.1;C;2220;En France, la fonction de dépositaire central est assurée par :;Euroclear France;nouvelle;;
6;112;10;10.2;C;2721;Les contreparties centrales :;Rendent publics les prix et les frais de chaque service fourni séparément, y compris les remises et les rabais, ainsi que les conditions à remplir pour bénéficier de ces réductions;nouvelle;;
6;113;11;11.1;C;2268;Le financement participatif :;Est un moyen de rapprocher un émetteur dont les titres ne sont pas cotés et des investisseurs et est soumis à un cadre règlementaire précis;nouvelle;;
6;114;11;11.2;C;2762;Une action de concert est :;Le fait pour des personnes de conclure un accord en vue d'acquérir, de céder ou d'exercer des droits de vote, pour mettre en œuvre une politique commune vis-à-vis de la société ou pour obtenir le contrôle de cette société;nouvelle;;
6;115;12;12.1;C;2334;Qu'est-ce que la marge commerciale ?;Il s'agit de la différence entre le montant hors taxe (HT) des ventes et le coût d'achat HT des marchandises vendues, au cours d'un exercice comptable;nouvelle;;
6;116;12;12.1;C;2336;Il permet, par sa simple lecture, de comparer l'actif et le passif d'une entreprise d'une année sur l'autre. De quoi s'agit-il ?;Le bilan;nouvelle;;
6;117;12;12.2;C;2345;Vis-à-vis du marché, les sociétés cotées sur un marché réglementé ont des obligations d'informations périodiques relatives :;A leur niveau d'activité et à leur situation financière;nouvelle;;
6;118;12;12.3;C;2365;Les dividendes perçus par un contribuable sont imposables au titre de l'IR :;A un prélèvement forfaitaire de 12,8 % ou, sur option globale, au barème progressif de l'impôt sur le revenu;nouvelle;;
6;119;12;12.3;C;2438;Dans le cadre de l'impôt sur le revenu, le quotient familial d'un foyer fiscal est :;Le ratio, revenu imposable divisé par le nombre de parts du foyer, utilisé pour déterminer le taux d'imposition marginal du foyer fiscal;nouvelle;;
6;120;12;12.4;C;2383;Parmi les formes de sociétés suivantes, laquelle est soumise de plein droit à l'impôt sur les sociétés (IS)?;Les sociétés anonymes;nouvelle;;
7;1;1;1.1;C;3;La supervision du secteur bancaire et financier en France est assurée entre autres par :;L'Autorité de Contrôle Prudentiel et de Résolution;nouvelle;;
7;2;1;1.1;C;29;Que peut faire l'Autorité des Marchés Financiers en cas de pratiques contraires à son règlement général ou aux obligations professionnelles, notamment en cas d'abus de marché :;La Commission des sanctions peut prononcer des sanctions;nouvelle;;
7;3;1;1.2.1;C;64;L'ensemble des régulateurs européens des marchés financiers se réunit au sein :;"L'Autorité Européenne des Marchés Financiers (AEMF; en anglais European Securities and Markets Authority (ESMA))";nouvelle;;
7;4;1;1.2.1;C;42;Parmi les propositions suivantes concernant les organismes européens de supervision, laquelle est vraie ?;L'AEMF (ESMA en anglais) est l'organisme chargé de la supervision de marchés financiers en Europe;nouvelle;;
7;5;1;1.2.2;C;76;Qu'est-ce que l'Organisation Internationale des Commissions de Valeurs (OICV ou IOSCO - International Organization of Securities Commissions) ?;"L'OICV est une organisation qui élabore et met en œuvre des normes ( ""standards"" ) en matière de réglementation et de surveillance pour la grande majorité des marchés de valeurs mobilières dans le monde";nouvelle;;
7;6;1;1.3;C;88;Quelle est la condition préalable pour qu'un conseiller en investissements financiers puisse formuler un conseil ?;Faire signer une lettre de mission à son client;nouvelle;;
7;7;1;1.3;C;292;Un Conseiller en investissements financiers peut-il faire du conseil portant sur la réalisation d'opérations sur biens divers ?;Oui, un CIF peut , entre autres, faire du conseil portant sur la réalisation d'opérations sur biens divers;nouvelle;;
7;8;1;1.3;C;79;Que prévoit MiFiD 2 concernant la fourniture de services d'investissement par des entreprises de pays tiers ?;Un cadre juridique harmonisé;nouvelle;;
7;9;1;1.5.1;C;171;Qui est habilité à émettre les billets en euros ?;La BCE et les Banques Centrales Nationales des pays de la zone euro;nouvelle;;
7;10;1;1.5.1;C;160;Le Produit Intérieur Brut (PIB) totalise :;Les valeurs ajoutées créées par l'ensemble des facteurs de production situés dans un pays;nouvelle;;
7;11;1;1.5.2;C;176;Les taux de change :;Reflètent des parités d'une monnaie contre les principales devises mondiales;nouvelle;;
7;12;1;1.5.2;C;227;Qu'est-ce que le MSCI Emerging Markets ?;"Un indice ""Marchés émergents"" basé sur les actions dans 26 pays émergents";nouvelle;Contexte;Le nombre de pays de l'indice MSCI Emerging Markets évolue (24 aujourd'hui). Retenir : indice actions des pays émergents.
7;13;1;1.8;C;253;En ce qui concerne la recherche en investissements et l'analyse financière, quelle affirmation est exacte ?;Ce sont des services connexes aux services d'investissement;nouvelle;;
7;14;1;1.8;C;289;Pour la commercialisation transfrontière d'un fonds, qui doit obtenir le passeport européen ?;La société de gestion;nouvelle;;
7;15;2;2.1;A;329;En matière de règles de bonne conduite, le règlement général de l'AMF précise que les prestataires de services d'investissement doivent :;Préserver l'intégrité du marché et les intérêts de leurs clients;nouvelle;;
7;16;2;2.1;A;360;Comment s'appelle le responsable de la conformité au sein d'une société de gestion de portefeuille ?;Le RCCI : Responsable de la conformité et du contrôle interne;nouvelle;;
7;17;2;2.2;A;365;Parmi les 3 propositions, laquelle est une transaction personnelle au sens de l'AMF?;Une transaction effectuée par une personne concernée pour son propre compte portant sur un OPC dont il est le gérant financier;nouvelle;;
7;18;2;2.2;A;385;"La notion de ""barrières à l'information"" est relative :";Désigne un ensemble de procédures dont l'objet est de prévenir la circulation indue d'informations privilégiées;nouvelle;;
7;19;2;2.3;A;412;Dans quel cas le client d'un PSI peut-il recourir à la médiation de l'AMF ?;Pour une réclamation portant sur la gestion de portefeuille;nouvelle;;
7;20;2;2.3;A;407;Dans quels cas les prestataires de services d'investissement sont-ils tenus d'avoir une procédure de traitement des réclamations ?;Pour les réclamations de tous les clients, quel que soit leur statut;nouvelle;;
7;21;3;3;A;753;La qualification de personne exposée politiquement peut s'étendre :;Au bénéficiaire effectif;nouvelle;;
7;22;3;3;A;530;Dans le cadre de la LCB-FT, quelles premières actions les organismes financiers doivent-ils accomplir avant l'entrée en relation avec un client, par rapport à l'identité de ce client ?;Vérifier son identité en lui demandant un document officiel et vérifier le caractère probant du justificatif produit;nouvelle;;
7;23;3;3;A;2597;Le responsable de la mise en œuvre du dispositif de lutte contre le blanchiment de capitaux et le financement du terrorisme ne peut pas être :;Un expert externe;nouvelle;;
7;24;4;4;A;564;Lorsqu'il y a soupçon d'abus de marché, une déclaration doit être effectuée;Obligatoirement et sans retard;nouvelle;;
7;25;4;4;A;551;Une personne qui vend ou achète des titres d'une société cotée, pour elle-même ou pour un tiers, car elle a eu connaissance d'une information encore confidentielle grâce à sa profession, réalise :;Un délit d'initié;nouvelle;;
7;26;5;5.1;A;582;Quelles sont les personnes et entités qui sont légalement habilitées à procéder au démarchage bancaire et financier ? a. Les établissements de crédit b. Les entreprises d'investissement c. Les entreprises d'assurance;"A, b et c uniquement
A. A uniquement
B. B uniquement
C. A, b et c uniquement";nouvelle;;
7;27;5;5.1;A;1016;Si une personne démarchée pour des services bancaires ou financiers exerce son droit de rétractation :;Elle ne doit pas motiver sa décision;nouvelle;;
7;28;5;5.1;A;617;Parmi les propositions suivantes relatives à la recommandation personnalisée, laquelle est exacte ?;Une recommandation personnalisée doit porter sur l'achat, la vente, la souscription, l'échange, le remboursement, la détention ou la prise ferme d'un instrument financier particulier;nouvelle;;
7;29;5;5.1;A;622;Parmi les affirmations suivantes concernant la connaissance du consommateur démarché, laquelle est exacte ?;Avant de formuler une offre, le démarcheur doit s'informer sur la situation financière du consommateur démarché ainsi que sur son expérience et ses objectifs de placement ou de financement;nouvelle;;
7;30;5;5.2;C;698;Quels sont les produits concernés par le DICI (Document d'Information Clé pour l'Investisseur) ?;Le DICI est obligatoire pour tous les fonds d'investissement commercialisés en Union européenne;nouvelle;Réponse dépassée;Depuis le 1er janvier 2023, le DICI des OPCVM est remplacé par le DIC PRIIPs pour les investisseurs non professionnels (indicateur de risque SRI de 1 à 7 et 4 scénarios de performance). Les questions sur le DICI restent dans la base : retiens leurs réponses (remise avant souscription, échelle 1 à 7, frais…), qui valent aussi pour le DIC.
7;31;5;5.2;C;675;Dans le cadre de la réglementation européenne PRIIPS, le document d'information clé doit être remis à tout acheteur :;D'obligation à formule;nouvelle;;
7;32;6;6.1.1;A;1160;Dans quel cas le client professionnel est-il traité comme un client non professionnel pour des services d'investissement ou des transactions déterminées ?;S'il en fait la demande et si le prestataire accepte;nouvelle;;
7;33;6;6.1.1;A;759;Parmi ces clients, quels sont ceux qui ont la qualité de client professionnel ?;Les personnes qui possèdent l'expérience, les connaissances et la compétence en matière d'investissement financier pour prendre leurs propres décisions et évaluer les risques encourus;nouvelle;;
7;34;6;6.1.1;A;781;Quelle obligation pèse sur le PSI lors du recueil des informations sur le client ?;Il doit prendre des mesures raisonnables pour s'assurer que les informations recueillies sont fiables;nouvelle;;
7;35;6;6.1.1;A;773;La classification des clients au regard de la Directive MIF :;Est obligatoire et communiquée au client;nouvelle;;
7;36;6;6.1.1;A;770;Quels critères de taille sont requis pour qualifier une entreprise non financière de contrepartie éligible ?;Total de bilan supérieur ou égal à 20 millions d'euros et CA net supérieur ou égal à 40 millions d'euros;nouvelle;;
7;37;6;6.1.2;C;818;Parmi les propositions suivantes, laquelle constitue une des obligations relatives à la protection des données personnelles ?;Cartographier les traitements de données personnelles;nouvelle;;
7;38;6;6.1.2;C;765;Quelles sont les règles de conservation des documents relatifs à la connaissance du client ?;Conservation pendant toute la durée de la relation et au minimum 5 ans à compter de la fin de la relation;nouvelle;;
7;39;6;6.2;A;903;Quel historique doit être mentionné dans l'indication des performances passées d'un instrument ou d'un indice financier ?;5 dernières années;nouvelle;;
7;40;6;6.2;A;846;Les sociétés de gestion de portefeuille sont-elles tenues de fournir aux porteurs de parts ou actionnaires d'OPCVM des informations afférentes à leur politique d'exécution ?;Oui, celles-ci doivent être données en temps utile avant la prestation du service;nouvelle;;
7;41;6;6.2;A;2657;La SGP qui reçoit un ordre de souscription ou de rachat de parts ou actions d'OPCVM adresse à l'investisseur non professionnel sur un support durable un avis confirmant l'exécution de l'ordre :;Dès que possible et au plus tard au cours du premier jour ouvrable suivant l'exécution de l'ordre;nouvelle;;
7;42;6;6.2;A;901;"Lors de l'exécution d'un ordre, la notion de ""prix total"" ou""coût total"" correspond :";Au prix de l'instrument financier augmenté des coûts liés à l'exécution;nouvelle;;
7;43;6;6.2;A;899;L'information à caractère promotionnel adressée à un client par un prestataire de services d'investissement est-elle réglementée ?;Oui, toute information, y compris à caractère promotionnel, adressée par un prestataire à un client doit respecter les conditions posées par le Code monétaire et financier;nouvelle;;
7;44;6;6.3;A;926;Le régime d'exécution simple d'ordres concerne :;Uniquement les instruments financiers non complexes;nouvelle;;
7;45;6;6.3;A;2662;Le PSI fournissant le service de gestion de portefeuille pour le compte de tiers doit communiquer à son client un récapitulatif personnalisé et consolidé de l’ensemble des coûts et charges ayant impacté la performance du portefeuille à une périodicité :;Annuelle;nouvelle;;
7;46;6;6.3;A;912;Dans quel cas le PSI qui fournit un service d'exécution ou de réception-transmission d'ordres est exempté de procéder au test de caractère approprié ?;Le service est à l'initiative du client et porte sur des instruments financiers non complexes;nouvelle;;
7;47;6;6.4;A;1176;Dans le cadre de services d 'exécution d 'ordres, quelle information, parmi les suivantes, le Prestataire de Services d 'Investissement (PSI) doit-il communiquer à ses clients non professionnels ?;L'importance qu 'il attribue à différents facteurs pour déterminer les lieux d 'exécution lui permettant de remplir son obligation de meilleure exécution;nouvelle;;
7;48;6;6.4;A;994;Quelles sont les conditions de révision de la politique d'exécution des ordres du PSI ?;Il doit revoir annuellement la pertinence de sa politique;nouvelle;;
7;49;6;6.4;A;2711;Les procédures du PSI prévoient l'exécution des ordres de ses clients en fonction du moment de leur réception :;En tenant compte uniquement des ordres comparables (notamment eu égard à leur taille, leur type et la nature des instruments financiers sur lesquels ils portent);nouvelle;;
7;50;6;6.5;C;2712;Les droits de garde prélevés au client en cas d'investissement :;Varient selon les titres détenus et le nombre de lignes;nouvelle;;
7;51;6;6.5;C;1009;Dans le cadre d'un investissement financier, les frais d'entrée sont également dénommés :;Commissions de souscription;nouvelle;;
7;52;6;6.6;C;1051;Un compte d'instruments financiers peut être ouvert :;Sous forme individuelle ou collective;nouvelle;;
7;53;6;6.7;C;2717;Le droit à l'ouverture d'un compte de dépôt concerne :;Les personnes physiques et les personnes morales;nouvelle;;
7;54;6;6.8;C;1199;En France, la gestion de l 'ensemble des mécanismes de protection des dépôts, titres ou cautions est à la charge :;Du Fonds de garantie des dépôts et de résolution;nouvelle;;
7;55;6;6.8;C;1198;En France, dans le cadre du dispositif de garantie des titres, le montant maximum de l 'indemnisation pour les pertes subies suite à l 'incapacité du Prestataire de Services d 'Investissement qui détenait les instruments financiers à les restituer, s 'élève pour un compte d'instruments financiers donné à :;70 000 €;nouvelle;;
7;56;6;6.9;C;1123;L'AMF interdit la commercialisation, la distribution et la vente, en France ou à partir de la France, d'options binaires à des :;Clients non professionnels;nouvelle;;
7;57;7;7.1;C;1247;Parmi les propositions suivantes, quelle est la seule qui est vraie :;Tous les titres financiers sont des instruments financiers;nouvelle;;
7;58;7;7.1;C;1225;Le risque de marché pour un investisseur est le risque de perte résultant :;D'une variation du prix des instruments financiers contraire aux intérêts de l'investisseur;nouvelle;;
7;59;7;7.1;C;1235;Les titres de dette à taux fixe :;Présentent un risque de perte en capital;nouvelle;;
7;60;7;7.2;C;1325;Quelle est la différence majeure entre action et obligation ?;Une action est un titre de capital alors qu'une obligation est un titre de créance;nouvelle;;
7;61;7;7.2;C;1270;Comment se calcule le PER (Price Earning Ratio) ?;Il est égal au cours de l'action divisé par son bénéfice net par action (BNPA);nouvelle;;
7;62;7;7.2;C;1687;Quelles variations du cours de l'action peut-on anticiper lorsque la valeur fondamentale d'une action est supérieure à sa valeur de marché ?;Une hausse;nouvelle;;
7;63;7;7.3;C;1369;La valeur de remboursement d'une obligation :;Est prévue dans le contrat d'émission;nouvelle;;
7;64;7;7.3;C;1370;Quel est le prix à payer pour acheter une OAT (Obligation Assimilable du Trésor) à taux fixe ?;Le prix de la cote plus le coupon couru;nouvelle;;
7;65;7;7.3;C;1395;L'amortissement des obligations est basé sur :;Le principal;nouvelle;;
7;66;7;7.4;C;2729;La rémunération des titres de créances négociables est :;Libre;nouvelle;;
7;67;7;7.4;C;1715;Les Titres Négociables à court ou moyen terme sont des instruments financiers :;Avec un risque de crédit et de marché mais qui reste faible car leur durée est courte;nouvelle;;
7;68;7;7.5;C;1468;Lors de l'émission d'une obligation convertible, le prix proposé pour la conversion est :;Toujours supérieur au cours de l'action;nouvelle;;
7;69;7;7.6;C;1481;Quelle affirmation est exacte en ce qui concerne les organismes de titrisation ?;Ils rachètent des créances et émettent des titres adossés à ces crédits;nouvelle;;
7;70;7;7.6;C;1479;La rémunération d'un CAT (compte à terme) est :;Soumise à l'impôt sur le revenu et aux prélèvements sociaux;nouvelle;;
7;71;7;7.7;C;1530;Les Contracts For Differences (CFD) sont :;"Des instruments financiers spéculatifs pariant sur des variations à la hausse ou à la baisse d'un ""actif sous-jacent""";nouvelle;;
7;72;7;7.8;C;1579;Dans le fonctionnement des OPC, les investisseurs peuvent souscrire ou demander le rachat de leurs parts :;A tout moment;nouvelle;;
7;73;7;7.8;C;1577;Les Fonds Communs de Placement :;Sont une copropriété de valeurs mobilières;nouvelle;;
7;74;7;7.9;C;1626;A quelle règle est soumise le gestionnaire de biens divers ?;Etablir annuellement un inventaire des biens, un bilan et un compte de résultat certifiés par un commissaire aux comptes;nouvelle;;
7;75;7;7.9;C;1622;Quelle source réglementaire encadre l'activité des intermédiaires financiers en biens divers ?;Le COMOFI (Code Monétaire et Financier);nouvelle;;
7;76;7;7.10;C;1659;Sur quelle technologie reposent les crypto-actifs ?;La blockchain (chaîne de blocs ou registre de transactions, en français), qui permet de garder la trace d'un ensemble de transactions, de manière décentralisée, sécurisée et transparente, sous forme d'une chaîne de blocs;nouvelle;;
7;77;7;7.10;C;1660;Lorsqu'une entreprise réalise une ICO (initial coin offering), elle émet des jetons (token) ou des crypto-monnaies qui :;Comportent des risques liés aux monnaies virtuelles et au type d'investissement financé;nouvelle;;
7;78;8;8.1;C;1742;Qui est chargé de contrôler le respect par le gérant d'OPCVM des règles d'investissement et de composition de l'actif?;Le dépositaire de l'OPCVM;nouvelle;;
7;79;8;8.2.1;C;1958;Les OPC doivent respecter les règles de répartition des actifs (ratios) :;En permanence;nouvelle;;
7;80;8;8.2.2;C;1774;Que mesure le ratio de Sharpe ?;Il mesure la rentabilité excédentaire d'un portefeuille d'actifs financiers par rapport à son niveau de risque et permet d'évaluer la performance d'un gérant;nouvelle;;
7;81;8;8.2.2;C;1770;Qu'est-ce que l'horizon de placement ?;Il s'agit de la durée pendant laquelle un investisseur envisage de détenir un produit financier (court, moyen ou long terme);nouvelle;;
7;82;8;8.4;C;1798;Quelles obligations ont les gérants de fonds monétaires vis-à-vis de leur Autorité ?;Transmettre l'examen annuel des méthodologies d'évaluation de la qualité de crédit;nouvelle;;
7;83;8;8.4;C;1781;Quelle règle s'applique en matière de direction effective d'une société de gestion ?;Est dirigée par deux personnes au moins possédant l'honorabilité nécessaire ainsi que l'expérience adéquate;nouvelle;;
7;84;8;8.5;C;1978;Un fonds professionnel à vocation générale (ex OPCVM ARIA), par ses statuts et/ou règlement, fixe :;Un seuil au-delà duquel le plafonnement des rachats peut être décidé pour une même date de centralisation;nouvelle;;
7;85;8;8.5;C;1869;Les organismes de titrisation ont vocation :;A être exposés à des risques résultant notamment de l'acquisition de créances;nouvelle;;
7;86;8;8.5;C;1858;La distinction entre OPCVM et FIA (Fonds d'Investissement Alternatifs) repose notamment sur :;Les ratios réglementaires d'investissement;nouvelle;;
7;87;8;8.6;C;1875;"Le type de fonds qui convient aux clients ayant un profil de risque ""sécurité"" est :";Un fonds monétaire;nouvelle;;
7;88;8;8.7;C;1929;Parmi les émissions obligataires de l'Etat français, il existe :;Des OAT vertes;nouvelle;;
7;89;8;8.7;C;2791;Les critères extra-financiers :;Prennent en compte la gestion des ressources humaines;nouvelle;;
7;90;8;8.7;C;2499;Quelle affirmation est vraie ?;"Les deux notions sont différentes et ne doivent pas être confondues
A. La finance solidaire inclut l'investissement socialement responsable
B. L'investissement socialement responsable inclut la finance solidaire
C. Les deux notions sont différentes et ne doivent pas être confondues";nouvelle;;
7;91;8;8.7;C;2453;"Qu'est-ce que l'approche ""best-in-class"" ?";Une approche thématique, sélectionnant par secteur, les sociétés qui mettent le mieux en œuvre des pratiques de développement durable;nouvelle;;
7;92;8;8.7;C;1951;Parmi ces investissements, lequel n'est pas considéré comme de la finance durable ?;Les œuvres d'art;nouvelle;;
7;93;8;8.7;C;2490;La stratégie d'investissement qui consiste à privilégier les entreprises les mieux notées d'un point de vue extra-financier indépendamment de leur secteur d'activité, en privilégiant les secteurs les plus vertueux est :;L'approche Best-in-universe;nouvelle;;
7;94;8;8.7;C;2476;Quel est l'objectif du Pacte vert pour l'Europe (European Green Deal) présenté par la Commission européenne en décembre 2019 ?;"ire de l'Europe le premier continent ""carbone neutre "" en 2050";nouvelle;;
7;95;8;8.7;C;2529;"Les ""green bonds"" sont :";Des obligations qui permettent de financer des projets d'entreprises respectueux de l'environnement;nouvelle;;
7;96;8;8.7;C;2532;"L'approche dite ""thématique"" repose sur une sélection :";Des entreprises présentes dans les secteurs d'activité du développement durable, à l'exclusion de tous les autres secteurs;nouvelle;;
7;97;8;8.7;C;1936;"Lorsqu'un épargnant investit dans une entreprise ayant obtenu l'agrément ""ESUS"" (entreprise solidaire d'utilité sociale), :";Il bénéficie d'une fiscalité avantageuse avec des réductions d'impôts;nouvelle;;
7;98;8;8.7;C;2487;L'émission d'obligations vertes :;Peut être réalisée par des entités publiques ou des entreprises;nouvelle;;
7;99;8;8.7;C;2513;"Quelle loi est venue renforcer la responsabilité sociétale des entreprises (RSE) en ajoutant à l'article 1833 du code civil que les sociétés doivent prendre ""en considération les enjeux sociaux et environnementaux de son activité"" ?";La loi PACTE du 22 mai 2019;nouvelle;;
7;100;8;8.7;C;2528;La notation extra-financière des acteurs économiques met en évidence :;leur niveau d'implication face aux enjeux environnementaux, sociaux et liés à leur gouvernance;nouvelle;;
7;101;8;8.7;C;2473;A laquelle des trois catégories de critères ESG (Environnementaux, Sociaux et de Gouvernance), l'absence de discriminations est-elle rattachée ?;Aux critères sociaux;nouvelle;;
7;102;8;8.7;C;2481;Qu'est-ce qu'une déclaration de performance extra-financière ?;Un document d'informations sur la manière dont une société cotée prend en compte les conséquences sociales et environnementales de son activité;nouvelle;Contexte;"La DPEF a été remplacée par le « rapport de durabilité » de la directive CSRD (ordonnance de décembre 2023, premiers rapports en 2025 pour les plus grandes entreprises ; le paquet Omnibus de 2025 a reporté et réduit le champ). La définition donnée par la base reste valable."
7;103;9;9.1;C;2042;Les internalisateurs systématiques sont des prestataires de services d'investissement qui :;Exécutent les ordres de leurs clients face à leur compte propre;nouvelle;;
7;104;9;9.1;C;2180;Le service de règlement différé :;Consiste à proposer à l'investisseur de différer le règlement des titres en fin de mois boursier;nouvelle;;
7;105;9;9.2;A;2184;Lors de la préouverture de la séance de bourse (de 7h15 à 9h) :;Les ordres s'accumulent mais aucune transaction n'intervient;nouvelle;;
7;106;9;9.2;A;2150;"Qu'est-ce qu'un ordre ""à la meilleure limite"" ?";Un ordre qui se transforme en ordre à cours limite avec comme limite la meilleure offre au moment où il est mis sur le marché;nouvelle;;
7;107;9;9.3;C;2198;Pour quel type d'instruments financiers, les règles MIF II de transparence des informations sont-elles harmonisées entre les différents systèmes de négociation ?;Tous les instruments et les contrats financiers;nouvelle;;
7;108;9;9.4;C;2188;Un animateur de marché :;Assure la liquidité d'un titre d'une société cotée;nouvelle;;
7;109;9;9.5;C;2145;La loi MIF2 fait obligation aux APA (Approved Publication Arrangement - Dispositif de publication agréé) de diffuser les informations relatives aux négociations sur des plateformes dans les 15 minutes qui suivent la transaction. Cette diffusion est :;Publique et gratuite;nouvelle;;
7;110;10;10.1;C;2225;S'agissant des teneurs de compte-conservateurs, la séparation des avoirs pour compte propre de ceux détenus pour compte de tiers est :;Une obligation réglementaire;nouvelle;;
7;111;10;10.1;C;2218;Règlementairement, la tenue du passif d'un OPCVM correspond :;Aux missions de centralisation des ordres de souscription/rachat et de tenue du compte émission de l'OPCVM;nouvelle;;
7;112;10;10.2;C;2255;En France, le délai de règlement-livraison d'un ordre de bourse est de :;J+2;nouvelle;Contexte;Règlement-livraison à J+2 : toujours vrai aujourd'hui, mais l'UE passera à J+1 le 11 octobre 2027. Réponse attendue : J+2.
7;113;11;11.1;C;2276;Sur quel marché peut-on acheter et vendre des titres déjà créés ?;Le marché secondaire;nouvelle;;
7;114;11;11.2;C;2294;"En quoi consiste un ""split"" ?";A diminuer la valeur nominale d'une action en la divisant en plusieurs titres;nouvelle;;
7;115;12;12.1;C;2326;"Laquelle des trois propositions correspond à la définition suivante ? ""Recense l'ensemble des flux qui modifient positivement ou négativement le patrimoine de l'entreprise pendant une période donnée"" .";Le compte de résultat;nouvelle;;
7;116;12;12.1;C;2318;Le compte de résultat d'une entreprise :;Récapitule les produits et les charges de l'exercice, sans qu'il soit tenu compte de leur date d'encaissement ou de paiement;nouvelle;;
7;117;12;12.2;C;2624;Le Document d'Enregistrement Universel (DEU) doit être soumis à la fois à l'AMF et à l'AEMF (Autorité Européenne des Marchés Financiers) ?;Non. L'AMF notifie le certificat d'approbation à l'AEMF;nouvelle;;
7;118;12;12.3;C;2409;Les PEL (Plan d'Epargne Logement) ouverts depuis le 1er janvier 2018 sont :;Taxables au titre du PFU (Prélèvement Forfaitaire Unique) dès la 1ère année;nouvelle;;
7;119;12;12.3;C;2766;Lors de la vente de titres financiers, le fait générateur de l'imposition est :;Le transfert de propriété, lequel intervient 2 jours ouvrés après l'exécution de l'ordre de bourse;nouvelle;;
7;120;12;12.4;C;2389;Quelle est la société dont les bénéfices sont soumis de plein droit (sans option) à l‘impôt sur les sociétés ?;La SA (Société anonyme);nouvelle;;
8;1;1;1.1;C;6;Quel est le rôle principal du CCSF (Comité consultatif du secteur financier) ?;Proposer des mesures d'amélioration des relations entre les établissements de crédit et leurs clients;nouvelle;;
8;2;1;1.1;C;5;Dans quel document sont définies les missions de l'AMF;Le code monétaire et financier;nouvelle;;
8;3;1;1.2.1;C;37;Quel est l'objectif du marché unique ?;Faciliter la libre circulation des capitaux;nouvelle;;
8;4;1;1.2.1;C;53;L'Autorité Bancaire Européenne (EBA en anglais) a pour objectif :;De sauvegarder la stabilité et l'efficacité du système bancaire et se focalise particulièrement sur tout risque présenté par des établissements financiers dont la défaillance risque d'entraver le fonctionnement du système financier ou de l'économie réelle;nouvelle;;
8;5;1;1.2.2;C;322;La directive dite CRD (Capital Requirement Directive) fixe les règles à suivre par les établissements de crédit en termes de niveau de fonds propres nécessaires. Cette directive transcrit en droit européen les recommandations issues d 'un accord international atteint sous l 'égide :;Du comité de Bâle au sein de la Banque des Règlements Internationaux;nouvelle;;
8;6;1;1.3;C;124;Pour exercer leur activité, les sociétés de gestion de portefeuille pour compte de tiers doivent obtenir l'agrément :;De l'AMF uniquement;nouvelle;;
8;7;1;1.3;C;92;Avant de formuler un conseil, le CIF (Conseiller en Investissements Financiers) et son client doivent signer une lettre de mission qui précise :;Les modalités de rémunération du CIF;nouvelle;;
8;8;1;1.3;C;108;Quelle est l'activité principale des CIF (Conseillers en Investissements Financiers) ?;Conseiller leurs clients sur la réalisation d'investissements financiers et d'opérations en biens divers;nouvelle;;
8;9;1;1.5.1;C;293;Les infrastructures de marché peuvent-elles présenter un risque systémique ?;Oui : intermédiaires, marchés et infrastructures peuvent présenter un risque systémique;nouvelle;;
8;10;1;1.5.1;C;294;Comment est défini le taux d'intérêt légal ?;Par arrêté du ministre chargé de l'économie;nouvelle;;
8;11;1;1.5.2;C;191;Parmi les importants fournisseurs de données boursières au monde, il y a :;MSCI;nouvelle;;
8;12;1;1.5.2;C;181;Le risque de liquidité :;Est lié au risque de ne pouvoir vendre son titre financier ou de ne pouvoir le vendre qu'avec l'enregistrement d'une forte décote;nouvelle;;
8;13;1;1.8;C;320;Le fait pour une personne physique ou morale d 'être condamnée par le juge à réparer le dommage causé à une victime relève de :;Sa responsabilité civile;nouvelle;;
8;14;1;1.8;C;233;Parmi ces services, lequel est un service d'investissement ?;L'exécution d'ordres pour le compte de tiers;nouvelle;;
8;15;2;2.1;A;340;Quelles sont les missions du responsable de la conformité d'un prestataire de services d'investissement (PSI) ?;Contrôler le respect par le PSI de ses obligations professionnelles;nouvelle;;
8;16;2;2.1;A;328;Y a-t-il une différence entre le responsable de la conformité et du contrôle interne (RCCI) et le responsable de la conformité pour les services d'investissement (RCSI) ?;Oui, le RCCI est responsable de la conformité au sein des sociétés de gestion de portefeuille alors que le RCSI est responsable de la conformité au sein des autres prestataires de services d'investissement;nouvelle;;
8;17;2;2.2;A;2681;La liste de surveillance doit être conservée :;5 ans;nouvelle;;
8;18;2;2.2;A;393;Les mesures que les prestataires de services d'investissement doivent prendre pour empêcher les conflits d'intérêts de porter atteinte aux intérêts des clients doivent être :;Raisonnables et appropriées;nouvelle;;
8;19;2;2.3;A;448;Quels litiges, parmi les suivants, ne sont pas éligibles à la médiation de l'AMF ?;Les litiges relatifs aux crédits bancaires;nouvelle;;
8;20;2;2.3;A;445;En cas de litige, un client peut saisir le médiateur de l'AMF en l'absence de réponse de la part du prestataire d'un service financier au bout de :;2 mois;nouvelle;;
8;21;3;3;A;2684;La déclaration auprès de TRACFIN des sommes inscrites dans leurs livres est :;Confidentielle;nouvelle;;
8;22;3;3;A;2685;Lorsqu'une société de gestion de portefeuille confie à un prestataire externe la réalisation de tout ou partie des activités relatives aux obligations qui lui incombe au titre de la LCB-FT :;La société de gestion de portefeuille demeure responsable du respect de ses obligations de LCB-FT;nouvelle;;
8;23;3;3;A;331;Les documents relatifs à l'identité des clients habituels ou occasionnels doivent être conservés :;Pendant cinq ans, à compter de la clôture de leurs comptes ou de la cessation de leurs relations avec eux;nouvelle;;
8;24;4;4;A;558;Quelle opération réalisée par un client pourrait constituer une opération suspecte en matière d'abus de marché ?;Plusieurs transactions inhabituelles pour le client sur un instrument financier, avant la diffusion d'une information au public, sur les titres d'une société cotée;nouvelle;;
8;25;4;4;A;395;Pendant combien de temps les listes d'initiés doivent-elles être conservées par les émetteurs ou toute personne agissant en leur nom ou pour leur compte?;Pendant au moins cinq ans après leur établissement ou leur mise à jour;nouvelle;;
8;26;5;5.1;A;639;Une banque n'a pas à se conformer aux règles du démarchage bancaire et financier lorsqu'elle :;Propose à son client de réaliser une opération habituelle;nouvelle;;
8;27;5;5.1;A;674;L'ESMA Autorité européenne des marchés financiers;Peut interdire la commercialisation temporaire aux clients de détail et sur le territoire européen de produits financiers spéculatifs, notamment sur le forex;nouvelle;;
8;28;5;5.1;A;583;Tout démarcheur détient à ce titre une carte. Quelle affirmation est exacte ?;Il doit systématiquement présenter sa carte lors de tout acte de démarchage;nouvelle;;
8;29;5;5.1;A;588;Les règles du démarchage bancaire et financier :;S'ajoutent à toutes les autres règles en vigueur, lorsque le vendeur a recours à ce mode de commercialisation;nouvelle;;
8;30;5;5.2;C;719;Le Règlement européen PRIIPS (Packaged Retail Investment and Insurance Products) a vocation à harmoniser et standardiser la communication de certains produits d 'investissement proposés aux clients non-professionnels. Lesquels parmi les suivants sont concernés par PRIIPS ? I. L 'assurance vie en unités de compte II. Les FIA III. Les EMTN structurés;I, II et III;nouvelle;;
8;31;5;5.2;C;677;Le conseiller en investissement doit communiquer les frais d'une opération envisagée par l'épargnant avant le déclenchement de celle-ci, ces frais sont présentés :;En euros et en %;nouvelle;;
8;32;6;6.1.1;A;744;Les clients non-professionnels bénéficient :;Du plus haut degré de protection en tant qu'investisseur;nouvelle;;
8;33;6;6.1.1;A;722;En matière de catégorisation des clients, les Prestataires de Services d'investissement autre que les sociétés de gestion de portefeuille :;Etablissent et mettent en œuvre des politiques et des procédures appropriées et écrites permettant de classer leurs clients;nouvelle;;
8;34;6;6.1.1;A;754;Le conseiller en investissements financiers (CIF) peut-il interroger son client sur sa situation financière ?;Oui, il doit avoir une vision exacte de cette situation pour catégoriser le client et lui proposer des produits en adéquation avec sa situation;nouvelle;;
8;35;6;6.1.1;A;805;Quels sont les critères de catégorisation des clients professionnels ?;Nature ou taille du client;nouvelle;;
8;36;6;6.1.1;A;732;Quels critères de taille sont notamment requis pour qualifier une entreprise française de contrepartie éligible ?;Total de bilan supérieur ou égal à 20 millions d'euros et chiffre d'affaires net supérieur ou égal à 40 millions d'euros;nouvelle;;
8;37;6;6.1.2;C;836;Parmi les missions suivantes, quelle est celle qui est confiée à la CNIL ?;Contrôler le traitement des données personnelles;nouvelle;;
8;38;6;6.1.2;C;821;Quelle nature de conversations téléphoniques avec un client est-il obligatoire d'enregistrer ?;Uniquement celles destinées à conclure une transaction;nouvelle;;
8;39;6;6.2;A;1021;Le PSI (Prestataire de Services d'Investissement) doit-il informer de la tarification des services fournis préalablement à la fourniture de service ?;Tous les clients;nouvelle;;
8;40;6;6.2;A;2654;Parmi les instruments financiers suivants, quelle catégorie est assimilée à un instrument financier complexe contraignant le PSI à vérifier son caractère approprié :;Les OPCVM structurés;nouvelle;;
8;41;6;6.2;A;870;En cas de fourniture de conseils en investissement, quelle information le PSI doit-il donner à son client ?;Si le conseil est fourni de manière indépendante ou non;nouvelle;;
8;42;6;6.2;A;902;Les informations fournies aux clients concernant les risques pertinents :;Doivent utiliser une police d'une taille au moins égale à celle employée de manière prédominante dans les informations communiquées;nouvelle;;
8;43;6;6.2;A;897;Quelles sont les obligations du PSI lorsque l'ordre du client est exécuté par tranches ?;Le PSI peut informer le client soit du prix de chaque tranche, soit du prix moyen;nouvelle;;
8;44;6;6.3;A;2707;Tout avantage non monétaire mineur :;Est divulgué au client avant la fourniture du service d'investissement concerné;nouvelle;;
8;45;6;6.3;A;2696;Le PSI doit vérifier que :;Les vendeurs jusitifient du niveau de connaissances minimales;nouvelle;;
8;46;6;6.3;A;940;Réglementairement, le régime d'exécution simple des ordres, sans test d'appropriation :;Porte uniquement sur des instruments non complexes et uniquement pour les ordres à l'initiative du client;nouvelle;;
8;47;6;6.4;A;959;L'exécution d'un ordre d'un client en dehors d'une plateforme de négociation :;Nécessite le consentement préalable exprès du client, sous forme d'un accord général ou à chaque transaction;nouvelle;;
8;48;6;6.4;A;960;La politique d'exécution d'un PSI inclut, entre autres :;La détermination des lieux d'exécution;nouvelle;;
8;49;6;6.4;A;988;Lorsque les prestataires de services d'investissement autres que les sociétés de gestion de portefeuille exécutent des ordres pour le compte de clients non professionnels, sur quelle base le meilleur résultat possible est-il déterminé ?;Sur la base du coût total;nouvelle;;
8;50;6;6.5;C;2713;Les frais de gestion annuels :;Sont indiqués dans le prospectus du fonds;nouvelle;;
8;51;6;6.5;C;1035;Dans le cadre de la commission de gestion des FIA, la société de gestion de portefeuille peut avoir une rémunération liée à la surperformance :;A condition qu'elle soit expressément prévue dans le DICI;nouvelle;;
8;52;6;6.6;C;1049;A quelle condition un mineur peut-il ouvrir tout seul un compte de chèques à son nom ?;S'il est émancipé;nouvelle;;
8;53;6;6.7;C;1057;Le dépôt d'un dossier auprès de la commission de surendettement :;Concerne les dettes non professionnelles des personnes physiques;nouvelle;;
8;54;6;6.8;C;1100;"Quel est le montant maximum du remboursement des dépôts en titres garanti par le ""Fonds de garantie des dépôts"" en cas de faillite d'un établissement de crédit dont le siège social est situé en France ?";70.000 euros par déposant;nouvelle;;
8;55;6;6.8;C;1087;Quel est le montant de la garantie des titres, par client et par établissement ?;70 000 euros des titres indisponibles et éligibles à la garantie, présents dans tous les comptes-titres d'un client;nouvelle;;
8;56;6;6.9;C;1203;"Les CFD (contracts for difference) sont des instruments financiers spéculatifs pariant sur des variations à la hausse ou à la baisse d 'un ""actif sous-jacent"" (un indice, une action, etc) que l 'investisseur ne détient pas. Depuis le 1er août 2018, la commercialisation des CFD aux investisseurs particuliers :";A été restreinte avec notamment une limitation de l 'effet de levier possible selon les sous-jacents;nouvelle;;
8;57;7;7.1;C;1256;Quel est le risque principal d'une obligation conservée jusqu'à son échéance ?;Le risque de défaut;nouvelle;;
8;58;7;7.1;C;1251;Quand parle t-on du risque d'effet de levier ?;Quand l'exposition au marché ou à un instrument est supérieure au capital investi;nouvelle;;
8;59;7;7.1;C;1234;Les parts ou actions d'Organismes de Placement Collectif (OPC) sont :;Des titres financiers;nouvelle;;
8;60;7;7.2;C;1701;Qu'appelle-t-on un dividende ?;La partie du bénéfice reversé aux actionnaires par une société;nouvelle;;
8;61;7;7.2;C;1317;Pour estimer la valeur d'une action cotée, quel critère ne devrait-on pas appliquer ?;Le nombre de salariés de l'entreprise;nouvelle;;
8;62;7;7.2;C;1319;Qu'est-ce qu'une action ?;Un titre représentatif d'une partie du capital social de l'entreprise émettrice;nouvelle;;
8;63;7;7.3;C;1362;Les OAT sont :;Des obligations assimilables du Trésor;nouvelle;;
8;64;7;7.3;C;1348;Le taux d'actualisation utilisé pour le calcul du prix d'une obligation à taux fixe aujourd'hui est :;Le taux de rendement actuariel;nouvelle;;
8;65;7;7.3;C;1398;"Quelle est la particularité d'une obligation ""zéro coupon"" ?";Elle ne verse les intérêts capitalisés qu'au moment du remboursement;nouvelle;;
8;66;7;7.4;C;1309;L'Euribor est un taux de référence :;Défini pour toute une série d'échéances monétaires;nouvelle;;
8;67;7;7.4;C;1690;Quel est le montant nominal minimum d'un titre de créance négociable ?;150 000 €;nouvelle;;
8;68;7;7.5;C;1461;Quel est l'intérêt des titres subordonnés ?;Les titres subordonnés permettent de renforcer la structure financière de l'émetteur;nouvelle;;
8;69;7;7.6;C;1469;Lequel des produits suivants est un instrument d'épargne réglementé par la loi ?;Livret A;nouvelle;;
8;70;7;7.6;C;1510;Les contrats d'assurance vie constitués de fonds en euros :;Garantissent le capital investi;nouvelle;;
8;71;7;7.7;C;1716;"Un ""swap"" est un contrat entre deux contreparties :";Qui s 'engagent à s 'échanger des flux financiers ou des instruments financiers selon un échéancier fixé à l 'avance;nouvelle;;
8;72;7;7.8;C;1591;Dans la très grande majorité des cas, le prix de souscription ou de rachat d'un OPC (Organisme de Placement Collectif) est déterminé à partir :;D'un cours inconnu;nouvelle;;
8;73;7;7.8;C;1552;Par qui est publiée la valeur liquidative d'une part d'OPC ?;La société de gestion;nouvelle;;
8;74;7;7.9;C;1637;Un CIF (Conseiller en Investissement Financier) doit remettre à son client :;Une lettre de mission;nouvelle;;
8;75;7;7.9;C;1630;Le non respect des obligations d'information sur les produits de placements relevant des biens divers par des intermédiaires en biens divers est susceptible d'être sanctionné par :;Une peine privative de liberté et d'une amende;nouvelle;;
8;76;7;7.10;C;1666;Un prestataire de services sur actifs numériques :;Peut recevoir et transmettre des ordres de ses clients et conserver les actifs numériques;nouvelle;;
8;77;7;7.10;C;1662;"Que signifie l'acronyme ""ICO"" ?";Initial Coin Offering;nouvelle;;
8;78;8;8.1;C;1744;Une société de gestion est tenue à certaines obligations en matière d'information :;Une société de gestion a un devoir d'information et de conseil vis-à-vis de l'investisseur;nouvelle;;
8;79;8;8.2.1;C;1999;Un mandat de gestion implique-t-il une obligation de résultat ?;NON;nouvelle;;
8;80;8;8.2.2;C;1968;La volatilité d'un fonds est une mesure :;Qui ne tient pas compte de tous les risques encourus par un investisseur;nouvelle;;
8;81;8;8.2.2;C;1943;Quand l'horizon de placement d'un épargnant se fait à moyen terme, c'est qu'il a un projet dans :;3 à 8 ans;nouvelle;;
8;82;8;8.4;C;1787;La directive AIFM (2011/61/UE) vise à encadrer :;Les Fonds d'Investissement alternatifs (FIA);nouvelle;;
8;83;8;8.4;C;2035;Un Prestataire de Services d 'Investissement qui réalise le service de gestion sous mandat :;Dispose d 'une procédure qui lui permet de garantir la capacité de liquider des positions dans un portefeuille individuel dans le respect des obligations résultant du mandat de gestion;nouvelle;;
8;84;8;8.5;C;1857;A quelle condition une SCPI peut-elle faire une offre au public ?;Après avoir établi une note d'information visée par l'AMF et un bulletin de souscription;nouvelle;;
8;85;8;8.5;C;2777;Les Organismes de Placement Collectif dans l'Immobilier :;Sont une catégorie de FIA;nouvelle;;
8;86;8;8.5;C;1838;Qu'est-ce qu'un Exchange traded fund - (ETF) ?;Un fonds indiciel coté en continu et négocié en bourse;nouvelle;;
8;87;8;8.6;C;1873;Qu'est-ce qu'un hedge fund ?;Un fonds spéculatif pratiquant la gestion alternative;nouvelle;;
8;88;8;8.7;C;2456;Qu'est-ce que la RSE ?;La traduction managériale dans les entreprises des objectifs de développement durable, en intégrant des enjeux extra-financiers à la stratégie économique;nouvelle;;
8;89;8;8.7;C;2459;Parmi les affirmations suivantes, laquelle explique le mieux la différence entre l'ESG et l'ISR ?;L'ISR est une typologie d'investissement et l'ESG fait référence à certains critères permettant de réaliser ces investissements particuliers;nouvelle;;
8;90;8;8.7;C;2477;Dans une gestion de portefeuille ISR, que signifie pratiquer une exclusion normative ?;Le gérant exclut les entreprises qui ne respectent pas les normes ou conventions internationales;nouvelle;;
8;91;8;8.7;C;2452;Quelle est la bonne définition du greenwashing ?;Une publicité mensongère utilisant de faux arguments écologiques;nouvelle;;
8;92;8;8.7;C;2511;"Dans le cadre de la prise en compte des critères ""Environnementaux, Sociaux et de Gouvernance"" (ESG), en quoi consiste l'approche ""Best-in-universe"" ?";Elle consiste à privilégier les émetteurs les mieux notés d'un point de vue extra-financier indépendamment de leur secteur d'activité, en assumant des biais sectoriels, puisque les secteurs qui sont dans l'ensemble considérés plus vertueux seront plus représentés;nouvelle;;
8;93;8;8.7;C;1921;Dans le cadre d'une gestion ISR, les fonds thématiques :;Investissent dans des entreprises ou des secteurs liés au développement durable telles que les énergies renouvelables, l'eau, la santé, ou plus généralement le changement climatique;nouvelle;;
8;94;8;8.7;C;2494;"La ""notation sollicitée"" désigne l'évaluation extra-financière d'entreprises réalisée par une agence de notation spécialisée, sur demande :";Des émetteurs;nouvelle;;
8;95;8;8.7;C;1993;Les fonds thématiques sont :;Ouverts aux investisseurs institutionnels et aux investisseurs particuliers;nouvelle;;
8;96;8;8.7;C;2527;Le Label ISR (Investissement Socialement Responsable) s'applique à :;Un fonds qui a développé une méthodologie d'évaluation des acteurs financiers sur la base des critères ESG, et qu'il les intègre dans sa politique d'investissement;nouvelle;;
8;97;8;8.7;C;1995;Les entreprises proposant un PERCO à leurs collaborateurs ont l'obligation de créer un FCPE (Fonds commun de placement d'entreprise) :;Solidaire, investi pour au plus 10 % dans des entreprises non cotées à forte utilité sociale et sans but lucratif;nouvelle;Contexte;Le PERCO n'est plus ouvert depuis le 1er octobre 2020 : il est remplacé par le PER collectif (PERECO, loi PACTE). Le principe (sommes disponibles à la retraite, sauf cas de déblocage anticipé) demeure.
8;98;8;8.7;C;2512;Le label Finansol peut être attribué à :;Un produit d'épargne;nouvelle;;
8;99;8;8.7;C;1899;"En quoi consiste l'approche ""impact investing"" (investissement à impact en français) parmi les différentes stratégies d'investissement socialement responsable (ISR) ?";Elle consiste à investir dans des entreprises, souvent dans le non coté, qui cherchent à générer un impact social ou environnemental mesurable;nouvelle;;
8;100;8;8.7;C;1918;Quel est le principal objectif du label ISR (Investissement Socialement Responsable) ?;Permettre aux épargnants de choisir des placements financiers responsables et durables;nouvelle;;
8;101;8;8.7;C;2537;Le standard international norme ISO 26000 définit le périmètre de la RSE (responsabilité sociétale des entreprises) autour de questions centrales comme :;La gouvernance des organisations, les conditions de travail et l'environnement;nouvelle;;
8;102;8;8.7;C;2524;Les fonds labellisés ISR :;Sont des placements remplissant des objectifs financiers et extra-financiers suivant les critères ESG;nouvelle;;
8;103;9;9.1;C;2159;"Le ""Système Organisé de Négociation"" ou""OTF""(""organised trading facility"") :";Est réservé à la négociation des obligations, des produits financiers structurés, des quotas d'émission ou des instruments dérivés;nouvelle;;
8;104;9;9.1;C;2039;Que permet le SRD aux investisseurs ?;De négocier à terme des instruments financiers;nouvelle;;
8;105;9;9.2;A;2126;Un ordre à la meilleure limite :;N'est assorti d'aucune indication de prix;nouvelle;;
8;106;9;9.2;A;2197;"Un ordre ""jour"" :";Sera retiré du marché en cas de non-exécution dans la journée;nouvelle;;
8;107;9;9.3;C;2212;Sur les marchés actions, quelle différence existe-t-il entre l 'obligation de transparence pré-négociation qui échoit à un Système Multilatéral de Négociation (SMN) et celle qui échoit à un marché réglementé ?;Aucune, les deux sont soumis aux mêmes exigences;nouvelle;;
8;108;9;9.4;C;2139;Lorsqu'ils ne sont pas membres d'Euronext, les intermédiaires financiers qui collectent des ordres auprès de leurs clients :;Transmettent les ordres à un membre négociateur;nouvelle;;
8;109;9;9.5;C;2176;Quel est le principal indice de la Bourse de Paris ?;CAC 40;nouvelle;;
8;110;10;10.1;C;2223;Le système de communication qui assure de manière rapide et efficace le paiement et la livraison des valeurs entre entreprises de marché est :;Le système SWIFT;nouvelle;;
8;111;10;10.1;C;2260;Parmi les acronymes suivants, lequel correspond à un réseau interbancaire utilisé par la majorité des banques pour leurs paiements internationaux ?;SWIFT;nouvelle;;
8;112;10;10.2;C;2235;La chambre de compensation :;S'interpose par le mécanisme de la novation entre le vendeur et l'acheteur;nouvelle;;
8;113;11;11.1;C;2761;Le seuil de déclenchement de l'obligation d'établir un prospectus d'offre au public est fixé à :;8 millions d'euros;nouvelle;Réponse dépassée;Seuil français de dispense de prospectus pour une offre au public : 8 M€ dans la base. Le Listing Act européen l'a porté à 12 M€ sur 12 mois à partir de mars 2026. Si la question tombe avec ces choix, la base attend 8 M€.
8;114;11;11.2;C;2304;"Dans le cadre des offres publiques, une offre publique ""mixte"" est :";Une offre publique dans laquelle le règlement de l'apport des titres financiers à l'offre est rémunéré en numéraire et en titres financiers;nouvelle;;
8;115;12;12.1;C;2434;Quel poste parmi les suivants figure à l'actif du bilan comptable d'une société ?;Les immobilisations;nouvelle;;
8;116;12;12.1;C;2435;Quel poste parmi les suivants figure au passif du bilan comptable d 'une société ?;Les dettes fournisseurs;nouvelle;;
8;117;12;12.2;C;2406;Le visa apposé par l'AMF sur l'information établie par une société dans le cas d'une introduction en bourse:;Atteste que tous les éléments nécessaires pour décider de l'acquisition de titres de la société sont bien mis à la disposition du public;nouvelle;;
8;118;12;12.3;C;2377;Quelle est la caractéristique de l'impôt sur le revenu des particuliers (IRPP) ?;Il s'agit d'un impôt progressif;nouvelle;;
8;119;12;12.3;C;2418;En France, quelle est la nature du barème de l'impôt sur le revenu ?;Progressif;nouvelle;;
8;120;12;12.4;C;2391;Les placements de trésorerie des entreprises sont généralement faits en :;Supports et titres peu risqués;nouvelle;;
9;1;1;1.1;C;4;L'Autorité de Contrôle Prudentiel et de résolution a un pouvoir de sanction :;Uniquement à l'égard des établissements qui tombent sous son contrôle;nouvelle;;
9;2;1;1.1;C;2;Quelle est l'autorité en charge d'agréer les sociétés de gestion de portefeuille ?;L'Autorité des Marchés Financiers (AMF);nouvelle;;
9;3;1;1.2.1;C;281;Dans le cadre du passeport européen un établissement financier peut offrir ses services soit par le libre établissement d'une succursale soit par la libre prestation de services :;L'autorisation ne vaut que pour les services agréés dans le pays d'origine;nouvelle;;
9;4;1;1.2.1;C;2666;L'ESMA :;Exerce une surveillance directe sur certaines entités financières spécifiques comme les agences de notation de crédit et les référentiels centraux;nouvelle;;
9;5;1;1.2.2;C;73;En matière de réglementation, l'Autorité des marchés financiers (AMF) :;Peut signer des accords de coopération avec ses homologues internationaux;nouvelle;;
9;6;1;1.3;C;2632b;Le CIF peut :;Adhérer à une seule association professionnelle agréée par l'AMF;nouvelle;;
9;7;1;1.3;C;93;Quelle est l'activité habituelle d'un CIF (conseiller en investissements financiers) ?;Fournir des recommandations personnalisées à un tiers, soit à sa demande, soit à l'initiative de l'entreprise qui fournit le conseil, concernant une ou plusieurs transactions portant sur des instruments financiers;nouvelle;;
9;8;1;1.3;C;94;Qui effectue le premier niveau de contrôle des conseillers en investissements financiers ?;L'association professionnelle dont ils relèvent;nouvelle;;
9;9;1;1.5.1;C;2630;La mission principale de la BCE est de :;Maintenir la stabilité des prix;nouvelle;;
9;10;1;1.5.1;C;326;"De nombreux établissements financiers de taille internationale sont appelés par les régulateurs à prévoir des fonds propres complémentaires ( ""capital buffers"" ) pour mieux couvrir leurs risques pondérés ou bien à bloquer une partie de ces mêmes fonds propres pour faire face à de futures pertes potentielles (""Total Loss-Absorbing Capacity""). Ces mesures sont destinées à éviter que se manifeste un risque particulier. Lequel ?";Le risque systémique;nouvelle;;
9;11;1;1.5.2;C;190;La balance des paiements :;Est un document de comptabilité nationale harmonisé OCDE;nouvelle;;
9;12;1;1.5.2;C;221;Qu'appelle-t-on réserve de change ?;Les réserves en devises étrangères détenues par les banques centrales;nouvelle;;
9;13;1;1.8;C;259;Les sociétés de gestion de portefeuille (SGP) ont un niveau de fonds propres :;Règlementé par des dispositions spécifiques définies par le code monétaire et financier et précisées dans le règlement général de l'Autorité des Marchés Financiers et renforcé depuis la Directive AIFM;nouvelle;;
9;14;1;1.8;C;258;Quelle autorité de tutelle délivre un agrément à un prestataire de services d'investissement (PSI) dans le cas où son activité principale est la gestion de portefeuille pour compte de tiers ?;L'AMF;nouvelle;;
9;15;2;2.1;A;461;Au sein des Prestataires de Services d 'Investissement (PSI) la mise en place d 'une fonction conformité est :;Obligatoire dans tous les cas;nouvelle;;
9;16;2;2.1;A;355;La personne désignée comme responsable de la conformité :;Doit avoir obtenu une carte professionnelle délivrée par l'AMF;nouvelle;;
9;17;2;2.2;A;401;L'Autorité des marchés financiers (AMF) :;Traite en toute confidentialité les alertes relevant de sa compétence;nouvelle;;
9;18;2;2.2;A;383;Les personnes qui participent à la fonction de conformité au sein d'une société de gestion de portefeuille d'OPCVM :;Ne doivent pas être impliquées dans l'exécution des services et activités qu'elles contrôlent;nouvelle;;
9;19;2;2.3;A;408;Les prestataires de services d'investissement (PSI) sont-ils soumis à des obligations réglementaires concernant le traitement des réclamations des clients ?;Il est obligatoire pour les prestataires de services d'investissement (PSI) de mettre en place une procédure de traitement des réclamations des clients;nouvelle;;
9;20;2;2.3;A;438;Quelle sont les obligations des PSI en matière de suivi des réclamations ?;Les PSI doivent identifier les dysfonctionnements et mettre en place les actions correctives;nouvelle;;
9;21;3;3;A;508;Le Prestataire de Services d'Investissement (PSI) qui a un soupçon de blanchiment :;Doit déclarer l'opération ou le client à Tracfin;nouvelle;;
9;22;3;3;A;524;Quel est le rôle du Groupe d'Action Financière - GAFI ?;Concevoir les normes et assurer l'impulsion de la stratégie en matière de lutte contre le blanchiment des capitaux;nouvelle;;
9;23;3;3;A;481;La loi SAPIN 2 impose une cartographie des risques de corruption :;Aux sociétés employant au moins 500 salariés et dont le chiffre d'affaires dépasse 100 millions d'euros;nouvelle;;
9;24;4;4;A;543;Toutes tentatives d'opération d'initié :;Doivent être déclarées sans retard à l'AMF;nouvelle;;
9;25;4;4;A;557;Pour parer les risques de late trading, quel acteur doit contrôler le respect de la date et de l'heure limite de centralisation des ordres de souscription et de rachat mentionnées dans le prospectus ?;Le centralisateur;nouvelle;;
9;26;5;5.1;A;598;La carte de démarchage :;Doit être présentée par le démarcheur à toute personne démarchée à son domicile, sur demande de cette dernière;nouvelle;;
9;27;5;5.1;A;663;Aucun démarchage ne peut être réalisé pour la commercialisation des produits :;Dont le risque maximum n'est pas connu au moment de la souscription;nouvelle;;
9;28;5;5.1;A;666;Quel est le délai de rétractation dont dispose un client qui aurait signé un contrat d'ouverture de compte de dépôt à la suite d'une action de démarchage à domicile ?;14 jours;nouvelle;;
9;29;5;5.1;A;596;Qui est en charge de la délivrance des cartes de démarchage aux personnes se livrant à une activité de démarchage bancaire ou financier?;La personne pour le compte de laquelle ces personnes agissent;nouvelle;;
9;30;5;5.2;C;694;Quel document d'information doit-on obligatoirement remettre à un souscripteur d'OPC ?;Le document d'information clé pour l'investisseur de l'OPC (DICI);nouvelle;Réponse dépassée;Depuis le 1er janvier 2023, le DICI des OPCVM est remplacé par le DIC PRIIPs pour les investisseurs non professionnels (indicateur de risque SRI de 1 à 7 et 4 scénarios de performance). Les questions sur le DICI restent dans la base : retiens leurs réponses (remise avant souscription, échelle 1 à 7, frais…), qui valent aussi pour le DIC.
9;31;5;5.2;C;648;Le prospectus d'un OPC est un document à vocation …:;Informationnelle;nouvelle;;
9;32;6;6.1.1;A;784;Les entités remplissant au moins 2 des 3 critères suivants ont la qualité de clients professionnels :;Total du bilan égal ou supérieur à 20 millions d'euros, chiffre d'affaires net ou recettes nettes égaux ou supérieurs à 40 millions d'euros et capitaux propres égaux ou supérieurs à 2 millions d'euros;nouvelle;;
9;33;6;6.1.1;A;745;Dans quelle catégorie un organisme de placement collectif (OPC) est-il classé par nature ?;Client professionnel;nouvelle;;
9;34;6;6.1.1;A;1166;Un Prestataire de Services d 'Investissement (PSI) a une obligation de classification de ses clients par catégorie. Dans ce cadre, un client qui appartient à la catégorie des clients professionnels est un client :;Qui possède l'expérience, les connaissances et la compétence nécessaires pour prendre ses propres décisions d'investissement et évaluer correctement les risques encourus;nouvelle;;
9;35;6;6.1.1;A;809;Lorsque la vérification de l'identité ne peut avoir lieu en présence de la personne physique en cause, que doit faire, notamment l'entreprise d'investissement ?;Obtenir, par exemple, une pièce justificative supplémentaire permettant de confirmer l'identité de la personne et plus généralement renforcer les diligences mises en œuvre;nouvelle;;
9;36;6;6.1.1;A;1167;Un Prestataire de Services d 'Investissement a une obligation de classification de ses clients par catégorie. Dans ce cadre, parmi les clients d 'un Prestataire de Services d 'Investissement suivants, lesquels ont la qualité de client professionnel par nature :;Les sociétés de gestion de portefeuille;nouvelle;;
9;37;6;6.1.2;C;1094;En matière de protection des données personnelles présentes dans des fichiers informatiques, un client :;A un droit de rectification des données stockées;nouvelle;;
9;38;6;6.1.2;C;1170;Toute personne dispose de droits concernant l 'enregistrement et les traitements d 'informations à caractère personnel. Ainsi, toute personne a le droit :;De savoir si des informations la concernant figurent dans un fichier informatique;nouvelle;;
9;39;6;6.2;A;887;En matière d'information des clients sur les avantages et rémunérations perçus par les prestataires de services d'investissement autre que les sociétés de gestion, donner des informations génériques est :;Insuffisant;nouvelle;;
9;40;6;6.2;A;904;Laquelle de ces propositions relatives à l'information sur un produit est exacte ?;L'information fournie sur le produit met en avant autant les avantages potentiels que les risques éventuels correspondants;nouvelle;;
9;41;6;6.2;A;2656;Les avantages non monétaires mineurs sont :;Conservés par le PSI, dès lors qu'ils remplissent certaines conditions légalement définis;nouvelle;;
9;42;6;6.2;A;882;Les conseillers en investissement agissant de manière indépendante :;Doivent disposer d'un éventail diversifié d'instruments financiers;nouvelle;;
9;43;6;6.2;A;2704;Le client doit :;Etre informé de tous les droits, commissions et avantages que l'enteprise a reçus en rapport avec le service d'investissement fourni;nouvelle;;
9;44;6;6.3;A;951;Parmi ces objectifs, lequel répond à l'obligation du PSI d'agir de manière honnête, loyale et professionnelle ?;Servir au mieux les intérêts du client;nouvelle;;
9;45;6;6.3;A;922;Dans le cadre de la relation client, le test d'adéquation s'applique :;A la gestion de portefeuille et au conseil en investissement;nouvelle;;
9;46;6;6.3;A;1142;Pour agir au mieux des intérêts du client, le Conseiller en Investissement Financier (CIF) doit indiquer dans une lettre de mission la nature et les modalités de la prestation comprenant :;La prise de connaissance par le client du document d'entrée en relation présentant le Conseiller, la nature et les modalités de la prestation, les modalités de rémunération;nouvelle;;
9;47;6;6.4;A;1155;En matière de lieux d'exécution des ordres, quelle information le PSI fournit-il à ses clients non professionnels ?;La liste des lieux d'exécution auxquels il fait le plus confiance pour honorer ses obligations;nouvelle;;
9;48;6;6.4;A;964;"Dans quel cas le PSI est exonéré de son obligation de ""best execution"" ?";Lorsque le PSI exécute un ordre en suivant les instructions spécifiques de son client;nouvelle;;
9;49;6;6.4;A;971;Lorsque les PSI exécutent des ordres pour le compte de clients non professionnels, la meilleure exécution se base sur :;Le coût total de l'instrument financier;nouvelle;;
9;50;6;6.5;C;1019;Que représentent les droits de garde ?;Le prix facturé par le PSI pour la conservation des titres sur un compte-titres ou un PEA;nouvelle;;
9;51;6;6.5;C;1004;Dans le cadre de gestion de FIA, la commission de gestion :;Peut comprendre une part variable liée à la surperformance du FIA géré par rapport à l'objectif de gestion;nouvelle;;
9;52;6;6.6;C;1194;Dans le cadre d 'un compte d 'instruments financiers en usufruit et nue-propriété, la ou les personne(s) qui bénéficie(nt) du paiement du dividende et des rémunérations des instruments financiers qui sont inscrits dans ce compte est (sont) :;L 'usufruitier;nouvelle;;
9;53;6;6.7;C;1058;Une procédure de liquidation judiciaire peut être ouverte :;Lorsque le débiteur est en état de cessation de paiements et que son redressement est manifestement impossible;nouvelle;;
9;54;6;6.8;C;1082;Le fonds de garantie et de résolution est :;Une personne morale de droit privé;nouvelle;;
9;55;6;6.8;C;1085;Un PSI (Prestataire de Services d'Investissement), peut-il procéder à des cessions temporaires de titres en utilisant les instruments financiers qu'il détient pour le compte d'un client ?;Oui, mais avec l'accord préalable du client;nouvelle;;
9;56;6;6.9;C;1116;La publicité électronique sur les produits Forex, les options binaires est interdite car :;Ces produits sont complexes et il est difficile d'appréhender leurs risques;nouvelle;;
9;57;7;7.1;C;2568;A quoi correspond le «risque en matière de durabilité» ?;Le risque qu'un évènement ou une situation dans le domaine environnemental, social ou de gouvernance ait une incidence négative importante sur la valeur de l’investissement;nouvelle;;
9;58;7;7.1;C;1699;Qu'est-ce que le risque de change ?;Le risque lié à la valorisation d'un instrument dans une devise autre que celle de l'investisseur;nouvelle;;
9;59;7;7.1;C;1216;Le risque de change d'un instrument financier correspond :;A la variation du cours des devises;nouvelle;;
9;60;7;7.2;C;1326;Quelle méthode, parmi les suivantes, n'est pas adaptée à la valorisation des actions ?;Méthode basée sur la parité du taux d'intérêt;nouvelle;;
9;61;7;7.2;C;1312;Parmi les affirmations suivantes, laquelle est exacte ?;Les actions sont des valeurs mobilières représentatives d'une part de capital de l'entreprise émettrice;nouvelle;;
9;62;7;7.2;C;1313;Parmi les affirmations suivantes, laquelle est exacte ?;Les actions permettent à leurs détenteurs de participer aux assemblées générales des entreprises émettrices;nouvelle;;
9;63;7;7.3;C;1345;Quelle obligation, parmi les suivantes, n'est pas sujette à un risque de taux ?;Obligation à taux variable;nouvelle;;
9;64;7;7.3;C;1374;Le remboursement des obligations zéro-coupon se fait :;In fine;nouvelle;;
9;65;7;7.3;C;2726;Quand les taux d'intérêt évoluent, la valeur du coupon d'une obligation à taux variable :;Varie;nouvelle;;
9;66;7;7.4;C;2728;Les titres de créances négociables sont :;Des titres financiers;nouvelle;;
9;67;7;7.4;C;2732;Les bons de caisse :;Sont des titres nominatifs et non négociables;nouvelle;;
9;68;7;7.5;C;1691;Quel titre, parmi les suivants, est considéré comme un titre hybride ?;L'obligation convertible;nouvelle;;
9;69;7;7.6;C;1487;Le compte d'épargne logement (CEL) a une durée :;Illimitée;nouvelle;;
9;70;7;7.6;C;1495;Dans le cadre d'un contrat d'assurance-vie investi dans un support en fonds euros, le fonds en euros est investi sur des placements :;Peu risqués;nouvelle;;
9;71;7;7.7;C;1528;Lorsqu'un investisseur achète une option sur les marchés dérivés :;Il a le droit d'exercer ou non son option;nouvelle;;
9;72;7;7.8;C;673;L'entité qui assure la valorisation d'un OPCVM est appelée :;La société de gestion ou, en cas d'externalisation vers un prestataire externalisé, le valorisateur;nouvelle;;
9;73;7;7.8;C;1585;La périodicité de calcul de la valeur liquidative d'un OPC (Organisme de Placement Collectif) est :;Variable selon l'OPC;nouvelle;;
9;74;7;7.9;C;1635;Dans le cadre de l'intermédiation de biens divers, lorsque l'AMF constate que l'opération n'est plus conforme au document d'information, elle peut :;Ordonner que soit mis fin à tout démarchage;nouvelle;;
9;75;7;7.9;C;1610;Les intermédiaires en biens divers :;Doivent fournir les informations utiles sur l'opération proposée préalablement à toute communication à caractère promotionnel ou à tout démarchage;nouvelle;;
9;76;7;7.10;C;1672;Un émetteur qui souhaite lever des fonds grâce à une Initial Coin Offering (ICO) doit-il demander un VISA à l'AMF pour ce faire ?;Non, ce VISA est optionnel;nouvelle;Réponse dépassée;Régime français des ICO (loi PACTE, visa AMF optionnel) remplacé par le règlement européen MiCA (applicable depuis le 30/12/2024) : pour une offre au public de crypto-actifs, un livre blanc est obligatoire et notifié à l'autorité. Réponse de la base : visa optionnel.
9;77;7;7.10;C;2562;Quelle est la caractéristique qui rend l'usage des actifs numériques attractif pour les opérations frauduleuses ?;Ils permettent des transactions sous pseudonyme ou sous anonymat;nouvelle;;
9;78;8;8.1;C;1957;Le middle-office d'une société de gestion de portefeuille doit, entre autres, assurer la fonction de :;Suivi des positions des portefeuilles des OPC;nouvelle;;
9;79;8;8.2.1;C;1761;Sous quelles formes sociales une SICAV peut-elle être constituée ?;Société anonyme (SA) ou société par actions simplifiée (SAS);nouvelle;;
9;80;8;8.2.2;C;1775;Lorsque le risque d'un OPCVM est élevé, l'horizon de placement recommandé pour l'investissement dans cet OPCVM est :;Long (plusieurs années);nouvelle;;
9;81;8;8.2.2;C;1763;Dans le cadre de la gestion d'un OPC, la société de gestion doit pouvoir mesurer le niveau de risque général, les risques de chaque position et le niveau des engagements :;A tout moment;nouvelle;;
9;82;8;8.4;C;1811;Le remplacement du prospectus simplifié par le document clé pour l'investisseur (DICI) découle :;De la directive UCITS IV;nouvelle;Contexte;Le DICI (UCITS IV, 2009) a lui-même été remplacé par le DIC PRIIPs pour les investisseurs de détail depuis le 1er janvier 2023.
9;83;8;8.4;C;1804;Les textes régissant la gestion collective émanent, entre autres :;Du Règlement général de l'AMF;nouvelle;;
9;84;8;8.5;C;1950;Qui donne l'agrément pour qu'un fonds français dont le gestionnaire est européen devienne un FEILT (Fonds Européen d'Investissement de Long Terme) ?;L'AMF (Autorité des Marchés Financiers);nouvelle;;
9;85;8;8.5;C;1852;Réglementairement, les Fonds professionnels à vocation générale sont classés parmi :;Les Fonds d'Investissement Alternatifs (FIA);nouvelle;;
9;86;8;8.5;C;1986;Pour un fonds nourricier, laquelle de ces propositions est juste ?;"L'actif est investi en totalité et en permanence en parts ou actions d'un seul OPCVM, dit ""maître"" , à titre accessoire en dépôts détenus dans la limite des besoins de la gestion des flux";nouvelle;;
9;87;8;8.6;C;1989;Comment se définit la gestion diversifiée ?;C'est un mix entre actions, obligations et autres produits financiers;nouvelle;;
9;88;8;8.7;C;2507;Quelle autorité est chargée de la mission spécifique de veiller à la qualité de l'information fournie par les sociétés de gestion sur leur stratégie d'investissement et leur gestion des risques liés aux effets du changement climatique ?;L'Autorité des Marchés Financiers (AMF);nouvelle;;
9;89;8;8.7;C;2750;Les fonds ISR :;Font l'objet en toutes circonstances d'un DICI, comme n'importe quel autre fonds commercialisé auprès du grand public;nouvelle;;
9;90;8;8.7;C;2523;Concernant la gestion ISR, qu'appelle t-on l'approche thématique ?;Celle consistant à investir dans des entreprises présentes dans les secteurs d'activité liés au développement durable (changement climatique, énergies renouvelables, eau, etc);nouvelle;;
9;91;8;8.7;C;1932;Un FCP ISR (Investissement Socialement Responsable) :;Doit obligatoirement préciser dans un document les critères de sélection utilisés dans l'analyse des considérations sociales environnementales et éthiques;nouvelle;;
9;92;8;8.7;C;2011;Le label Greenfin peut être attribué :;A une large palette de fonds français et originaires de pays tiers;nouvelle;;
9;93;8;8.7;C;2479;Parmi ces trois stratégies d'investissement d'un OPC, laquelle correspond à une approche ISR / ESG ?;Best in Universe;nouvelle;;
9;94;8;8.7;C;1935;Qu'est-ce que la notation extra financière ?;Une évaluation d'entreprise intégrant des aspects environnementaux, sociaux et de gouvernement d'entreprise;nouvelle;;
9;95;8;8.7;C;1991;Quelle est la démarche d'un gérant d'OPC pratiquant un engagement actionnarial ?;L'exercice actif des droits de vote en assemblées générales;nouvelle;;
9;96;8;8.7;C;2460;Parmi les affirmations suivantes, laquelle explique le mieux la typologie de l'ISR ?;L'ISR rajoute aux critères d'analyse financière traditionnelle des critères extra-financiers;nouvelle;;
9;97;8;8.7;C;1998;L'engagement actionnarial;Désigne le fait, pour un investisseur, de prendre position sur des enjeux ESG (Environnement, Social, Gouvernance) et d'influencer les entreprises visées afin qu'elles améliorent leurs pratiques dans la durée;nouvelle;;
9;98;8;8.7;C;1928;Le Label Investissement Socialement Responsable est attribué :;Aux fonds investissant dans des entreprises aux pratiques responsables en matière environnementale, sociale et de gouvernance;nouvelle;;
9;99;8;8.7;C;2483;Les critères ESG permettent d'évaluer :;La prise en compte des problématiques de développement durable par l'entreprise;nouvelle;;
9;100;8;8.7;C;1990;Pour un OPC, quelle forme peut prendre une stratégie d'investissement socialement responsable (ISR) ?;L'exclusion de secteurs comme l'armement;nouvelle;;
9;101;8;8.7;C;2472;Les agences de notation traditionnelles évaluent la solvabilité d'un agent économique. La notation extra-financière se concentre sur :;Des critères autres qu'économiques pour évaluer les comportements environnementaux ou sociaux des entreprises;nouvelle;;
9;102;8;8.7;C;2535;La finance solidaire :;Finance généralement des activités ayant une utilité sociale (lutte contre l'exclusion, cohésion sociale ou de développement durable);nouvelle;;
9;103;9;9.1;C;2635;Le FOREX est :;Un marché de devises;nouvelle;;
9;104;9;9.1;C;2110;La Directive MIF 2 interdit les négociations régulières des actions sur :;Un marché de gré à gré;nouvelle;;
9;105;9;9.2;A;2075;A partir de quelle heure se déroule la séance de cotation en continu du marché Euronext Paris :;9h;nouvelle;;
9;106;9;9.2;A;2166;"L'ordre ""au marché"" permet :";D'acheter ou de vendre sans limite de prix;nouvelle;;
9;107;9;9.3;C;2151;Quelle règle s'applique en matière de transparence prénégociation pour les marchés réglementés et les SMN ?;Ils doivent publier le nombre d'ordres et d'actions correspondant aux cinq meilleures offres et aux cinq meilleures demandes;nouvelle;;
9;108;9;9.4;C;2194;Que peut-on dire sur le développement de la liquidité des marchés ?;Il existe des contrats d'animation de marché;nouvelle;;
9;109;9;9.5;C;2211;Parmi les prestataires de services de communication de données suivant, lequel correspond à un APA, Approved Publication Arrangement (dispositif de déclaration agréé) ?;Un prestataire qui publie les transactions réalisées par des entreprises d 'investissement en dehors des plateformes de négociation;nouvelle;;
9;110;10;10.1;C;2250;SWIFT offre un canal de communication bancaire simple à ses adhérents. Comment ses adhérents sont-ils identifiés au sein du réseau ?;Ils sont identifiés au sein du réseau par leur code BIC (Bank Identifier Code);nouvelle;;
9;111;10;10.1;C;2253;Lorsque des titres financiers sont détenus au nominatif, l'actionnaire est identifié par la société émettrice et peut gérer les titres selon deux modalités. Quelles sont-elles ?;Le nominatif pur et le nominatif administré;nouvelle;;
9;112;10;10.2;C;2719;Les produits dérivés :;Doivent faire l'objet d'une déclaration, qu'ils soient négociés de gré à gré ou sur des plateformes;nouvelle;;
9;113;11;11.1;C;2262;Comment est appelé le marché sur lequel sont effectuées les augmentations de capital et les émissions d'obligations ?;Marché primaire;nouvelle;;
9;114;11;11.2;C;2752;L'émission de titres financiers à l'occasion d'une introduction en bourse ou d'une augmentation de capital se fait sur un marché :;Primaire;nouvelle;;
9;115;12;12.1;C;2444;Parmi les Soldes Intermédiaires de Gestion déterminés d 'après le compte de résultat de l 'entreprise, lequel est égal à la Valeur Ajoutée moins le montant des charges de personnel, les impôts et les taxes de l 'entreprise ?;L'Excédent Brut d 'Exploitation (EBE);nouvelle;;
9;116;12;12.1;C;2311;Dans la comptabilité d'une société, le passif représente :;L'ensemble des ressources de l'entreprise, principalement : les capitaux propres, les dettes d'exploitation ou bancaires;nouvelle;;
9;117;12;12.2;C;2619;Le document d’enregistrement universel (« DEU ») des sociétés cotées est un document d'information financière :;Facultatif;nouvelle;;
9;118;12;12.3;C;2407;Les gains nets réalisés dans le cadre d'un PEA sont :;En cas de rachat ou de retrait après 5 ans : totalement exonérés d'impôt sur le revenu mais soumis aux prélèvements sociaux, quel que soit le montant des cessions réalisées au cours de l'année considérée;nouvelle;;
9;119;12;12.3;C;2408;Les droits de succession et de donation sont calculés :;Sur la part nette (après déduction des dettes) du patrimoine revenant à chaque bénéficiaire après abattements;nouvelle;;
9;120;12;12.4;C;2385;Les produits de titre à revenu fixe perçus par une société anonyme sont :;Soumis à l'impôt sur les sociétés;nouvelle;;
10;1;1;1.1;C;311;Quel est le comité en charge d 'étudier les questions liées aux relations entre les établissements financiers et leurs clientèles et de préconiser des mesures appropriées ?;Le Comité Consultatif du Secteur Financier (CCSF);nouvelle;;
10;2;1;1.1;C;18;Quel est le rôle du HCSF (Haut Conseil de Stabilité Financière) ?;Formuler des avis ou recommandations pour prévenir les risques systémiques;nouvelle;;
10;3;1;1.2.1;C;49;Quels sont les états concernés par l'Union Bancaire ?;"Les États de la zone euro et les États de l'UE ayant établi une ""coopération rapprochée""";nouvelle;;
10;4;1;1.2.1;C;36;Un établissement de crédit français désirant exercer librement sa prestation de service d'investissements dans l'Union européenne doit obtenir :;Un passeport européen auprès de l'ACPR;nouvelle;;
10;5;1;1.2.2;C;66;Quel est la mission principale du Comité de Bâle ?;Renforcer la solidité du système financier mondial,l'efficacité du contrôle prudentiel et la coopération entre régulateurs;nouvelle;;
10;6;1;1.3;C;103;Tous les établissements de crédit sont tenus d'adhérer à un organisme professionnel ou à un organe central lui-même affilié à :;L'Association française des établissements de crédit et des entreprises d'investissement;nouvelle;;
10;7;1;1.3;C;86;Les conseillers en investissements financiers sont les personnes exerçant à titre de profession habituelle les activités :;De conseil en investissement et de réception/transmission d'ordres;nouvelle;;
10;8;1;1.3;C;84;Quelle est la condition préalable pour qu'un CIF (Conseiller en Investissements Financiers) puisse formuler un conseil ?;Faire signer une lettre de mission à son client;nouvelle;;
10;9;1;1.5.1;C;161;Quel indicateur permet de mesurer la croissance économique d'un pays ?;Son PIB;nouvelle;;
10;10;1;1.5.1;C;152;Quel est le rôle de la BCE (Banque Centrale Européenne) ?;Définir et mettre en œuvre la politique monétaire de la zone Euro;nouvelle;;
10;11;1;1.5.2;C;194;L'indicateur économique qui correspond à la différence entre la valeur des biens exportés et celle des biens importés s'appelle :;La balance commerciale;nouvelle;;
10;12;1;1.5.2;C;198;Qu'est-ce que le PIB (Produit intérieur brut) ?;C'est un indicateur économique qui permet de mesurer la production de la richesse produite, en une année, par les acteurs économiques résidant à l'intérieur d'un pays;nouvelle;;
10;13;1;1.8;C;251;Un prestataire de services d'investissement qui n'exerce pas à titre principal l'activité de gestion pour compte de tiers, doit obtenir :;Un agrément de l'ACPR et faire agréer son programme d'activité par l'AMF;nouvelle;;
10;14;1;1.8;C;242;Quelle déclaration concernant des Systèmes Multilatéraux de Négociation (SMNs) est correcte ?;SMNs organisent des transactions pour les titres qu'ils ont eux-mêmes admis à la négociation et aussi pour les titres admis sur des marchés réglementés;nouvelle;;
10;15;2;2.1;A;359;Parmi les propositions suivantes, quelles sont celles qui relèvent des règles de bonne conduite que doit avoir un prestataire de services d'investissement (PSI) ?;Le PSI doit, d'une part, agir de manière honnête, loyale et professionnelle pour servir au mieux l'intérêt des clients, et, d'autre part, favoriser l'intégrité du marché;nouvelle;;
10;16;2;2.1;A;345;Pour obtenir sa carte professionnelle, le RCCI (Responsable de la Conformité et du Contrôle Interne) doit :;Passer un examen organisé par l'AMF (Autorité des Marchés Financiers);nouvelle;;
10;17;2;2.2;A;363;Quelle est la conséquence pour un collaborateur qui signale un dysfonctionnement en utilisant, de bonne foi, la procédure d'alerte éthique existant au sein de sa société ?;Il est protégé et ne fera pas l'objet de mesures discriminatoires, notamment en matière de licenciement, de rémunération ou de formation;nouvelle;;
10;18;2;2.2;A;447;"Qu'appelle-t-on ""liste d'interdiction"" ?";Une liste répertoriant les émetteurs ou les instruments financiers pour lesquels le PSI doit restreindre son activité;nouvelle;;
10;19;2;2.3;A;418;La saisine du médiateur de l'Autorité des Marchés Financiers est :;Reçue de tout intéressé dont les réclamations entrent par leur objet dans sa compétence sous réserve qu'aucune procédure judiciaire n'ait été engagée;nouvelle;;
10;20;2;2.3;A;423;A partir de quand, le client d'un PSI peut-il saisir le médiateur de l'AMF ?;Après une première démarche écrite auprès du PSI, mais qui s'avère insatisfaisante;nouvelle;;
10;21;3;3;A;499;En matière de lutte anti-blanchiment, que doit faire le prestataire de services d'investissement (PSI) s'il n'est pas en mesure d'identifier son client ou d'obtenir des informations sur l'objet et la nature de la relation d'affaires ?;Le prestataire de services d'investissement n'exécute aucune opération, quelles qu'en soient les modalités, et n'entame aucune relation d'affaires avec ce client. Si la relation a déjà été établie, en raison du risque de blanchiment jugé faible, le prestataire doit y mettre un terme;nouvelle;;
10;22;3;3;A;500;L'identification du client et la vérification de son identité :;Sont des obligations prévues par la loi lors de l'entrée en relation, qui peuvent également s'accompagner de la vérification du bénéficiaire effectif de la relation;nouvelle;;
10;23;3;3;A;511;Constitue le délit de blanchiment de capitaux le fait d'apporter son concours à une opération de placement, de dissimulation ou de conversion du produit direct ou indirect :;D'un crime ou d'un délit;nouvelle;;
10;24;4;4;A;572;Quelle proposition, parmi les suivantes, est une manipulation de marché?;La diffusion de fausses informations;nouvelle;;
10;25;4;4;A;576;L'opération d'arbitrage qui consiste à tirer profit d'un écart entre la valeur comptable d'un fonds et sa valeur de marché est dénommée :;"Du ""market timing""";nouvelle;;
10;26;5;5.1;A;604;Le fait de se rendre physiquement au domicile des personnes constitue un acte de démarchage :;Quelle que soit la personne à l'initiative de la démarche;nouvelle;;
10;27;5;5.1;A;2622;Une entreprise peut recourir au démarchage téléphonique :;Aux jours et horaires et selon la fréquence déterminée par décret;nouvelle;;
10;28;5;5.1;A;584;Quels sont les produits pour lesquels le démarchage est interdit ?;Les produits dont le risque maximum n'est pas connu au moment de la souscription;nouvelle;;
10;29;5;5.1;A;610;Dans le cadre de MIF 2, qui définit les canaux de distribution du produit ?;Le producteur;nouvelle;;
10;30;5;5.2;C;697;Quels sont les frais d'un OPC, non prélevés sur la valeur liquidative et payés directement par l'investisseur ?;Les frais de souscription et de rachat;nouvelle;;
10;31;5;5.2;C;664;Dans le cadre de la remise d'un support d'information aux clients, certaines des informations ci-dessous doivent être présentes lesquelles ?;Les coûts et frais liés à la souscription;nouvelle;;
10;32;6;6.1.1;A;949;Que doit faire le PSI lorsque le client lui communique des informations sur ses propres connaissances et expériences dans le cadre du test d'adéquation ?;Ne pas se fier indûment à l'auto-évaluation réalisée par le client;nouvelle;;
10;33;6;6.1.1;A;771;Les PSI (Prestataires de Services d'Investissement) doivent classer leurs clients en trois catégories : les clients non professionnels, les clients professionnels et les contreparties éligibles. Un client peut demander à :;Changer de catégorie;nouvelle;;
10;34;6;6.1.1;A;1159;Dans quel cas le conseiller en investissements financiers manque-t-il à ses obligations de recueil d'informations ?;Lorsqu'il n'a pas pris de mesures pour garantir la cohérence des informations communiquées par le client;nouvelle;;
10;35;6;6.1.1;A;782;Au sens de la directive européenne MIF, un client non professionnel peut être classé professionnel :;A sa demande et après évaluation du PSI, basée notamment sur des critères définis réglementairement;nouvelle;;
10;36;6;6.1.1;A;785;Quelle règle s'applique sur les diligences menées par les PSI en matière de recueil d'informations sur son client ?;Elles doivent être traçables et contrôlables par l'AMF;nouvelle;;
10;37;6;6.1.2;C;1147;Pendant combien de temps les prestataires de services d'investissements, autres que les sociétés de gestion de portefeuille, doivent-ils conserver, en principe, les enregistrements de tout service qu'ils fournissent et de toute transaction qu'ils effectuent?;Cinq ans;nouvelle;;
10;38;6;6.1.2;C;815;En cas de non-respect de la loi Informatique et Liberté, la CNIL :;Peut infliger une sanction financière dès le premier manquement;nouvelle;;
10;39;6;6.2;A;898;La société de gestion de portefeuille d'OPCVM doit-elle informer l'investisseur de l'état de l'exécution de son ordre ?;Oui, à sa demande;nouvelle;;
10;40;6;6.2;A;1157;Que peut-on dire de la Politique d'exécution d'un PSI autre qu'une SGP ?;Le client doit donner son accord préalable à cette politique d'exécution;nouvelle;;
10;41;6;6.2;A;893;La politique de gestion des conflits d'intérêt varie en fonction de :;La nature de l'activité du prestataire de service;nouvelle;;
10;42;6;6.2;A;909;Lorsqu'un ordre de bourse est exécuté en plusieurs fois dans une même journée, le PSI informe le client non professionnel :;Soit du prix de chaque tranche, soit du prix moyen d'exécution;nouvelle;;
10;43;6;6.2;A;1607;Que suppose pour un CIF la notion de conseil indépendant ?;L'obligation de proposer un choix assez vaste d'instruments financiers;nouvelle;;
10;44;6;6.3;A;2658;Le PSI doit indiquer au client si le conseil en investissement est fourni de manière indépendante :;Avant la fourniture du service;nouvelle;;
10;45;6;6.3;A;943;Lorsqu'un nouveau conseiller qui devra informer et conseiller les clients en vue de transactions sur instruments financiers est recruté par un PSI, la vérification des connaissances minimales de l'AMF doit avoir lieu au plus tard :;6 mois après le recrutement;nouvelle;;
10;46;6;6.3;A;955;En vue de fournir un service autre que le conseil en investissement ou la gestion de portefeuille pour le compte de tiers, le Prestataire de Services d'Investissement doit s'enquérir auprès de son client notamment potentiel, de ses connaissance et expérience en matière d'investissement. Dans quel but ?;Pour déterminer si le service ou le produit proposé est approprié au profil investisseur du client;nouvelle;;
10;47;6;6.4;A;973;Dans le cadre de l'exécution des ordres pour le compte de clients non professionnels, le meilleur résultat possible est déterminé :;Sur la base du coût total incluant toutes les dépenses liées à l'exécution de l'ordre;nouvelle;;
10;48;6;6.4;A;972;Dès qu'un prestataire gérant un OPCVM a connaissance de l'exécution d'un ordre, il transmet au dépositaire de l'OPCVM l'affectation précise des bénéficiaires de cette exécution;Cette affectation est définitive;nouvelle;;
10;49;6;6.4;A;858;Lorsqu'un Prestataire de Services d'Investissement transmet à un autre prestataire des ordres pour exécution :;Le Prestataire de Services d'Investissement est tenu de sélectionner, dans le cadre de sa politique de meilleure sélection, pour chaque classe d'instruments financiers, les prestataires auxquels seront transmis les ordres pour exécution;nouvelle;;
10;50;6;6.5;C;1135;Dans la gestion d'un FIA, quels frais parmi les suivants, peuvent être des frais de transaction ?;Les frais d'intermédiation pour la réception et transmission d'ordres;nouvelle;;
10;51;6;6.5;C;1023;Lorsque le document d'information clé pour l'investisseur mentionne la présence de commissions de surperformance, celles-ci :;Rémunèrent la société de gestion lorsque le fonds a dépassé les objectifs de performance;nouvelle;;
10;52;6;6.6;C;1052;Un mandat sans acceptation du mandataire est-il valable ?;Il n'est jamais valable;nouvelle;;
10;53;6;6.7;C;1197;La procédure collective arrêtée par décision de justice qui a pour objectif de permettre à une entreprise en cessation des paiements de se réorganiser pour continuer son activité autant que possible est appelée :;La procédure de redressement judiciaire;nouvelle;;
10;54;6;6.8;C;1075;Les PSI se livrant à des pratiques anti-concurrentielles, comme les ententes sur les prix, encourent :;Des peines d'emprisonnement et des amendes;nouvelle;;
10;55;6;6.8;C;1093;Les PSI détenant des instruments financiers appartenant aux clients :;Doivent assurer la séparation de ces instruments par rapport aux leurs au moyen de registres et comptes séparés;nouvelle;;
10;56;6;6.9;C;1110;S'agissant des Contracts For Differences (CFD), l'AMF :;Restreint la commercialisation des CFD aux clients non professionnels aux contrats présentant des limites à l'effet de levier;nouvelle;;
10;57;7;7.1;C;1224;Le risque de marché est le risque :;D'une évolution défavorable des marchés financiers;nouvelle;;
10;58;7;7.1;C;1207;Comment se définit le risque opérationnel ?;Le risque lié aux processus et systèmes, aux personnes ou aux événements externes;nouvelle;;
10;59;7;7.1;C;1230;lequel de ces instruments financiers n'est pas un titre financier ?;Un CFD;nouvelle;;
10;60;7;7.2;C;1303;Les actions sont négociables :;Dès l'immatriculation de la société au registre du commerce et des sociétés;nouvelle;;
10;61;7;7.2;C;1307;Les bénéfices réalisés par une société peuvent être distribués aux actionnaires sous forme :;De dividende en espèces ou de dividende en actions;nouvelle;;
10;62;7;7.2;C;1306;Les bénéfices non distribués deviennent :;Des réserves;nouvelle;;
10;63;7;7.3;C;1400;A quoi correspond le coupon couru d'une obligation ?;Au prorata d'intérêt depuis le dernier paiement de coupon;nouvelle;;
10;64;7;7.3;C;1376;Les obligations assimilables du Trésor (OAT) :;Sont des obligations émises par l'Etat;nouvelle;;
10;65;7;7.3;C;1349;Une OATi est une :;Obligation assimilable du Trésor indexée sur l'inflation;nouvelle;;
10;66;7;7.4;C;1406;Le marché monétaire comporte deux compartiments qui sont :;Le marché interbancaire et le marché des titres négociables;nouvelle;;
10;67;7;7.4;C;2727;Sur le marché interbancaire, une banque :;Peut être prêteuse et émetteuse;nouvelle;;
10;68;7;7.5;C;1462;Les titres subordonnés :;Sont des titres représentatifs d'une dette mais qui peuvent être néanmoins assimilés à des fonds propres;nouvelle;;
10;69;7;7.6;C;1486;Quelle est la durée minimale de blocage des sommes déposées sur un compte à terme ?;Un mois;nouvelle;;
10;70;7;7.6;C;1506;La rémunération par un établissement de crédit d'un compte à terme est :;Libre;nouvelle;;
10;71;7;7.7;C;1533;Concernant la négociation d'un future, quelle affirmation est juste ?;L'acheteur et le vendeur sont irrémédiablement engagés et ne peuvent se dédire;nouvelle;;
10;72;7;7.8;C;1576;La souscription et ou le rachat des parts d'un OPCVM;Peut donner lieu à des commissions de rachats ou commissions de souscription;nouvelle;;
10;73;7;7.8;C;1599;"Parmi les OPC suivants, lequel n'a pas besoin d'un agrément ""a priori"" de l'AMF ?";Les fonds de capital investissement ouverts à des investisseurs professionnels;nouvelle;;
10;74;7;7.9;C;1621;En matière d'intermédiation en biens divers, auprès de quelle autorité doit être déposé le document destiné à donner toute information utile au public sur l'opération proposée, sur la personne qui en a pris l'initiative et sur le gestionnaire ?;L'AMF;nouvelle;;
10;75;7;7.9;C;1617;En matière de biens divers, auprès de quelle autorité sont déposés les projets de documents d'information ?;L'AMF;nouvelle;;
10;76;7;7.10;C;1683;En France, les ICO peuvent faire l'objet d'un démarchage auprès du public :;Uniquement pour les offres au public de jetons ayant reçu le visa de l'AMF;nouvelle;Réponse dépassée;Régime français des ICO (loi PACTE, visa AMF optionnel) remplacé par le règlement européen MiCA (applicable depuis le 30/12/2024) : pour une offre au public de crypto-actifs, un livre blanc est obligatoire et notifié à l'autorité. Réponse de la base : visa optionnel.
10;77;7;7.10;C;1671;En cas de défaut de la plateforme sur laquelle un épargnant a stocké ses crypto-monnaies, le FGDR (fonds de garantie des dépôts et de résolution) :;Ne couvre pas les pertes de l'épargnant;nouvelle;;
10;78;8;8.1;C;1955;Sauf mention spécifique contraire, dans le cadre de son activité de gestion pour compte de tiers, une société de gestion a une obligation :;De moyens;nouvelle;;
10;79;8;8.2.1;C;1762;A propos des OPC, quelle affirmation est juste ?;Ils offrent aux investisseurs une gestion réalisée par des professionnels permettant une diversification des placements;nouvelle;;
10;80;8;8.2.2;C;1966;Dans quel cas un investissement dans un actif est-il considéré comme risqué ?;Un titre dont la volatilité est élevée;nouvelle;;
10;81;8;8.2.2;C;1962;Quelle la bonne définition de l'actif sans risque ?;Un titre dont les revenus sont certains et dont l'écart-type ou amplitude des variations = 0;nouvelle;;
10;82;8;8.4;C;1802;Suite au règlement européen MMF :;La dénomination de fonds monétaire est dorénavant réservée aux fonds ayant reçu un agrément spécifique en tant que tel;nouvelle;;
10;83;8;8.4;C;1791;Selon quelle fréquence les sociétés de gestion de FIA doivent-elles réaliser des simulations de crise dans des conditions normales et exceptionnelles de liquidité ?;De manière régulière et au moins une fois par an;nouvelle;;
10;84;8;8.5;C;2020;Un Fonds de placement Immobilier est un Organisme de Placement Collectif en immobilier qui doit être investi en immobilier à hauteur minimum :;De 60%;nouvelle;;
10;85;8;8.5;C;1842;Quelle règle d'investissement s'applique à un fonds européen d'investissement à long terme (ELTIF) peut-il investir ?;Il doit investir au moins 70% dans des entreprises non cotées ou ayant une capitalisation boursière < 500 millions €;nouvelle;;
10;86;8;8.5;C;1981;Les sommes investies dans les SEF (Sociétés d'Epargne Forestière) bénéficient d'une réduction d'impôts immédiate :;Après un engagement de l'investisseur sur durée de placement de 8 ans;nouvelle;;
10;87;8;8.6;C;1876;Que désigne la gestion indicielle ?;Une technique de gestion qui consiste à obtenir la performance la plus proche possible de celle d'un indice;nouvelle;;
10;88;8;8.7;C;2518;Que permettent les obligations vertes ?;De financer les projets contribuant à la transition écologique;nouvelle;;
10;89;8;8.7;C;1896;"Dans le cadre de la gestion socialement responsable, le gérant d'un fonds ""Best in class"" :";Pourrait conserver dans son portefeuille une entreprise d'un secteur polluant;nouvelle;;
10;90;8;8.7;C;2531;"Dans le cadre d'une gestion ISR (investissement socialement responsable), il est possible d'adopter une approche ""best-in-class"" . Elle consiste à :";Sélectionner les meilleures entreprises d'un point de vue extra-financier, pour chaque secteur d'activité;nouvelle;;
10;91;8;8.7;C;1887;Qu'est-ce que les critères de type ESG en matière d'investissement socialement responsable (ISR) ?;Il s'agit de critères extra-financiers : Environnementaux, Sociaux et de Gouvernance;nouvelle;;
10;92;8;8.7;C;2500;Selon la loi Pacte, une entreprise industrielle doit mettre en œuvre une démarche :;RSE;nouvelle;;
10;93;8;8.7;C;2010;Le label Greenfin garantit aux investisseurs que :;Les produits financiers labélisés contribuent effectivement au financement de la transition énergétique et écologique;nouvelle;;
10;94;8;8.7;C;2454;Qu'est-ce que l'approche Best Effort ?;On retient les émetteurs ayant montré les meilleurs dynamiques de progrès sur la base de critères RSE;nouvelle;;
10;95;8;8.7;C;2008;Qu'est-ce que le label Finansol ?;Il vise à distinguer les produits d'épargne solidaire des autres produits d'épargne;nouvelle;;
10;96;8;8.7;C;2016;Quel est l'objectif du plan d'action européen pour la finance durable ?;Donner un nouveau cadre financier à l'Europe pour une économie plus verte;nouvelle;;
10;97;8;8.7;C;2491;Le label ISR d'un fonds d'investissement est accordé par un organisme de certification habilité :;Pour une durée de trois ans renouvelable;nouvelle;;
10;98;8;8.7;C;2032;Dans le cadre de l 'investissement socialement responsable, quel fonds parmi les suivants correspond à un fonds d 'exclusion ?;Un fonds qui n 'investit pas dans certains secteurs jugés risqués en matière environnementale ou sociale (OGM, nucléaire, armement, jeu, tabac…);nouvelle;;
10;99;8;8.7;C;2533;"Le ""Greenfin"" est un label :";Créé par la France pour identifier les investissements ISR;nouvelle;;
10;100;8;8.7;C;2450;Dans lequel de ces trois piliers du développement durable, la santé peut-elle être classée ?;Social;nouvelle;;
10;101;8;8.7;C;1926;Le label GreenFin;A pour objectif de mobiliser une partie de l'épargne au bénéfice de la transition énergétique et écologique;nouvelle;;
10;102;8;8.7;C;2610;Les distributeurs de produits ayant des caractéristiques environnementales ou sociales ou ayant le caractère d'investissements durables doivent prévoir une information :;Au niveau de l'entité et au niveau du produit commercialisé;nouvelle;;
10;103;9;9.1;C;2040;Un internalisateur systématique est un prestataire de services d'investissement qui, de façon organisée, fréquente et systématique, négocie pour compte propre en exécutant les ordres de ses clients :;En dehors d'un marché réglementé;nouvelle;;
10;104;9;9.1;C;2177;Le marché des matières premières est un marché qui :;Permet notamment de se couvrir contres des risques d'évolutions défavorables des cours des matières premières;nouvelle;;
10;105;9;9.2;A;2186;Sur le marché français, les OAT aux particuliers :;Ont en permanence un cours représentatif de l'offre et de la demande;nouvelle;;
10;106;9;9.2;A;2130;Lequel de ces ordres de bourse est prioritaire sur les autres ?;L'ordre au marché;nouvelle;;
10;107;9;9.3;C;2122;Euronext doit publier :;Immédiatement le volume et le prix attachés à tous les ordres introduits dans le carnet d'ordres central;nouvelle;;
10;108;9;9.4;C;2094;Un animateur de marché est une entreprise, généralement une banque d'investissement, ou une personne qui, sur un marché donné :;Transmet, en continu, des prix à l'achat et à la vente, soit à sa clientèle, soit à l'ensemble du marché;nouvelle;;
10;109;9;9.5;C;2757;L'entité qui assure pour le compte d’entreprises d’investissement la publication de leurs transactions correspond au :;Dispositif de publication agréé;nouvelle;;
10;110;10;10.1;C;2256;Dans la liste ci-dessous, qui est un des acteurs du post-marché ?;Le dépositaire central;nouvelle;;
10;111;10;10.1;C;2258;Le dépositaire d'un Organisme de Placement Collectif (OPC) assure :;Le contrôle de la régularité des décisions de gestion et la conservation des actifs de l 'OPC;nouvelle;;
10;112;10;10.2;C;2157;à quels instruments financiers le règlement européen EMIR (European market and infrastructure regulation) s'applique-t-il ?;A tous les dérivés de gré à gré;nouvelle;;
10;113;11;11.1;C;2301;"La technique de l'adjudication ""au prix demandé"" est dite :";A la hollandaise;nouvelle;;
10;114;11;11.2;C;2290;Dans le cadre d'une introduction sur Euronext Paris, quel pourcentage de capital la société doit-elle au minimum diffuser ?;Au minimum 25 % de son capital ou 5 % si cela représente au moins 5 millions d'euros;nouvelle;;
10;115;12;12.1;C;2309;A partir de quel document sont calculés les SIG - Soldes intermédiaires de gestion ?;Du compte de résultat;nouvelle;;
10;116;12;12.1;C;2331;Dans le bilan d'une société, le passif représente :;L'ensemble des ressources (capitaux propres et dettes);nouvelle;;
10;117;12;12.2;C;2343;Parmi les informations périodiques indiquées ci-dessous, quelle est celle qui doit être publiée et déposée auprès de l'AMF par les émetteurs français dont les titres sont admis sur un marché réglementé ?;Un rapport financier annuel dans les quatre mois qui suivent la clôture de l'exercice;nouvelle;;
10;118;12;12.3;C;2356;Dans le cadre du Plan d'Épargne en Actions (PEA), l'exonération d'impôt sur le revenu n'est acquise que si le PEA est détenu pendant au moins :;5 ans;nouvelle;;
10;119;12;12.3;C;2400;Le taux de la TTF (Taxe sur les Transactions Financières) sur l'acquisition d'actions françaises cotées a été modifié au 1er janvier 2017 pour atteindre un taux de :;0,3% de la valeur de la transaction concernée;nouvelle;Réponse dépassée;Taux de la TTF : 0,3 % depuis 2017 (réponse de la base), porté à 0,4 % à compter du 1er avril 2025 (loi de finances 2025). Si les choix sont 0,3 / 0,5 / 0,2 %, la base attend 0,3 %.
10;120;12;12.4;C;2417;L'IS (Impôt sur les Sociétés) s'applique :;Aux bénéfices réalisés par l'entreprise;nouvelle;;
11;1;1;1.1;C;28;Parmi les propositions suivantes, quelle est l'activité sur laquelle l'AMF veille au respect des obligations professionnelles ?;Le conseil en investissements financiers;nouvelle;;
11;2;1;1.1;C;19;Quel organisme décide des dispositifs de résolution applicables aux banques défaillantes ?;L'ACPR (Autorité de Contrôle Prudentiel et de Résolution);nouvelle;;
11;3;1;1.2.1;C;287;"Dans le cadre du MSU (Mécanisme de Surveillance Unique), qui décide qu'un établissement bancaire est ""significatif"" ?";La BCE (Banque Centrale Européenne);nouvelle;;
11;4;1;1.2.1;C;58;Comment fonctionne le Système Européen de Surveillance Financière (SESF) ?;Ce dispositif est organisé en réseau autour des trois Autorités Européennes de Surveillance (AES), des autorités nationales de surveillance et du Conseil Européen du Risque Systémique (CERS);nouvelle;;
11;5;1;1.2.2;C;75;Parmi les affirmations suivantes relatives à l'OICV (Organisation Internationale des Commissions de Valeurs), laquelle est correcte?;Son principal objectif est d'établir des standards internationaux permettant notamment de renforcer l'efficacité et la transparence des marchés de valeurs mobilières;nouvelle;;
11;6;1;1.3;C;2633;Pour fournir des services d'investissement, les entreprises d'investissement et les établissements de crédit doivent obtenir un agrément délivré par :;L'ACPR;nouvelle;;
11;7;1;1.3;C;105;Tout conseiller en investissements financiers :;A l'obligation d'adhérer à une association professionnelle agréée par l'Autorité des Marchés Financiers (AMF);nouvelle;;
11;8;1;1.3;C;114;Les PSI (Prestataires de Services d'Investissement) sont des entreprises qui exercent leur activité :;Avec un agrément, quel que soit leur nombre de salariés;nouvelle;;
11;9;1;1.5.1;C;133;La Banque Centrale Européenne (BCE) a comme objectif principal de :;Maintenir la stabilité des prix dans les pays membres de la zone euro;nouvelle;;
11;10;1;1.5.1;C;297;Quel mécanisme de surveillance peut permettre de prévenir un risque systémique ?;La mise en place d'un système de règles prudentielles, obligatoire pour les établissements financiers;nouvelle;;
11;11;1;1.5.2;C;185;Quel indicateur économique permet de comparer les niveaux de vie à l'échelle internationale ?;Le produit intérieur brut (PIB) par habitant;nouvelle;;
11;12;1;1.5.2;C;204;Quel indicateur permet de mesurer la croissance d'un Etat ?;La variation du PIB d'une année sur l'autre;nouvelle;;
11;13;1;1.8;C;248;Quels PSI doivent obtenir l'agrément de l'AMF pour exercer leur activité ?;Les sociétés de gestion de portefeuille pour compte de tiers;nouvelle;;
11;14;1;1.8;C;275;Que doit présenter, entres autres exigences, une société de gestion de portefeuille pour obtenir l'agrément de l'Autorité des Marchés Financiers ?;Un programme d'activité pour chacun des services qu'elle entend exercer;nouvelle;;
11;15;2;2.1;A;456;Quel est le rôle principal de la fonction de conformité pour un prestataire de services d'investissement (PSI) ?;Le contrôle et l'évaluation des procédures;nouvelle;;
11;16;2;2.1;A;333;Quelle règle s'applique aux personnes travaillant dans la fonction conformité ?;Elles ne sont pas impliquées dans l'exécution des services et activités qu'elles contrôlent;nouvelle;;
11;17;2;2.2;A;402;Les modalités de mise en œuvre des murailles de Chine sont les suivantes :;La séparation physique ou juridique ou hiérarchique ou logique ou une gestion des flux d'information;nouvelle;;
11;18;2;2.2;A;464;Le Prestataire de Services d'Investissement (PSI) prend toute mesure raisonnable lui permettant de détecter les situations de conflits d'intérêts entre le PSI et ses clients. Quelle situation parmi les suivantes est une situation de conflit d'intérêts ?;Dans le cadre d 'un conseil en investissement, un PSI incite ses conseillers à proposer le produit procurant au PSI des commissions élevées plutôt que le produit le plus adapté à leur client;nouvelle;;
11;19;2;2.3;A;417;Quel est le délai d'accusé réception à une réclamation client ?;Dix jours ouvrables maximum à compter de la réception de la réclamation;nouvelle;;
11;20;2;2.3;A;429;Qu'impose le règlement général de l'AMF (Autorité des Marchés Financiers) aux PSI (Prestataires de Services d'Investissement) en matière de délai de réponse aux réclamations des clients ?;Répondre sous 2 mois;nouvelle;;
11;21;3;3;A;518;Dans le cadre de la lutte contre le financement du terrorisme, les déclarations de soupçon sont adressées :;A TRACFIN;nouvelle;;
11;22;3;3;A;497;Concernant l'identification du client par les entreprises d'investissement dans le cadre de la lutte anti-blanchiment :;Celle-ci doit se faire au regard de justificatifs fournis par le client et vérifiés par le prestataire;nouvelle;;
11;23;3;3;A;519;Dans le cadre de la lutte contre le blanchiment, que signifie l'approche par les risques :;C'est la mise en place de mesures de vigilance adaptées au niveau de risque de blanchiment;nouvelle;;
11;24;4;4;A;388;Une liste d'initiés est une liste recensant :;Les personnes travaillant pour le PSI ayant accès à des informations privilégiées;nouvelle;;
11;25;4;4;A;540;Que risque un salarié qui alerte l'AMF lorsqu'il soupçonne une opération potentiellement constitutive d'un abus de marché ?;Aucune sanction s'il agit de bonne foi et de manière désintéressée;nouvelle;;
11;26;5;5.1;A;580;La personne démarchée et qui a signé un contrat pour la fourniture d'un service d'investissement dispose d'un délai de :;Quatorze jours calendaires révolus pour exercer son droit de rétractation, sans avoir à justifier de motifs ni à supporter de pénalités;nouvelle;;
11;27;5;5.1;A;636;Un client démarché à son domicile :;Peut demander à consulter la carte du démarcheur;nouvelle;;
11;28;5;5.1;A;2649;Toutes les informations adréssées par un PSI autre qu'une société de gestion de portefeuille à des clients présentent :;Un contenu exact, clair et non trompeur;nouvelle;;
11;29;5;5.1;A;626;Il y a démarchage bancaire et financier lorsqu'un contact commercial auprès d'un prospect s'exerce :;Par téléphone;nouvelle;;
11;30;5;5.2;C;678;Quand un épargnant souscrit un service comme la gestion de son portefeuille auprès d'un prestataire, l'information concernant les frais est à donner :;Régulièrement et au moins une fois par an;nouvelle;;
11;31;5;5.2;C;665;Le DICI ou KID est un document d'information clé pour l'investisseur, ce document :;Remplace le prospectus simplifié présentant des informations essentielles sur les OPC;nouvelle;Réponse dépassée;Depuis le 1er janvier 2023, le DICI des OPCVM est remplacé par le DIC PRIIPs pour les investisseurs non professionnels (indicateur de risque SRI de 1 à 7 et 4 scénarios de performance). Les questions sur le DICI restent dans la base : retiens leurs réponses (remise avant souscription, échelle 1 à 7, frais…), qui valent aussi pour le DIC.
11;32;6;6.1.1;A;2651;Un client professionnel est un client qui possède :;L'expérience, les connaissances et la compétence nécessaires pour prendre ses propres décisions d'investissement;nouvelle;;
11;33;6;6.1.1;A;756;Le changement de catégorie de clients :;Peut être réalisé à l'initiative du prestataire de services d'investissements ou à la demande du client;nouvelle;;
11;34;6;6.1.1;A;733;Un client non-professionnel peut-il renoncer à une partie de la protection que lui offrent les règles de bonne conduite ?;Oui, il peut, s'il respecte certains critères, renoncer à une partie de la protection que lui offre sa catégorie;nouvelle;;
11;35;6;6.1.1;A;749;Suite à la directive MIF2, le profilage des clients non professionnels inclut obligatoirement :;L'évaluation de leur capacité à subir des pertes et leur niveau de tolérance au risque;nouvelle;;
11;36;6;6.1.1;A;789;Pour être éligible au statut de client professionnel, une entreprise doit :;Respecter deux critères comptables sur les trois définis par la réglementation;nouvelle;;
11;37;6;6.1.2;C;2700;En matière de RGPD, le «consentement» d'une personne à ce que ses données à caractère personnel fassent l'objet d'un traitement n'est valable par une déclaration ou par un acte positif clair, de façon :;Libre, spécifique, éclairée et univoque;nouvelle;;
11;38;6;6.1.2;C;843;A quel organisme le secret professionnel peut-il être opposable ?;AFTI;nouvelle;;
11;39;6;6.2;A;878;Le PSI (Prestataire de Services d'Investissement) doit-il fournir la même description générale de la nature et des risques des instruments financiers qu'il propose ?;Non, à certains clients, selon leur classification;nouvelle;;
11;40;6;6.2;A;1031;Lors de la commercialisation d'un produit financier, l'indication des coûts totaux dans la documentation remise aux clients :;Est imposée par la réglementation;nouvelle;;
11;41;6;6.2;A;1174;Lorsqu'un Prestataire de Services d'Investissement (PSI) communique des informations concernant le traitement fiscal d'un service ou instrument financier, quelle mention doit-il faire figurer ?;Le traitement fiscal des gains et pertes est attaché à la situation individuelle du client et peut évoluer dans le temps;nouvelle;;
11;42;6;6.2;A;1172;Lorsqu'un Prestataire de Services d'Investissement communique auprès d 'un client sur les performances passées d'un instrument financier ou d 'un service d 'investissement, cette information :;Doit inclure au moins 5 exercices, et plus si la durée de placement recommandée est supérieure à 5 ans;nouvelle;;
11;43;6;6.2;A;857;L'information à caractère promotionnel concernant les performances passées d'un produit proposé depuis plus de 5 ans :;Doit porter sur 5 ans, ou une période plus longue définie par le PSI;nouvelle;;
11;44;6;6.3;A;2708;Les PSI se procurent les informations nécessaires concernant les connaissances et l'expérience de leurs clients en matière d'investissement, leur situation financière et leurs objectifs d'investissement de manière à pouvoir leur recommander :;Les services d'investissement et les instruments financiers adéquats et adaptés à leur tolérance au risque et à leur capacité à subir des pertes;nouvelle;;
11;45;6;6.3;A;917;Un prestataire de services d'investissement (PSI) qui n'a pas obtenu les renseignements suffisants pour évaluer le caractère adéquat du service de conseil en investissement ou de gestion de portefeuille peut-il tout de même fournir ces services ?;Non, le prestataire doit s'abstenir de fournir ces deux types de services;nouvelle;;
11;46;6;6.3;A;743;Que doit faire le PSI lorsqu'un client qui veut bénéficier du service de conseil en investissement refuse de communiquer les informations requises ?;S'abstenir de fournir le service demandé;nouvelle;;
11;47;6;6.4;A;1000;Le Prestataire de Services d'Investissement (PSI) qui n'exécute pas lui-même les ordres reçus ou résultant de ses décisions d'investissement, est tenu d'examiner sa politique de meilleure sélection des intermédiaires :;Au moins une fois par an;nouvelle;;
11;48;6;6.4;A;980;"Dans quel cas le PSI (Prestataire de Services d'Investissement) est dégagé de son obligation de ""best execution"" ?";Lorsque le PSI exécute un ordre en suivant les instructions spécifiques de son client;nouvelle;;
11;49;6;6.4;A;975;La politique de sélection des intermédiaires utilisés par une société de gestion pour l'exécution d'ordres pour le compte de ses OPCVM :;Figure dans son rapport de gestion;nouvelle;;
11;50;6;6.5;C;1025;Parmi les affirmations suivantes relatives aux droits de garde pouvant être facturés au client dans le cadre d'un investissement en actions cotées en bourse, laquelle est correcte ?;Ces frais correspondent à la conservation des titres et aux opérations administratives effectuées pour le compte du client;nouvelle;;
11;51;6;6.5;C;1191;En principe et sauf convention contraire, lorsqu 'un client transmet pour exécution un ordre à un Prestataire de Services d'Investissement (PSI), il peut l 'annuler :;A la condition qu 'il ne soit pas encore exécuté;nouvelle;;
11;52;6;6.6;C;1053;Le compte-titres :;Peut être détenu en nue-propriété ou en usufruit;nouvelle;;
11;53;6;6.7;C;1054;Lorsque la situation du débiteur est irrémédiablement compromise, que peut faire la commission de surendettement ?;Mettre en place une procédure de rétablissement personnel;nouvelle;;
11;54;6;6.8;C;2632a;Le SGD, Système de Garantie des Dépôts, protège, en règle générale, les dépôts de tous les déposants (personnes physiques ou entreprises) à concurrence de :;100 000 euros;nouvelle;;
11;55;6;6.8;C;1070;Le FGDR (Fonds de Garantie des Dépôts et de Résolution) s'applique :;Aux dépôts espèces et aux dépôts titres;nouvelle;;
11;56;6;6.9;C;1103;La publicité, directe ou indirecte, adressée par voie électronique à des clients non professionnels relative à la fourniture de services d'investissement portant sur les contrats d'options binaires est :;Interdite;nouvelle;;
11;57;7;7.1;C;1229;Le risque qu'un investisseur ne puisse pas revendre ses titres sur le marché est appelé :;Le risque de liquidité;nouvelle;;
11;58;7;7.1;C;1258;Quelle est la transaction, parmi les suivantes, qui exposerait une entreprise française au risque de change:;Une émission d'obligations en francs suisse;nouvelle;;
11;59;7;7.1;C;1206;Comment s'appelle le risque de baisse de la valeur de marché d'un instrument financier ?;Risque de marché;nouvelle;;
11;60;7;7.2;C;1300;Les actions ordinaires versent un dividende d'un montant :;Calculé sur une fraction des bénéfices de l'année ou des bénéfices passés;nouvelle;;
11;61;7;7.2;C;1333;Une société peut émettre à la fois des actions de préférence et des actions ordinaires :;Vrai, mais les actions de préférence sont émises en quantité limitée par rapport aux actions ordinaires;nouvelle;;
11;62;7;7.2;C;1276;L'option de paiement du dividende en action est exercée par :;Chaque actionnaire;nouvelle;;
11;63;7;7.3;C;1394;Une obligation à taux fixe est une obligation dont :;Le coupon est fixé dès son émission et demeure invariable pendant sa durée de vie;nouvelle;;
11;64;7;7.3;C;1396;Le coupon d'une obligation est défini comme :;L'intérêt perçu par le porteur de l'obligation;nouvelle;;
11;65;7;7.3;C;1393;La valeur d'une obligation à taux fixe dépend :;Du taux d'intérêt de référence et des caractéristiques propres de l'obligation;nouvelle;;
11;66;7;7.4;C;1412;De quel marché le marché des Titres de Créances Négociables est-il un compartiment ?;Monétaire;nouvelle;;
11;67;7;7.4;C;1418;Les BTF, Bons du Trésor à taux Fixe, sont émis par l'Etat :;Pour une durée inférieure ou égale à 1 an;nouvelle;;
11;68;7;7.5;C;1466;Une obligation convertible en action :;Donne à l'investisseur la possibilité de convertir ses obligations en actions;nouvelle;;
11;69;7;7.6;C;1496;Concernant les livrets jeune, quelle proposition est exacte ?;Les intérêts du livret jeune sont calculés selon la règle de la quinzaine;nouvelle;;
11;70;7;7.6;C;1511;Dans le cadre d'un contrat d'assurance vie, les fonds en euros sont majoritairement investis :;En obligations d'Etat, d'entreprises ou en immobilier;nouvelle;;
11;71;7;7.7;C;1531;"La valorisation théorique d'une ""option d'achat"" dépend :";Notamment du prix d'exercice, de la date d'échéance et de la volatilité anticipée du sous jacent;nouvelle;;
11;72;7;7.8;C;2745;Les OPC sont constitués :;D'OPCVM et de FIA;nouvelle;;
11;73;7;7.8;C;1546;La souscription et le rachat de parts ou actions d'un OPC se font sur la base de :;La valeur liquidative;nouvelle;;
11;74;7;7.9;C;1611;Dans la liste ci-dessous, quel type de biens entre dans le dispositif de l'intermédiation en biens divers ?;Les rentes viagères;nouvelle;;
11;75;7;7.9;C;1624;Dans le cadre d'une opération en biens divers, le document promotionel doit être déposé auprès de l'AMF qui a alors :;Deux mois pour formuler ses recommandations;nouvelle;;
11;76;7;7.10;C;1650;Que peut être un actif numérique ?;Un jeton émis lors d'ICO;nouvelle;;
11;77;7;7.10;C;1644;Le visa octroyé par l'AMF aux émetteurs d'une ICO (Initial Coin Offering) au public est-il ?;Optionnel;nouvelle;Réponse dépassée;Régime français des ICO (loi PACTE, visa AMF optionnel) remplacé par le règlement européen MiCA (applicable depuis le 30/12/2024) : pour une offre au public de crypto-actifs, un livre blanc est obligatoire et notifié à l'autorité. Réponse de la base : visa optionnel.
11;78;8;8.1;C;1731;Qui est chargé de la conservation des actifs d'un Fonds d'Investissement Alternatif (FIA) :;Le dépositaire du fonds;nouvelle;;
11;79;8;8.2.1;C;1940;Pour une SGP (Société de Gestion de Portefeuille), qu'appelle t-on le risque de contrepartie ?;Le risque de perte pour le placement collectif, ou le portefeuille individuel résultant du fait que la contrepartie à une opération ou à un contrat peut faillir à ses obligations;nouvelle;;
11;80;8;8.2.2;C;1769;La performance annuelle d'un OPCVM de capitalisation est :;La variation de sa valeur liquidative sur une année exprimée en pourcentage de la valeur liquidative de départ;nouvelle;;
11;81;8;8.2.2;C;1764;Quel règlement encadre l'activité d'administration d'indices de référence ?;"Le règlement européen 2016/1011, dit ""Benchmark""";nouvelle;;
11;82;8;8.4;C;1788;Pour quel motif, un FIA (Fonds d'Investissement Alternatif) peut-il obtenir un passeport de son régulateur ?;Etre commercialisable librement dans l'espace économique européen;nouvelle;;
11;83;8;8.4;C;1799;Quelle directive européenne a introduit le document d'information clé pour l'investisseur (DICI) ?;"La directive du 13 juillet 2009 concernant certains organismes de placement collectif en valeurs mobilières (dite ""OPCVM IV"" )";nouvelle;Contexte;Le DICI (UCITS IV, 2009) a lui-même été remplacé par le DIC PRIIPs pour les investisseurs de détail depuis le 1er janvier 2023.
11;84;8;8.5;C;1817;"Un OPCVM classé dans la catégorie ""obligations et autres titres de créance"" :";Est sensible aux taux d'intérêt;nouvelle;;
11;85;8;8.5;C;1864;Les fonds d'épargne salariale détenus en PEE (Plan d'épargne entreprise) peuvent prendre la forme de :;FCPE (fonds communs de placement d'entreprise) ou de SICAVAS (sociétés d'investissement à capital variable d'actionnariat salarié);nouvelle;;
11;86;8;8.5;C;1862;Un organisme de titrisation peut;Faire l'objet d'une offre au public;nouvelle;;
11;87;8;8.6;C;1874;La gestion indicielle est une gestion qui consiste :;A détenir des titres financiers dans une proportion identique à leur pondération dans un indice;nouvelle;;
11;88;8;8.7;C;1924;Certaines grandes entreprises doivent faire une déclaration de performance extra-financière (DPEF), de quoi s'agit-il ?;Il s'agit d'une déclaration qui comprend notamment des informations relatives aux conséquences sur le changement climatique de l'activité de la société, à ses engagements sociétaux en faveur du développement durable ainsi que sur les conditions de travail des salariés et aux actions visant à lutter contre les discriminations et promouvoir les diversités;nouvelle;Contexte;"La DPEF a été remplacée par le « rapport de durabilité » de la directive CSRD (ordonnance de décembre 2023, premiers rapports en 2025 pour les plus grandes entreprises ; le paquet Omnibus de 2025 a reporté et réduit le champ). La définition donnée par la base reste valable."
11;89;8;8.7;C;2546;Sont exclus du label Greenfin, les fonds qui investissent dans des entreprises opérant dans le secteur :;Nucléaire et énergies fossiles;nouvelle;;
11;90;8;8.7;C;2504;"Quel(s) label(s) permet(tent) d'identifier les fonds ""investissement socialement responsable"" (ISR) ?";Le label investissement socialement responsable (ISR) et le label Greenfin;nouvelle;;
11;91;8;8.7;C;1933;Parmi les fonds solidaires, les fonds de partage prévoient :;Qu'au minimum 25% des revenus perçus par les porteurs de parts seront rétrocédés sous forme de dons à des associations;nouvelle;;
11;92;8;8.7;C;2503;Les agences de notation extra-financières ont :;Des méthodes différentes d'une agence à une autre;nouvelle;;
11;93;8;8.7;C;2611;"Dans le cadre du règlement ""Disclosure"", les intermédiaires financiers :";Doivent être transparents sur la façon dont ils intègrent les risques de durabilité dans leur rémunération et la publier sur leur site internet;nouvelle;;
11;94;8;8.7;C;2536;En France, les politiques de RSE (responsabilité sociétale des entreprises) :;Sont encadrées par la Loi relative aux nouvelles régulations économiques de 2001, les Lois Grenelle de 2009-2010 et la Loi Pacte de 2019;nouvelle;;
11;95;8;8.7;C;1902;Qu'est-ce que le label GREENFIN ?;Il garantit la qualité verte des fonds d'investissement et s'adresse aux acteurs financiers qui agissent au service du bien commun grâce à des pratiques transparentes et durables;nouvelle;;
11;96;8;8.7;C;2502;Les agences de notation extra-financières sont :;Rémunérées par les investisseurs;nouvelle;;
11;97;8;8.7;C;2493;Parmi ces préoccupations, laquelle fait partie d'une démarche RSE (Responsabilité sociale des entreprises) ?;L'amélioration des conditions de travail des salariés;nouvelle;;
11;98;8;8.7;C;1892;Quelle affirmation est exacte concernant les investissements ISR ?;Peut concerner le domaine immobilier;nouvelle;;
11;99;8;8.7;C;1910;Qu'est-ce qu'un indice boursier éthique ?;Un indice qui prend en compte les considérations environnementales, sociales et sociétales des entreprises;nouvelle;;
11;100;8;8.7;C;2520;Selon le label Finansol, combien existe-t-il de types de produits d'épargne solidaire ?;Deux, les produits d'investissement solidaire et les produits de partage;nouvelle;;
11;101;8;8.7;C;2486;Une obligation verte vise à financer :;Des projets contribuant à la transition écologique (ex : énergies renouvelables);nouvelle;;
11;102;8;8.7;C;2471;Lorsque la notation extra-financière d'une valeur en portefeuille se dégrade;La SGP doit suivre sa politique d'investissement et de désinvestissement (une bonne pratique serait que la politique prévoit les conditions de désinvestissement dans des valeurs dégradées);nouvelle;;
11;103;9;9.1;C;2191;Que signifie SMN ?;Système Multilatéral de Négociation;nouvelle;;
11;104;9;9.1;C;2112;Afin d'établir si leur activité de négociation est accessoire par rapport à leur activité principale, les entités non financières qui effectuent des transactions sur matières premières doivent respecter :;Un ratio qui compare la taille de l'activité de négociation spéculative à l'activité principale de l'entité;nouvelle;;
11;105;9;9.2;A;2076;Les ordres à seuil de déclenchement permettent aux investisseurs de :;Définir un niveau de prix à partir duquel l'achat ou la vente est déclenché;nouvelle;;
11;106;9;9.2;A;2149;Comment sont calculés les fixing d'ouverture et de clôture ?;Le système calcule le cours permettant l'exécution du maximum d'ordres;nouvelle;;
11;107;9;9.3;C;2080;Les cours auxquels sont effectuées les transactions sur les marchés réglementés sont :;Publiés par l'entreprise de marché;nouvelle;;
11;108;9;9.4;C;2123;La directive MIF II exigent d'un marché réglementé qu'il soit en mesure d'identifier :;Les ordres générés par le trading algorithmique et les différents algorithmes utilisés par les acteurs ayant recours à la négociation algorithmique;nouvelle;;
11;109;9;9.5;C;2200;Quelle mission peut, entre autres, assurer un prestataire de services de communication de données ?;Gérer un système de consolidation de données boursières;nouvelle;;
11;110;10;10.1;C;2226;Comment est désignée l'entité en charge de la centralisation des ordres de souscription/rachat d'un OPC dans le prospectus de l'OPC ?;C'est le centralisateur de l'OPC;nouvelle;;
11;111;10;10.1;C;2221;Les activités de tenue de compte-conservation d'instruments financiers :;Peuvent être exercées par les établissements de crédit établis en France;nouvelle;;
11;112;10;10.2;C;2248;Quelles sont les principales caractéristiques du système de règlement-livraison dans le cadre d'Euronext ?;Le règlement et la livraison obéissent à deux principes : la livraison contre paiement et des délais standard de dénouement;nouvelle;;
11;113;11;11.1;C;2305;Parmi les affirmations suivantes laquelle est vraie ?;La finance participative permet de financer les entreprises en leur prêtant de l 'argent ou en investissant en actions, obligations, ou encore minibons qui s 'apparentent à des bons de caisse;nouvelle;Réponse dépassée;Les minibons ont été supprimés lors de l'entrée en vigueur du régime européen du financement participatif (ECSP, transition achevée le 10/11/2023). Le reste de la réponse (prêts, actions, obligations) reste juste.
11;114;11;11.2;C;2279;Lors d'une OPA (Offre Publique d'Achat), l'initiateur propose aux actionnaires d'échanger leurs titres contre :;Des liquidités;nouvelle;;
11;115;12;12.1;C;2338;La marge commerciale :;Est la différence entre le montant des ventes de marchandises et leur coût d'achat;nouvelle;;
11;116;12;12.1;C;2423;Pour une entreprise, que trouve-t-on, entre autres, dans les immobilisations financières ?;Les titres financiers acquis par l'entreprise pour être détenus à long terme;nouvelle;;
11;117;12;12.2;C;2403;Sur le marché réglementé des actions, l'obligation d'information dans le cas de franchissement de seuils s'applique :;Dans le cas d'un franchissement à la hausse comme à la baisse;nouvelle;;
11;118;12;12.3;C;2811;"Le dispositif ""Pinel"" prend la forme d'une réduction d'impôt sur le revenu accordée aux particuliers lorsqu'ils :";Acquièrent et mettent en location un logement neuf;nouvelle;Réponse dépassée;Le dispositif Pinel a pris fin pour les acquisitions réalisées après le 31 décembre 2024. Sa définition (logement neuf mis en location) reste la bonne réponse.
11;119;12;12.3;C;2404;L'IFI (Impôt sur la Fortune Immobilière) est l'impôt qui remplace :;L'ISF (Impôt de Solidarité sur la Fortune);nouvelle;;
11;120;12;12.4;C;2380;Comment sont imposés les intérêts d'un dépôt à terme perçus par une entreprise passible de l'impôt sur les sociétés (IS) ?;Ils doivent être rattachés aux résultats de l'exercice au cours duquel ils ont couru;nouvelle;;
12;1;1;1.1;C;31;Quel est l'organe de tutelle et de contrôle des marchés financiers en France ?;L'AMF (Autorité des Marchés Financiers);nouvelle;;
12;2;1;1.1;C;22;Qui est chargé de contrôler le respect par les sociétés de gestion de portefeuille des dispositions réglementaires qui leurs sont applicables :;L'AMF;nouvelle;;
12;3;1;1.2.1;C;63;Avec l'instauration de MiFiD 2, quel dispositif est particulièrement renforcé ?;L'échange d'informations entre les autorités nationales compétentes;nouvelle;;
12;4;1;1.2.1;C;61;Dans quel but l'Union Européenne veut-elle obtenir l'harmonisation des règles de fonctionnement des marchés financiers ?;Pour renforcer la protection des épargnants et le bon fonctionnement des marchés;nouvelle;;
12;5;1;1.2.2;C;295;Quelles sont les missions du Conseil de stabilité financière ?;Surveiller le système financier mondial;nouvelle;;
12;6;1;1.3;C;118;Les entreprises d'investissements sont :;Des personnes morales, autres que les sociétés de gestion de portefeuille et les établissements de crédit, qui sont agréées pour fournir à titre de profession habituelle des services d'investissement;nouvelle;;
12;7;1;1.3;C;112;Un agent général d'assurance :;Est généralement une personne physique;nouvelle;;
12;8;1;1.3;C;87;Un Conseiller en Investissement Financier (CIF) :;Doit remplir des conditions d'âge et d'honorabilité fixées par décret;nouvelle;;
12;9;1;1.5.1;C;156;Quelle est la bonne définition du produit intérieur brut (PIB) ?;Le PIB est la somme des valeurs ajoutées sur le territoire national;nouvelle;;
12;10;1;1.5.1;C;147;Que représente le PIB?;Le résultat final de l'activité de production des unités productrices résidentes;nouvelle;;
12;11;1;1.5.2;C;220;Parmi ces trois indicateurs, lequel permet de cibler le plus directement les pays à fort potentiel de développement économique ?;Le taux de croissance du PIB dans chaque pays;nouvelle;;
12;12;1;1.5.2;C;183;Qui publie chaque année un rapport sur la stabilité financière dans le monde ?;Le FMI au titre des rapports qu'il juge utiles pour atteindre ses objectifs;nouvelle;;
12;13;1;1.8;C;262;Parmi ces activités, laquelle est un service d'investissement ?;La négociation pour compte propre;nouvelle;;
12;14;1;1.8;C;236;Parmi les prestations suivantes, laquelle constitue un service de conseil en investissement ?;Une recommandation personnalisée sur une souscription d'OPCVM;nouvelle;;
12;15;2;2.1;A;358;Quel est le champ d'intervention de la conformité pour un PSI ?;Tous les secteurs d'activité du PSI;nouvelle;;
12;16;2;2.1;A;469;L 'obligation pour les PSI de diffuser une information dont le contenu est exact, clair et non trompeur et permet le cas échéant aux clients de prendre leur décision en connaissance de cause s 'impose :;Pour toutes les communications à destination des clients;nouvelle;;
12;17;2;2.2;A;369;Lorsqu'un collaborateur signale un manquement au code de déontologie, il exerce :;Sa faculté d'alerte éthique;nouvelle;;
12;18;2;2.2;A;806;"Dans quelle situation les ""personnes concernées"" sont-elles soumises à des règles particulières ?";Lors de transactions personnelles;nouvelle;;
12;19;2;2.3;A;422;En cas de litige avec un établissement de crédit, le client :;Peut recourir à la médiation bancaire;nouvelle;;
12;20;2;2.3;A;2640;Le médiateur de l'AMF est compétent en matière :;Financière;nouvelle;;
12;21;3;3;A;509;L'évaluation du risque de blanchiment d'un client ou d'une opération est :;Définie selon une approche proportionnelle aux risques de chaque client et chaque opération de l'assujetti concerné;nouvelle;;
12;22;3;3;A;471;Le délit de blanchiment est considéré comme aggravé :;Lorsqu'il est commis en bande organisée;nouvelle;;
12;23;3;3;A;791;L'identification des personnes exposées politiquement a pour but :;La lutte contre le blanchiment d'argent;nouvelle;;
12;24;4;4;A;560;Une déclaration à l'AMF sur une opération doit être réalisée dès lors:;Qu'il y a suspicion de délit d'initié ou de manipulation de cours;nouvelle;;
12;25;4;4;A;378;Quelles personnes sont concernées par les listes d'initiés ?;"Uniquement les ""personnes concernées"" c'est-à-dire celles disposant d'informations privilégiées";nouvelle;;
12;26;5;5.1;A;587;Sont autorisés au démarchage les produits financiers suivants :;Les parts ou actions d'OPCVM;nouvelle;;
12;27;5;5.1;A;688;A qui incombe la charge de la preuve en cas de litige sur les informations relatives à une vente à distance de produit ou service financier ?;Au vendeur;nouvelle;;
12;28;5;5.1;A;680;Les communications à caractère promotionnel adressées par une société de gestion de portefeuille à des investisseurs :;Sont autorisées mais doivent être clairement identifiables en tant que telles;nouvelle;;
12;29;5;5.1;A;590;Lorsque la personne démarchée exerce son droit de rétractation, elle dispose d'un délai maximum de :;30 jours pour restituer toute somme et tout bien qu'elle a reçus du démarcheur;nouvelle;;
12;30;5;5.2;C;689;Comment s'appelle le document d'information précontractuelle pour les OPCVM ?;Le Document d'informations clés pour l'investisseur;nouvelle;Réponse dépassée;Depuis le 1er janvier 2023, le DICI des OPCVM est remplacé par le DIC PRIIPs pour les investisseurs non professionnels (indicateur de risque SRI de 1 à 7 et 4 scénarios de performance). Les questions sur le DICI restent dans la base : retiens leurs réponses (remise avant souscription, échelle 1 à 7, frais…), qui valent aussi pour le DIC.
12;31;5;5.2;C;658;Parmi les affirmations suivantes relatives au document d'information clé pour l'investisseur d'un OPCVM, laquelle est correcte ?;Il contient des informations correctes, claires et non trompeuses et cohérentes avec les parties correspondantes du prospectus de l'OPCVM;nouvelle;;
12;32;6;6.1.1;A;777;Dans quelles circonstances, un client non professionnel peut-il changer de catégorie ?;Le changement de catégorie intervient sur demande du client après évaluation par le PSI de la compétence, de l'expérience et de la connaissance de client;nouvelle;;
12;33;6;6.1.1;A;750;A propos des diligences à effectuer par les PSI dans le cadre de la connaissance du client, quelle proposition est exacte ?;Les PSI peuvent confier, sous certaines conditions, à des tiers le soin d'effectuer ces diligences;nouvelle;;
12;34;6;6.1.1;A;721;Quelle démarche le PSI doit-il effectuer dans le cadre de la catégorisation des clients ?;Le PSI informe ses clients de leur catégorisation;nouvelle;;
12;35;6;6.1.1;A;741;Quelle proposition suivante est exacte ?;Un client professionnel peut demander au PSI à être traité comme un client non professionnel;nouvelle;;
12;36;6;6.1.1;A;792;Lorsqu'un client non professionnel d'un prestataire de services d'investissement autre qu'une société de gestion de portefeuille souhaite renoncer à une partie de la protection que lui offrent les règles de bonne conduite applicables à la profession:;Cette diminution de la protection n'est réputée valide qu'à la condition qu'une évaluation adéquate de la compétence, de l'expérience et des connaissances du client procure au PSI l'assurance raisonnable que celui-ci est en mesure de prendre ses décisions;nouvelle;;
12;37;6;6.1.2;C;820;L'obligation de conservation des enregistrements par les prestataires de services d'investissement (PSI) autres que les sociétés de gestion de portefeuille en relation avec les transactions conclues concerne :;L'enregistrement des conversations téléphoniques ou des communications électroniques;nouvelle;;
12;38;6;6.1.2;C;1129;à quels organismes, notamment, le secret bancaire n'est-il pas opposable ?;Aux commissions d'enquêtes parlementaires;nouvelle;;
12;39;6;6.2;A;896;Le porteur de parts ou actionnaire d'un OPCVM doit-il être informé lorsqu'une rémunération, une commission ou un avantage non monétaire est versé par un tiers à une société de gestion de portefeuille en liaison avec la gestion d'un OPCVM ?;Oui, il doit être informé de son existence, sa nature et de son montant;nouvelle;;
12;40;6;6.2;A;1148;L'information à caractère promotionnel produite par un PSI sur ses produits financiers:;Peut inclure des comparaisons avec d'autres instruments financiers;nouvelle;;
12;41;6;6.2;A;2571;En matière de gestion des conflits d'intérêts, un conseiller en investissements financiers établit une politique :;qui doit demeurer opérationnelle et appropriée au regard de sa taille et de son organisation;nouvelle;;
12;42;6;6.2;A;1179;Avant de prodiguer un conseil en investissements financiers à un client, un conseiller doit lui préciser un certain nombre d 'informations. Laquelle parmi les suivantes doit lui être obligatoirement communiquée ?;Si le conseil est indépendant ou non;nouvelle;;
12;43;6;6.2;A;1180;Avant de prodiguer un conseil en investissements financiers à un client, un conseiller doit lui préciser un certain nombre d 'informations. Parmi les suivantes, laquelle doit lui être obligatoirement communiquée ?;Si le conseiller évaluera régulièrement l 'adéquation des instruments conseillés avec les besoins du client ou non;nouvelle;;
12;44;6;6.3;A;933;Dans quelle directive est mentionnée l'obligation d'agir au mieux des intérêts des clients ?;MIF 1 (Marchés d'Instruments Financiers) renforcé par MIF 2;nouvelle;;
12;45;6;6.3;A;927;Le délai dont dispose le prestataire de services d'investissement (PSI) pour vérifier qu'un vendeur nouvellement recruté justifie du niveau de connaissances minimales est de :;Six mois à partir de la date à laquelle le collaborateur concerné commence à exercer;nouvelle;;
12;46;6;6.3;A;935;Quand un prestataire de conseils en investissement indépendant perçoit une rémunération d'un producteur, il doit :;La reverser à son client;nouvelle;;
12;47;6;6.4;A;974;"Quels sont les critères retenus pour définir la ""meilleure exécution"" ?";Le prix, le coût, la rapidité et la probabilité d'exécution et de règlement;nouvelle;;
12;48;6;6.4;A;965;Lorsque le PSI qui fournit le service de gestion de portefeuille ou qui gère un OPCVM transmet des ordres à un intermédiaire :;Il doit s'assurer que le choix de cet intermédiaire procure le meilleur résultat pour son client;nouvelle;;
12;49;6;6.4;A;997;Une politique d'exécution :;Peut n'inclure qu'un seul lieu d'exécution à condition de démontrer que le meilleur résultat possible dans la plupart des cas est obtenu avec la plateforme sélectionnée;nouvelle;;
12;50;6;6.5;C;1193;Les frais qu 'un investisseur doit payer dans le cadre d 'une transaction financière sur les marchés financiers :;Sont libres et dépendent de l 'intermédiaire qui exécute l 'ordre pour le compte du client;nouvelle;;
12;51;6;6.5;C;1034;La commission de souscription à un Organisme de Placement Collectif équivaut à :;Un droit d'entrée;nouvelle;;
12;52;6;6.6;C;1043;Quelles caractéristiques possède un compte titre démembré ?;En l'absence de convention, certains actes doivent faire l'objet d'un accord entre nu-propriétaire et usufruitier;nouvelle;;
12;53;6;6.7;C;1062;Les particuliers concernés par des incidents de paiement caractérisés et les plans conventionnels ou judiciaires de redressement sont recensés par le fichier :;FICP;nouvelle;;
12;54;6;6.8;C;1091;En France, quel organisme est en charge de constater les infractions par rapport au droit de la consommation tous produits et services confondus ?;La Direction générale de la concurrence, de la consommation et de la répression des fraudes (DGCCRF);nouvelle;;
12;55;6;6.8;C;1078;Quelles procédures, parmi les suivantes, les PSI doivent-ils mettre en place en vue de sauvegarder les droits de leurs clients sur les instruments financiers leur appartenant ?;Des protections contre les risques opérationnels de perte et de fraude;nouvelle;;
12;56;6;6.9;C;1106;comment définiriez-vous les CFD ?;Ce sont des produits financiers spéculatifs;nouvelle;;
12;57;7;7.1;C;1222;Le risque de fluctuation du prix d'un actif financier est le risque de :;Volatilité;nouvelle;;
12;58;7;7.1;C;1227;Le risque opérationnel correspond pour un PSI (Prestataire de Services d'Investissement) à un risque de :;Perte lié à une défaillance de procédure;nouvelle;;
12;59;7;7.1;C;1212;La volatilité est la plus forte sur :;Les actions;nouvelle;;
12;60;7;7.2;C;1271;Des actions de préférence :;Peuvent être assorties de droits particuliers de toute nature;nouvelle;;
12;61;7;7.2;C;1296;Les actions assorties d'un droit de vote double :;Constituent des actions de préférence;nouvelle;Formulation discutable;Juridiquement, le droit de vote double (art. L225-123) s'attache aux actions ordinaires détenues au nominatif depuis 2 ans, pas aux actions de préférence. Mais les deux autres choix sont faux : la base attend « constituent des actions de préférence ».
12;62;7;7.2;C;1268;"Certaines ""actions de préférence"" peuvent conférer à son détenteur";L'avantage pécuniaire tel qu'un dividende majoré;nouvelle;;
12;63;7;7.3;C;1344;Une obligation ayant un profil de remboursement in fine est :;Une obligation dont le capital est remboursé en une seule fois à l'échéance;nouvelle;;
12;64;7;7.3;C;1338;Quelle est la définition d'une obligation démembrée ?;Une obligation dont le principal et les coupons peuvent être négociés séparément;nouvelle;;
12;65;7;7.3;C;1341;Pour obtenir le prix à payer pour acheter une obligation, il faut :;Ajouter au prix pied de coupon le montant du coupon couru, puis le multiplier par le nominal de l'obligation;nouvelle;;
12;66;7;7.4;C;1719;Les Titres Négociables à Court Terme sont des instruments principalement échangés entre investisseurs professionnels de gré à gré. Comment un investisseur particulier peut-il néanmoins facilement accéder à ces instruments ?;Par l 'intermédiaire d 'Organismes de Placement Collectifs;nouvelle;;
12;67;7;7.4;C;1414;Quelle est la durée maximum des Bons du Trésor à taux fixe émis par l'état français ?;1 an;nouvelle;;
12;68;7;7.5;C;1459;Un bon de souscription donne droit à son titulaire de souscrire à un autre titre financier à un prix fixé à l'avance, pendant une période :;Donnée, déterminée par l'émetteur;nouvelle;;
12;69;7;7.6;C;1491;Parmi les propositions suivantes concernant l'assurance-vie, laquelle est exacte ?;Elle peut permettre au souscripteur de préparer sa retraite;nouvelle;;
12;70;7;7.6;C;1705;Le livret A est un livret d 'épargne dont la rémunération est :;Un taux fixe révisable par le Ministre de l 'Economie en fonction d 'une formule de calcul basée sur les taux à court terme et l 'inflation;nouvelle;;
12;71;7;7.7;C;1693;A partir de quel cours l'appel de marge est-il calculé pour les contrats à terme ?;A partir du cours de compensation du contrat en fin de journée;nouvelle;;
12;72;7;7.8;C;1588;Comment se calcule le prix de souscription des actions de SICAV (sociétés d'investissement à capital variable) ou parts de FCP (fonds communs de placement) ?;Prix de souscription = (valeur liquidative de l'OPC + frais d'entrée / commissions de souscription) x nombre de parts ou d'actions acquises;nouvelle;;
12;73;7;7.8;C;2659;La SGP exerce les droits attachés aux titres détenus par les OPCVM et les FIA qu'elle gère :;Dans l'intérêt exclusif des actionnaires ou des porteurs de parts de ces OPCVM et FIA;nouvelle;;
12;74;7;7.9;C;1618;Avant la commercialisation d'un nouveau produit, les intermédiaires en biens divers :;Doivent déposer les projets de documents d'information et de contrats-types auprès de l'AMF;nouvelle;;
12;75;7;7.9;C;1619;Un investissement en biens divers atypiques (diamants, vins, panneaux solaires, terres rares…) offre une perspective de rendement :;Qui peut être élevée, mais qui comporte également des risques importants de perte;nouvelle;;
12;76;7;7.10;C;1651;Dans le cadre d'une levée de fonds numérique (ICO), les jetons :;Représentent un ou plusieurs droits;nouvelle;;
12;77;7;7.10;C;1665;Préalablement à toute offre au public de jetons, les émetteurs :;Peuvent solliciter un visa de l'Autorité des marchés financiers;nouvelle;Réponse dépassée;Régime français des ICO (loi PACTE, visa AMF optionnel) remplacé par le règlement européen MiCA (applicable depuis le 30/12/2024) : pour une offre au public de crypto-actifs, un livre blanc est obligatoire et notifié à l'autorité. Réponse de la base : visa optionnel.
12;78;8;8.1;C;1939;"Dans une SGP (Société de Gestion de Portefeuilles), un ""vendeur"" peut conseiller :";L'achat d'instruments financiers;nouvelle;;
12;79;8;8.2.1;C;2029;Si un investisseur qui a des parts dans un Organisme de Placement Collectif en Valeurs Mobilières (OPCVM) souhaite racheter ses parts :;Il a la garantie de pouvoir récupérer ses fonds car l 'OPCVM a une obligation d 'honorer les rachats sauf dans des conditions exceptionnelles et doit disposer de liquidités à cette fin;nouvelle;;
12;80;8;8.2.2;C;1942;L'Alpha est un indice de :;Performance;nouvelle;;
12;81;8;8.2.2;C;1967;Dans la liste ci-dessous, quel est un des objectifs du règlement européen Benchmark ?;Eviter le risque de manipulation des indices de référence;nouvelle;;
12;82;8;8.4;C;2013;Le cadre législatif et réglementaire qui régit les produits de placements collectifs est :;issu de la règlementation nationale et européenne;nouvelle;;
12;83;8;8.4;C;2743;Le fait de gérer des portefeuilles incluant un ou plusieurs instruments financiers dans le cadre d'un mandat donné par un tiers relève d'une gestion sous mandat :;Discrétionnaire et individualisée;nouvelle;;
12;84;8;8.5;C;2607;"Les fonds labellisés ""Relance"" s'adressent plus particulièrement aux investisseurs :";Prêts à réaliser un placement non garanti pour une partie de leur épargne, et disposant d'un horizon de placement de moyen ou de long terme;nouvelle;;
12;85;8;8.5;C;1948;Les FIA (Fonds d'Investissement Alternatifs) sont :;Peuvent être des OPC (Organismes de Placement Collectif);nouvelle;;
12;86;8;8.5;C;2002;Quelle est l'institution qui régule les fonds d'épargne salariale ?;L'AMF;nouvelle;;
12;87;8;8.6;C;1871;Le capital investissement :;Prend majoritairement des participations dans des entreprises non cotées;nouvelle;;
12;88;8;8.7;C;2517;Qui attribue le label ISR (Investissement Socialement Responsable) ?;L'organisme de certification sous le contrôle du Ministère de l'Economie et des Finances;nouvelle;;
12;89;8;8.7;C;2545;Quel label contribue à atteindre les objectifs climatiques de la France, notamment sur la réduction de gaz à effet de serre ?;Le label Bas-carbone;nouvelle;;
12;90;8;8.7;C;2525;Un des principes de la finance durable est :;La possibilité d'investir dans les activités qui favorisent la transition vers une économie sûre, neutre pour le climat, résiliente au changement climatique, plus économe en ressources et circulaire;nouvelle;;
12;91;8;8.7;C;2448;La notation déclarative appartient à la famille des notations extra-financières. Elle est :;Effectuée par une agence de notation sans accord de l'entreprise;nouvelle;;
12;92;8;8.7;C;2626;Parmi les labels suivants, lequel vient reconnaître les fonds qui s’engagent à mobiliser rapidement des ressources nouvelles pour soutenir les fonds propres et quasi-fonds propres des entreprises françaises, en particulier des PME et des ETI, cotées ou non ?;Label Relance;nouvelle;;
12;93;8;8.7;C;2796;Le label GreenFin a été créé par :;Le Ministère de l'Environnement;nouvelle;;
12;94;8;8.7;C;2475;De laquelle des trois catégories de critères ESG (Environnementaux, Sociaux et de Gouvernance), les relations avec les sous-traitants relèvent-elles ?;Des critères sociaux;nouvelle;;
12;95;8;8.7;C;2470;Quel label vise à distinguer les produits d'épargne solidaire des autres produits d'épargne grand public ?;Label FINANSOL;nouvelle;;
12;96;8;8.7;C;2549;L'approche Best effort (meilleur effort) consiste à privilégier :;Les émetteurs démontrant une amélioration ou de bonnes perspectives d'évolution de leurs pratiques et performances ESG dans le temps;nouvelle;;
12;97;8;8.7;C;2794;Un label est un signe de qualité :;Qui s'applique aux produits;nouvelle;;
12;98;8;8.7;C;1904;"L'indice européen ""low carbon 100 europe"" d'Euronext est un indice composé d'actions des 100 entreprises qui :";Emettent le moins de CO2;nouvelle;;
12;99;8;8.7;C;2492;En matière de RSE (Responsabilité sociale des entreprises), la prise en considération d'enjeux sociaux et environnementaux :;Doit être intégrée dans l'objet social des entreprises, suite aux impacts de la loi PACTE sur le code civil;nouvelle;;
12;100;8;8.7;C;2585;Dans le cadre du règlement Disclosure (Sustainable Finance Disclosure Régulation, SFDR - Règlement UE 2019/2088) les acteurs de marché doivent publier des informations :;Sur leur processus de sélection des produits en tenant compte du risque en matière de durabilité;nouvelle;;
12;101;8;8.7;C;2508;Quel outil est fréquemment utilisé pour mesurer les émissions de gaz à effet de serre d'un portefeuille d'investissement ?;L'empreinte carbone du portefeuille;nouvelle;;
12;102;8;8.7;C;2584;Le règlement Disclosure (Sustainable Finance Disclosure Régulation, SFDR - Règlement UE 2019/2088) oblige les acteurs des marchés financiers et conseillers financiers à intégrer dans les informations précontractuelles :;La manière dont les risques en matière de durabilité sont intégrés dans leurs décisions d'investissement;nouvelle;;
12;103;9;9.1;C;2178;Euronext Paris a organisé son marché en trois segments A, B, C, basés sur :;La capitalisation boursière des entreprises;nouvelle;;
12;104;9;9.1;C;2118;Euronext a pour mission de :;D'organiser les transactions sur les marchés des actions, des obligations et des produits dérivés;nouvelle;;
12;105;9;9.2;A;2073;"La cotation au ""fixing"" concerne plutôt :";Les valeurs peu liquides;nouvelle;;
12;106;9;9.2;A;2205;Dans le carnet d'ordres d 'Euronext Paris, les ordres sont exécutés selon l 'ordre de priorité suivant :;Le niveau de prix proposé puis l 'heure de saisie dans le carnet d 'ordres;nouvelle;;
12;107;9;9.3;C;2173;Quelles informations Euronext doit-il rendre publiques dans le cadre de la transparence post-négociation ?;En temps réel, le prix, le volume d'actions négociées et l'heure de la transaction;nouvelle;;
12;108;9;9.4;C;2098;La réglementation impose aux PSI ayant fait exécuter des ordres pour compte de clients de fournir à leur autorité de tutelle :;La liste de tous les ordres exécutés, avec l'identification des clients concernés, ceci au plus tard au terme du jour ouvrable suivant;nouvelle;;
12;109;9;9.5;C;2152;Qui est en charge de la supervision des agences de notation ?;L'Autorité européenne des marchés financiers (AEMF);nouvelle;;
12;110;10;10.1;C;2241;Parmi les fonctions suivantes, laquelle est assurée par le dépositaire central ?;L'enregistrement, sur les comptes de ses adhérents, des titres en circulation émis par les émetteurs et les opérations sur ces titres;nouvelle;;
12;111;10;10.1;C;2259;Après une transaction, qui assure le transfert de propriété des instruments financiers en réalisant au sein de ses registres un virement des instruments du compte du vendeur vers celui de l 'acquéreur ?;Le dépositaire central;nouvelle;;
12;112;10;10.2;C;2246;En matière de règlement-livraison, quelle affirmation est correcte ?;Le transfert de la propriété des titres s'opère au moment du dénouement du règlement-livraison;nouvelle;;
12;113;11;11.1;C;2264;Quelle règle s'applique dans le cadre d'un sondage de marché ?;Un PSI peut diffuser aux futurs investisseurs des informations privilégiées, sous réserve de les informer du caractère privilégié et d'obtenir leur accord;nouvelle;;
12;114;11;11.2;C;2298;Parmi les opérations suivantes, laquelle constitue une opération sur titres ?;Le paiement des dividendes;nouvelle;;
12;115;12;12.1;C;2324;Quelle affirmation concernant la comptabilité est exacte ?;Le bilan et le compte de résultat sont regroupés dans la liasse fiscale;nouvelle;;
12;116;12;12.1;C;2395;La valeur ajoutée mesure :;La richesse brute créée par l'entreprise dans le cadre de son activité;nouvelle;;
12;117;12;12.2;C;2437;Une société dont les actions sont admises à la négociation sur un marché règlementé doit :;Communiquer sans délai à l 'AMF tout projet de modifications de ses statuts au plus tard à la date de convocation de l 'Assemblée Générale;nouvelle;;
12;118;12;12.3;C;2352;Sont soumises à l'impôt sur la fortune immobilière (IFI) :;Les personnes physiques ayant leur domicile fiscal en France, à raison de leurs biens et droits immobiliers situés en France ou hors de France;nouvelle;;
12;119;12;12.3;C;2353;Parmi les biens suivants, lesquels sont exonérés partiellement ou totalement au titre de l'IFI?;L'immobilier, détenu directement ou indirectement (via une SCI), utilisé pour son activité professionnelle;nouvelle;;
12;120;12;12.4;C;2428;Dans le cadre de la détention d'un portefeuille-titres par une société soumise à l'impôt sur les sociétés, la règle de prise en compte des plus-values latentes concerne :;Les parts ou actions d'OPC français et étrangers;nouvelle;;
13;1;1;1.1;C;16;Qui agrée les SGP (Sociétés de Gestion de Portefeuille) ?;L'AMF (Autorité des Marchés Financiers);nouvelle;;
13;2;1;1.1;C;21;Quel est le statut de l'AMF ?;Une autorité publique indépendante;nouvelle;;
13;3;1;1.2.1;C;40;Quel est l'objectif de l'Union Bancaire Européenne ?;Anticiper les risques de crise bancaire et mieux en traiter les conséquences si elle survient;nouvelle;;
13;4;1;1.2.1;C;54;Quelle est la caractéristique principale du passeport européen pour un prestataire de services d'investissement ?;Le prestataire de services d'investissement peut étendre ses activités à tous les pays membres de l'UE sur la base de l'agrément obtenu dans son pays d'origine;nouvelle;;
13;5;1;1.2.2;C;2670;Le Financial Stability Board est un organisme;International;nouvelle;Erreur de la base;La base donne « Européen » : c'est FAUX. Le FSB (Conseil de stabilité financière) est un organisme INTERNATIONAL créé par le G20 en 2009. Si la question tombe, réponds « International ».
13;6;1;1.3;C;80;Quelle règle s'applique aux CIF - Conseillers en Investissements Financiers ?;Ils doivent adhérer à une, et une seule, association professionnelle agréée par l'AMF;nouvelle;;
13;7;1;1.3;C;77;Quelle est l'une des conditions d'accès à la profession de Conseiller en Investissements Financiers ?;Une formation professionnelle adaptée;nouvelle;;
13;8;1;1.3;C;96;Outre le conseil, quelles activités un CIF (conseiller en investissements financiers) peut-il pratiquer, sous réserve de respecter les obligations légales afférentes ?;Il peut faire des opérations de démarchage financier en vue d'obtenir un accord sur une prestation de conseil en investissement (sous certaines conditions);nouvelle;;
13;9;1;1.5.1;C;286;Le Haut Conseil de Stabilité Financière (HCSF) exerce une surveillance dans le but d'en préserver la stabilité et la capacité à assurer une contribution soutenable à la croissance économique :;de l'ensemble du secteur financier;nouvelle;;
13;10;1;1.5.1;C;216;Qu'est-ce que l'indice des prix à la consommation (IPC) ?;Il s'agit d'un instrument de mesure de l'inflation. Il permet d'estimer la variation moyenne des prix des produits consommés par les ménages (hors tabac);nouvelle;;
13;11;1;1.5.2;C;184;Un marché volatil est un marché :;Sur lequel les cours peuvent varier fortement en peu de temps;nouvelle;;
13;12;1;1.5.2;C;272;le marché des changes;Est un marché non régulé;nouvelle;;
13;13;1;1.8;C;2692;Le service de conseil en investissement consiste à fournir à un client :;Des recommandations personnalisées relatives à une ou plusieurs transactions portant sur des instruments financiers;nouvelle;;
13;14;1;1.8;C;321;Parmi les autorités suivantes, laquelle est en charge, en France, d'agréer les sociétés de gestion de portefeuille et de contrôler leur respect de la réglementation sur la commercialisation des services qu'elles proposent ?;L 'Autorité des Marchés Financiers (AMF);nouvelle;;
13;15;2;2.1;A;460;Le Prestataire de Services d'Investissement (PSI) doit agir d 'une manière honnête, loyale et professionnelle afin de :;Servir au mieux l 'intérêt du client et respecter l 'intégrité des marchés;nouvelle;;
13;16;2;2.1;A;343;Quel est l'un des principes fondamentaux des règles de bonne conduite en matière de services d'investissement ?;Fournir à ses clients des informations claires, exactes et non trompeuses;nouvelle;;
13;17;2;2.2;A;375;"Les procédures dites ""muraille de Chine"" doivent permettre :";De prévenir la circulation indue d'informations privilégiées;nouvelle;;
13;18;2;2.2;A;366;"Que signifient les expressions ""murailles de Chine"" ou ""barrières à l'information""?";L'identification de toute entité (secteur, service, département...) susceptible de détenir des informations privilégiées et la séparation de ces entités au sein desquelles des personnes concernées sont susceptibles de détenir des informations privilégiées;nouvelle;;
13;19;2;2.3;A;410;Par qui est nommé le médiateur de l'AMF ?;Par le président de l'AMF après avis du collège;nouvelle;;
13;20;2;2.3;A;435;Lorsqu'une société de gestion de portefeuille d'OPCVM agréée et ayant son siège social en France commercialise un OPCVM en Espagne:;Elle doit établir des procédures et des modalités appropriées afin de garantir qu'elle traitera correctement les réclamations des porteurs de parts ou actionnaires résidant en Espagne et que ceux-ci ne sont pas limités dans l'exercice de leurs droits;nouvelle;;
13;21;3;3;A;539;Lorsqu 'un professionnel assujetti aux dispositions relatives à la lutte contre le blanchiment des capitaux n 'est pas en mesure d 'identifier son client ou d 'obtenir des informations sur l 'objet et la nature de la relation d 'affaires :;Il ne poursuit aucune relation d 'affaires avec ce client;nouvelle;;
13;22;3;3;A;474;Lorsque les investigations menées par TRACFIN mettent en évidence des faits susceptibles de relever du blanchiment du produit d'une infraction punie d'une peine privative de liberté supérieure à un an ou du financement du terrorisme, TRACFIN :;Saisit le procureur de la République;nouvelle;;
13;23;3;3;A;515;Auprès de qui est placée l'AFA (Agence Française Anti-corruption) ?;Des ministères du Budget et de la Justice conjointement;nouvelle;;
13;24;4;4;A;550;Combien de temps, au minimum, tout émetteur doit-il afficher et conserver sur son site internet toutes les informations privilégiées qu'il est tenu de publier?;Cinq ans;nouvelle;;
13;25;4;4;A;563;Le market timing est l'opération qui consiste à :;Tirer profit d'un décalage entre la valeur comptable et la valeur de marché d'un fonds;nouvelle;;
13;26;5;5.1;A;681;Qui définit dans MIF 2, la cible d'un produit financier ?;Le producteur;nouvelle;;
13;27;5;5.1;A;1026;Lorsqu'une personne démarchée pour des services bancaires ou financiers exerce son droit de rétractation :;Elle ne peut être tenue qu'au paiement du prix correspondant à l'utilisation du produit ou du service financier effectivement fourni entre la date de conclusion du contrat et celle de l'exercice du droit de rétractation;nouvelle;;
13;28;5;5.1;A;593;Constitue un acte de démarchage le fait :;D'envoyer un mailing à des clients sélectionnés pour leur présenter des produits d'investissement susceptibles de répondre à leurs attentes, et qu'ils peuvent souscrire en retournant le coupon-réponse joint à la lettre;nouvelle;;
13;29;5;5.1;A;710;Parmi les actions suivantes réalisées auprès d 'une petite entreprise industrielle ou commerciale en vue d 'obtenir son accord pour la prestation d 'un service d 'investissement, laquelle constitue un acte de démarchage bancaire ou financier ?;Un appel téléphonique non sollicité à destination du représentant légal;nouvelle;;
13;30;5;5.2;C;686;Le DICI (Document d'information clé pour l'investisseur) d'un OPCVM :;Comporte les informations sur les frais d'entrée et de sortie ainsi que les frais courants;nouvelle;Réponse dépassée;Depuis le 1er janvier 2023, le DICI des OPCVM est remplacé par le DIC PRIIPs pour les investisseurs non professionnels (indicateur de risque SRI de 1 à 7 et 4 scénarios de performance). Les questions sur le DICI restent dans la base : retiens leurs réponses (remise avant souscription, échelle 1 à 7, frais…), qui valent aussi pour le DIC.
13;31;5;5.2;C;652;Quelles informations la société de gestion de portefeuille doit-elle obligatoirement fournir aux clients non professionnels, en matière de gestion d'OPC ?;Les frais et commissions;nouvelle;;
13;32;6;6.1.1;A;763;Pour catégoriser ses clients, un PSI doit :;Recueillir des informations sur le client au moment de l'entrée en relation;nouvelle;;
13;33;6;6.1.1;A;811;Durant la relation avec un client, le collaborateur a connaissance d'un changement de situation du client. Quelle attitude doit-il adopter ?;Actualiser les informations recueillies;nouvelle;;
13;34;6;6.1.1;A;724;Qu'est-ce que la catégorisation des clients au sens de la directive Marchés d'Instruments Financiers (MIF) ?;Une procédure décrivant les modalités de classement des clients dans 3 catégories;nouvelle;;
13;35;6;6.1.1;A;1164;Un Prestataire de Services d 'Investissement (PSI) a une obligation de classification de ses clients par catégorie. Dans ce cadre, parmi les affirmations suivantes, laquelle est vrai ?;Un client peut demander à changer de catégorie;nouvelle;;
13;36;6;6.1.1;A;790;Le prestataire de services d'investissement doit-il revoir régulièrement la catégorisation de ses clients ?;Le prestataire qui constate qu'un client professionnel ou une contrepartie éligible par nature ne remplit plus les conditions relatives à sa catégorie doit prendre les mesures appropriées;nouvelle;;
13;37;6;6.1.2;C;247;Le commissaire aux comptes d'une société de gestion de portefeuille peut-il opposer le secret professionnel lors d'une enquête de l'Autorité des Marchés Financiers :;En aucun cas;nouvelle;;
13;38;6;6.1.2;C;813;Un client peut avoir accès à ses informations personnelles détenues par son PSI :;A tout moment à sa demande;nouvelle;;
13;39;6;6.2;A;876;Une société de gestion de portefeuille d'OPCVM peut-elle divulguer les conditions principales des accords en matière de rémunérations, de commissions et d'avantages non monétaires sous une forme résumée ?;Oui, sous réserve qu'elle s'engage à fournir des précisions supplémentaires à la demande du porteur de parts ou actionnaire et qu'elle respecte cet engagement;nouvelle;;
13;40;6;6.2;A;891;En matière de commercialisation auprès de clients non professionnels, quels sont les instruments financiers considérés comme complexes par l'AMF ?;Les fonds à formule;nouvelle;;
13;41;6;6.2;A;844;Quelle est la proposition exacte concernant l'information sur les instruments financiers qu'un PSI doit donner à un investisseur potentiel ?;L'information doit être claire, exacte et non trompeuse;nouvelle;;
13;42;6;6.2;A;889;Dans le cadre d'une prestation de service d'investissement, les communications à caractère promotionnel :;Doivent être clairement identifiables en tant que telles;nouvelle;;
13;43;6;6.2;A;871;L'information relative à la commission versée par un tiers à une société de gestion de portefeuille en liaison avec la gestion d'un OPCVM doit être fournie aux porteurs de parts ou actionnaire de cet OPCVM de manière :;Complète, exacte et compréhensible;nouvelle;;
13;44;6;6.3;A;801;Lorsqu'un PSI propose des services d'investissement autres que l'exécution simple à un client non professionnel, quelles informations doit-il recueillir ?;Les informations sur ses connaissances et son expérience en matière d'instruments financiers;nouvelle;;
13;45;6;6.3;A;760;"Les prestataires de services d'investissement doivent recueillir les ""informations nécessaires"" concernant les connaissances, l'expérience, la situation financière et les objectifs d'investissement du client :";Toujours avant la fourniture des services de gestion de portefeuille pour le compte de tiers;nouvelle;;
13;46;6;6.3;A;738;Quel est l'objectif de l'évaluation de l'adéquation réalisée par les prestataires de services d'investissement dans le cadre de la fourniture de services d'investissement de gestion de portefeuille pour le compte de tiers à des clients?;Permettre à ces prestataires d'agir au mieux des intérêts de leurs clients;nouvelle;;
13;47;6;6.4;A;956;La politique d'exécution des ordres définie par un prestataire de services d'investissements autre qu'une société de gestion de portefeuille :;Doit lui permettre d'obtenir, pour les ordres de ses clients, le meilleur résultat possible;nouvelle;;
13;48;6;6.4;A;1186;Dans le cadre de la politique de meilleure exécution, lorsqu 'un Prestataire de Services d'Investissement (PSI) exécute des ordres pour le compte de clients non professionnels, le meilleur résultat possible doit être déterminé :;Sur la base du coût total c 'est-à-dire le prix de l'instrument financier augmenté des coûts liés à l'exécution;nouvelle;;
13;49;6;6.4;A;2710;Lorsque les PSI exécutent des ordres pour le compte de clients non professionnels, le meilleur résultat possible est déterminé :;Sur la base du coût total;nouvelle;;
13;50;6;6.5;C;1003;La tarification des services fournis par le teneur de compte-conservateur (ex : droits de garde) :;Est fixée dans la convention de compte-titres signée par le client ou dans une brochure remise lors de la signature;nouvelle;;
13;51;6;6.5;C;1001;"Quelle affirmation est conforme à la règlementation, au sujet de la ""commission de mouvement"" prélevée lors des transactions effectuées sur un compte géré sous mandat ?";Elle peut être partagée entre la société de gestion de portefeuille et le dépositaire;nouvelle;;
13;52;6;6.6;C;1149;Une procuration :;Nécessite la signature d'un acte sous seing privé voire notarié entre le mandant et le mandataire;nouvelle;;
13;53;6;6.7;C;1061;Parmi les situations suivantes, laquelle doit attirer l'attention du prestataire de services d'investissement (PSI) sur la situation financière de son client personne physique ?;L'inscription du client sur le fichier FICP;nouvelle;;
13;54;6;6.8;C;2665;Le système d'indemnisation des investisseurs au niveau national s'appelle :;Le Fonds de Garantie des Dépôts et de Résolution (FGDR);nouvelle;;
13;55;6;6.8;C;1069;Qu'est-ce que le Fonds de garantie des dépôts et de résolution (FGDR)?;Une personne morale de droit privé gérée par les banques contribuant au fonds;nouvelle;;
13;56;6;6.9;C;1122;La commercialisation, la distribution et la vente en France ou depuis la France, d'options binaires à des clients non professionnels sont interdites. Ceci s'applique :;A tous les établissements;nouvelle;;
13;57;7;7.1;C;1219;Le risque de crédit est aussi appelé :;Risque de défaut;nouvelle;;
13;58;7;7.1;C;1213;Le rendement d'une action est égal :;Au rapport du dividende sur le cours de l'action;nouvelle;;
13;59;7;7.1;C;1228;Le risque opérationnel est :;Le risque de pertes résultant d'une inadéquation ou d'une défaillance des processus, du personnel et systèmes internes, ou à des événements extérieurs;nouvelle;;
13;60;7;7.2;C;1702;Parmi les titres suivants, lequel peut être admis à la négociation sur un marché réglementé ?;Les actions des sociétés anonymes;nouvelle;;
13;61;7;7.2;C;1305;Les assemblées d'actionnaires dans les sociétés anonymes :;Nomment, révoquent ou remplacent les conseils d'administration;nouvelle;;
13;62;7;7.2;C;1332;Une action ordinaire :;Peut distribuer un dividende et confère un droit de vote à son détenteur;nouvelle;;
13;63;7;7.3;C;1384;Est-il possible de vendre une obligation avant son échéance ?;Oui, mais il existe alors un risque de perte en capital;nouvelle;;
13;64;7;7.3;C;1375;Les obligations à haut rendement (ou high yields bonds) :;Sont des obligations émises par des sociétés dont le risque de défaut est élevé;nouvelle;;
13;65;7;7.3;C;1688;A quoi correspond la différence entre la valeur nominale et le prix d'émission d'une obligation ?;A la prime d'émission;nouvelle;;
13;66;7;7.4;C;1714;L'indice de référence EURIBOR (EURo InterBank Offered Rate) est déterminé pour des maturités allant de :;1 semaine à 1 an;nouvelle;;
13;67;7;7.4;C;2565;Qui calcule et publie l'€STER (EURO Short Term Rate) ?;La Banque centrale européenne (BCE) publie l'€STER calculé sur la base des transactions des prêts interbancaires de plus d’un million d’euros réalisées la veille;nouvelle;;
13;68;7;7.5;C;1464;Un bon de souscription d'actions est :;Un titre donnant accès au capital social au choix du porteur;nouvelle;;
13;69;7;7.6;C;1497;Les parts sociales de banques coopératives :;Donnent le droit de voter en assemblée générale;nouvelle;;
13;70;7;7.6;C;1501;Comment est géré un organisme de titrisation ?;Par une société de gestion disposant d'un programme d'activité spécifique;nouvelle;;
13;71;7;7.7;C;1526;Dans une transaction sur contrat Future, le prix d'achat ou de vente à la date future :;Est fixé à la date de la transaction;nouvelle;;
13;72;7;7.8;C;696;La valeur liquidative d'un OPC est égale :;A l'actif net du jour de l'OPC divisé par le nombre de parts ou d'actions existantes;nouvelle;;
13;73;7;7.8;C;1600;Lequel de ces placements est un OPC ?;Un FCPE;nouvelle;;
13;74;7;7.9;C;1642;Dans le régime d'intermédiation des biens divers, les communications à caractère promotionnelles :;Font l'objet d'un document d'information qui doit être enregistré auprès de l'Autorité des Marchés Financiers;nouvelle;;
13;75;7;7.9;C;1632;Dans le cadre de l'intermédiation de biens divers, le gestionnaire doit faire parvenir à l'AMF l'inventaire des biens dont il assure la gestion :;Dans un délai de 3 mois;nouvelle;;
13;76;7;7.10;C;1647;Est un crypto-actif :;Le Bitcoin;nouvelle;;
13;77;7;7.10;C;1676;Les PSAN (Prestataires de Services sur Actifs Numériques) commercialisant des crypto-actifs peuvent être agréés par :;L'AMF (Autorité des Marchés Financiers);nouvelle;Réponse dépassée;"Le statut de PSAN (enregistrement obligatoire, agrément optionnel auprès de l'AMF) est remplacé par MiCA : les prestataires de services sur crypto-actifs (PSCA/CASP) doivent obtenir un agrément, délivré en France par l'AMF, avec passeport européen ; la période transitoire française a pris fin au plus tard le 1er juillet 2026. Réponses de la base : celles du régime PSAN."
13;78;8;8.1;C;1736;Lorsque la gestion d'un portefeuille est dédiée à un client unique, on dira qu'elle est de type :;Discrétionnaire;nouvelle;;
13;79;8;8.2.1;C;1754;D'une façon générale, quelle est la limite d'investissement pour un même émetteur que doit respecter un OPCVM ?;5 % de ses actifs;nouvelle;;
13;80;8;8.2.2;C;2747;La gestion active a pour objectif :;De surperformer le marché de référence;nouvelle;;
13;81;8;8.2.2;C;2034;Comparer des fonds avec des objectifs de gestion similaires en fonction de leur performance de l 'année précédente est-il suffisant pour réaliser une sélection ?;Non, parce que la performance d 'un fonds peut varier d 'une année sur l 'autre;nouvelle;;
13;82;8;8.4;C;1813;Dans le cadre de la gestion individuelle sous mandat, l'investisseur :;Donne procuration au gérant;nouvelle;;
13;83;8;8.4;C;1794;Quelle règle s'applique au dirigeant d'une SICAV ?;Il ne doit absolument pas être conjointement dirigeant de l'établissement dépositaire;nouvelle;;
13;84;8;8.5;C;1847;Quelles sont les deux grandes catégories d'Organisme de Placements Collectifs ?;Les OPCVM et les FIA;nouvelle;;
13;85;8;8.5;C;1855;"Les OPCVM Indiciels : 1. Cherchent toujours à ce que leurs valeurs liquidatives enregistrent des variations opposées aux évolutions d'un indice boursier 2. Cherchent à ce que leurs valeurs liquidatives suivent les évolutions d'un indice boursier lorsqu'ils sont cotés. 3. Sont aussi appelés parfois ""tracker"" .";"2 et 3
A. 1 et 2
B. 1,2 et 3
C. 2 et 3";nouvelle;;
13;86;8;8.5;C;1863;Les parts ou actions d'un OPCVM constitué sur le fondement d'un droit étranger peuvent-elles être commercialisées en France ?;Oui, à condition qu'une notification soit faite à l'AMF par l'autorité compétente de l'Etat membre d'origine de cet organisme;nouvelle;;
13;87;8;8.6;C;225;Une politique de gestion des Hedge funds;Est de rechercher une performance absolue de rendement à travers différentes stratégies, ayant recours ou non à des produits dérivés ou à l'effet de levier;nouvelle;;
13;88;8;8.7;C;2509;Par qui le label ISR est-il délivré ?;Les organismes accrédités par le COFRAC;nouvelle;;
13;89;8;8.7;C;2530;Les investissements ISR (investissements socialement responsables) :;Sont une forme d'investissement durable;nouvelle;;
13;90;8;8.7;C;2582;Le règlement Disclosure (Sustainable Finance Disclosure Régulation, SFDR - Règlement UE 2019/2088) concerne :;La publication d'informations en matière de durabilité dans le secteur des services financiers;nouvelle;;
13;91;8;8.7;C;2474;Dans laquelle des trois catégories de critères ESG (Environnementaux, Sociaux et de Gouvernance), la lutte contre la corruption figure-t-elle ?;Dans les critères de gouvernance;nouvelle;;
13;92;8;8.7;C;1898;Parmi les principales stratégies d'investissement socialement responsables, on retrouve :;"L'approche ""Best in class""";nouvelle;;
13;93;8;8.7;C;2012;Le label finansol permet de diriger l'épargne vers :;Les projets solidaires notamment liés à l'accès à l'emploi et au logement;nouvelle;;
13;94;8;8.7;C;2540;"En terme de finance verte, que recouvre la notion de ""taxonomie"" ?";"La ""taxonomie"" a pour but d'établir une liste d'activités considérées comme économiquement durables servant de référentiel pour la création de standards européens verts dans la définition des produits financiers.";nouvelle;;
13;95;8;8.7;C;2521;Dans le cadre de la notation extra-financière, quels critères peuvent être retenus ?;La contribution à l'amélioration de la santé publique;nouvelle;;
13;96;8;8.7;C;2468;Qu'est-ce qui caractérise la stratégie best in class et la stratégie d'exclusion ?;L'une ou l'autre des deux stratégies est un moyen d'appréhender les critères ESG, mais il en existe d'autres;nouvelle;;
13;97;8;8.7;C;2583;Le règlement Disclosure (Sustainable Finance Disclosure Régulation, SFDR - Règlement UE 2019/2088) prévoit de :;Créer pour les acteurs de marché de nouvelles obligations de transparence en matière de durabilité;nouvelle;;
13;98;8;8.7;C;2488;Quel est l'élément distinctif des obligations vertes par rapport aux obligations classiques ?;La fourniture par l'émetteur d'un reporting détaillé sur les investissements contribuant à la transition écologique;nouvelle;;
13;99;8;8.7;C;2516;Sur quels supports doivent être publiées les descriptions ISR par les sociétés de gestion de portefeuille ?;Sur leur site internet et sur les documents d'informations préalables à toute souscription;nouvelle;;
13;100;8;8.7;C;2510;L'investissement socialement responsable (ISR) :;Allie la performance financière et le développement durable;nouvelle;;
13;101;8;8.7;C;2447;Pour conserver son label ISR (Investissement Socialement Responsable), un fonds doit :;Apporter des éléments de preuves sur la qualité durable de ses investissements;nouvelle;;
13;102;8;8.7;C;1917;Pour démontrer sa qualité d'investissement vert, un fonds d'investissement peut obtenir :;Le label GreenFin du ministère de l'écologie;nouvelle;;
13;103;9;9.1;C;2676;Euronext Growth est :;Un MTF;nouvelle;;
13;104;9;9.1;C;2182;Les produits dérivés négociés sur des marchés organisés :;Sont standardisés en termes d'échéances et de montants;nouvelle;;
13;105;9;9.2;A;2059;Selon les règles de marché d'Euronext, les ordres à prix limité sont exécutés avec la priorité suivante :;La limite de prix d'abord, puis l'ordre d'arrivée dans le carnet d'ordres central;nouvelle;;
13;106;9;9.2;A;2754;Parmi les trois types d'ordre suivants, lequel est prioritaire :;L'ordre au marché;nouvelle;;
13;107;9;9.3;C;2115;L'entreprise de marché peut différer la publication des transactions sur un marché réglementé avec l'accord de :;L'AMF (Autorité des Marchés Financiers);nouvelle;;
13;108;9;9.4;C;2199;"Parmi ces différents statuts, quel est celui que peut adopter un ""broker"" en instruments financiers ?";Négociateur sur les marchés;nouvelle;;
13;109;9;9.5;C;2171;Qui calcule l'indice CAC 40 ?;L'entreprise de marché Euronext Paris;nouvelle;;
13;110;10;10.1;C;2222;Quelle est la fonction du dépositaire central ?;Il fait le lien entre les sociétés émettrices et les intermédiaires financiers;nouvelle;;
13;111;10;10.1;C;2247;Quel est l'organisme qui garantit la bonne fin des opérations et qui est également la contrepartie unique des opérateurs de marché ?;La chambre de compensation;nouvelle;;
13;112;10;10.2;C;2760;Le règlement-livraison d'instruments financiers constitue la dernière étape du processus de traitement d'une transaction. Il est piloté, après la négociation du titre par :;L'établissement teneur de compte;nouvelle;;
13;113;11;11.1;C;2271;Qui est autorisé à diffuser les documents officiels relatifs à une émission de titres sur le marché ?;L'AMF et l'émetteur;nouvelle;;
13;114;11;11.2;C;2297;Une fusion-absorption entre deux sociétés est une opération à l'issue de laquelle;Une seule société conserve une personnalité juridique, l'autre étant dissoute (absorbée);nouvelle;;
13;115;12;12.1;C;2312;Lequel de ces éléments figure dans le compte de résultat?;Les charges financières;nouvelle;;
13;116;12;12.1;C;2764;Dans un bilan, les provisions :;Apparaissent uniquement au passif du bilan;nouvelle;;
13;117;12;12.2;C;2086;Dans quel délai un émetteur ayant acquis, sur le marché ou hors marché, en une ou plusieurs fois, plus de 10 % de titres représentant un même emprunt obligataire doit-il en informer le marché ?;Dans un délai de quatre jours de négociation;nouvelle;;
13;118;12;12.3;C;2361;Le revenu net global soumis à l'impôt sur le revenu est composé de quels revenus ?;Pour tous les contribuables, de tous les revenus qu'ils ont acquis ou qu'ils ont perçus;nouvelle;;
13;119;12;12.3;C;2414;Le total des impôts et prélèvements payés par une personne physique ne doit pas dépasser :;75% de ses revenus nets imposables;nouvelle;;
13;120;12;12.4;C;2379;La plus-value sur les titres de placement réalisée par une entreprise imposée à l'impôt sur les sociétés est :;Soumise à l'impôt sur les sociétés;nouvelle;;
14;1;1;1.1;C;34;L'agrément et le contrôle du respect de la règlementation des établissements de crédit sont assurés par :;L'Autorité de Contrôle Prudentiel et de Résolution;nouvelle;;
14;2;1;1.1;C;23;L'autorité de Contrôle Prudentiel et de résolution (ACPR) est une autorité :;Adossée à la Banque de France;nouvelle;Piège;L'ACPR est juridiquement une autorité administrative indépendante ET adossée à la Banque de France. La base attend « adossée à la Banque de France ».
14;3;1;1.2.1;C;298;Comment appelle-t-on le dispositif qui permet aux PSI agréés d'exercer librement leurs activités dans n'importe quel État membre de l'Union européenne ?;Le passeport européen;nouvelle;;
14;4;1;1.2.1;C;47;L'ESMA (European Securities and Markets Authority) a parmi ses missions de :;Veiller à la stabilité financière de l'Union Européenne;nouvelle;;
14;5;1;1.2.2;C;67;Quelle est la mission essentielle du Fonds Monétaire International ?;Veiller à la stabilité financière et faciliter le commerce international;nouvelle;;
14;6;1;1.3;C;98;Un IOBSP (Intermédiaire en opérations de banque et en services de paiement) est :;Une personne qui, contre rémunération, aide à la conclusion d'opérations de banque ou de services de paiement;nouvelle;;
14;7;1;1.3;C;91;L'inscription au registre de l'ORIAS (Organisme pour le registre unique des intermédiaires en assurance, banque et finance) :;Doit être renouvelée chaque année;nouvelle;;
14;8;1;1.3;C;110;Quels établissements peuvent recevoir un agrément en tant que prestataires de services d'investissement ?;Les établissements de crédit, les entreprises d'investissement et les sociétés de gestion de portefeuille;nouvelle;;
14;9;1;1.5.1;C;150;Dans la zone euro, quel est l'objectif principal de la politique monétaire ?;"La stabilité des prix, définie comme une inflation à moyen terme ""inférieure à, mais proche de 2%""";nouvelle;Réponse dépassée;Cible d'inflation BCE : « inférieure à, mais proche de 2 % » remplacée en juillet 2021 par une cible de 2 % symétrique à moyen terme. À l'examen, si les choix sont identiques, la réponse attendue reste la seule qui mentionne 2 %.
14;10;1;1.5.1;C;288;Un niveau élevé d'inflation et une croissance faible est une :;Stagflation;nouvelle;;
14;11;1;1.5.2;C;208;"La ""liquidité"" d'un marché est étroitement liée au :";Volume de transactions quotidiennes effectuées sur ce marché;nouvelle;;
14;12;1;1.5.2;C;200;Le PIB mondial indicateur économique qui mesure les richesses mondiales créées est :;La somme de tous les PIB nationaux convertis en dollars;nouvelle;;
14;13;1;1.8;C;318;Parmi les services suivants, lequel est défini comme un service d 'investissement ?;La Réception Transmission d 'Ordres (RTO) pour le compte de tiers;nouvelle;;
14;14;1;1.8;C;238;La commission des sanctions de l'AMF peut prononcer des sanctions pécuniaires en cas de manquement :;Au respect de l'intégrité des marchés financiers;nouvelle;;
14;15;2;2.1;A;356;Le dirigeant d'une société de gestion de portefeuille d'OPCVM peut-il exercer la fonction de responsable de la conformité et du contrôle interne?;Oui, dans ce cas il doit également être responsable du contrôle périodique et du contrôle permanent hors conformité;nouvelle;;
14;16;2;2.1;A;349;Le code monétaire et financier impose aux PSI d'agir d'une manière qui :;Sert au mieux l'intérêt du client et respecte l'intégrité des marchés;nouvelle;;
14;17;2;2.2;A;452;Un établissement financier qui exerce différentes activités, par exemple pour compte propre et pour compte de clients :;Doit instaurer des mesures permettant d'empêcher les conflits d'intérêts avec ses clients;nouvelle;;
14;18;2;2.2;A;396;La politique de gestion des conflits d'intérêts appliquée par un PSI est déterminée :;Par le PSI lui-même;nouvelle;;
14;19;2;2.3;A;424;Quand les prestataires de services d'investissement traitent les réclamations des clients, un enregistrement :;Est obligatoire pour la réclamation et les mesures prises;nouvelle;;
14;20;2;2.3;A;425;Constitue une réclamation au sens du Règlement Général de l'Autorité des Marchés Financiers (AMF):;Un appel téléphonique d'un client faisant acte de son mécontentement envers un prestataire ayant fourni un conseil en investissement;nouvelle;;
14;21;3;3;A;727;"L'acronyme anglais KYC qui signifie ""know your customer"" :";Renvoie à la notion de connaissance approfondie d'un client, notamment dans le cadre de la lutte contre le blanchiment des capitaux et le financement du terrorisme;nouvelle;;
14;22;3;3;A;2641;La phase initiale du blanchiment de capitaux s'appelle :;Le placement;nouvelle;;
14;23;3;3;A;529;À qui s'applique la vigilance renforcée ?;"Aux clients ""personnes politiquement exposées (PPE)""";nouvelle;;
14;24;4;4;A;555;La communication d'informations, avant l'annonce d'une transaction, par un émetteur coté à des investisseurs éventuels est-elle systématiquement constitutive d'un abus de marché ?;Non, s'il s'agit d'un sondage de marché dans le respect de règles contraignantes;nouvelle;;
14;25;4;4;A;571;Le front running consiste pour un membre de marché :;A exploiter abusivement des informations ayant trait aux ordres de clients en attente d'exécution;nouvelle;;
14;26;5;5.1;A;2644;Le distributeur d'un instrument financier obtient du producteur des informations nécessaires à la compréhension et la connaissance de l'instrument financier qu'il a l'intention de recommander ou vendre afin que la distribution soit conforme :;Aux besoins, caractéristiques et objectifs du marché cible défini;nouvelle;;
14;27;5;5.1;A;662;Quelle obligation ont les personnes mandatées pour pratiquer des activités de démarchage financier ?;Les démarcheurs financiers doivent pouvoir justifier d'une assurance responsabilité civile professionnelle et posséder une carte de démarchage;nouvelle;;
14;28;5;5.1;A;2691;En matière de vente à distance, le délai de rétractation est, en principe, de :;14 jours;nouvelle;;
14;29;5;5.1;A;628;Quelle autorité est compétente pour prononcer des sanctions disciplinaires en cas de non-respect des règles de démarchage ?;Selon la nature du démarcheur, les sanctions peuvent être prononcées par l'AMF ou par l'ACPR;nouvelle;;
14;30;5;5.2;C;670;"Que contient obligatoirement la rubrique ""profil de risque et de rendement"" du DICI d'un OPCVM français ?";Un indicateur synthétique du risque et du rendement;nouvelle;Réponse dépassée;Depuis le 1er janvier 2023, le DICI des OPCVM est remplacé par le DIC PRIIPs pour les investisseurs non professionnels (indicateur de risque SRI de 1 à 7 et 4 scénarios de performance). Les questions sur le DICI restent dans la base : retiens leurs réponses (remise avant souscription, échelle 1 à 7, frais…), qui valent aussi pour le DIC.
14;31;5;5.2;C;2646;Le DICI est communiqué :;Aux investisseurs préalablement à la souscription;nouvelle;Réponse dépassée;Depuis le 1er janvier 2023, le DICI des OPCVM est remplacé par le DIC PRIIPs pour les investisseurs non professionnels (indicateur de risque SRI de 1 à 7 et 4 scénarios de performance). Les questions sur le DICI restent dans la base : retiens leurs réponses (remise avant souscription, échelle 1 à 7, frais…), qui valent aussi pour le DIC.
14;32;6;6.1.1;A;803;Dans le cadre de la procédure de connaissance de ses clients, le prestataire de services d'investissement autre qu'une société de gestion de portefeuille :;Doit informer ses clients de leur catégorisation en qualité de client non professionnel, de client professionnel ou de contrepartie éligible;nouvelle;;
14;33;6;6.1.1;A;767;La classification d'un client par un PSI (Prestataire de Services d'Investissement) dans la catégorie la moins experte en matière financière a quel effet ?;Le client bénéficie d'un niveau de protection le plus élevé;nouvelle;;
14;34;6;6.1.1;A;1152;Que peut faire le PSI lors de la détermination des objectifs et de l'horizon d'investissement du client ?;Il peut proposer une liste d'objectifs d'investissement;nouvelle;;
14;35;6;6.1.1;A;1128;Quelle catégorie de client ne fait pas partie des définitions contenues dans la directive européenne MIF2 ?;Les prospects;nouvelle;;
14;36;6;6.1.1;A;742;Au regard de la réglementation, un client professionnel est un client qui :;Possède les connaissances, l'expérience et la compétence nécessaires pour prendre ses propres décisions d'investissement et évaluer correctement les risques encourus;nouvelle;;
14;37;6;6.1.2;C;824;Au sein d'une entreprise d'investissement, le secret professionnel :;Interdit la communication d'informations sauf accord du client ou circonstances particulières;nouvelle;;
14;38;6;6.1.2;C;2701;Une «violation de données à caractère personnel» consiste en une violation de la sécurité :;De manière accidentelle ou illicite;nouvelle;;
14;39;6;6.2;A;1030;Les frais liés à un investissement dans un placement collectif :;Sont présentés sous la forme d'un montant global en pourcentage dans le document d'information clé pour l'investisseur (DICI) et en détail dans le prospectus;nouvelle;;
14;40;6;6.2;A;894;Dans quel but le PSI doit-il respecter un ensemble de règles relatives à l'information sur les produits et services ?;Pour les décrire de manière compréhensible par un investisseur moyen;nouvelle;;
14;41;6;6.2;A;884;Si le prix d'une prestation de service d'investissement n'est pas déterminé :;Il faut indiquer au client les modalités de calcul qui permettront de l'établir;nouvelle;;
14;42;6;6.2;A;864;La description des risques que le prestataire de service financier doit fournir au client, varie en fonction :;Du type de client, et donc du niveau de connaissance de celui-ci;nouvelle;;
14;43;6;6.2;A;885;Quel est le délai d'envoi d'un avis d'opération à un client non-professionnel ?;Au plus tard au cours du premier jour ouvrable suivant l'exécution de l'ordre;nouvelle;;
14;44;6;6.3;A;946;Si un PSI est dans l'impossibilité de réaliser le test d'adéquation réglementaire, il peut seulement rendre le service :;De crédit immobilier;nouvelle;;
14;45;6;6.3;A;757;Que doit faire un prestataire de services d'investissement si son client qui a sollicité un conseil en investissement financier ne lui fournit pas les informations demandées ?;Il doit s'abstenir de recommander à ce client des instruments financiers ou de gérer son portefeuille;nouvelle;;
14;46;6;6.3;A;950;Quels sont les deux tests qui permettent aux PSI de formaliser leurs diligences règlementaires vis-à-vis de leurs clients ?;Le test d'adéquation et le test de caractère approprié;nouvelle;;
14;47;6;6.4;A;987;Lorsque les ordres peuvent être exécutés en dehors d'un marché réglementé ou d'un système multilatéral de négociation (SMN) :;Le client doit l'accepter expressément;nouvelle;;
14;48;6;6.4;A;970;Quelle est l'obligation des prestataires de services d'investissement (PSI) en matière de politique d'exécution des ordres ?;Les prestataires de services d'investissement obtiennent le consentement préalable de leurs clients sur leur politique d'exécution des ordres;nouvelle;;
14;49;6;6.4;A;967;A quelle fréquence le PSI réexamine-t-il sa politique de sélection des intermédiaires ?;Annuellement et à chaque modification substantielle;nouvelle;;
14;50;6;6.5;C;1013;Les droits de garde sont :;Prélevés au titre de la conservation des titres;nouvelle;;
14;51;6;6.5;C;1010;Les frais de tenue de compte perçus par la banque :;Peuvent être assortis d'un minimum annuel de perception par compte;nouvelle;;
14;52;6;6.6;C;2714;Un compte bancaire appartenant à plusieurs cotitulaires, sur lequel toutes les opérations (retrait, dépôt…) doivent être validées par tous les cotitulaires est :;Un compte indivis;nouvelle;;
14;53;6;6.7;C;1146;La cessation de paiement est une situation où une entreprise :;Est dans l'impossibilité de faire face à son passif exigible avec son actif disponible;nouvelle;;
14;54;6;6.8;C;1096;Le mécanisme de la garantie des titres est mis en œuvre à l'initiative de :;L'Autorité de Contrôle Prudentiel et de Résolution (ACPR);nouvelle;;
14;55;6;6.8;C;1095;En ce qui concerne les titres, le FGDR intervient à hauteur de :;70 000 € maximum par déposant et par établissement;nouvelle;;
14;56;6;6.9;C;1202;Une option binaire est un instrument financier qui permet de parier sur la manifestation d'un événement spécifié en rapport avec l'évolution du prix, du niveau ou de la valeur d 'un sous-jacent. C 'est un instrument financier :;Complexe et très risqué dont la commercialisation est interdite aux clients non-professionnels en France;nouvelle;;
14;57;7;7.1;C;1211;La volatilité d'un instrument financier est définie généralement à partir de :;L'écart-type des variations de cours;nouvelle;;
14;58;7;7.1;C;1246;Parmi les instruments suivants, lequel représente un titre de propriété ?;Une action;nouvelle;;
14;59;7;7.1;C;1264;Un investisseur qui détient une obligation et qui compte la vendre avant sa maturité encourt :;Un risque de liquidité, risque de marché et un risque de crédit;nouvelle;;
14;60;7;7.2;C;1288;Le PER (Price Earning Ratio) correspond :;Au cours de bourse divisé par le bénéfice net par action;nouvelle;;
14;61;7;7.2;C;1299;Les actions ordinaires confèrent aux détenteurs :;Un droit de vote et un droit au dividende;nouvelle;;
14;62;7;7.2;C;1295;Les actions à droit de vote double permettent à l'actionnaire :;D'avoir deux fois plus de droits de vote qu'avec les actions ordinaires;nouvelle;;
14;63;7;7.3;C;1346;Le taux de rendement actuariel d'une obligation à taux fixe est :;Le taux d'actualisation qui permet d'égaliser le prix de marché avec la somme actuelle des flux futurs;nouvelle;;
14;64;7;7.3;C;2730;Le groupement d'intérêt économique :;Peut émettre des obligations sous certaines conditions;nouvelle;;
14;65;7;7.3;C;1718;Parmi les définitions suivantes, laquelle correspond à celle de l 'actualisation ?;Le calcul de la valeur présente de flux monétaires qui seront versés ou reçus dans le futur;nouvelle;;
14;66;7;7.4;C;1408;Que signifie le sigle EURIBOR ?;Euro Interbank Offered Rate;nouvelle;;
14;67;7;7.4;C;1293;Lequel de ces instruments permet aux émetteurs de se financer sur le marché monétaire :;Les titres de créances négociables;nouvelle;;
14;68;7;7.5;C;1449;La rémunération de la composante obligataire d'une obligation convertible est :;Habituellement plus faible que celle dont pourrait bénéficier l'investisseur de la part d'une obligation classique;nouvelle;;
14;69;7;7.6;C;1480;"L'initiative Priips ( ""Produits d'investissement de détail packagés"" ) de la Commission Européenne :";Se réfère à des produits vendus aux particuliers;nouvelle;;
14;70;7;7.6;C;1488;Les comptes à terme :;Peuvent être à taux fixe, progressif ou variable;nouvelle;;
14;71;7;7.7;C;1711;"L'achat d'une option ""put"" conduit à :";"Verser une prime pour avoir le droit de vendre sur une période déterminée un actif sous-jacent à un prix fixé à l'émission du ""put""";nouvelle;;
14;72;7;7.8;C;1559;Les OPC sont :;Des organismes de placement collectif;nouvelle;;
14;73;7;7.8;C;1545;Pour un OPC appliquant des commissions de rachat, comment calcule-t-on ce prix de rachat ?;En retranchant la commission de rachat de la valeur liquidative;nouvelle;;
14;74;7;7.9;C;1614;L'intermédiation en biens divers est régulée par :;L'Autorité des marchés financiers;nouvelle;;
14;75;7;7.9;C;1695;Les propositions publicitaires d'investissements en biens divers sont soumises à quel type de contrôle ?;Au contrôle préalable de l'AMF;nouvelle;;
14;76;7;7.10;C;1653;Un Initial Coin Offering (ICO) est :;Moyen de lever des fonds contre une crypto-monnaie;nouvelle;;
14;77;7;7.10;C;1654;Qu'est-ce que le Bitcoin ?;Une monnaie virtuelle qui ne s'échange qu'en ligne et reposant sur un protocole informatique;nouvelle;;
14;78;8;8.1;C;1938;Une SGP (Société de Gestion de Portefeuilles) est tenu d'avoir :;Un responsable de la conformité;nouvelle;;
14;79;8;8.2.1;C;1759;Quelles sont les obligations des OPCVM en matière de souscription et de rachat ?;Les parts ou actions sont émises et rachetées à la demande des porteurs;nouvelle;;
14;80;8;8.2.2;C;2033;Le ratio d 'information est une mesure de qualité de performance d 'un fonds qui prend en compte la volatilité de la performance du portefeuille par rapport à son indice de référence. C 'est une mesure très utilisée pour mesurer la qualité de gestion dans le cadre d 'une :;Gestion benchmarkée;nouvelle;;
14;81;8;8.2.2;C;1768;L'écart entre la performance d'un actif financier et celle d'un indice de référence sur une même période correspond à la :;Performance relative;nouvelle;;
14;82;8;8.4;C;874;Le PSI doit-il gérer les risques au niveau de chaque portefeuille individuel ?;Oui;nouvelle;;
14;83;8;8.4;C;1944;"Le concept de ""pré-commercialisation"" des OPCVM (Organismes de Placement Collectif en Valeurs Mobilières) et FIA (Fonds d'Investissement Alternatifs) permet de :";Tester l'appétence du fonds par les investisseurs avant de le commercialiser;nouvelle;;
14;84;8;8.5;C;1870;Quelle est la durée de vie d'un fonds européen d'investissement de long terme (FEILT ou ELTIF) ?;Une durée de vie cohérente pour couvrir le cycle de vie des actifs du fonds;nouvelle;;
14;85;8;8.5;C;2037;Les Fonds d 'Investissement de Proximité (FIP) :;Doivent investir au moins 70% de leur montant dans des PME situées dans une zone géographique définie par la société de gestion;nouvelle;;
14;86;8;8.5;C;2003;Le prospectus d'un OPCVM peut-il prévoir différentes catégories de parts ou d'actions ?;OUI;nouvelle;;
14;87;8;8.6;C;1883;La gestion active d'un fonds d'investissement consiste à :;Choisir chacun des titres composant le portefeuille, dans le but d'obtenir une performance supérieure à celle du marché;nouvelle;;
14;88;8;8.7;C;2464;Quelles entreprises doivent faire une déclaration de performance extra-financière (DPEF) ?;Les sociétés cotées de plus de 500 salariés, et un bilan supérieur à 20 millions d'euros, ou un chiffre d'affaires supérieur à 40 millions d'euros et les sociétés non cotées de plus de 500 salariés, et un bilan ou un chiffre d'affaires supérieur à 100 millions d'euros;nouvelle;Contexte;"Seuils de la DPEF (500 salariés, 20 M€ de bilan ou 40 M€ de CA pour les cotées ; 100 M€ pour les non cotées) : régime remplacé par la CSRD (rapport de durabilité). Retiens les seuils de la base pour cette question."
14;89;8;8.7;C;2543;"Les produits ""Investissement Socialement Responsable"" (ISR) sont disponibles auprès :";De réseaux de distribution bancaires et financiers;nouvelle;;
14;90;8;8.7;C;1894;Qu'est ce qu'un fonds solidaire ?;Un fonds dont une partie est investie dans des projets dits d'utilité sociale;nouvelle;;
14;91;8;8.7;C;2006;Que signifie le sigle ESG ?;Il définit les critères Environnementaux, Sociaux et de Gouvernance pour les ISR;nouvelle;;
14;92;8;8.7;C;2514;Quelle norme de standard international définit le périmètre de la responsabilité sociétale des entreprises (RSE) ?;La norme ISO 26000;lot 1;;
14;93;8;8.7;C;2617;"Le label ""Relance"" concerne les fonds qui s’engagent à soutenir les fonds propres et quasi-fonds propres des entreprises françaises :";Cotées et non cotées;lot 1;;
14;94;8;8.7;C;2790;Les critères ESG sont divisés :;En 3 piliers;lot 1;;
14;95;8;8.7;C;2618;Le label « Relance » permet aux investisseurs d’identifier les organismes de placement collectifs (OPC) :;Qui financent des entreprises françaises, cotées ou non;lot 1;;
14;96;8;8.7;C;2534;Le label ISR (investissement socialement responsable) impose une transparence renforcée. Notamment :;Un rapport sur la gestion ESG doit être communiqué aux investisseurs sur une base au moins annuelle;lot 1;;
14;97;8;8.7;C;2548;L'approche Best in Class permet de créer un portefeuille diversifié en privilégiant les entreprises les mieux notées d'un point de vue extra-financier au sein de leur secteur d'activité :;Sans exclure a priori aucun secteur;lot 1;;
14;98;8;8.7;C;1893;Le label GreenFin autorise-t-il l'utilisation d'instruments financiers dérivés ?;Oui mais cette utilisation doit se limiter à des techniques permettant une gestion efficace du portefeuille de titres, et ne doit pas avoir pour effet de dénaturer significativement ou durablement la politique d'investissement du fonds;lot 1;;
14;99;8;8.7;C;2519;Comment définit-on la finance verte ?;Comme l'ensemble des actions et opérations financières qui favorisent la transition énergétique et la lutte contre le réchauffement climatique;lot 1;;
14;100;8;8.7;C;2465;Parmi ces propositions, laquelle définit le mieux ce que sont les critères ESG ?;Des critères d'analyse de performance extra financière;lot 1;;
14;101;8;8.7;C;2785;Les agences de notation extra-financière sont chargées d'évaluer :;La politique sociale et environnementale d’un acteur économique;lot 1;;
14;102;8;8.7;C;2495;La notation extra-financière :;Intègre les comportements environnementaux et sociaux d'une entreprise;lot 1;;
14;103;9;9.1;C;2044;Que permet le SRD (Service à Règlement Différé) aux investisseurs ?;De régler les titres achetés ou de livrer les titres vendus en fin de mois boursier;nouvelle;;
14;104;9;9.1;C;2204;"En France, le marché des actions ""Euronext Access"" est dédié :";Essentiellement aux petites et moyennes entreprises qui ne sont pas admises sur le marché réglementé;nouvelle;;
14;105;9;9.2;A;2056;Quel est l'intérêt pour un investisseur de passer un ordre indexé ?;L'ordre indexé permet à l'investisseur de bénéficier en permanence de la meilleure demande ou de la meilleure offre disponible dans le carnet d'ordres central;nouvelle;;
14;106;9;9.2;A;2063;Concernant le carnet d'ordres, quelle affirmation est exacte ?;Les ordres sont exécutés en priorité en fonction du prix;nouvelle;;
14;107;9;9.3;C;2084;Les gestionnaires de systèmes assurant la cotation de valeurs en continu doivent publier :;Au moins les cinq meilleures limites de prix à l'achat et à la vente sur ces valeurs;nouvelle;;
14;108;9;9.4;C;2135;Le teneur de marché sur Euronext Paris:;Est doté d'un accès direct et continu à la négociation des ordres et transmet en continu des prix à l'achat et à la vente;nouvelle;;
14;109;9;9.5;C;2148;En Europe, la création de systèmes consolidés de publication, regroupant des transactions exécutées sur plusieurs plate-formes :;Est possible et encadrée réglementairement;nouvelle;;
14;110;10;10.1;C;2251;Lorsque des titres financiers sont conservés directement au nom de l'actionnaire par la société émettrice, on parle de :;Nominatif pur;nouvelle;;
14;111;10;10.1;C;2215;"Que signifie l'expression de ""nominatif administré"" ?";L'inscription des titres dans le registre des titres nominatifs de l'émetteur et la gestion des titres par l'intermédiaire financier de l'actionnaire;nouvelle;;
14;112;10;10.2;C;2237;"Les règlements imputés dans les comptes de la Banque Centrale sont dits ""en monnaie banque centrale"" . Ces règlements sont :";Irrévocables;nouvelle;;
14;113;11;11.1;C;2270;Sur les plateformes de financement participatif, les investisseurs peuvent financer des projets sous forme :;D'achat d'actions, de prêts ou de dons;nouvelle;;
14;114;11;11.2;C;2286;Laquelle des propositions suivantes ne constitue pas une modalité d'augmentation du capital social d'une société anonyme ?;La division du nominal de l'action de cette société;nouvelle;;
14;115;12;12.1;C;2396;Le ratio capitaux propres/ actif est un indicateur de :;L'autonomie financière de l'entreprise;nouvelle;;
14;116;12;12.1;C;2427;Le taux de rentabilité financière des fonds propres est calculé comme :;Le résultat net divisé par les fonds propres;nouvelle;;
14;117;12;12.2;C;2627;Sous quelle forme de publication le document d’enregistrement universel (URD) peut-il être présenté ?;Il peut prendre la forme d’un document spécifique ou d’un rapport financier annuel destiné aux actionnaires, lorsque celui-ci contient toutes les informations requises par l’AMF;nouvelle;;
14;118;12;12.3;C;2351;Comment sont imposés les dividendes encaissés par des personnes physiques ?;Soit au prélèvement forfaitaire unique (PFU), soit au barème progressif de l'impôt sur le revenu;nouvelle;;
14;119;12;12.3;C;2372;Comment se détermine le quotient familial ?;A partir du rapport entre le revenu net imposable et le nombre de parts;nouvelle;;
14;120;12;12.4;C;2433;Le bénéfice des sociétés est soumis :;A l'impôt sur les sociétés ou à l'impôt sur le revenu selon le statut de l'entreprise concernée;nouvelle;;
15;1;1;1.1;C;1079;Le Comité Consultatif du Secteur Financier (CCSF) a pour fonction :;D'étudier les questions liées aux relations entre les établissements financiers et leurs clientèles;nouvelle;;
15;2;1;1.1;C;2669;Le collège de l’AMF est composé de 16 membres dont :;Un magistrat de la Cour des comptes, proposé par le premier président de la Cour des comptes;nouvelle;;
15;3;1;1.2.1;C;309;En cas de crise bancaire, qui peut saisir l'ACPR pour entamer une résolution ?;Le Gouverneur de la Banque de France ou le Directeur Général du Trésor;nouvelle;;
15;4;1;1.2.1;C;57;Au niveau européen, il existe deux organes de régulation pour la banque et l'assurance, lesquels ?;L'EBA et l'EIOPA;nouvelle;;
15;5;1;1.2.2;C;299;Parmi les organisations suivantes, laquelle appartient à l'architecture internationale de la régulation financière ?;Le Comité de Bâle;nouvelle;;
15;6;1;1.3;C;323;"Le sigle CGPI signifie ""Conseiller en Gestion de Patrimoine Indépendant"" , il s 'agit :";D 'un statut qui n 'a pas d 'existence légale et ne donne aucun droit à celui qui s 'en prévaut;nouvelle;;
15;7;1;1.3;C;2672;Les sociétés de gestion de portefeuille ont un agrément délivré par :;L'AMF;nouvelle;;
15;8;1;1.3;C;115;Quelle obligation est commune aux Conseillers en Investissements Financiers (CIF) et aux Conseillers en Investissements Participatifs(CIP) ?;L'immatriculation sur le registre unique prévu à l'article L512-1 du Code des Assurances (ORIAS);nouvelle;Réponse dépassée;Mentionne les CIP, statut supprimé depuis le 10/11/2023 (ECSP). Le CIF reste immatriculé à l'ORIAS : la réponse « ORIAS » reste juste.
15;9;1;1.5.1;C;303;Dans le domaine financier, qu'est-ce que le risque systémique ?;Il s'agit d'un risque de perturbation dans le système financier susceptible d'avoir de graves répercussions sur le marché intérieur et l'économie réelle;nouvelle;;
15;10;1;1.5.1;C;153;La BCE (Banque Centrale Européenne) conduit une politique monétaire commune pour :;Les pays de la zone euro;nouvelle;;
15;11;1;1.5.2;C;202;Par rapport aux marchés financiers des pays développés, les marchés financiers émergents présentent globalement un niveau de risque :;Supérieur;nouvelle;;
15;12;1;1.5.2;C;182;On dit qu'un actif financier est volatil lorsque :;L'ampleur des variations du cours de cet actif financier est importante;nouvelle;;
15;13;1;1.8;C;255;Quelle règle s'applique à une entreprise qui ne fournit des services d'investissement qu'aux personnes morales faisant partie de son propre groupe ?;Elle n'est pas soumise à une procédure d'agrément;nouvelle;;
15;14;1;1.8;C;261;Qui peut être sanctionné par l'AMF?;Les personnes physiques et morales au titre de tout manquement de nature à porter atteinte à la protection des investisseurs ou au bon fonctionnement du marché;nouvelle;;
15;15;2;2.1;A;264;Parmi les fonctions suivantes exercées au sein d'une société de gestion de portefeuille, laquelle nécessite une carte professionnelle délivrée par l'AMF ?;Le Responsable de la Conformité et du Contrôle Interne (RCCI);nouvelle;;
15;16;2;2.1;A;237;Quelle fonction, parmi les suivantes, fait partie des fonctions dites'réglementées'?;Responsable de la conformité et du contrôle interne;nouvelle;;
15;17;2;2.2;A;374;A quoi sert une liste de surveillance?;A recenser les émetteurs et les instruments financiers sur lesquels le PSI dispose d'une information privilégiée;nouvelle;;
15;18;2;2.2;A;2594;Un lanceur d'alerte salarié d'une entreprise doit effectuer son signalement :;Directement aux autorités s'il y a urgence;nouvelle;Contexte;Loi Waserman (2022) : le lanceur d'alerte choisit librement le signalement interne OU externe (autorité). La réponse « directement aux autorités s'il y a urgence » reste la seule juste parmi les choix.
15;19;2;2.3;A;467;La procédure de traitement des réclamations au sein des PSI implique que le client puisse d 'abord présenter sa réclamation à son interlocuteur habituel avant de se tourner vers un service dédié au traitement des réclamations. Ce service doit être autant que possible :;Séparé des équipes opérationnelles pouvant être mises en cause;nouvelle;;
15;20;2;2.3;A;414;Entre dans le champ de compétence du médiateur de l'AMF en cas de litige :;L'épargne salariale;nouvelle;;
15;21;3;3;A;502;Dans une opération ou transaction dans laquelle l'identité du client a été validée, le montant de l'opération ou de la transaction est faible, les fonds en vue de l'opération ou de la transaction proviennent d'un établissement de crédit, le professionnel;Reste soumis aux obligations de vigilance standard en matière d'identification du client et de l'obligation déclarative éventuelle de soupçon;nouvelle;;
15;22;3;3;A;1127;Quand doit-on vérifier les renseignements obligatoires dans le cadre de l'obligation légale de connaitre son client pour l'ouverture d'un compte ?;Les renseignements obligatoires doivent être vérifiés au plus tard avant la première opération sur le compte;nouvelle;;
15;23;3;3;A;533;Quelle est la mission de TRACFIN ?;Recueillir et analyser les déclarations de soupçon transmises par les organismes financiers et non financiers;nouvelle;;
15;24;4;4;A;577;Une information privilégiée est :;Une information précise qui n'a pas été rendue publique, et qui, si elle était rendue publique, serait susceptible d'avoir une influence sensible sur le cours des instruments financiers qui lui sont liés;nouvelle;;
15;25;4;4;A;547;Le market timing correspond :;A une opération d'arbitrage sur la valeur liquidative d'un fonds d'investissement;nouvelle;;
15;26;5;5.1;A;687;Envers quels types de personnes le démarchage bancaire et financier peut-il s'exercer ?;Il peut s'exercer aussi bien envers des personnes physiques que des personnes morales;nouvelle;;
15;27;5;5.1;A;683;Lorsqu'il recommande des produits financiers, le conseiller :;Doit proposer des produits en adéquation avec le profil de chaque client;nouvelle;;
15;28;5;5.1;A;712;Si un client souhaite réaliser une transaction sur un instrument financier ou souscrire à un service lui permettant de réaliser des transactions sur instruments financiers, dans quel cas, dispose-t-il d 'un délai de réflexion de 48h ?;Si le service ou la transaction a été réalisé suite à une action de démarchage;nouvelle;;
15;29;5;5.1;A;671;Toutes les informations adressées par un Prestataire de Services d'Investissement, autre qu'une Société de Gestion de Portefeuille, à des clients, notamment potentiels, présentent :;Un contenu clair, exact et non trompeur, les communications à caractère promotionnel étant clairement identifiables;nouvelle;;
15;30;5;5.2;C;650;Quels sont les produits concernés par le DICI (Document d'Information Clé pour l'Investisseur) ?;Les OPCVM (Organismes de Placement Collectif en Valeurs Mobilières);nouvelle;Réponse dépassée;Depuis le 1er janvier 2023, le DICI des OPCVM est remplacé par le DIC PRIIPs pour les investisseurs non professionnels (indicateur de risque SRI de 1 à 7 et 4 scénarios de performance). Les questions sur le DICI restent dans la base : retiens leurs réponses (remise avant souscription, échelle 1 à 7, frais…), qui valent aussi pour le DIC.
15;31;5;5.2;C;649;Le document clé de l'investisseur (DICI) doit être visé par :;L'autorité des marchés financiers (AMF);nouvelle;Réponse dépassée;Depuis le 1er janvier 2023, le DICI des OPCVM est remplacé par le DIC PRIIPs pour les investisseurs non professionnels (indicateur de risque SRI de 1 à 7 et 4 scénarios de performance). Les questions sur le DICI restent dans la base : retiens leurs réponses (remise avant souscription, échelle 1 à 7, frais…), qui valent aussi pour le DIC.
15;32;6;6.1.1;A;788;Que doit faire le PSI lorsqu'un client apporte des réponses manifestement incohérentes lors du questionnaire ?;Le PSI doit être capable de les identifier et d'attirer l'attention du client sur cette situation;nouvelle;;
15;33;6;6.1.1;A;799;Quelles sont les obligations des Prestataires de Services d'Investissements (PSI) en matière de connaissance du client non professionnel ?;Déterminer les connaissances et expérience du client en matière d'investissements financiers;nouvelle;;
15;34;6;6.1.1;A;786;La catégorisation des clients est faite par :;Le prestataire de services financiers;nouvelle;;
15;35;6;6.1.1;A;1162;"Depuis la mise en place de Directive européenne 2004/39/CE dite ""Marchés d'Instruments Financiers"" , les clients sont en droit de connaître la catégorie de classification à laquelle ils appartiennent :";Dans tous les cas;nouvelle;;
15;36;6;6.1.1;A;723;Les catégorisations de clients suivantes sont possibles : 1. Client professionnel 2. Client non professionnel 3. Contrepartie non éligible;"1 et 2
A. 1 et 2
B. 2 et 3
C. 1, 2 et 3";nouvelle;;
15;37;6;6.1.2;C;256;Les sanctions pénales encourues par un salarié d'une banque violant le secret professionnel sont :;Un an d'emprisonnement et 15 000 euros d'amende;nouvelle;;
15;38;6;6.1.2;C;817;A quel objectif répond l'enregistrement des conversations téléphoniques par un PSI ?;Pour faciliter le contrôle de la régularité et de la conformité des opérations effectuées;nouvelle;;
15;39;6;6.2;A;932;Quelle indication sur les frais doit apparaître dans le cas où l'information sur un instrument financier fait état de performances passées ?;Il faut indiquer l'effet des frais et commissions sur la performance;nouvelle;;
15;40;6;6.2;A;906;Dans le cadre d'un conseil en investissements financiers, l'information ex-post sur les coûts doit être fournie au client sur une base :;Annuelle;nouvelle;;
15;41;6;6.2;A;1175;Lorsqu 'un Prestataire de Services d 'Investissement (PSI) propose un service d 'investissement à ses clients non-professionnels, il a l 'obligation de leur communiquer un ensemble d 'informations pour qu 'ils prennent leur décision en connaissance de cause. Parmi les informations suivantes, laquelle doit être obligatoirement communiquée ?;Les coûts et l 'ensemble des frais induits par l 'instrument financier;lot 1;;
15;42;6;6.2;A;1011;L'information que le PSI doit fournir à son client sur les frais relatifs à l'instrument financier souscrit doit porter :;Sur l'ensemble des frais et taxes de manière détaillée;lot 1;;
15;43;6;6.2;A;1177;Lorsqu 'il propose des services d 'investissements, quelle information parmi les suivantes, le Prestataire de Services d 'Investissement (PSI) doit-il communiquer à ses clients non professionnels ?;Si le prix total à payer par le client n 'est pas encore connu, sa base de calcul, permettant au client de le vérifier;lot 1;;
15;44;6;6.3;A;2616;Les prestataires de services d'investissement qui reçoivent des rémunérations, commissions ou avantages non monétaires en rapport avec la fourniture d’un service d’investissement ou d’un service connexe :;Doivent fournir au moins une fois par an à leurs clients une information individualisée portant sur le montant réel du ou des paiements ou avantages reçus;nouvelle;;
15;45;6;6.3;A;931;"Pour un PSI, servir au mieux ""l'intérêt du client"" repose sur quel type d'obligation ?";Une obligation de moyens;nouvelle;;
15;46;6;6.3;A;916;Dans quel cas le PSI n'est-il pas tenu d'évaluer si l'instrument financier ou le service est adapté au client ?;Lors de la fourniture du service d'exécution simple des ordres;nouvelle;;
15;47;6;6.4;A;2705;La politique d'exécution :;Contient des informations générales et standard;nouvelle;;
15;48;6;6.4;A;966;"Qu'impose l'obligation de ""meilleure exécution"" au PSI ?";L'obligation de mettre en œuvre tous les moyens possibles pour garantir les meilleures conditions en termes de prix, rapidité et montants;nouvelle;;
15;49;6;6.4;A;1134;Parmi les propositions suivantes, laquelle peut constituer un lieu d'exécution des ordres ?;Un internalisateur systématique;nouvelle;;
15;50;6;6.5;C;2119;La Directive sur les Marchés d'Instruments Financiers (Directive MIF) impose entre autres :;La séparation de la facturation entre des frais de recherche/d'analyse et les commissions de négociation;nouvelle;;
15;51;6;6.5;C;1005;Comment sont calculés les frais de transaction sur achat et vente de titres (actions ou obligations) ?;"Ils sont libres et respectent le cadre juridique de la ""publicité des tarifs bancaires""";lot 1;;
15;52;6;6.6;C;1041;Le compte joint peut être ouvert entre plusieurs personnes :;Pas nécessairement parentes;nouvelle;;
15;53;6;6.7;C;1064;Une entreprise est en cessation des paiements :;Lorsque son actif disponible ne peut pas couvrir son passif exigible;nouvelle;;
15;54;6;6.8;C;1156;Quel est le délai d'indemnisation des déposants par le Fonds de garantie des dépôts et de résolution ?;7 jours ouvrables;lot 1;;
15;55;6;6.8;C;1074;La réglementation sur les pratiques commerciales trompeuses vise essentiellement à protéger :;Les clients des prestataires de services d'investissement;lot 1;;
15;56;6;6.9;C;1125;Quelles sont les catégories de contrats financiers visés par le mécanisme d'interdiction de la publicité instauré par la Loi Sapin II ?;Les options binaires, les CFD et les contrats financiers sur devises sont les catégories de contrats financiers visés par la Loi Sapin II;nouvelle;;
15;57;7;7.1;C;1221;Le risque de dysfonctionnement du marché est un risque :;Opérationnel;nouvelle;;
15;58;7;7.1;C;2608;Qu'est-ce que le risque de durabilité ?;C'est un événement ou une situation dans le domaine environnemental, social ou de la gouvernance qui, s’il survient, pourrait avoir une incidence négative importante, réelle ou potentielle, sur la valeur de l’investissement;nouvelle;;
15;59;7;7.1;C;1263;Un investisseur en euros qui acquiert une obligation libellée en dollars et qui compte la garder jusqu'à l'échéance encourt :;Des risques de change et de crédit;nouvelle;;
15;60;7;7.2;C;1310;Lorsqu'une société distribue une part de ses bénéfices, la somme éventuelle revenant à chaque actionnaire s'appelle :;Un dividende;nouvelle;;
15;61;7;7.2;C;1282;La volatilité d'une action est une :;Mesure statistique de son risque;nouvelle;;
15;62;7;7.2;C;1722;Pour déterminer le prix auquel un investisseur peut acheter une action à un moment donné sur un marché donné, quelle information parmi les suivantes est la plus pertinente ?;Les niveaux de prix proposés par les vendeurs en attente dans le carnet d 'ordres;nouvelle;;
15;63;7;7.3;C;1340;Le coupon couru d'une obligation est calculé à partir :;Du taux nominal (ou facial) de l'obligation;nouvelle;;
15;64;7;7.3;C;1381;Comment évolue généralement la valeur d'une obligation à taux fixe sur le marché secondaire ?;Elle baisse lorsque les taux d'intérêt de marché augmentent;nouvelle;;
15;65;7;7.3;C;1372;L'intérêt versé périodiquement sur une obligation, est calculé en appliquant le taux facial :;A la valeur nominale;nouvelle;;
15;66;7;7.4;C;1430;Les titres de créances négociables sont émis :;Sur le marché monétaire;nouvelle;;
15;67;7;7.4;C;1439;Les Titres de Créances Négociables (TCN) sont :;Des instruments financiers;nouvelle;;
15;68;7;7.5;C;1451;Un bon de souscription d'action permet à l'investisseur :;D'acheter des actions à un prix déterminé à l'avance;nouvelle;;
15;69;7;7.6;C;1507;Le taux du livret jeune est :;Librement fixé par chaque établissement bancaire mais ne peut être inférieur à 0,75 %;nouvelle;Réponse dépassée;"Le taux du livret jeune est libre mais ne peut pas être inférieur au taux du livret A. Les 0,75 % de la base correspondent à l'ancien taux du livret A ; la question figure d'ailleurs aussi dans la liste des questions supprimées."
15;70;7;7.6;C;1482;Les fonds investis dans un compte à terme :;Peuvent être débloqués si le contrat le prévoit, avec éventuellement des pénalités;nouvelle;;
15;71;7;7.7;C;1514;Les produits dérivés :;Sont des produits dont la valeur fluctue en fonction d'un actif appelé sous-jacent;nouvelle;;
15;72;7;7.8;C;1561;Que signifie l'acronyme SICAV ?;Société d'Investissement À Capital Variable;nouvelle;;
15;73;7;7.8;C;1550;Que signifie l'acronyme FIA ?;Fonds d'investissement alternatif;nouvelle;;
15;74;7;7.9;C;1608;L'AMF contrôle les documents d'information des investissements en biens divers :;A priori pour tous les biens divers;nouvelle;;
15;75;7;7.9;C;1615;Toute personne qui propose à un ou plusieurs clients ou clients potentiels d'acquérir des droits sur un ou plusieurs biens en mettant en avant la possibilité d'un rendement financier direct ou indirect ou ayant un effet économique similaire est :;Intermédiaire en biens divers;nouvelle;;
15;76;7;7.10;C;1709;Les sociétés émettrices réalisant des offres au public de jetons (Initial Coin Offerings ICO) :;Peuvent solliciter le visa de l 'AMF avant de réaliser un ICO;nouvelle;Réponse dépassée;Régime français des ICO (loi PACTE, visa AMF optionnel) remplacé par le règlement européen MiCA (applicable depuis le 30/12/2024) : pour une offre au public de crypto-actifs, un livre blanc est obligatoire et notifié à l'autorité. Réponse de la base : visa optionnel.
15;77;7;7.10;C;2600;Les PSAN (Prestataires de Services sur actifs Numériques) sont tenus d'appliquer les mesures de gel des avoirs :;Sur tous les actifs numériques qu'ils gèrent;nouvelle;;
15;78;8;8.1;C;1734;Un dépositaire français d'OPC doit, entre autres :;Surveiller les flux de liquidités des OPC;nouvelle;;
15;79;8;8.2.1;C;1760;La gestion discrétionnaire :;S'adresse à des clients uniques;nouvelle;;
15;80;8;8.2.2;C;1765;Un administrateur peut-il externaliser les fonctions liées à la fourniture d'un indice de référence ?;Oui, à condition que cette externalisation ne compromette pas significativement le contrôle qu'il exerce sur cette fourniture ou la capacité de l'autorité compétente concernée à surveiller cet indice de référence;nouvelle;;
15;81;8;8.2.2;C;2014;Qu'est-ce qu'un indice de référence (Benchmark) pour un OPC ?;Une référence qui sert d'objectif à atteindre et avec laquelle seront comparées les performances obtenues;nouvelle;;
15;82;8;8.4;C;2615;Dans la cadre de la gestion de FIA (Fonds d'investissement alternatifs), une société de gestion de portefeuille :;Doit identifier tous les conflits d'intérêts existants et potentiels susceptibles d'influencer la gestion des FIA;nouvelle;;
15;83;8;8.4;C;2018;Un fonds qui n 'est pas un OPCVM mais dont le gérant ne remplit pas les critères pour pouvoir faire agréer ou enregistrer l 'OPC comme Fonds d 'Investissement Alternatif est :;"Classé dans une troisième catégorie ""autres placements collectifs""";nouvelle;;
15;84;8;8.5;C;2028;Un Organisme de Placement Collectif (OPC) qui reverse à ses actionnaires ou porteurs de parts les rémunérations qu 'il perçoit des instruments financiers dans lesquels il est investi est appelé un OPC :;De distribution;nouvelle;;
15;85;8;8.5;C;1980;Les organismes de titrisation :;Ne sont pas soumis aux ratios d'investissement réglementaires;nouvelle;;
15;86;8;8.5;C;1832;Que peut-on dire d'un porteur d'OPC ?;S'il s'agit d'une SICAV, le porteur est actionnaire;nouvelle;;
15;87;8;8.6;C;1872;Un fonds investi uniquement dans des titres d'entreprises spécialisées dans le développement de Sources d'énergie alternatives (à l'exception de tout autre type de stratégie) est : 1. Un fonds à gestion thématique 2. Un fonds à gestion alternative 3. Un fonds à gestion indicielle;1 uniquement;nouvelle;;
15;88;8;8.7;C;2478;"Que signifie l'approche ""Best in universe"" pour un gérant ?";La sélection d'entreprises ayant les meilleures pratiques de développement durable indépendamment de leur secteur d'activité;lot 1;;
15;89;8;8.7;C;2497;Parmi les propositions suivantes, quelle est celle qui décrit une procédure d'investissement ISR existante :;Best Effort;lot 1;;
15;90;8;8.7;C;2467;"Les bases d'un ""marché carbone"" , pour limiter les émissions de gaz responsables du changement climatique ont été établies lors :";Du protocole de Kyoto en 1997;lot 1;;
15;91;8;8.7;C;1937;Quelles entreprises sont soumises à l'obligation d'intégrer une déclaration de performance extra-financière à leur rapport de gestion ?;Cela concerne les sociétés dont les titres sont admis aux négociations sur un marché réglementé ainsi que les sociétés non cotées qui dépassent certains seuils fixés par décret;lot 1;Contexte;"La DPEF a été remplacée par le « rapport de durabilité » de la directive CSRD (ordonnance de décembre 2023, premiers rapports en 2025 pour les plus grandes entreprises ; le paquet Omnibus de 2025 a reporté et réduit le champ). La définition donnée par la base reste valable."
15;92;8;8.7;C;2496;La France est un des rares pays à mettre en avant la gestion ISR :;C'est faux, la gestion ISR se développe en Europe mais aussi en Amérique du nord et en Asie;lot 2;;
15;93;8;8.7;C;2522;En matière d'approche ISR, que signifie l'exclusion sectorielle?;Le fait d'exclure de l'univers d'investissement d'un fonds ISR, des entreprises ayant un comportement néfaste pour l'homme ou l'environnement;lot 2;;
15;94;8;8.7;C;1886;La gestion dont l'objectif est de systématiquement prendre en compte des critères liés à l'environnement, au social et à la gouvernance est :;Une gestion ISR;lot 2;;
15;95;8;8.7;C;1920;Dans le cadre de la gestion ISR, l'approche Best-in-Universe consiste à sélectionner selon les critères ESG :;Les entreprises les mieux notées, indépendamment de leur secteur d'activité, les secteurs les plus vertueux étant sur-représentés;lot 2;;
15;96;8;8.7;C;1911;Quelle affirmation est exacte concernant un placement ISR ?;Elle est un placement soumis aux aléas du marché;lot 2;;
15;97;8;8.7;C;2469;L'approche ESG :;Doit s'appuyer sur des critères objectifs;lot 2;;
15;98;8;8.7;C;2451;Qu'est-ce qu'un Green Bond ?;Une obligation pour laquelle les fonds levés sont exclusivement orientés vers des projets environnementaux;lot 2;;
15;99;8;8.7;C;2609;Quand l’objectif d’investissement d'un produit s’inscrit dans une optique durable et que ses caractéristiques environnementales ou sociales sont mises en avant, l’intermédiaire financier :;Doit détailler les différences avec un produit ou un indice de marché large comparable, et expliquer ainsi ses objectifs spécifiques de développement durable;lot 2;;
15;100;8;8.7;C;2542;"Parmi les différentes approches de l'investissement socialement responsable (ISR), que signifie la sélection ""best-in-universe"" ?";Investir dans les meilleurs émetteurs d'un point de vue des critères environnementaux, sociaux et de gouvernance (ESG), indépendamment de leur secteur d'activité.;lot 2;;
15;101;8;8.7;C;2446;Les bénéfices générés par une entreprise sociale et solidaire sont principalement consacrés :;Au développement de l'activité de l'entreprise;lot 2;;
15;102;8;8.7;C;1909;La finance verte a pour objectif :;De favoriser l'accélération de la transition énergétique et la lutte contre le réchauffement climatique;lot 2;;
15;103;9;9.1;C;2675;Euronext est :;Une entreprise privée;nouvelle;;
15;104;9;9.1;C;2050;Un Système Multilatéral de Négociation (SMN) a pour principale mission :;D'assurer la rencontre de multiples intérêts acheteurs et vendeurs sur des instruments financiers;nouvelle;;
15;105;9;9.2;A;2078;En phase de préouverture,quelle information est diffusée par Euronext ?;Euronext diffuse au fil de l'eau un cours prévisionnel d'ouverture;nouvelle;;
15;106;9;9.2;A;2133;Pour les ordres à cours limité :;Ils ne peuvent être exécutés qu'à la limite de prix fixée ou à un meilleur cours;nouvelle;;
15;107;9;9.3;C;2755;Les transactions pour lesquelles le LEI n'est pas obligatoire portent :;Sur les parts sociales;nouvelle;;
15;108;9;9.4;C;2092;L'activité de tenue de marché sur un ou plusieurs instruments financiers admis sur une plate-forme de négociation :;Nécessite la conclusion d'un accord entre le membre de marché et le gestionnaire de la plate-forme de négociation;nouvelle;;
15;109;9;9.5;C;2128;Laquelle des propositions suivantes est vraie ?;Reuters est une agence d'information et Moody's est une agence de notation;nouvelle;;
15;110;10;10.1;C;2244;Quelle est la définition correcte de la gestion du passif d'un OPC ?;La réception et l'enregistrement des ordres de souscription et rachat d'un OPC;nouvelle;;
15;111;10;10.1;C;2231;Le dépositaire d'OPCVM a essentiellement pour fonctions;La conservation des actifs pour le compte de l'OPCVM et le contrôle de la régularité des actes de gestion de l'OPCVM;lot 1;;
15;112;10;10.2;C;2214;Le règlement EMIR porte principalement sur quel type d'activité ?:;Les marchés dérivés de gré à gré;nouvelle;;
15;113;11;11.1;C;2274;Lors de l'admission aux négociations sur un marché réglementé français, un émetteur doit rédiger un prospectus. Quelle règle doit respecter ce prospectus ?;Il doit contenir les informations permettant aux investisseurs d'évaluer le patrimoine, la situation financière, le résultat et les perspectives de l'émetteur ainsi que les droits attachés aux titres et les conditions d'émission de ces derniers;nouvelle;;
15;114;11;11.2;C;2125;Lors des introductions en bourse et dans le cadre de l'offre à prix ouvert :;La quasi-totalité des ordres, particuliers ou professionnels sont révocables;nouvelle;;
15;115;12;12.1;C;2332;Le bilan comptable d'une entreprise :;Décrit séparément les éléments actifs et passifs de l'entreprise, et fait apparaître, de façon distincte, les capitaux propres;nouvelle;;
15;116;12;12.1;C;2401;"Dans le compte de résultat, on désigne par ""charges"" :";Les biens et services consommés par l'entreprise dans son processus d'exploitation;nouvelle;;
15;117;12;12.2;C;2422;"Un ""profit warning"" est un avertissement sur les résultats qui doit se faire quand ils sont :";L'un ou l'autre;nouvelle;;
15;118;12;12.3;C;2375;Dans le cadre de l'assurance-vie, un contribuable célibataire peut bénéficier d'un abattement de 4 600 € sur ses gains :;Si la durée du contrat est au moins égale à 8 ans;nouvelle;;
15;119;12;12.3;C;2363;A défaut d'option pour une déduction réelle des frais professionnels, quel est le pourcentage d'abattement applicable aux traitements et salaires en matière d'impôt sur le revenu (IR)?;10%;nouvelle;;
15;120;12;12.4;C;2384;Quels sont les bénéfices imposables dans la catégorie des bénéfices industriels et commerciaux (BIC) pour l'application de l'impôt sur le revenu ?;Les bénéfices réalisés par des personnes physiques et provenant de l'exercice d'une profession commerciale, industrielle ou artisanale;nouvelle;;
16;1;1;1.1;C;35;L'entreprise de marché est habilitée à exercer les droits correspondant au marché réglementé uniquement quand cette qualité est reconnue par:;Ministre chargé de l'économie sur proposition de l'Autorité des Marchés Financiers (AMF);nouvelle;;
16;2;1;1.1;C;8;Qui agrée les associations représentatives des CIF (Conseillers en Investissements Financiers) ?;L'AMF (Autorité des Marchés Financiers);nouvelle;;
16;3;1;1.2.1;C;38;Le passeport européen pour les instruments et les établissements financiers permet :;Ce passeport permet la reconnaissance mutuelle des agréments délivrés dans chaque pays européen par les autorités compétentes;nouvelle;;
16;4;1;1.2.1;C;62;La Directive sur les systèmes de garantie des dépôts (SGD) prévoit une contribution des banques basée :;Sur leur profil de risque et le montant des dépôts garantis;nouvelle;;
16;5;1;1.2.2;C;74;De qui relève l'élaboration des standards internationaux sur les marchés de valeurs mobilières?;De l'Organisation Internationale des Commissions de Valeurs;nouvelle;;
16;6;1;1.3;C;127;Pour exercer une activité d'intermédiaire en opération de banque et de service de paiement, de Conseiller en investissement financier et d'agents liés de Prestataires d'investissement, la personne doit être enregistrée auprès de;L'ORIAS (Organisme pour le registre unique des intermédiaires en assurance, banque et finance);nouvelle;;
16;7;1;1.3;C;2629;L’AMF est habilitée à délivrer un agrément :;Pour les sociétés de gestion de portefeuille;nouvelle;;
16;8;1;1.3;C;100;Un CIF (conseiller en investissement financier) qui fournit un service de conseil en investissement doit :;Informer ses clients si les conseils sont fournis de manière indépendante ou non;nouvelle;;
16;9;1;1.5.1;C;168;On parle d'inflation quand il y a :;Une hausse généralisée et continue des prix;nouvelle;;
16;10;1;1.5.1;C;282;Le taux de change de l'Euro contre le dollar :;Fluctue selon l'offre et la demande de chacune des deux monnaies;nouvelle;;
16;11;1;1.5.2;C;223;La diversification géographique;N'est pas toujours suffisante pour réduire le risque du portefeuille suite à une forte corrélation entre les mêmes classes d'actifs de différents pays;nouvelle;;
16;12;1;1.5.2;C;273;le sigle BRICS désigne :;Le Brésil, la Russie, l'Inde, la Chine, l'Afrique du sud;nouvelle;;
16;13;1;1.8;C;235;Parmi les catégories suivantes, quels produits peuvent être désignés sous le nom de contrats financiers ?;Les contrats d'option relatifs à des instruments financiers;nouvelle;;
16;14;1;1.8;C;243;Quel est l'organe de l'AMF qui peut ordonner qu'il soit mis fin aux manquements aux obligations législatives, réglementaires ou professionnelles :;Le collège;lot 1;;
16;15;2;2.1;A;2637;Le RCCI est en charge de :;La fonction de conformité, du contrôle permanent et du contrôle périodique;nouvelle;;
16;16;2;2.1;A;348;Afin de favoriser l'intégrité du marché et de servir au mieux les intérêts des clients, les Prestataires de Services d'Investissement (PSI) doivent agir de manière :;Honnête, loyale et professionnelle;nouvelle;;
16;17;2;2.2;A;391;L'existence de barrières à l'information :;Impose à un PSI d'identifier et de contrôler spécifiquement les secteurs de son activité où peuvent circuler des informations privilégiées;nouvelle;;
16;18;2;2.2;A;2574;En matière de gestion des conflits d'intérêts, le conseiller en investissements financiers est tenu de mettre à jour :;Régulièrement un registre consignant notamment les types de services d'investissement pour lesquels un conflit d'intérêts comportant un risque d'atteinte aux intérêts de ses clients pourrait se produire;nouvelle;;
16;19;2;2.3;A;432;Quel est le rôle du médiateur interne d'un PSI sur les dossiers de réclamation qui lui sont transmis ?;Il émet un avis après avoir examiné le dossier en droit et en équité;nouvelle;;
16;20;2;2.3;A;433;Dans quel cas le médiateur de l'AMF peut-il intervenir ?;Pour les réclamations émanant des clients professionnels ou non professionnels;nouvelle;;
16;21;3;3;A;491;Le cadre juridique de la lutte contre le blanchiment est délimité par :;Les articles L561 et suivants du Code monétaire et financier;nouvelle;;
16;22;3;3;A;525;La 5e Directive LCB-FT impose aux établissements financiers;La mise en place, pour une société, d'un système d'identification du bénéficiaire effectif en dernier ressort;nouvelle;;
16;23;3;3;A;536;Dans le cas où le client est une personne morale, la procédure d 'identification, dans le cadre de la réglementation contre le blanchiment des capitaux, implique que le professionnel assujetti :;Etende la procédure d 'identification aux personnes physiques qui contrôlent le client, personne morale;nouvelle;;
16;24;4;4;A;573;"L'une des opérations décrites ci-après constitue une opération de ""market timing"" jugée répréhensible par l'AMF. Laquelle ?";L'opération d'arbitrage consistant à tirer profit d'un écart entre la valeur comptable d'un fonds et sa valeur de marché et qui porte atteinte à l'égalité de traitement des porteurs;nouvelle;;
16;25;4;4;A;376;Quel est l'objectif principal des listes d'initiés ?;Apporter une meilleure maîtrise des flux d'information privilégiées et faciliter d'éventuelles enquêtes du régulateur;nouvelle;;
16;26;5;5.1;A;609;Dès lors où le distributeur d'un produit est soumis à la loi MIF 2 :;Le producteur du produit ne l'est pas forcément;nouvelle;;
16;27;5;5.1;A;618;Pour être démarcheur, il faut justifier :;D'un baccalauréat (ou diplôme équivalent) ou d'une expérience minimum de 2 ans;nouvelle;;
16;28;5;5.1;A;690;Dans le cadre de la gouvernance des instruments financiers, qui doit définir le marché cible ?;L'entreprise d'investissement;nouvelle;;
16;29;5;5.1;A;691;Lorsqu'une entreprise d'investissement agit à la fois en tant que producteur et distributeur :;Une seule évaluation du marché cible est requise;nouvelle;;
16;30;5;5.2;C;2694;Le DICI est obligatoire pour :;Tous les OPCVM commercialisés en Europe;nouvelle;Réponse dépassée;Depuis le 1er janvier 2023, le DICI des OPCVM est remplacé par le DIC PRIIPs pour les investisseurs non professionnels (indicateur de risque SRI de 1 à 7 et 4 scénarios de performance). Les questions sur le DICI restent dans la base : retiens leurs réponses (remise avant souscription, échelle 1 à 7, frais…), qui valent aussi pour le DIC.
16;31;5;5.2;C;693;Combien de scénarios de performances figurent dans un document d'informations clés (DIC) ?;Quatre scénarios de performances;nouvelle;;
16;32;6;6.1.1;A;1168;Pour répondre à l 'obligation de s'assurer de l 'identité d'un client personne morale, il suffit que celui-ci présente au Prestataire de Services d 'Investissement (PSI) :;Un extrait de registre officiel de moins de trois mois indiquant la dénomination, la forme juridique, l'adresse du siège social et l'identité des associés et dirigeants sociaux de la personne morale;nouvelle;;
16;33;6;6.1.1;A;798;Concernant la catégorisation d'un client, que pouvez-vous affirmer ?;Un client professionnel peut demander au PSI de le considérer comme non professionnel pour une transaction déterminée;nouvelle;;
16;34;6;6.1.1;A;810;Pour les Prestataires de Services d'Investissement, sont considérés comme clients professionnels par nature :;Les sociétés de capital risque;nouvelle;;
16;35;6;6.1.1;A;1165;Lors de l 'entrée en relation, un Prestataire de Services d'Investissement doit déterminer la catégorie d 'appartenance de son client. Parmi les clients suivants, lesquels entreront dans la catégorie des clients professionnels ?;Les grandes sociétés industrielles ou commerciales;nouvelle;;
16;36;6;6.1.1;A;780;Les clients des prestataires de services d'investissement autre que les sociétés de gestion de portefeuille doivent-ils être informés de leur catégorisation ?;Oui, notamment car cela influence leur degré de protection;nouvelle;;
16;37;6;6.1.2;C;837;Quelles sont les principales règles en matière de protection des données personnelles ?;Chaque client bénéficie d'un droit d'accès aux informations personnelles le concernant détenues par un prestataire de services d'investissement;nouvelle;;
16;38;6;6.1.2;C;2716;Les données à caractère personnel doivent être :;Adéquates, pertinentes et limitées à ce qui est nécessaire au regard des finalités pour lesquelles elles sont traitées;nouvelle;;
16;39;6;6.2;A;890;L'obligation d'enregistrement de tout service ou transaction, prévue par le Code monétaire et financier, qui incombe au prestataire et permet à l'AMF de contrôler qu'il respecte ses obligations, s'applique-t-elle à l'avis d'opéré ?;Oui, car elle permet au prestataire de justifier du respect de ses obligations d'information à l'égard de ses clients;lot 1;;
16;40;6;6.2;A;886;Les porteurs de parts et actionnaires doivent-ils être informés sur la gestion d'un OPCVM effectuée par la société de gestion de portefeuille ?;Oui, ils doivent recevoir toute l'information nécessaire sur cette gestion;lot 1;;
16;41;6;6.2;A;1132;dans le cadre de MIF 2, quels sont notamment les documents à adresser à son client par le CIF ?;La description du type de conseil : indépendant ou pas;lot 2;;
16;42;6;6.2;A;879;Quel historique doit être mentionné dans l'indication des performances passées d'un instrument ou d'un indice financier ?;Les 5 dernières années;lot 2;;
16;43;6;6.2;A;854;Quelles doivent être les caractéristiques de l'information communiquée au client sur les performances passées d'un produit financier ?;Les données doivent porter sur les 5 dernières années minimum ou sur la durée depuis laquelle le service existe et pour des tranches complètes de 12 mois;lot 2;;
16;44;6;6.3;A;942;De quelle manière les prestataires de services d'investissement doivent-ils informer leurs clients que l'évaluation de l'adéquation a pour objectif de permettre au prestataire d'agir au mieux de leurs intérêts ?;De manière claire et simple;nouvelle;;
16;45;6;6.3;A;1184;Dans le cadre d 'un conseil en investissement, avant de recommander un instrument financier à un client professionnel par nature, un Prestataire de Services d'Investissement doit recueillir des informations pour vérifier :;Que l 'instrument financier répond à ses objectifs d 'investissement y compris à sa tolérance au risque;nouvelle;;
16;46;6;6.3;A;945;Comment une recommandation personnalisée doit-elle être présentée au client ?;Elle doit lui être présentée comme étant adaptée à sa situation, ou fondée sur l'examen de sa situation propre;nouvelle;;
16;47;6;6.4;A;1185;"La politique dite de ""meilleure exécution"" concerne la sélection des marchés sur lesquels un Prestataire de Services d 'Investissement (PSI) va pouvoir exécuter les ordres de ses clients dans les meilleures conditions. Pour la réalisation de quel service d 'investissement parmi les suivants le PSI doit-il définir et appliquer cette politique ?";L 'exécution d 'ordres pour compte de tiers;nouvelle;;
16;48;6;6.4;A;1187;Un Prestataire de Services d 'Investissement (PSI) qui a déterminé une politique dite de meilleure exécution pour l 'exécution des ordres de ses clients :;Doit réexaminer cette politique de meilleure exécution a minima une fois par an;nouvelle;;
16;49;6;6.4;A;979;"Un PSI (Prestataire en Services d'Investissement) est dégagé de son obligation de ""meilleure exécution"" quand :";Son client dépose une instruction spécifique;nouvelle;;
16;50;6;6.5;C;1024;Les frais de courtage sont :;Les frais liés à l'exécution des ordres de bourse;lot 1;;
16;51;6;6.5;C;1037;La commission de rachat équivaut :;Au droit de sortie;lot 2;;
16;52;6;6.6;C;1046;Dans quel document les modalités de dénonciation d'un mandat de gestion doivent-elles figurer ?;Dans le mandat de gestion signé par les clients;lot 1;;
16;53;6;6.7;C;2715;La survenance de la cessation des paiements oblige l'entreprise en difficulté à déposer la déclaration de sa situation dans les :;45 jours de sa survenance;nouvelle;;
16;54;6;6.8;C;1083;Parmi les propositions suivantes, qu'est-ce qui est exclu du dispositif de protection du FGDR (Fonds de Garantie des Dépôts et de Résolution) ?;Le contenu du coffre-fort du client;lot 2;;
16;55;6;6.8;C;1139;Quel est le délai d'indemnisation des déposants en France ?;Il est de 7 jours ouvrables;lot 2;;
16;56;6;6.9;C;1101;La commercialisation, la distribution et la vente d'options binaires en France :;Sont interdites par l'AMF auprès de clients non professionnels;nouvelle;;
16;57;7;7.1;C;1248;Parmi les suivants, à quel risque s'expose un investisseur qui achète une obligation et qui la garde jusqu'à échéance ?;Au risque émetteur;nouvelle;;
16;58;7;7.1;C;1245;Parmi les instruments financiers, une obligation est :;Un titre de dette;nouvelle;;
16;59;7;7.1;C;1704;Les instruments financiers à terme comprennent notamment :;Les contrats d 'options;nouvelle;;
16;60;7;7.2;C;1685;En théorie, comment évolue le cours d'une action lors du détachement du dividende ?;Par une baisse mécanique du cours de l'action, d'un montant égal au dividende versé;nouvelle;;
16;61;7;7.2;C;1286;Le dividende est :;Une part des bénéfices réalisés que la société distribue à ses actionnaires;nouvelle;;
16;62;7;7.2;C;1278;La responsabilité d'un actionnaire dans la gestion de l'entreprise est engagée :;A hauteur de son apport;nouvelle;;
16;63;7;7.3;C;1389;Dans quel cas un investisseur qui achète une obligation et qui la garde jusqu'à l'échéance connaît-il la rentabilité de son investissement dès son acquisition ?;Une obligation à coupon zéro;nouvelle;;
16;64;7;7.3;C;1397;Comment sont émises les Obligations Assimilables du Trésor (OAT) ?;Par adjudication;nouvelle;;
16;65;7;7.3;C;1363;La sensibilité d'une obligation est liée à l'évolution des taux d'intérêts et à :;Sa durée résiduelle;nouvelle;;
16;66;7;7.4;C;1315;Parmi les TCN, les titres négociables à court terme sont émis pour une durée maximale de :;1 an;nouvelle;;
16;67;7;7.4;C;1415;L'Euribor 6 mois est un taux de référence du marché monétaire :;Calculé chaque jour ouvré;nouvelle;;
16;68;7;7.5;C;1454;Les titres subordonnés sont des titres de créance :;Dont le remboursement est subordonné au remboursement des autres créanciers;nouvelle;;
16;69;7;7.6;C;1492;Qu'est-ce qu'un compte à terme ?;Un placement bancaire rémunéré dont la durée est fixée préalablement;nouvelle;;
16;70;7;7.6;C;1498;La sortie d'un contrat PERP est possible:;En cas d'invalidité sévère;nouvelle;Réponse dépassée;Le PERP n'est plus commercialisé depuis le 1er octobre 2020 : il est remplacé par le PER (loi PACTE). Les cas de sortie anticipée (invalidité, décès du conjoint, surendettement, fin de droits au chômage, cessation d'activité après liquidation judiciaire, et achat de la résidence principale pour l'épargne volontaire du PER) restent proches.
16;71;7;7.7;C;1521;Un CFD (contract for difference) est :;Un produit dérivé hautement spéculatif permettant de parier sur la hausse ou la baisse d'un actif sous-jacent;nouvelle;;
16;72;7;7.8;C;1570;Un ordre de souscription ou de rachat est :;Irrévocable;nouvelle;;
16;73;7;7.8;C;1587;La fréquence de publication de la valeur liquidative d'une part d'OPC :;Peut être connue en consultant le DICI et le prospectus de l'OPC;nouvelle;;
16;74;7;7.9;C;1724;Les biens divers regroupent un ensemble d 'actifs atypiques tels que les diamants, le vin, les métaux rares. Ces actifs :;Constituent des placements qui peuvent être intéressants mais présentent des risques élevés notamment car ils ne sont pas standardisés et ne s 'échangent pas sur des marchés encadrés;nouvelle;;
16;75;7;7.9;C;1636;La communication à caractère promotionnel sur les biens divers et les placements atypiques :;Doit présenter un contenu exact, clair et non trompeur et permettre raisonnablement de comprendre les risques afférents au placement;nouvelle;;
16;76;7;7.10;C;1656;Une offre publique de jeton (ICO) est ainsi qualifiée :;Lorsque le nombre de personne à qui elle est proposée est supérieure à un seuil fixé par le RG AMF;nouvelle;Réponse dépassée;Régime français des ICO (loi PACTE, visa AMF optionnel) remplacé par le règlement européen MiCA (applicable depuis le 30/12/2024) : pour une offre au public de crypto-actifs, un livre blanc est obligatoire et notifié à l'autorité. Réponse de la base : visa optionnel.
16;77;7;7.10;C;1655;Une ICO (Initial Coin Offering) est :;Une méthode de levée de fonds qui repose sur l'émission d'actifs numériques échangeables contre des cryptomonnaies;nouvelle;;
16;78;8;8.1;C;1741;Les Sociétés de Gestion de Portefeuille;Doivent obligatoirement être agréées et adhérer à une association professionnelle;nouvelle;;
16;79;8;8.2.1;C;1756;Dans le cadre de la gestion pour compte de tiers, la mention des objectifs de gestion :;Est une mention obligatoire;nouvelle;;
16;80;8;8.2.2;C;2780;La performance relative d'un fonds :;Est évaluée par comparaison à une autre référence;lot 1;;
16;81;8;8.2.2;C;1964;Concernant la gestion benchmarkée, laquelle de ces affirmations est juste ?;La performance de l'OPC s'analyse par rapport à l'indice de référence indiqué dans son DICI;lot 1;;
16;82;8;8.4;C;1809;Que prévoit la directive UCITS V (OPCVM V - 2014/91/UE) ?;La directive UCITS V renforce la protection des actifs, la transparence et l'information aux investisseurs;nouvelle;;
16;83;8;8.4;C;1971;Sont intégralement soumises à la directive AIFM, les sociétés de gestion qui gèrent des FIA dont les actifs dépassent un seuil de :;500 millions d'euros au total;nouvelle;;
16;84;8;8.5;C;1829;Les Exchange Traded Funds (ETF) sont des fonds :;Négociés en bourse qui reproduisent en temps réel la performance d'un indice;nouvelle;;
16;85;8;8.5;C;1830;Les Fonds européens d'investissement à long terme (ELTIF);Sont des fonds fermés;nouvelle;;
16;86;8;8.5;C;1827;Les fonds d'investissement alternatifs (FIA) :;Peuvent être des fonds portant sur l'immobilier (par exemple des OPCI);nouvelle;;
16;87;8;8.6;C;2030;"Une gestion est dite ""passive"" si l 'objectif du gérant consiste :";A répliquer un indice de référence comme le CAC 40 pour les actions ou l 'Euribor 3 mois pour les taux;nouvelle;;
16;88;8;8.7;C;2552;La notation extra-financière peut être demandée par :;Une entreprise qui souhaite connaître son positionnement en terme de responsabilité sociale;lot 2;;
16;89;8;8.7;C;1934;Laquelle de ces agences est une agence de notation extra-financière habilitée en France à délivrer le label ISR aux fonds d'investissement?;Afnor Certification;lot 2;;
16;90;8;8.7;C;2457;"Parmi les affirmations suivantes, laquelle décrit le mieux la stratégie d'investissement en matière d'ISR dite ""best in class"" ?";Avec cette stratégie, le gérant du fonds surpondère les émetteurs qui ont les meilleures pratiques en matière de développement durable et ont la meilleure notation ESG tout en conservant une allocation sectorielle ou géographique en ligne avec leur benchmark;lot 2;;
16;91;8;8.7;C;2526;Le label Greenfin est attribué aux fonds qui investissent dans :;Des instruments financiers qui favorisent l'accélération de la transition énergétique et la lutte contre le réchauffement climatique;lot 2;;
16;92;8;8.7;C;1901;"En quoi consiste l'approche ""Best in class"" parmi les différentes stratégies d'investissement socialement responsable (ISR) ?";Elle consiste consistant à sélectionner les meilleures entreprises de chaque secteur sans en exclure aucun;lot 3;;
16;93;8;8.7;C;1927;Que peut intégrer la notation extra financière ?;Elle peut intégrer l'étude de la qualité de codes de conduite;lot 3;;
16;94;8;8.7;C;2489;Un gérant d'un fonds d'investissement qui privilégie les entreprises les mieux notées d'un point de vue extra-financier dans leur secteur d'activité, sans privilégier ou exclure un secteur par rapport à l'indice de référence s'appuie sur :;L'approche Best-in-class;lot 3;;
16;95;8;8.7;C;2505;"La politique d'investissement ""investissement socialement responsable"" (ISR) d'un fonds :";Peut concerner la totalité du portefeuille ou une partie des actifs seulement;lot 3;;
16;96;8;8.7;C;1889;On entend par Investissement Socialement Responsable (ISR) :;Un processus de sélection d'investissement par des sociétés de gestion de portefeuilles qui investissent dans des entreprises respectueuses en matière d'environnement, de politique sociale et de gouvernance;lot 3;;
16;97;8;8.7;C;2449;Les SGP appliquant une politique d'investissement ISR doivent entre autres:;Organiser un contrôle et suivi des risques appropriés;lot 3;;
16;98;8;8.7;C;1923;Un OPCVM peut obtenir le label GreenFin si son portefeuille est investi :;"Dans des entreprises entrant dans le champ de la transition énergétique et écologique et de la lutte contre le changement climatique ( ""éco-activités"" )";lot 3;;
16;99;8;8.7;C;1992;L'investissement socialement responsable :;Intègre des critères extra financiers;lot 3;;
16;100;8;8.7;C;2480;Pour un gérant d'OPC, laquelle de ces trois démarches se définit comme un investissement dans la finance solidaire ?;Investir dans des ateliers protégés faisant travailler des personnes en situations de handicap;lot 3;;
16;101;8;8.7;C;2024;Parmi les labels suivants, lequel est un label soutenu par le Ministère des Finances et qui garantit le respect par les fonds accessibles aux clients non-professionnels du respect de critères ESG ?;Label ISR;lot 3;;
16;102;8;8.7;C;2498;Quels types de fonds peuvent être labellisés ISR ?;Les fonds investis en actions, en obligations ou en instruments monétaires.;lot 3;;
16;103;9;9.1;C;875;Est-il permis à un prestataire de services d'investissement (PSI) de grouper les ordres de clients entre eux ou avec des transactions pour compte propre en vue de les exécuter ?;Oui sous certaines conditions;nouvelle;;
16;104;9;9.1;C;2111;Les négociation des dérivés soumis à l'obligation de compensation centrale ne peuvent se faire sur :;Le système des IS (Internalisateurs Systématiques);nouvelle;;
16;105;9;9.2;A;2172;Quel est le principe de priorité d'exécution des ordres sur les marchés de titres d'Euronext ?;Les ordres sont exécutés selon un principe de stricte priorité de prix dans le carnet d'ordres central d'Euronext. Les ordres au même prix sont exécutés suivant un ordre de stricte priorité de temps (à l'exception de certains ordres transitant par le service d'appariement interne);nouvelle;;
16;106;9;9.2;A;2121;Durant la période de négociation en continu :;Chaque ordre arrivant est confronté immédiatement aux ordres de sens opposé présents en carnet pour déterminer s'il peut être exécuté;nouvelle;;
16;107;9;9.3;C;2168;Quelles sont les obligations de transparence pré-négociation en termes d'affichage de prix pour un système dirigé par les prix ?;Le meilleur prix à l'achat et à la vente de chaque teneur de marché;nouvelle;;
16;108;9;9.4;C;2170;Quel est le rôle principal d'un market maker ?;Il assure la liquidité des titres en proposant en permanence des prix à l'achat et à la vente;nouvelle;;
16;109;9;9.5;C;2105;Quelle règle s'applique aux agences de notation ?;Elles doivent publier leurs méthodes de notation et les appliquer de façon stable;nouvelle;;
16;110;10;10.1;C;2216;Pour obtenir l'habilitation de teneur de compte conservateur, les requérants adressent leur demande à :;L'Autorité du Contrôle Prudentiel et de Résolution (ACPR);lot 1;;
16;111;10;10.1;C;2240;Qui approuve les règles de fonctionnement du dépositaire central ?;L'AMF;lot 2;;
16;112;10;10.2;C;2261;Si un investisseur ne peut répondre à l 'appel de marge exigé par la chambre de compensation suite à une variation défavorable de sa position sur des instruments financiers à terme :;La chambre de compensation peut procéder à la clôture de la position du client et utiliser le dépôt de garantie pour faire face à la perte potentielle;lot 1;;
16;113;11;11.1;C;2269;Quelle est la bonne définition du service de placement non garanti ?;Rechercher des souscripteurs pour le compte d'un émetteur sans lui garantir un montant de souscription;nouvelle;;
16;114;11;11.2;C;2292;S'agissant des dividendes versés par les sociétés françaises :;Les sociétés peuvent prévoir dans leurs statuts une option entre le paiement du dividende en espèces ou en actions;nouvelle;;
16;115;12;12.1;C;2307;Qu'est-ce que le compte de résultat ?;Le compte de résultat regroupe toutes les charges et les produits d'une entreprise pour un exercice comptable;nouvelle;;
16;116;12;12.1;C;2314;Toute entreprise doit publier des comptes annuels. En normes comptables françaises, ils sont composés :;Du bilan, du compte de résultat et d'une annexe;nouvelle;;
16;117;12;12.2;C;2623;Le Document d'Enregistrement Universel (DEU) doit-il être soumis à la validation de l'AMF ?;Oui, mais ce n'est plus obligatoire si deux exercices consécutifs ont déjà été soumis à l'approbation de l'AMF;nouvelle;;
16;118;12;12.3;C;2431;Les déductions fiscales :;Diminuent le montant du revenu imposable;nouvelle;;
16;119;12;12.3;C;2419;Sur quoi porte l'IFI ?;Sur le patrimoine immobilier des propriétaires personnes physiques;nouvelle;;
16;120;12;12.4;C;2393;Une société soumise à l'Impôt sur les Sociétés (IS) qui détient un compte sur livret :;Est imposée sur les intérêts de son compte sur livret;nouvelle;;
17;1;1;1.1;C;2628;L'AMF est une :;Autorité publique indépendante;nouvelle;;
17;2;1;1.1;C;25;Quelle autorité assure les contrôles et enquêtes relatives à la régularité des opérations effectuées sur des instruments financiers ?;L'AMF;nouvelle;;
17;3;1;1.2.1;C;60;Qui assure la cohérence globale de la régulation des marchés financiers en Europe ?;L'Autorité européenne des marchés financiers - ESMA;lot 1;;
17;4;1;1.2.1;C;50;L'Union européenne impose aux marchés financiers des règles communes qui portent sur :;Le fonctionnement des marchés et la protection des épargnants;lot 1;;
17;5;1;1.2.2;C;65;L'Organisation Internationale des Commissions de Valeurs (OICV) :;Etablit des standards internationaux en matière de marchés financiers;nouvelle;;
17;6;1;1.3;C;267;Quelle est l'une des obligations des Conseillers en Investissements Financiers ?;Disposer de moyens techniques et de procédures adaptés à son activité;nouvelle;;
17;7;1;1.3;C;107;Qui agrée les associations représentatives des CIF (Conseillers en Investissement Financiers) ?;L'AMF (Autorité des Marchés Financiers);nouvelle;;
17;8;1;1.3;C;121;L'ORIAS est :;L'Organisme pour le registre unique des intermédiaires en assurance, banque et finance;nouvelle;;
17;9;1;1.5.1;C;166;Dans l'hypothèse où un Etat membre de l'UE applique une politique économique qui risque de compromettre le bon fonctionnement de l'Union économique et monétaire :;La Commission peut adresser un avertissement à l'État membre concerné;nouvelle;;
17;10;1;1.5.1;C;148;A quoi est liée la fluctuation des marchés financiers ?;A un ensemble de paramètres, comme les résultats financiers des entreprises cotées, au niveau de croissance du pays, au taux de chômage ou encore au niveau des taux d'intérêt;nouvelle;;
17;11;1;1.5.2;C;222;"Qu'est-ce qui a provoqué la fameuse crise des ""subprimes"" ?";La hausse des taux directeurs de la Fed qui a alourdi les charges des emprunteurs à taux variable;nouvelle;;
17;12;1;1.5.2;C;209;L'indice de l'université du Michigan aux Etats-Unis mesure la confiance :;Des consommateurs;nouvelle;;
17;13;1;1.8;C;232;Dans quel cas les sociétés de gestion ont elles besoin d'être agréées par l'AMF ?;Quand leur objet social unique est la gestion de produits collectifs;lot 1;;
17;14;1;1.8;C;231;Sont soumis(es) à un agrément de l'AMF :;Les Organismes de Placement Collectif Immobilier (OPCI);lot 2;;
17;15;2;2.1;A;335;Pour les prestataires de services d'investissement autre que les sociétés de gestion, selon quelle modalité l'AMF délivre-t-elle, en principe, la carte professionnelle de responsable de la conformité pour les services d'investissement au titulaire de ces;Organisation d'un examen professionnel;nouvelle;;
17;16;2;2.1;A;353;"La réglementation parle du principe de ""primauté de l'intérêt du client"" . Parmi les propositions suivantes, quelle est celle qui définit le mieux ce principe ?";Le fait d'agir de manière honnête, loyale et professionnelle avec le client;nouvelle;;
17;17;2;2.2;A;381;"À quoi correspond l'acte de ""franchissement de la barrière à l'information"" chez un prestataire de services d'investissement ?";Il s'agit de l'autorisation donnée à une personne concernée au sein d'une entité d'apporter son concours à une autre entité dans le cas où l'une des entités détient des informations privilégiées;nouvelle;;
17;18;2;2.2;A;403;"On entend par ""transaction personnelle"" une opération réalisée par une"" personne concernée"" :";"Dans les deux cas cités
A. Pour son compte propre
B. Pour le compte d'une personne avec laquelle la personne concernée a des liens familiaux ou étroits
C. Dans les deux cas cités";nouvelle;;
17;19;2;2.3;A;444;Le médiateur de l'AMF, peut être saisi :;Par tout épargnant, personne physique ou morale, quel que soit le montant du préjudice;nouvelle;;
17;20;2;2.3;A;409;Le traitement des réclamations adressées par les porteurs de parts ou actionnaires d'OPCVM à la société de gestion de portefeuille lorsqu'aucun service d'investissement ne leur est fourni à l'occasion de la souscription:;Est gratuit;nouvelle;;
17;21;3;3;A;2642;Avant d'entrer en relation d'affaires avec son client ou de l'assister dans la préparation ou la réalisation d'une transaction, la société de gestion de portefeuille identifie et vérifie l'identité :;Du client et des personnes agissant pour le compte du client et, le cas échéant, du bénéficiaire effectif;nouvelle;;
17;22;3;3;A;480;Quelle obligation s'impose en matière de lutte contre le blanchiment ?;Connaître le client à l'entrée en relation et tout au long de la relation d'affaires;nouvelle;;
17;23;3;3;A;528;Quelle est l'autorité compétente en matière de contrôle du dispositif de lutte contre le blanchiment mis en place par les sociétés de gestion de portefeuille ?;L'Autorité des Marchés Financiers;nouvelle;;
17;24;4;4;A;574;"Quel est le périmètre géographique dans lequel s'applique la réglementation ""Abus de marché"" ?";Les pays membres de l'Espace économique européen;nouvelle;;
17;25;4;4;A;545;Les émetteurs doivent conserver la liste d'initiés pour une période d'au moins :;Cinq ans après son établissement ou sa mise à jour;nouvelle;;
17;26;5;5.1;A;581;Le démarcheur bancaire et financier doit :;Informer de manière claire et compréhensible la personne démarchée sur les produits ou services proposés;nouvelle;;
17;27;5;5.1;A;1039;Dans le cadre d'un service de réception-transmission et exécution d'ordres, le délai de réflexion dans le cas d'un démarchage est de :;Quarante-huit heures;nouvelle;;
17;28;5;5.1;A;2689;La carte de démarcheur doit obligatoirement comporter :;Le nom du démarcheur;nouvelle;;
17;29;5;5.1;A;600;La réglementation en matière de démarchage bancaire et financier s'applique :;A tous les produits d'épargne (produits bancaires, assurance-vie, actions, obligations, OPCVM, etc.);nouvelle;Piège;La base dit que le démarchage bancaire et financier s'applique « à tous les produits d'épargne (… assurance-vie …) », mais la Q634 exclut les produits d'assurance du champ des démarcheurs bancaires et financiers. Retiens chaque formulation telle quelle.
17;30;5;5.2;C;702;Dans le cadre de la vente de produits et services financiers, la réglementation prévoit que des documents d'information (DICI, DIC, etc.) soient fournis :;Avant la souscription;nouvelle;;
17;31;5;5.2;C;2693;Le DICI est l’acronyme de :;Document d’information clé pour l’investisseur;nouvelle;Réponse dépassée;Depuis le 1er janvier 2023, le DICI des OPCVM est remplacé par le DIC PRIIPs pour les investisseurs non professionnels (indicateur de risque SRI de 1 à 7 et 4 scénarios de performance). Les questions sur le DICI restent dans la base : retiens leurs réponses (remise avant souscription, échelle 1 à 7, frais…), qui valent aussi pour le DIC.
17;32;6;6.1.1;A;776;Parmi les critères qu'une entreprise doit satisfaire pour être considérée comme un client professionnel, quel est le montant minimum du total du bilan ?;Un total du bilan égal ou supérieur à 20 millions d'euros;nouvelle;;
17;33;6;6.1.1;A;746;Lorsqu'un prestataire de services d'investissement autre qu'une société de gestion de portefeuille constate qu'un client professionnel ou une contrepartie éligible ne remplit plus les conditions qui lui valaient d'être catégorisé comme tel :;Il doit prendre les mesures appropriées;nouvelle;;
17;34;6;6.1.1;A;1163;Dans le cadre de la catégorisation des clients parmi ces 3 propositions, laquelle est vraie ?;Un client peut appartenir à plusieurs catégories d 'investisseur en fonction des différents services qui lui sont proposés;nouvelle;;
17;35;6;6.1.1;A;779;Quel est l'objectif de la catégorisation de la clientèle ?;Déterminer le niveau de protection dont pourra bénéficier le client;lot 1;;
17;36;6;6.1.1;A;769;Un client est classé dans la catégorie des clients professionnels par le PSI (Prestataire de Services d'Investissement), lorsqu'il :;Possède l'expérience, les connaissances et la compétence lui permettant d'évaluer correctement les risques encourus par ses décisions d'investissement;lot 1;;
17;37;6;6.1.2;C;1080;Quelle commission est au centre du dispositif de protection des données informatiques et des données personnelles des individus ?;La CNIL;nouvelle;;
17;38;6;6.1.2;C;825;Quels documents le PSI doit-il conserver pour remplir son obligation de connaissance du client ?;Tous les documents pendant 5 ans à compter de la fin de la relation;nouvelle;;
17;39;6;6.2;A;853;Que doit faire le PSI en matière d'information du client sur la politique en matière de conflits d'intérêt ?;Informer son client si les mesures prises pour éviter les conflits d'intérêt ne suffisent pas à garantir d'éviter les risques de porter atteinte à ses intérêts;lot 2;;
17;40;6;6.2;A;908;La politique d'exécution des ordres, pour un client non professionnel est un document :;Communiqué aux clients avant la prestation de services;lot 2;;
17;41;6;6.2;A;866;Quelles caractéristiques doit avoir l'information sur un instrument financier adressée par le PSI à ses clients non professionnels ?;Claire, exacte et non trompeuse;lot 3;;
17;42;6;6.2;A;845;Lorsqu'un PSI communique des informations sur des performances futures d'un instrument financier, laquelle de ces affirmations est exacte ?;Les informations reposent sur des hypothèses raisonnables fondées sur des éléments objectifs;lot 3;;
17;43;6;6.2;A;900;Quelle information le PSI doit-il obligatoirement donner au client non professionnel ?;Une brève description des mesures de protection des instruments financiers ou des espèces qu'il détient pour le compte des clients;lot 3;;
17;44;6;6.3;A;800;Le test de caractère approprié pratiqué par un Prestataire de Services d'Investissement auprès de son client est facultatif lorsqu'il porte sur :;L'exécution simple des ordres;nouvelle;;
17;45;6;6.3;A;952;Avant de fournir un conseil en investissement à un client non-professionnel, le Prestataire de Services d'Investissement (PSI) doit évaluer :;Ses objectifs d'investissement, sa situation financière (notamment sa capacité à subir des pertes), son expérience et ses connaissances pour appréhender les risques;nouvelle;;
17;46;6;6.3;A;1154;Quelle règle s'applique lorsque les recommandations personnalisées orientent un client vers un produit illiquide ?;La recommandation doit tenir compte de la durée pendant laquelle le client est prêt à conserver le placement;lot 1;;
17;47;6;6.4;A;961;Le PSI doit mettre en place une politique de sélection des intermédiaires. Celle-ci :;Est réexaminée tous les ans;nouvelle;;
17;48;6;6.4;A;1190;Dans le cadre d 'un service d 'exécution d 'ordres pour le compte d 'un client non professionnel, si le Prestataire de Services d 'Investissement (PSI) souhaite réaliser des transactions en dehors des marchés organisés, le PSI doit :;Obtenir un consentement exprès du client auparavant;nouvelle;;
17;49;6;6.4;A;963;Dans le cadre de l'exécution des ordres des clients en dehors d'une plate-forme de négociation :;Le prestataire de services d'investissement doit obtenir le consentement préalable exprès de ses clients avant de procéder à l'exécution des ordres;nouvelle;;
17;50;6;6.5;C;1040;Que peut comprendre la rémunération de la gestion de portefeuille sous mandat ?;La commission de gestion et la commission de surperformance;lot 2;;
17;51;6;6.5;C;1008;Les droits de garde sont prélevés par :;Le prestataire de services d'investissement (PSI), teneur du compte;lot 3;;
17;52;6;6.6;C;1050;Quel régime de protection permet à une personne majeure incapable de conserver l'exercice de ses droits mais dont les actes peuvent être annulés s'ils nuisent à ses intérêts ?;Le régime de la curatelle;lot 2;Piège;"La définition donnée (conserve l'exercice de ses droits, actes annulables s'ils lui nuisent) correspond juridiquement à la sauvegarde de justice ; comme elle n'est pas proposée, la base attend « curatelle »."
17;53;6;6.7;C;1137;Qui gère le Fichier National des Incidents de remboursement des Crédits aux Particuliers (FICP) ?;La Banque de France;nouvelle;;
17;54;6;6.8;C;1092;Comment est calculé le plafond d'indemnisation par le fonds de garantie des dépôts et de résolution ?;Par déposant et par établissement;lot 3;;
17;55;6;6.8;C;1200;Le système de garantie des dépôts :;Est progressivement harmonisé au niveau européen dans un système de fonds européen de garantie des dépôts;lot 3;;
17;56;6;6.9;C;1201;Si la vente d 'instruments financiers présente d 'importants problèmes de protection des investisseurs, le Règlement européen MiFIR confère à l 'AMF un pouvoir d 'intervention directe l 'habilitant :;A interdire ou à restreindre la commercialisation de ces instruments;nouvelle;;
17;57;7;7.1;C;1233;Les instruments financiers présentent un risque de taux variable en fonction de leur nature. Parmi les instruments financiers suivants, quel est celui qui présente le risque de taux le plus élevé ?;Les obligations;nouvelle;;
17;58;7;7.1;C;1209;Existe-t-il un risque de marché sur la valeur d'une obligation ?;Oui, la revente avant l'échéance peut entraîner un gain ou une perte;nouvelle;;
17;59;7;7.1;C;1684;A quoi correspond le risque de change ?;Au risque d'évolution défavorable du taux de change;nouvelle;;
17;60;7;7.2;C;1279;La totalité des actions d'une société représente :;Le capital social de la société;nouvelle;;
17;61;7;7.2;C;1323;Que représente la capitalisation boursière d'une entreprise ?;Sa valeur de marché;nouvelle;;
17;62;7;7.2;C;1330;Une action de préférence se distingue d'une action ordinaire par :;Le montant du dividende ou le nombre de droits de vote;nouvelle;;
17;63;7;7.3;C;1335;"Lorsque le remboursement d'un emprunt obligataire est dit ""in fine"" :";Toutes les obligations d'une même émission sont remboursées en même temps à la date d'échéance;nouvelle;;
17;64;7;7.3;C;1334;La sensibilité d'une obligation :;Mesure la variation du prix d'une obligation à taux fixe pour 100 points de base (1 %) de variation du taux de référence du marché;nouvelle;;
17;65;7;7.3;C;1378;Les obligations indexées sont des obligations dont le montant des coupons et la valeur de remboursement sont :;Basés sur les évolutions d'un indice de prix;nouvelle;;
17;66;7;7.4;C;1443;La surveillance du marché des titres de créances négociables est assurée par :;La Banque de France;nouvelle;;
17;67;7;7.4;C;1432;Dans la liste suivante, quels sont les instruments pouvant être émis pour une durée supérieure à un an ?;"Les titres négociables à moyen terme ou ""Neu MTN""";nouvelle;;
17;68;7;7.5;C;1447;Les obligations convertibles en actions :;Sont émises à des taux inférieurs aux taux des obligations classiques;nouvelle;;
17;69;7;7.6;C;1472;Quelles sont les conditions de dénouement d'un contrat d'assurance vie ?;Le souscripteur a le choix entre un dénouement du contrat en rente ou en capital;lot 1;;
17;70;7;7.6;C;1489;Les livrets d'épargne populaire :;Sont réservés aux personnes ne dépassant pas un certain plafond de revenu;lot 1;;
17;71;7;7.7;C;1523;Les cours des produits dérivés sont influencés par les cours d'un autre actif appelé :;Sous-jacent;nouvelle;;
17;72;7;7.8;C;2739;L'agrément de l'AMF est requis pour :;La constitution, la transformation et la liquidation d'un OPCVM;nouvelle;;
17;73;7;7.8;C;1566;Quel est le statut d'un détenteur de parts de FCP ?;Il est copropriétaire;nouvelle;;
17;74;7;7.9;C;1696;Les propositions publicitaires d'investissements en chevaux de courses sont-ils soumis au contrôle préalable de l'AMF ?;OUI;lot 1;;
17;75;7;7.9;C;1638;Quel est le critère principal permettant de définir un intermédiaire en bien divers ?;Les modalités de commercialisation des biens divers;lot 1;;
17;76;7;7.10;C;1678;Une ICO :;Est une méthode de levée de fonds fonctionnant via l'émission d'actifs numériques échangeables contre des cryptomonnaies durant la phase de démarrage d'un projet;nouvelle;;
17;77;7;7.10;C;1658;Le Bitcoin a-t-il cours légal en France ?;Non, seul l'euro a cours légal en France;nouvelle;;
17;78;8;8.1;C;1956;Le commissaire aux comptes d'une société de gestion de portefeuille;Est choisi sur la liste des Commissaires aux Comptes tenue par la Compagnie nationale des Commissaires aux Comptes;nouvelle;;
17;79;8;8.2.1;C;1959;Les OPCVM doivent respecter un certain nombre d'obligations dont l'obligation d'honorer les souscriptions-rachats de parts ou actions demandés par les investisseurs. Cette dernière obligation peut-elle être suspendue provisoirement ?;Parfois quand des circonstances exceptionnelles l'exigent et si l'intérêt des investisseurs le commande, dans des conditions fixées par les statuts;nouvelle;;
17;80;8;8.2.2;C;2000;"Quel est l'objectif du règlement (UE) 2016/1011, dit ""règlement Benchmark"" ?";Encadrer, au sein de l'Union européenne, la fourniture et l'utilisation d'indices de référence;lot 2;;
17;81;8;8.2.2;C;1963;La performance absolue d'un fonds sert à :;Mesurer sa performance sans relation avec un autre fonds ou un benchmark;lot 2;;
17;82;8;8.4;C;1973;Dans le cadre des liens entre la société de gestion et le dépositaire;Personne ne peut être à la fois membre de l'organe de direction de la société de gestion et membre de l'organe de direction du dépositaire;nouvelle;;
17;83;8;8.4;C;1969;Quelle est l'une des principales règles imposées par la règlementation européenne aux OPC ?;La répartition des risques au sein des portefeuilles;nouvelle;;
17;84;8;8.5;C;1846;Un OPCVM peut-il être transformé en un autre placement collectif ?;Non;nouvelle;;
17;85;8;8.5;C;2004;Qu'est-ce qu'un groupement forestier d'investissement?;Une société civile en parts sociales gérant des forêts;nouvelle;;
17;86;8;8.5;C;1854;A la clôture de l'exercice d'un organisme de titrisation, quelle affirmation parmi les suivantes est exacte ?;Les documents comptables doivent être établis sous le contrôle du dépositaire;nouvelle;;
17;87;8;8.6;C;1881;Parmi les affirmations suivantes relatives aux différents types de gestion, laquelle est exacte ?;La gestion indicielle cherche à reproduire la performance d'un indice;nouvelle;;
17;88;8;8.7;C;2547;Une obligation verte émise par l'Etat français se distingue d'une OAT classique car :;L'Etat doit publier un rapport annuel sur les investissements qu'elle finance et leur caractère vert;lot 3;;
17;89;8;8.7;C;1908;Le label Greenfin est un label :;Gouvernemental qui exclut les fonds qui continuent à investir dans des entreprises opérant dans le secteur nucléaire et les énergies fossiles;lot 3;;
17;90;8;8.7;C;1885;"La stratégie d'investissement socialement responsable ""Best-in-Class"" consiste à :";Sélectionner les meilleures entreprises de chaque secteur sans en exclure aucun;lot 3;;
17;91;8;8.7;C;2455;Pour un gérant d'OPC, laquelle de ces 3 démarches se définit comme un investissement dans la finance solidaire ?;Investir dans des ateliers protégés faisant travailler des personnes en situation de handicap;lot 3;;
17;92;8;8.7;C;2023;Parmi les labels suivants, lequel est un label créé par le ministère de la Transition écologique qui garantit l 'orientation des investissements vers le financement de la Transition énergétique et écologique ?;Label Greenfin;lot 4;;
17;93;8;8.7;C;2466;Qu'est-ce que le label GREENFIN ?;Un label créé par le Ministère de la Transition Ecologique et Solidaire, attribué aux fonds investissant dans l'économie verte et excluant les entreprises opérant dans le secteur nucléaire et les énergies fossiles;lot 4;;
17;94;8;8.7;C;1905;Dans le cadre de la gestion socialement responsable, le gérant d'un fonds à stratégie d'engagement actionnarial :;A une participation active aux assemblées générales (AG) afin d'améliorer les pratiques de l'entreprise;lot 4;;
17;95;8;8.7;C;1903;La notation extra-financière est :;Une notation qui ne se base pas uniquement sur les performances économiques d'une entreprise mais sur son respect de l'environnement, des valeurs sociales et de gouvernance;lot 4;;
17;96;8;8.7;C;2793;RSE signifie :;Responsabilité Sociale des Entreprises;lot 4;;
17;97;8;8.7;C;2506;"Parmi les critères suivants, lequel est un critère pouvant être pris en compte dans le cadre du pilier ""S"" des critères ""Environnementaux, Sociaux et de Gouvernance"" (ESG) ?";L'emploi des personnes handicapées;lot 4;;
17;98;8;8.7;C;2557;Le règlement (EU) 2019/2088, aussi appelé SFDR :;Précise les exigences de transparence vis-à-vis des produits financiers selon leur degré d’intégration des considérations durables;lot 4;;
17;99;8;8.7;C;2544;Quel indice est un indice boursier éthique ?;Le Dow Jones Sustainability (DJSI) Monde;lot 4;;
17;100;8;8.7;C;2593;Dans le cadre du règlement européen sur la publication d'informations en matière de durabilité, quelles sont les informations institutionnelles à publier ?;Les informations relatives aux politiques générales adoptées dans les processus de décision d’investissement;lot 4;;
17;101;8;8.7;C;2592;Quel est le principal objectif du règlement européen relatif à la publication d’informations en matière de durabilité dans le secteur des services financiers ?;Renforcer les obligations d'information concernant les produits financiers liés aux facteurs environnementaux, sociaux ou de gouvernance;lot 4;;
17;102;8;8.7;C;2484;Les critères ESG regroupent des critères :;Environnementaux, Sociaux et de Gouvernance;lot 4;;
17;103;9;9.1;C;2733;Un produit dérivé de gré à gré est un contrat dérivé :;Dont l'exécution a lieu en dehors d'un marché réglementé;nouvelle;;
17;104;9;9.1;C;2208;Sur le marché réglementé d'Euronext Paris, le Service de Règlement Différé (SRD) permet :;De différer le paiement des titres financiers achetés, au dernier jour ouvré du mois;nouvelle;;
17;105;9;9.2;A;2120;"Les ordres ""au marché"" :";Sont destinés à être exécuté au(x) à meilleur(s) prix disponibles lorsqu'ils entrent dans le Carnet d'Ordres Central;nouvelle;;
17;106;9;9.2;A;2061;Comment fonctionne la cotation au fixing ?;Le fixing est utilisé, entre autres, pour les actions à moindre liquidité d'Euronext Access;nouvelle;;
17;107;9;9.3;C;2081;Selon quelle périodicité les entreprises de marché doivent-elles rendre compte à l'AMF des ordres reçus des membres des marchés réglementés qu'elle gère et des transactions effectuées dans ses systèmes ?;Quotidienne;nouvelle;;
17;108;9;9.4;C;2141;Le trading algorithmique est la négociation d'instruments financiers pour laquelle :;Un algorithme informatique détermine automatiquement les différents paramètres des ordres avec une intervention humaine limitée ou inexistante;nouvelle;;
17;109;9;9.5;C;2213;Parmi les prestataires de services de communication de données suivant, lequel correspond à un Consolidated Tape Provider (chambre d 'enregistrement consolidée) ?;Un prestataire qui agrège les informations sur toutes les transactions pour un instrument financier donné provenant des plateformes de négociations et des entreprises d 'investissement;nouvelle;;
17;110;10;10.1;C;2239;Le dépositaire central de titres Euroclear France a notamment pour rôle :;D'assurer les virements de compte à compte des titres financiers entre participants;lot 2;;
17;111;10;10.1;C;2230;La fonction de teneur de compte-conservateur consiste à :;Inscrire les titres financiers sur le compte ouvert au nom de l'investisseur;lot 3;;
17;112;10;10.2;C;2236;Une fois passées les phases de négociation et de compensation, intervient la phase de :;Règlement-livraison;lot 2;;
17;113;11;11.1;C;2295;Qu'est-ce que le marché primaire ?;Le marché de l'émission de titres nouveaux;nouvelle;;
17;114;11;11.2;C;2291;Une augmentation de capital peut avoir lieu :;A titre gratuit ou en numéraire;nouvelle;;
17;115;12;12.1;C;2333;Que reflète la CAF ?;La trésorerie potentielle dégagée par l'activité courante de l'entreprise;nouvelle;;
17;116;12;12.1;C;2321;Qu'est-ce qu'un passif ?;Un passif est un élément du patrimoine ayant une valeur économique négative pour l'entité, c'est-à-dire une obligation de l'entité à l'égard d'un tiers dont il est probable ou certain qu'elle provoquera une sortie des ressources au bénéfice de ce tiers, sans contrepartie au moins équivalente attendue de celui-ci;nouvelle;;
17;117;12;12.2;C;2100;Concernant l'heure de divulgation de faits nouveaux par l'émetteur, l'AMF :;Recommande de ne pas les divulguer pendant les heures de bourse;nouvelle;;
17;118;12;12.3;C;2440;Une personne physique qui ne réside pas en France mais dont les revenus sont de source française est soumise à l 'impôt sur le revenu :;En France;nouvelle;;
17;119;12;12.3;C;2411;Les niches fiscales sont globalement plafonnées pour un même foyer fiscal à :;10.000 euros;nouvelle;;
17;120;12;12.4;C;2416;Les sociétés de personnes :;Sont imposées à l'impôt sur le revenu mais peuvent choisir d'être imposées à l'impôt sur les sociétés;nouvelle;;
18;1;1;1.1;C;9;Quelle est la composition de l'AMF?;Un Collège, une Commission des sanctions et des commissions consultatives;nouvelle;;
18;2;1;1.1;C;2604;"Le suivi du respect par les fonds labellisés ""Relance"" de la bonne application de la Charte de ce label est assuré par :";La direction générale du Trésor;lot 1;;
18;3;1;1.2.1;C;41;Qu'est-ce que l'AEMF (ou ESMA)?;L'autorité européenne des marchés financiers;lot 2;;
18;4;1;1.2.1;C;305;Quelle institution vote les nouvelles lois européennes?;Le Parlement européen;lot 2;;
18;5;1;1.2.2;C;2671;La mission du FSB (Financial Stability Board) est de :;Déterminer les vulnérabilités du système financier mondial et identifier et évaluer les régulations à mettre en œuvre pour les prévenir;nouvelle;;
18;6;1;1.3;C;95;A quelle condition, un établissement de crédit peut-il distribuer des instruments financiers ?;Dès qu'il a son agrément de prestataire de services d'investissement délivré par l'ACPR, après approbation par l'AMF;nouvelle;;
18;7;1;1.3;C;119;Un établissement de crédit ayant obtenu l'agrément pour pouvoir proposer des services d'investissement est classé, selon le code monétaire et financier, comme :;Un prestataire de services d'investissement;nouvelle;;
18;8;1;1.3;C;278;Un intermédiaire en biens divers est une personne qui commercialise;Un ou plusieurs biens en mettant en avant son probable rendement financier;nouvelle;;
18;9;1;1.5.1;C;137;Quelle est la fonction d'origine généralement attribuée aux marchés financiers ?;Participer au financement de l'économie;nouvelle;;
18;10;1;1.5.1;C;167;Quel facteur est susceptible de faire progresser le cours d'une action ?;En général, le cours d'une action monte lorsque le chiffre d'affaires de la période s'avère supérieur aux prévisions;nouvelle;;
18;11;1;1.5.2;C;211;Le taux d'intérêt à court terme :;Désigne les taux sur les marchés monétaires pour différentes échéances (au jour le jour, à trois mois);nouvelle;;
18;12;1;1.5.2;C;224;Pourquoi les taux de référence interbancaires comme le LIBOR et l'EURIBOR vont-ils évoluer ou disparaître ?;Parce qu'ils ont fait l'objet de nombreuses manipulations frauduleuses par les banques;nouvelle;Contexte;"Le LIBOR a disparu (2021-2023, versions synthétiques jusqu'à fin sept. 2024) ; l'EURIBOR a été réformé (méthode hybride) et existe toujours ; l'EONIA a disparu le 3/01/2022 au profit de l'€STR."
18;13;1;1.8;C;246;Parmi les produits suivants, lesquels sont des instruments financiers ?;Les titres financiers;lot 2;;
18;14;1;1.8;C;244;Dans le cadre de quel statut, un établissement de crédit peut-il proposer le service d'investissement de gestion de portefeuille ?;Le statut de prestataire de service d'investissement (PSI);lot 3;;
18;15;2;2.1;A;921;Quelles sont les principales règles de bonne conduite que doit respecter un prestataire de services d'investissement ?;Il doit agir d'une manière honnête, loyale et professionnelle, qui serve au mieux l'intérêt des clients et favorise l'intégrité des marchés;nouvelle;;
18;16;2;2.1;A;2682;La liste d'interdiction, établit par le responsable de la conformité, recense les :;Emetteurs ou les instruments financiers pour lesquels le PSI doit restreindre ses activités;nouvelle;;
18;17;2;2.2;A;367;"Quel est le but des procédures connues sous le nom de ""murailles de Chine"" ?";Prendre toutes les mesures raisonnables pour empêcher les conflits d'intérêts de porter atteinte aux intérêts des clients du PSI;nouvelle;;
18;18;2;2.2;A;372;Les mesures prises par un prestataire de services d'investissement pour séparer les activités susceptibles d'engendrer des conflits d'intérêts sont appelées :;Murailles de Chine;nouvelle;;
18;19;2;2.3;A;421;La médiation est un mode de :;Règlement amiable des conflits;lot 1;;
18;20;2;2.3;A;468;La procédure de réclamation :;Doit toujours être gratuite pour le client;lot 1;;
18;21;3;3;A;2563;Que préconise le Groupe d'action financière (GAFI) aux régulateurs nationaux en cas de soupçon d'utilisation des crypto-actifs à des fins de financement du terrorisme ?;Geler sans délai l'ensemble des fonds ou autres avoirs du propriétaire de ces crypto-actifs;nouvelle;;
18;22;3;3;A;2686;Le bénéficiaire effectif :;Est nécessairement une ou des personnes physiques;nouvelle;;
18;23;3;3;A;513;Dans le cadre de la réglementation FACTA (foreign account tax compliance act) et au moment de l'entrée en relation, les PSI font compléter à leurs clients personnes physiques :;Une auto-certification fiscale;nouvelle;;
18;24;4;4;A;569;"Les opérations de ""late trading"" ou de""market timing""désignent des pratiques qui :";Sont interdites;nouvelle;;
18;25;4;4;A;546;Quelle est la bonne définition du late trading ?;Une opération de souscription ou de rachat transmise et acceptée au delà de l'heure limite mentionnée sur le prospectus de l'OPC;nouvelle;;
18;26;5;5.1;A;661;Dans quel cas s'appliquent les règles concernant le démarchage bancaire et financier ?;Lors d'une prise de contact non sollicitée avec une personne physique par exemple à son domicile;nouvelle;;
18;27;5;5.1;A;630;"Parmi les 3 services d'investissement listés ci-dessous et proposés à des clients démarchés à leur domicile, lequel ouvre droit à un ""délai de rétractation"" ?";Le service de gestion de portefeuille pour compte de tiers;nouvelle;;
18;28;5;5.1;A;715;Une obligation structurée est destinée à être commercialisée auprès de toutes les catégories de clients, professionnels et non-professionnels. Son producteur doit-il définir un Marché cible ?;C 'est impératif car le Marché Cible ne se limite pas à la catégorie de clients mais précise les besoins, les profils et les objectifs des clients auxquels est destinée l 'obligation;nouvelle;;
18;29;5;5.1;A;1017;Pour quel service le délai de rétractation ne s'applique-t-il pas ?;Réception - transmission d'ordres;nouvelle;;
18;30;5;5.2;C;685;Dans le document d'Informations clés (DIC) encadré par le règlement PRIIPs (produits d'investissement packagés de détail et fondés sur l'assurance), les scénarios de performances futures sont, sauf cas particulier, au nombre de :;Quatre (scénarios favorable, intermédiaire, défavorable et de tensions);nouvelle;;
18;31;5;5.2;C;703;Dans le DICI, les frais de souscription d'un OPCVM sont :;Généralement exprimés en pourcentage;nouvelle;Réponse dépassée;Depuis le 1er janvier 2023, le DICI des OPCVM est remplacé par le DIC PRIIPs pour les investisseurs non professionnels (indicateur de risque SRI de 1 à 7 et 4 scénarios de performance). Les questions sur le DICI restent dans la base : retiens leurs réponses (remise avant souscription, échelle 1 à 7, frais…), qui valent aussi pour le DIC.
18;32;6;6.1.1;A;793;Le prestataire de services d'investissement peut classer ses clients dans les catégories suivantes :;Client professionnel, client non professionnel, contrepartie éligible;lot 1;;
18;33;6;6.1.1;A;772;MIF 2 a ajouté des critères d'évaluation de l'adéquation client/conseil. Désormais, le conseiller devra examiner, en plus des critères existant auparavant :;La tolérance du client au risque;lot 1;;
18;34;6;6.1.1;A;797;Le prestataire de services d'investissement doit classer ses clients en catégories. Laquelle des affirmations suivantes est correcte ?;Le client non professionnel peut, sous certaines conditions, demander à changer de catégorie;lot 1;;
18;35;6;6.1.1;A;804;Un client non-professionnel personne physique :;Renoncer à une partie de sa protection uniquement après l'évaluation adéquate de ses compétences, expériences et situation financière par le Prestataire de Services d'Investissement (PSI) concerné;lot 2;;
18;36;6;6.1.1;A;812;Les personnes physiques sont par nature des :;Clients non professionnels;lot 2;;
18;37;6;6.1.2;C;2653;Le traitement des données à caractère personnel qui révèle,notamment, l'origine raciale ou ethnique, les opinions politiques, les convictions religieuses ou philosophiques ou l'appartenance syndicale :;Est interdit, à moins qu'une condition parmi la liste des conditions réglementairement listées soit remplie;nouvelle;;
18;38;6;6.1.2;C;829;La fourniture d'informations à un client non professionnel au moyen de communications électroniques est considérée comme :;Un support durable;nouvelle;;
18;39;6;6.2;A;735;Quelles informations le prestataire de services d'investissement (PSI) doit-il donner à ses clients sur les instruments financiers ?;Il doit donner une description générale de la nature et des risques des instruments financiers en tenant compte notamment de la catégorisation de son client en tant que client non professionnel ou client professionnel;lot 3;;
18;40;6;6.2;A;881;Un avis d'opéré doit obligatoirement être adressé au client :;Après chaque exécution d'ordre;lot 3;;
18;41;6;6.2;A;877;Quel degré de précision doit apparaître sur l'avis d'opération envoyé au client ?;Il doit préciser la journée et l'heure d'exécution de l'ordre;lot 4;;
18;42;6;6.2;A;905;Que doit faire le PSI lorsque l'information sur un instrument financier comporte des simulations de performances passées ou y fait référence ?;Préciser que les chiffres se réfèrent à des simulations des performances passées et que les performances passées ne préjugent pas des performances futures;lot 4;;
18;43;6;6.2;A;873;Que mentionne le compte-rendu d'exécution d'un ordre adressé au client non professionnel par un PSI ?;L'identification du lieu d'exécution de cet ordre;lot 4;;
18;44;6;6.3;A;948;Dans le cas d'un client qui refuse de communiquer des informations sur sa situation financière, le prestataire :;Ne doit pas lui fournir le service de gestion de portefeuille pour compte de tiers;lot 1;;
18;45;6;6.3;A;1033;Comment le service de conseil en investissement délivré de manière indépendante peut-il être rémunéré ?;Uniquement par le client, sous forme d'honoraires ou de commissions;lot 1;;
18;46;6;6.3;A;764;Concernant les informations recueillies sur le client, de quoi doit s'assurer le PSI ?;Que le questionnaire est compréhensible et permet d'évaluer l'adéquation des produits ou services proposés;lot 2;;
18;47;6;6.4;A;968;Avant de procéder à l'exécution des ordres de leurs clients en dehors d'une plate-forme de négociation, les prestataires de services d'investissement autres que les sociétés de gestion de portefeuille doivent :;Obtenir le consentement préalable exprès de leurs clients;nouvelle;;
18;48;6;6.4;A;1189;Un Prestataire de Services d 'Investissement (PSI) qui réalise une prestation de Réception Transmission d 'Ordres (RTO) reçoit des ordres de son client et les transmet à un intermédiaire qui les exécutera. Dans ce cadre le PSI doit :;Définir et mettre en œuvre une politique de sélection des intermédiaires en charge de réaliser l 'exécution des ordres reçus du client;nouvelle;;
18;49;6;6.4;A;957;"Dans le cadre de la ""Best execution"" , quel critère permet entre autres, d'obtenir le meilleur résultat possible pour son client ?";Le coût total d'une transaction;lot 1;;
18;50;6;6.5;C;1028;Dans quel cas la commission de gestion d'un OPC peut-elle comprendre une part variable liée à la surperformance de l'OPC ?;Lorsqu'elle est expressément prévue dans le DICI et qu'elle est cohérente avec l'objectif de gestion;lot 3;;
18;51;6;6.5;C;1020;La commission de gestion d'un OPCVM (Organisme de Placement Collectif en Valeurs Mobilières) peut comprendre une part variable liée :;A la surperformance de l'OPCVM;lot 4;;
18;52;6;6.6;C;1195;Un compte d 'instruments financiers joint :;Permet à chaque personne pour laquelle le compte est ouvert de faire, séparément, toutes opérations sur ce compte d 'instruments financiers;lot 3;;
18;53;6;6.7;C;1063;À quelle condition la procédure de rétablissement personnel est-elle ouverte ?;La procédure de rétablissement personnel peut être ouverte lorsque le débiteur se trouve dans une situation irrémédiablement compromise;nouvelle;;
18;54;6;6.8;C;1138;en France, quel est le plafond d'indemnisation des comptes courants par déposant et par établissement, en cas de résolution bancaire ?;100 000 Euros;lot 4;;
18;55;6;6.8;C;1072;Le fonds de garantie et de résolution intervient sur demande :;De l'Autorité de contrôle prudentiel et de résolution;lot 4;;
18;56;6;6.9;C;1120;Dans les dispositions de la loi Sapin 2, qui peut sanctionner, avec l'AMF (Autorité des Marchés Financiers), les acteurs faisant de la publicité sur les produits à haut risque ?;La DGCCRF (Direction Générale de la Concurrence, de la Consommation et de la Répression des Fraudes);nouvelle;;
18;57;7;7.1;C;1252;Qu'appelle-t-on le risque encouru par un investisseur qui n'a pas réussi à vendre ses actions à cause d'une panne informatique ?;Risque opérationnel;nouvelle;;
18;58;7;7.1;C;1243;Parmi les affirmations suivantes, laquelle est vraie :;Les rendements des produits financiers dépendent habituellement de leur risque;nouvelle;;
18;59;7;7.1;C;1254;Quel est le risque majeur supporté par un actionnaire ?;Le risque de perte en capital;lot 1;;
18;60;7;7.2;C;1304;Les actions sont, le plus souvent, détenues :;Au porteur;nouvelle;;
18;61;7;7.2;C;1273;"En matière de valorisation des actions, à quoi correspond le ratio du ""rendement bénéficiaire"" (earning yield)";Au revenu potentiel de l'action rapporté à son prix;nouvelle;;
18;62;7;7.2;C;1316;Parmi les titres suivants, lequel distribue un dividende :;Les actions;nouvelle;;
18;63;7;7.3;C;1391;"Pendant une période appelée ""période de souscription"" , les obligations émises par une entreprise peuvent être souscrites par des investisseurs sur :";Le marché primaire;nouvelle;;
18;64;7;7.3;C;1689;Qu'est-ce qu'une OAT démembrée ?;Une obligation dont les flux de coupons et de remboursement ont été séparés;nouvelle;;
18;65;7;7.3;C;1347;Une obligation à taux fixe est une obligation ayant :;Un taux nominal fixe;nouvelle;;
18;66;7;7.4;C;2602;L'objectif de la réforme de l'EURIBOR (Euro Interbank Offered Rate) est de :;Renforcer l'intégrité et la transparence du marché en évitant les manipulations de taux;nouvelle;;
18;67;7;7.4;C;2566;Le principal avantage de l'€STER (EURO Short Term Rate) par rapport à l'EURIBOR (Euro Interbank Offered Rate) :;L'EURIBOR est calculé de manière hybride, s'appuyant sur les transactions effectives et les taux offerts par les banques sur le marché interbancaire, alors que l'€STER est calculé sur la base des transactions réelles des prêts interbancaires réalisées la veille;lot 1;;
18;68;7;7.5;C;1458;Une obligation à bon de souscription en action (OBSA) permet :;D'acquérir des actions;nouvelle;;
18;69;7;7.6;C;1504;Par rapport à un contrat d'assurance monosupport en euros, un contrat d'assurance multisupport :;Est plus risqué;lot 2;;
18;70;7;7.6;C;1473;Le compte à terme (CAT) est un contrat d'épargne dans lequel :;La somme épargnée est bloquée pendant toute la durée du contrat et le taux d'intérêt garanti peut être fixe ou progressif;lot 2;;
18;71;7;7.7;C;1515;Acheter un put revient à acheter :;Un droit de vente;nouvelle;;
18;72;7;7.8;C;1596;Les organismes de titrisation sont :;Gérés par une société de gestion agréée par l'AMF;nouvelle;;
18;73;7;7.8;C;1694;Que regroupent les Organismes de placement collectif (OPC) ?;Les OPCVM et les FIA;nouvelle;;
18;74;7;7.9;C;1627;Quel peut être le statut d'un intermédiaire en biens divers ?;Un conseiller en investissements et gestion de biens immobiliers;lot 2;;
18;75;7;7.9;C;1609;"Parmi ces produits, lequel fait partie des ""biens divers"" ?";Un placement dans des bouteilles de vin;lot 2;;
18;76;7;7.10;C;2591;En matière de LCB-FT, à quelles obligations sont soumis les prestataires de services sur actifs numériques (PSAN) ?;L'ensemble des obligations clés de la LCB-FT;nouvelle;;
18;77;7;7.10;C;1674;Les ICO (Initial Coin Offerings) consistent à émettre des jetons :;Pour financer des projets;nouvelle;;
18;78;8;8.1;C;2758;Les actifs d'un fonds conservés par le dépositaire du fonds ne peuvent être réutilisés :;Pour le compte du fonds que si certaines conditions sont respectées;nouvelle;;
18;79;8;8.2.1;C;1750;Quelles obligations un mandat de gestion de portefeuille génère-t-il ?;Une obligation de loyauté et une obligation de moyen;nouvelle;;
18;80;8;8.2.2;C;1778;La méthodologie utilisée par un administrateur pour déterminer un indice de référence doit être développée, utilisée et gérée de manière :;Transparente;lot 3;;
18;81;8;8.2.2;C;2001;Que mesure la volatilité ?;Elle mesure l'amplitude des variations de la valeur d'un instrument financier;lot 3;;
18;82;8;8.4;C;1972;La directive AIFM règlemente principalement :;Les SGP qui gèrent des FIA;nouvelle;;
18;83;8;8.4;C;1786;Un mandat de gestion doit notamment mentionner :;L'objectif de gestion et les catégories d'instruments financiers que peut comporter le portefeuille;nouvelle;;
18;84;8;8.5;C;1834;"Un OPCVM ""actions"" peut-il ?";Etre soumis aux variations de la Deutsche Börse;nouvelle;;
18;85;8;8.5;C;1949;Un OPCVM (Organisme de Placement Collectif en Valeurs Mobilières) peut demander un agrément de FEILT (Fonds Européen d'Investissement de Long Terme).;En aucun cas;nouvelle;;
18;86;8;8.5;C;1821;Les ETF (trackers) sur indices de marché :;Répliquent à la hausse ou à la baisse la performance des indices actions, des indices sectoriels, des indices obligataires etc;nouvelle;;
18;87;8;8.6;C;2005;A qui s'adresse la gestion alternative ?;Aux investisseurs ayant une bonne connaissance des instruments financiers;lot 1;;
18;88;8;8.7;C;1888;Pour obtenir le label ISR (Investissement Socialement Responsable) pour un fonds d'investissement, une société de gestion doit déposer un dossier spécifique auprès :;D'un organisme de certification accrédité;lot 4;;
18;89;8;8.7;C;2789;Les critères ESG permettent d'évaluer :;La prise en compte du développement durable et des enjeux de long terme dans la stratégie des acteurs économiques;lot 4;;
18;90;8;8.7;C;2485;S'agissant des critères ESG, laquelle de ces pratiques relève du pilier E (environnement) ?;Le recyclage des déchets;lot 4;;
18;91;8;8.7;C;1906;Parmi les affirmations suivantes relatives au label Finansol, laquelle est correcte ?;Il a été créé pour distinguer les produits d'épargne solidaire des autres produits d'épargne auprès du grand public;lot 4;;
18;92;8;8.7;C;2541;Qui est en charge de la surveillance de la qualité de l'information fournie par les sociétés de gestion de portefeuille (SGP) en matière d'impact climatique de leurs investissements ?;l'AMF;lot 5;;
18;93;8;8.7;C;2515;Les FIA sont-ils assujettis à l'obligation de communiquer sur l'aspect Finance durable de leurs investissements ?;Oui, au même titre que les autres intervenants de marché;lot 5;;
18;94;8;8.7;C;2795;Le label ISR a été créé par :;Le Ministère des Finances;lot 5;;
18;95;8;8.7;C;2458;Parmi les affirmations suivantes, laquelle décrit le mieux la stratégie d'investissement en matière d'ISR, dite d'exclusion ?;Avec cette stratégie, les émetteurs ou secteurs qui ont une part significative de leur activité liée à des pratiques jugées néfastes pour l'environnement ou la société sont exclus de l'univers d'investissement;lot 5;;
18;96;8;8.7;C;2550;"Le label ""Investissement Socialement Responsable"" est attribué pour une durée :";De 3 ans renouvelable;lot 5;;
18;97;8;8.7;C;2482;Trucost est une agence spécialisée sur l'analyse et la notation :;Des impacts environnementaux des entreprises;lot 5;;
18;98;8;8.7;C;2501;Dans la mise en place d'une démarche de type RSE, une entreprise doit :;Limiter son impact sur ses sites de production, les sites de ses sous-traitants et sa chaine d'approvisionnement;lot 5;;
18;99;8;8.7;C;2551;Une entreprise engagée dans une démarche RSE (Responsabilité Sociétale de l'Entreprise) cherche à :;Concilier performance économique et performance sociale;lot 5;;
18;100;8;8.7;C;2606;"Les fonds labellisés ""Relance"" doivent établir un reporting quant à leurs obligations relatives au respect du label:";Tous les semestres;lot 5;;
18;101;8;8.7;C;1997;Les données environnementales, sociales et sociétales d'une société française sont-elles vérifiées par :;Un organisme tiers indépendant;lot 5;;
18;102;8;8.7;C;1895;"La gestion ""investissement socialement responsable"" (ISR), au-delà de la recherche du rendement, tient compte de l'impact des émetteurs :";Sur un ensemble de critères environnementaux, de société, et de gouvernance d'entreprise;lot 5;;
18;103;9;9.1;C;2047;En quoi consiste l'internalisation systématique ?;A exécuter les ordres de la clientèle en se portant directement contrepartie;nouvelle;;
18;104;9;9.1;C;2051;L'appellation de marché réglementé désigne :;Une plate-forme disposant d'une reconnaissance spécifique attribuée par le ministre en charge de l'économie sur proposition de l'AMF;nouvelle;;
18;105;9;9.2;A;2162;Le code ISIN est une immatriculation :;Internationale unique pour les instruments financiers;nouvelle;;
18;106;9;9.2;A;2134;Quand un ordre groupé (client et OPCVM notamment) par une société de gestion de portefeuille est partiellement exécuté,;Les opérations sont allouées proportionnellement suivant la politique de répartition des ordres définie par la société de gestion;nouvelle;;
18;107;9;9.3;C;2187;L'obligation de transparence post-négociation introduite par la Directive MIF s'applique :;A tous les modes d'exécution des transactions;nouvelle;;
18;108;9;9.4;C;2203;La Directive MIF2 a renforcé l 'encadrement du trading algorithmique. Les PSI réalisant du trading algorithmique doivent notamment :;Notifier les autorités compétentes, tester les algorithmes qu 'elles utilisent et leurs ordres doivent être marqués pour être identifiés par les autorités;lot 1;;
18;109;9;9.5;C;2106;Par données financières, on entend :;Tous types de données relatives aux instruments, aux émetteurs et aux marchés;nouvelle;;
18;110;10;10.1;C;2228;Le TCC (teneur de compte conservateur) :;Inscrit en compte les instruments financiers au nom du bénéficiaire;lot 3;;
18;111;10;10.1;C;2229;Depuis le 1er janvier 2004, la tenue administrative de compte d'épargne salariale est déléguée à des opérateurs dédiés appelés :;TCCP (Teneurs de Comptes Conservateurs de Parts);lot 4;;
18;112;10;10.2;C;2249;Les titres financiers faisant l'objet d'une transaction sont traités par des infrastructures post-marchés. La chaîne de traitement des titres comprend plusieurs étapes. Quelles sont-elles ?;La négociation, la compensation, le règlement livraison;lot 3;;
18;113;11;11.1;C;2275;Les contrôleurs légaux (commissaires aux comptes) de l'émetteur doivent-ils attester que les informations prévisionnelles, estimées ou pro forma, éventuellement présentées dans le prospectus ont été adéquatement établies ?;Oui;nouvelle;;
18;114;11;11.2;C;2299;Une OPA est une :;Opération par laquelle une entreprise achète les actions d'une autre entreprise et en devient propriétaire;nouvelle;;
18;115;12;12.1;C;2310;Les sociétés françaises cotées sur un marché réglementé ne sont pas tenues d'établir et de publier;Leur plan de développement;nouvelle;;
18;116;12;12.1;C;2308;Pendant combien de temps les documents comptables et les pièces justificatives doivent-ils être conservés par les entreprises après la clôture de l'exercice ?;Dix ans;nouvelle;;
18;117;12;12.2;C;2339;Après la clôture des comptes, quel est le délai de publication du rapport financier annuel par les entreprises cotées sur Euronext ?;4 mois après la clôture;nouvelle;;
18;118;12;12.3;C;2350;Les plus-values immobilières imposables réalisées par un particulier sont soumises :;Au taux forfaitaire de 19 %;nouvelle;;
18;119;12;12.3;C;2430;Les plus-values de cessions de titres :;Sont soumises aux prélèvements sociaux dès le 1er euro de cession;nouvelle;;
18;120;12;12.4;C;2386;Sauf cas particulier, les revenus financiers perçus par une société anonyme sont :;Incorporés parmi les autres produits réalisés et imposés à l'impôt sur les sociétés;nouvelle;;
19;1;1;1.1;C;13;Le Comité Consultatif de la Législation et de la Règlementation Financière (CCLRF) est en charge de :;Donner un avis sur tous les projets de textes normatifs relatifs aux secteurs de la banque et de l'assurance;lot 1;;
19;2;1;1.1;C;15;Quel est le rôle du CCLRF (Comité Consultatif de la Législation et de la Réglementation Financières) ?;C'est une institution consultative qui donne un avis sur les projets de textes législatifs et réglementaires (français ou européens) dans le domaine financier;lot 2;;
19;3;1;1.2.1;C;325;Parmi les autorités suivantes laquelle a un rôle de conseil de la Commission Européenne sur les lois concernant les marchés financiers, de rédaction de normes techniques pour l 'application de ces lois et de contrôle de la mise en œuvre par les Etats membre de l 'UE ?;L 'Esma (autorité européenne des marches financiers);lot 3;;
19;4;1;1.2.1;C;266;Lequel des organismes français suivants fait partie de l'ESMA (ou AEMF) ?;L'AMF;lot 3;;
19;5;1;1.2.2;C;2634;Les accords de Bretton Woods ont permis de créer :;Le FMI;nouvelle;;
19;6;1;1.3;C;113;Quels sont les établissements financiers tenus d'adhérer à une association professionnelle elles-mêmes affiliée à l'Association française des établissements de crédit et des entreprises d'investissement, l'AFECEI ?;"Les deux réponses à la fois
A. Les entreprises d'investissement
B. Les chambres de compensation
C. Les deux réponses à la fois";nouvelle;;
19;7;1;1.3;C;268;Dans quels cas un CIF peut-il recevoir des instruments financiers de ses clients ?;Jamais;nouvelle;;
19;8;1;1.3;C;125;Un Conseiller en Investissement Financier (CIF) peut :;Exercer la réception et transmission d'ordres sur des parts ou actions d'OPCVM;lot 1;;
19;9;1;1.5.1;C;155;Quelles sont les composantes de l'Eurosystème ?;La BCE et des banques centrales nationales de la zone Euro;nouvelle;;
19;10;1;1.5.1;C;307;"Un établissement bancaire est dit ""systémique"" :";Lorsque sa faillite causerait des troubles importants au système financier et à l'activité économique;nouvelle;;
19;11;1;1.5.2;C;228;L'investissement dans les indices des pays émergents:;Permet une meilleure diversification de risque du portefeuille suite à la faible corrélation des actifs des pays émergents avec les actifs des pays développés;nouvelle;;
19;12;1;1.5.2;C;214;Qu'est que le taux d'épargne ?;Le taux d'épargne est le rapport entre l'épargne des ménages et le revenu disponible brut;lot 1;;
19;13;1;1.8;C;234;La voie de composition administrative implique un engagement :;A verser au Trésor public une somme définie par la commission des sanctions;lot 3;;
19;14;1;1.8;C;252;Un établissement dûment agréé :;Peut avoir le statut d'établissement de crédit et de prestataire de services d'investissements;lot 4;;
19;15;2;2.1;A;337;Quel code édicte les règles de conflit d'intérêt chez les PSI ?;Le Code Monétaire et Financier;nouvelle;;
19;16;2;2.1;A;454;Les responsables de la conformité doivent disposer d'une carte professionnelle délivrée par :;L'Autorité des Marchés Financiers (AMF);nouvelle;;
19;17;2;2.2;A;380;Les mesures prises par un prestataire de services d'investissement en matière de transactions personnelles ont vocation à s'appliquer :;Aux personnes concernées intervenant dans des activités susceptibles de donner lieu à conflit d'intérêt ou ayant accès à des informations privilégiées ou confidentielles;nouvelle;;
19;18;2;2.2;A;463;"Quelles opérations réalisées par un gérant de fonds d 'investissement sur les marchés financiers sont considérées comme des ""transactions personnelles"" susceptibles de restrictions voire d'interdiction ?";Les souscriptions pour son propre compte de parts ou actions du fonds d 'investissement qu'il gère;nouvelle;;
19;19;2;2.3;A;415;La saisine du service de la médiation de l'AMF est :;Gratuite;lot 2;;
19;20;2;2.3;A;427;La procédure de médiation interne est:;Gratuite;lot 2;;
19;21;3;3;A;521;En matière de lutte anti-blanchiment, le bénéficiaire effectif de la relation d'affaires :;Désigne la ou les personnes physiques qui contrôlent en dernier lieu directement ou indirectement le client, ou pour laquelle ou lesquelles l'opération ou l'activité est réalisée;nouvelle;;
19;22;3;3;A;537;La coopération internationale en termes de lutte contre le blanchiment de capitaux et de financement du terrorisme constitue un des objectifs principaux pour :;Le Groupe d 'Action Financière (GAFI);nouvelle;;
19;23;3;3;A;2561;TRACFIN peut mener des enquêtes relatives à :;De faux ordres de virement;nouvelle;;
19;24;4;4;A;548;Que peuvent ou doivent faire les personnes détentrices d'une information privilégiée ?;"S'abstenir de toute opération d'achat ou de vente sur les instruments financiers de l'émetteur concerné dès qu'elles ont connaissance d'une ""information privilégiée"" (et ce tant que celle-ci n'a pas été rendue publique)";nouvelle;;
19;25;4;4;A;559;Le fait pour une personne de réaliser des transactions est constitutif d'un délit d'initié :;Dans le cas d'une recommandation dont elle sait ou devrait savoir qu'elle est fondée sur une information privilégiée;nouvelle;;
19;26;5;5.1;A;631;N'est pas considéré comme un acte de démarchage bancaire et financier lorsque :;Une personne est abordée alors qu'elle fait la queue au guichet d'une banque;nouvelle;;
19;27;5;5.1;A;605;Parmi les propositions suivantes, lesquelles peuvent caractériser potentiellement un acte de démarchage.;Le fait pour une personne d'être contacté en dehors des locaux du prestataire de services d'investissement;nouvelle;;
19;28;5;5.1;A;613;Le fait de solliciter une personne dans les locaux du prestataire de services d'investissement dans le but de lui proposer un produit financier :;Ne constitue pas un acte de démarchage;nouvelle;;
19;29;5;5.1;A;2587;D’après les exigences en matière de « gouvernance des produits » au titre de la directive MIF2, la définition du marché cible :;Peut inclure l’âge, tout en tenant compte des autres critères pertinents;nouvelle;;
19;30;5;5.2;C;695;Les frais de gestion d'un OPC comprennent, entre autres :;Les frais de gestion financière;nouvelle;;
19;31;5;5.2;C;684;L'objectif du règlement PRIIPs (produits d'investissement packagés de détail et fondés sur l'assurance) est :;De faciliter la compréhension des caractéristiques des produits par les clients non professionnels et leur comparaison, par la mise en place d'un document d'information standardisé;nouvelle;;
19;32;6;6.1.1;A;2695;Les clients qui ont le droit de demander une catégorisation différente sont :;Les clients non professionnels, les clients professionnels et les contreparties éligibles;lot 2;;
19;33;6;6.1.1;A;1161;Le Prestataire de Services d'Investissement établit et met en œuvre des politiques et des procédures appropriées et écrites permettant de classer ses clients. Dans quelle catégorie seront classés les clients particuliers personnes physiques ou encore les entreprises de petite taille ou les professions libérales ?;Clients non professionnels;lot 2;;
19;34;6;6.1.1;A;752;Pour fournir les services adéquats à leurs clients, les PSI sont-ils habilités à se fonder sur les informations fournies par le client ?;Oui, à moins qu'ils ne sachent que celles-ci sont manifestement erronées;lot 2;;
19;35;6;6.1.1;A;1151;Quelle règle s'applique en matière d'information des clients sur leur catégorisation ?;Le PSI doit informer ses clients de leur catégorie;lot 3;;
19;36;6;6.1.1;A;2697;La charge de la preuve d'évaluer les capacités du client non professionnel avant de prendre sa décision de souscrire à un produit complexe revient :;Au PSI;lot 3;;
19;37;6;6.1.2;C;833;Au sein d'un établissement de crédit, le secret professionnel n'est pas opposable :;A l'autorité de contrôle prudentiel et de résolution;nouvelle;;
19;38;6;6.1.2;C;1171;Pour avoir accès aux informations personnelles d 'une personne décédée détenues par un Prestataire de Services d 'Investissement (PSI), une personne physique doit disposer du statut :;D'héritier;nouvelle;;
19;39;6;6.2;A;2614;Une société de gestion de portefeuille :;Doit disposer d'une politique de gestion des conflits d'intérêts écrite;lot 4;;
19;40;6;6.2;A;868;Dans quel délai, le PSI doit fournir à son client les informations essentielles concernant l'exécution d'un ordre (sauf option du client pour une périodicité particulière d'information avec le PSI) ?;Sans délai;lot 4;;
19;41;6;6.2;A;1131;Dans le cadre d'un conseil indépendant, le CIF;Ne peut pas conserver les avantages monétaires reçus d'un tiers;lot 5;;
19;42;6;6.2;A;888;Quelles mentions doivent apparaître sur l'avis d'opération envoyé au client pour les souscriptions de parts ou actions d'un placement collectif ?;Le montant total des commissions et des frais facturés;lot 5;;
19;43;6;6.2;A;849;Les conseillers en investissement agissant de manière indépendante :;Ne peuvent pas recevoir des rétrocessions de commissions de la part des producteurs;lot 5;;
19;44;6;6.3;A;1181;Dans le cadre d 'une prestation de conseil en investissement non-indépendant, le prestataire pourra-t-il conserver d 'éventuelles rétrocessions de commission versées par les producteurs des fonds ou instruments qu 'il recommandera à son client, si ce dernier y souscrit où les achète ?;Oui mais à la condition que le client en soit informé;lot 2;;
19;45;6;6.3;A;925;Concernant le test d'adéquation, quel type d'information doit permettre de vérifier si le client est financièrement capable de faire face aux risques ?;La capacité du client à subir des pertes;lot 2;;
19;46;6;6.3;A;944;Les avantages perçus par un conseiller lors de la fourniture d'un service d'investissement sont encadrés. Quel avantage est considéré mineur et donc acceptable parmi les suivants :;L'invitation à une conférence de formation sur un instrument financier;lot 3;;
19;47;6;6.4;A;962;L'obligation d'obtenir le meilleur résultat possible par le prestataire de services d'investissement (PSI) s'applique :;A tous les instruments financiers;lot 1;;
19;48;6;6.4;A;998;Parmi les propositions suivantes, laquelle caractérise le respect de l'obligation de la meilleure sélection de l'intermédiaire ?;Etablir et mettre en œuvre une politique de sélection des intermédiaires par type d'instruments financiers;lot 1;;
19;49;6;6.4;A;993;En matière d'exécution des ordres, les prestataires de services d'investissement autres que les sociétés de gestion de portefeuille doivent-ils suivre les instructions spécifiques de leurs clients lorsqu'ils en donnent ?;Oui, l'ordre doit être exécuté en suivant ces instructions;lot 2;;
19;50;6;6.5;C;1018;Dans le cadre de l'épargne salariale, les frais de tenue de compte sont :;Obligatoirement à la charge de l'employeur;lot 4;;
19;51;6;6.5;C;1014;Les droits de garde relatifs aux services fournis par le teneur de compte-conservateur sont :;Fixés par une convention entre le teneur de compte-conservateur et son client;lot 5;;
19;52;6;6.6;C;1045;Le compte-titres peut prendre la forme :;D'un compte individuel, d'un compte joint ou d'un compte indivis;lot 4;;
19;53;6;6.7;C;1196;La situation dans laquelle une entreprise ne peut plus faire face à son passif exigible avec son actif disponible est appelée :;Cessation des paiements;nouvelle;;
19;54;6;6.8;C;1076;Les PSI peuvent-ils utiliser les titres appartenant à leur client ?;Oui, s'ils ont le consentement exprès des clients;lot 5;;
19;55;6;6.8;C;2613;En matière de commercialisation de produits financiers à des personnes âgées vulnérables, les mesures de vigilance renforcée peuvent prévoir :;Une procédure d'examen systématique des souscriptions, désinvestissements et arbitrages au-delà d'un âge de référence défini en interne;lot 5;;
19;56;6;6.9;C;1158;Quelle est la réglementation concernant la commercialisation des options binaires ?;La commercialisation d'options binaires est interdite pour les clients particuliers à l'échelle européenne;nouvelle;;
19;57;7;7.1;C;1237;L'impact que peuvent avoir les fluctuations de cours de titres financiers sur les positions d'un investisseur fait partie du :;Risque de marché;lot 1;;
19;58;7;7.1;C;1220;Le risque de défaillance de l'acheteur ou du vendeur au moment du règlement-livraison se nomme :;Le risque de contrepartie lié à la transaction;lot 1;;
19;59;7;7.1;C;2724;Plusieurs types de volatilité existent dont :;La volatilité historique et la volatilité implicite;lot 2;;
19;60;7;7.2;C;1291;Le Price Earning Ratio (PER) :;Augmente quand la valeur de l'action augmente;lot 1;;
19;61;7;7.2;C;1331;Une action est :;Un titre de propriété qui confère un droit de vote et un droit à la participation aux bénéfices;lot 1;;
19;62;7;7.2;C;1298;Les actions de préférence sans droit de vote :;Ne peuvent représenter plus de la moitié du capital social, et dans les sociétés dont les actions sont admises aux négociations sur un marché réglementé, plus du quart du capital social;lot 1;;
19;63;7;7.3;C;1723;Une Obligation Assimilable du Trésor (OAT) à taux fixe verse un coupon :;Tous les ans;nouvelle;;
19;64;7;7.3;C;1405;La dette de l'Etat est gérée par :;L'Agence France Trésor;nouvelle;;
19;65;7;7.3;C;1380;En achetant aujourd'hui une obligation in fine de coupon 4% durée 15 ans émise il y a 6 ans, l'obligataire détient :;Une obligation émise il y a 6 ans, servant un coupon de 4% qui sera remboursée en totalité dans 9 ans;nouvelle;;
19;66;7;7.4;C;1424;Le taux Euribor couvre des durées :;D'une semaine à un an;lot 1;;
19;67;7;7.4;C;1294;Lequel de ces taux de référence possède plusieurs échéances ?;L'Euribor;lot 2;;
19;68;7;7.5;C;1465;Pour une société, quel est l'avantage d'émettre des obligations convertibles ?;Le taux de rémunération est inférieur aux taux fixes pratiqués sur la période;nouvelle;;
19;69;7;7.6;C;1490;Le Livret d'Epargne Populaire est destiné :;Aux seuls foyers fiscaux ne dépassant pas un certain plafond d'imposition;lot 3;;
19;70;7;7.6;C;1485;Lors de la souscription d'un contrat d'assurance vie, quel choix s'offre au souscripteur ?;Le souscripteur peut opter soit pour un contrat monosupport, généralement un fonds en euros, soit pour un contrat multisupport, en unités de compte (UC) ou alliant fonds en euros et UC;lot 3;;
19;71;7;7.7;C;1513;Acheter un call signifie :;Avoir le droit et non l'obligation d'acheter un sous-jacent à un prix fixé à l'avance;lot 1;;
19;72;7;7.8;C;1557;Les FIA (fonds d'investissement alternatifs) :;Doivent avoir un dépositaire;nouvelle;;
19;73;7;7.8;C;707;La valeur liquidative d'origine d'un OPC est :;Choisie par la société de gestion de portefeuille;nouvelle;;
19;74;7;7.9;C;1629;A qui sont transmis les documents annuels établis par un gestionnaire de biens divers ?;Aux détenteurs des droits et à l'AMF;lot 3;;
19;75;7;7.9;C;2736;L'intermédiaire en biens divers doit :;Agir dans l'intérêt exclusif des investisseurs;lot 3;;
19;76;7;7.10;C;1664;Un crypto-actif est :;Un actif numérique;nouvelle;;
19;77;7;7.10;C;1679;Une offre au public de jetons (Initial Coin Offering ou ICO) :;Peut de façon facultative porter le visa de l'Autorité des marchés financiers;nouvelle;Réponse dépassée;Régime français des ICO (loi PACTE, visa AMF optionnel) remplacé par le règlement européen MiCA (applicable depuis le 30/12/2024) : pour une offre au public de crypto-actifs, un livre blanc est obligatoire et notifié à l'autorité. Réponse de la base : visa optionnel.
19;78;8;8.1;C;1743;Qu'est-ce qu'un prime broker ?;Un intermédiaire qui offre aux hedge funds des services d'intermédiation classiques et des services spécifiques de financement d'opérations avec effet de levier;nouvelle;;
19;79;8;8.2.1;C;1752;Un mandat de gestion peut être résilié à tout moment par :;Le mandant ou le mandataire;nouvelle;;
19;80;8;8.2.2;C;2031;L 'attribution de performance de fonds sur une période donnée consiste à :;Expliquer la performance de fonds sur une période donnée grâce aux comportement des marchés, le solde de performance inexpliquée étant attribué au talent des gérants;lot 4;;
19;81;8;8.2.2;C;1772;Le règlement Benchmark définit et distingue :;Les indices de référence d'importance critique et les indices de référence d'importance significative;lot 4;;
19;82;8;8.4;C;1784;Qu'est-ce qu'un gestionnaire au sens de la directive AIFM ?;Une personne morale dont l'activité habituelle est la gestion d'un ou plusieurs FIA;nouvelle;;
19;83;8;8.4;C;1806;L'agrément d'un OPCVM relève normalement de :;L'autorité compétente du pays où il est constitué;lot 1;;
19;84;8;8.5;C;2015;Les Fonds d'Investissement Alternatifs (FIA) :;Ne sont pas des OPCVM;nouvelle;;
19;85;8;8.5;C;1983;Les fonds d'investissement spécialisés doivent faire l'objet :;D'une déclaration auprès de l'Autorité des Marchés Financiers;nouvelle;;
19;86;8;8.5;C;1826;La commercialisation par une société de gestion de portefeuille française, en France, de parts ou actions de Fonds d'investissement alternatif (FIA) établis dans un Etat membre de l'UE :;Doit faire l'objet d'une notification préalable à l'Autorité des marchés financiers;nouvelle;;
19;87;8;8.6;C;2027;Parmi les gestions suivantes, laquelle consiste à investir dans plusieurs fonds gérés par plusieurs sociétés de gestion différentes ?;La multigestion;lot 2;;
19;88;8;8.7;C;1953;"Qui qualifie une émission obligataire, d'obligations vertes ( ""green bonds"" ) ?";L'émetteur;lot 5;;
19;89;8;8.7;C;2463;Quel type d'entreprise peut mettre en oeuvre une démarche RSE ?;Toutes les entreprises, quelle que soit leur taille, leur statut ou leur secteur d'activité;lot 5;;
19;90;8;8.7;C;2586;En application du règlement Disclosure (Sustainable Finance Disclosure Régulation, SFDR - Règlement UE 2019/2088) les acteurs des marchés financiers :;Doivent prendre en compte l'incidence négative en matière de durabilité dans le choix de produits financiers;lot 5;;
19;91;8;8.7;C;2461;Parmi les affirmations suivantes, laquelle est vraie ?;L'indépendance du label ISR est garantie car il est accordé par des organismes certificateurs indépendants;lot 5;;
19;92;8;8.7;C;2567;Les conseillers financiers employant moins de trois personnes :;Doivent prendre en compte et intégrer les risques en matière de durabilité dans le cadre de leurs processus de conseil;lot 6;;
19;93;8;8.7;C;2539;Les agences de notation extra-financière évaluent les entreprises :;A partir de documents publics, d'entretiens avec le personnel, de questionnaires envoyés aux entreprises et de rencontres avec la direction et les syndicats, ONG, fournisseurs, clients…;lot 6;;
19;94;8;8.7;C;1930;Qu'est-ce que l'agrément ESUS en matière de finance solidaire ?;"Il signifie ""Entreprise Solidaire d'Utilité Sociale"" , seules les entreprises de l'économie sociale et solidaire sont éligibles, à condition de remplir certains critères";lot 6;;
19;95;8;8.7;C;2749;Un placement dans un fonds ISR vise :;A concilier performance financière avec impact social et environnemental;lot 6;;
19;96;8;8.7;C;2569;Les gestionnaires de Fonds d'Investissement Alternatifs (FIA) :;Doivent publier des informations sur les méthodes utilisées pour évaluer, mesurer et surveiller les caractéristiques environnementales ou sociales dans leurs rapports annuels;lot 6;;
19;97;8;8.7;C;2022;Parmi les labels suivants, lequel vise à distinguer les produits d 'épargne solidaire qui contribuent au financement d 'activités génératrices d 'utilité sociale et/ou environnementale par le biais de critères de solidarité et de transparence ?;Label Finansol;lot 6;;
19;98;8;8.7;C;2007;Les critères de notation extra financières concernent-ils tout type d'entreprises ?;OUI puisque ces critères comportent notamment des éléments de gouvernance et de RH;lot 6;;
19;99;8;8.7;C;2462;Qu'est ce que la responsabilité sociétale des entreprises (RSE) ?;L'intégration volontaire par les entreprises de préoccupations sociales et environnementales à leurs activités commerciales;lot 6;;
19;100;8;8.7;C;2605;"Quelles sont les conditions que doit respecter un fonds affichant le label ""Relance"" ?";Il doit investir au moins 60% de ses actifs dans des entreprises françaises, dont au moins 20% dans des fonds propres (essentiellement en actions) de TPE et PME;lot 6;;
19;101;8;8.7;C;2748;Les sociétés de gestion sont tenues d'expliquer comment elles prennent en compte les critères ESG quand elles sélectionnent les valeurs qui figurent dans les fonds ISR qu’elles proposent :;Dans tous les cas;lot 6;;
19;102;8;8.7;C;1922;Quand un fonds investit dans des obligations vertes, qu'est-ce que cela signifie ?;Il investit dans des obligations qui servent à financer des projets à vocation écologique;lot 6;;
19;103;9;9.1;C;2048;Le Service de Règlement Différé (SRD) permet :;Le dénouement de l'opération le dernier jour du mois boursier;lot 1;;
19;104;9;9.1;C;2153;A partir de quel critère, les compartiments actions A, B et C sont-ils définis sur Euronext ?;La capitalisation boursière de l'entreprise;lot 1;;
19;105;9;9.2;A;2060;La suspension de cotation d'un titre sur un marché financier :;Vise à protéger le titre et à garantir la bonne circulation d'une information, à un moment donné, à l'ensemble des investisseurs;nouvelle;;
19;106;9;9.2;A;2143;Qu'est-ce qu'un ordre iceberg ?;Un ordre à quantité cachée;nouvelle;;
19;107;9;9.3;C;2082;Après chaque opération, les prestataires de services d'investissement (PSI) doivent fournir un certain nombre d'informations à leurs clients. Notamment :;L'indication de l'heure d'exécution de l'ordre;nouvelle;;
19;108;9;9.4;C;2207;Au sein des marchés d 'instruments financiers, le rôle de l 'apporteur de liquidité est notamment :;D'amortir les variations de volatilité sur le marché et de garantir les transactions à tout moment au meilleur prix;lot 2;;
19;109;9;9.5;C;2104;Pour exercer leur activité de publication des transactions, les prestataires de services de communication de données (PSCD) doivent être agréés par :;L'AMF ou l'ACPR selon leur statut;nouvelle;Réponse dépassée;Depuis janvier 2022, la plupart des prestataires de services de communication de données (APA, ARM, CTP) sont agréés et supervisés par l'ESMA, et non plus par l'AMF ou l'ACPR. La base attend « l'AMF ou l'ACPR selon leur statut ».
19;110;10;10.1;C;2252;L'un des rôles exercés par un dépositaire de fonds :;Est d'assurer le contrôle de la régularité des décisions de gestion prises pour le compte de l'OPC;lot 4;;
19;111;10;10.1;C;2254;La fonction de tenue du registre des porteurs de titres au nominatif peut être assurée par :;L'émetteur des titres, lui-même;lot 5;;
19;112;10;10.2;C;2232;Le dépôt de garantie versé par l'adhérent d'une chambre de compensation est;Obligatoire et sa nature et son étendue sont fixées par les règles de fonctionnement de la chambre de compensation;lot 4;;
19;113;11;11.1;C;2263;Concernant le financement participatif, quelle affirmation est fausse :;Il est obligatoirement géré par un syndicat de banques, compte tenu des montants très importants levés auprès du public;lot 1;;
19;114;11;11.2;C;2284;Une offre publique d'achat :;Permet à une entreprise de prendre le contrôle d'une autre entreprise par rachat des actions de cette société auprès de ses actionnaires;nouvelle;;
19;115;12;12.1;C;2426;Parmi les informations suivantes, lesquelles figurent dans le compte de résultat ?;Les charges d'exploitations;nouvelle;;
19;116;12;12.1;C;2330;Dans le bilan, lequel parmi les éléments suivants fait partie du passif ?;Le capital social;nouvelle;;
19;117;12;12.2;C;2405;Les comptes annuels d'une société cotée sont certifiés par :;Les commissaires aux comptes;nouvelle;;
19;118;12;12.3;C;2370;Quelle est la base de calcul de la CSG - contribution sociale généralisée ?;Le montant brut de l'ensemble des revenus d'activité ou financiers, et le montant net pour les revenus fonciers;nouvelle;;
19;119;12;12.3;C;2364;Les dividendes sont :;Soumis à des prélèvements sociaux;nouvelle;;
19;120;12;12.4;C;2382;Quelles entités parmi les suivantes réalisent des Bénéfices Non Commerciaux (BNC) ?;Les professions libérales;nouvelle;;
20;1;1;1.1;C;32;Quelle est la mission du Comité consultatif du secteur financier ?;Donner un avis sur les questions relatives aux relations entre les établissements de crédit et leur clientèle;lot 2;;
20;2;1;1.1;C;10;L'Autorité de contrôle prudentiel et de résolution (ACPR) doit veiller :;A la préservation de la stabilité du système financier et à la protection des clients;lot 3;;
20;3;1;1.2.1;C;39;Qu'est-ce que le Mécanisme de surveillance unique (MSU)?;Le système de surveillance financière composé de la Banque Centrale Européenne (BCE) et des autorités compétentes nationales des États membres participants;lot 4;;
20;4;1;1.2.1;C;48;Quel est l'objectif principal du passeport européen ?;La libre prestation de services au sein de l'Union européenne;lot 4;;
20;5;1;1.2.2;C;70;Quelle est la mission du Comité de Bâle ?;La promotion de la coopération internationale en matière de contrôle prudentiel;lot 1;;
20;6;1;1.3;C;101;Le statut de conseillers en investissements participatifs est-il cumulable avec d'autres statuts ?;Oui, il peut être cumulé avec celui d'IFP - Intermédiaires en financement participatif;lot 1;Réponse dépassée;Statut de CIP supprimé le 10/11/2023 (règlement européen ECSP) : les plateformes d'investissement participatif sont devenues des PSFP agréés par l'AMF. Réponse de la base : cumul CIP + IFP.
20;7;1;1.3;C;2636;Les gestionnaires de plates-formes de négociation sont supervisés :;Conjointement par l'ACPR et l'AMF;lot 1;;
20;8;1;1.3;C;123;L'ORIAS a-t-elle la compétence pour contrôler le respect des règles de non cumul de statuts (IAS, IOBSP, CIF, IFP etc) édictées par le Code Monétaire et Financier ?;Non mais ces règles font l'objet d'un rappel spécifique lors des formalités d'inscription et d'une mention publique informative pour les consommateurs;lot 2;;
20;9;1;1.5.1;C;324;Quel est le taux auquel les banques commerciales peuvent emprunter à la BCE :;Le taux de refinancement;nouvelle;;
20;10;1;1.5.1;C;158;Quel taux fait partie des taux directeurs de la Banque Centrale Européenne (BCE) ?;Le taux des opérations principales de refinancement ou REFI;nouvelle;;
20;11;1;1.5.2;C;212;Qu'est-ce que l'OCDE ?;Organisation de coopération et de développement économiques (OCDE);lot 1;;
20;12;1;1.5.2;C;192;Parmi les propositions suivantes, laquelle ne correspond pas à un risque opérationnel ?;Une forte hausse du dollar par rapport à l'euro;lot 2;;
20;13;1;1.8;C;260;Parmi les sanctions suivantes, laquelle est du ressort de la Commission des sanctions de l'AMF ?;Les interdictions d'exercer;lot 4;;
20;14;1;1.8;C;240;En cas de manquement à leurs obligations réglementaires, les PSI :;Supportent des risques de sanctions disciplinaires et pécuniaires;lot 5;;
20;15;2;2.1;A;458;Comment définir la déontologie pour un prestataire de services d'investissement (PSI) ?;La déontologie se définit comme l'ensemble des devoirs et des règles qu'impose à des professionnels l'exercice de leur métier;nouvelle;;
20;16;2;2.1;A;462;Au sein d 'un Prestataire de Services d 'Investissement (PSI) la fonction conformité :;Est autonome, rattachée directement à la Direction et doit disposer des moyens matériels et humains suffisants;nouvelle;;
20;17;2;2.2;A;405;Lorsque les mesures prises pour éviter les conflits d'intérêt ne suffisent pas à garantir que le risque de porter atteinte aux intérêts des clients sera évité, le prestataire informe clairement :;Les clients concernés;lot 1;;
20;18;2;2.2;A;2559;Lorsqu'un conflit d'intérêts est identifié, le PSI a le droit :;De mettre en place une surveillance séparée des personnes impliquées dans des activités donnant lieu à conflits;lot 1;;
20;19;2;2.3;A;2683;La décision du médiateur en cas de litige entre un client et sa banque :;Peut être acceptée ou non par les parties;lot 3;;
20;20;2;2.3;A;440;Si un client engage une procédure judiciaire, il :;Ne peut pas recourir à la médiation de la consommation;lot 3;;
20;21;3;3;A;520;Qu'est-ce que FATCA (Foreign Account Tax Compliance Act) ?;Une loi américaine visant à lutter contre l'évasion fiscale des contribuables américains sur les revenus de leurs comptes détenus à l'étranger;nouvelle;;
20;22;3;3;A;470;Quels sont les termes utilisés pour caractériser les étapes d'une opération de blanchiment ?;Le placement, la dissimulation, la conversion;nouvelle;;
20;23;3;3;A;512;Lorsqu'il n'existe pas de soupçon de blanchiment ou de financement du terrorisme, des mesures de vigilance simplifiées peuvent être mises en oeuvre :;Uniquement pour les produits qui présentent un faible risque de blanchiment ou de financement du terrorisme;nouvelle;;
20;24;4;4;A;2687;"La Règlementation ""Abus de marché"" a pour but, entre autre, de :";Maintenir la transparence et la confiance du public dans les marchés boursiers;nouvelle;;
20;25;4;4;A;561;"Pour pallier les risques de ""late-trading"" , opération de souscription-rachat d'un OPCVM, il convient de :";Préciser l'heure limite des réceptions des ordres chez le ou les établissements auxquels la société de gestion a confié le soin de leur centralisation;lot 1;;
20;26;5;5.1;A;585;Un démarcheur mandaté par un établissement de crédit peut proposer :;Les opérations et services pour lesquels il a reçu mandat et qui figurent sur sa carte de démarcheur;nouvelle;;
20;27;5;5.1;A;634;Quels sont dans la liste ci-dessous les produits exclus du champ de propositions des démarcheurs bancaires et financiers ?;Les produits d'assurance et de protection sociale;nouvelle;;
20;28;5;5.1;A;627;Les règles concernant le démarchage bancaire ou financier s'appliquent:;Aux prises de contact avec les personnes morales dont le chiffre d'affaires est inférieur à 5 millions d'euros;nouvelle;;
20;29;5;5.1;A;1012;Une personne démarchée qui exerce ensuite son droit de rétractation :;N'a pas à justifier les motifs de sa rétractation, ni à subir des pénalités;nouvelle;;
20;30;5;5.2;C;657;Qu'indique le prospectus sur les opérations sur les contrats financiers ?;Il précise si ces opérations sont effectuées à titre de couverture ou de spéculation;nouvelle;;
20;31;5;5.2;C;699;Que signifie l'acronyme DIC (ou KID en anglais) ?;Document d'Information Clé;lot 1;;
20;32;6;6.1.1;A;1169;Un Prestataire de Service d 'Investissement (PSI) doit recueillir des informations auprès de ses clients afin d 'obtenir une connaissance approfondie des profils et besoins des clients. Dans ce cadre le PSI :;Peut recueillir ces informations par questionnaire automatisé mais en vérifiant autant que possible leur véracité par des éléments objectifs;lot 3;;
20;33;6;6.1.1;A;751;La catégorie à laquelle appartient le client :;Doit obligatoirement être communiquée par le PSI au client;lot 3;;
20;34;6;6.1.1;A;802;Parmi les acteurs suivants, qui peut avoir la qualité de client professionnel par nature ou la qualité de contrepartie éligible ?;Les entreprises d'investissement;lot 3;;
20;35;6;6.1.1;A;1150;Que doit faire un PSI qui constate qu'un client professionnel ne remplit plus les conditions qui lui valaient d'être catégorisé comme tel ?;Il doit prendre les mesures appropriées;lot 4;;
20;36;6;6.1.1;A;736;Les unions de mutuelles :;Sont des clients professionnels par nature;lot 4;;
20;37;6;6.1.2;C;831;Quelles est la principale caractéristique du secret bancaire ?;Le Code pénal sanctionne la violation du secret professionnel;nouvelle;;
20;38;6;6.1.2;C;1071;Parmi les propositions suivantes, quel est le Règlement européen protégeant les données des personnes physiques ?;Le Règlement RGPD (Règlement Général sur la protection des Données);nouvelle;;
20;39;6;6.2;A;850;Parmi les propositions suivantes, quel instrument financier est considéré comme complexe ?;Un fonds d'investissement alternatif (FIA) à formule;lot 5;;
20;40;6;6.2;A;1153;Quelle règle s'applique sur la communication de l'agrément utilisé pour délivrer un service d'investissement ?;Il doit être déclaré au client, avec le nom de l'autorité qui l'a délivré;lot 5;;
20;41;6;6.2;A;892;Au niveau réglementaire, l'avis d'opéré lié à l'exécution d'un ordre de vente d'un instrument financier doit mentionner obligatoirement :;Le jour et l'heure de négociation de la vente;lot 6;;
20;42;6;6.2;A;1141;Les Prestataires de Services d'Investissement doivent communiquer des informations :;Claires, exactes et non trompeuses, quelle que soit la catégorie du client et le type de communication;lot 6;;
20;43;6;6.2;A;1178;Dans le cadre d 'un service d 'exécution d 'ordres, un compte rendu avec les informations essentielles concernant la transaction doit être envoyé au client (professionnel ou non professionnel) :;Sans délai dès qu 'une transaction a lieu;lot 6;;
20;44;6;6.3;A;1006;Le Règlement général de l'AMF encadre les rémunérations versées ou perçues par les prestataires de services d'investissement afin de les rendre compatibles avec leur obligation d'agir au mieux des intérêts du client. Quels sont les éléments de rémunération concernés ?;Cette réglementation concerne les rémunérations monétaires, les commissions ainsi que les avantages non monétaires;lot 3;;
20;45;6;6.3;A;929;L'évaluation de l'adéquation réalisée afin de pouvoir recommander aux clients des produits ou des services adéquats relève de la responsabilité :;Du prestataire de services d'investissement;lot 3;;
20;46;6;6.3;A;930;En cas de conseil en investissement portant sur une offre groupée de produits ou services, le test d'adéquation :;Porte sur l'ensemble de l'offre groupée;lot 4;;
20;47;6;6.4;A;978;La politique de négociation des ordres peut prévoir que les ordres des clients soient exécutés hors d'un marché réglementé ou d'un système multilatéral de négociation (SMN). Dans ce cas, quelle est l'obligation spécifique des prestataires ?;Le prestataire doit en informer ses clients ou prospects et obtenir leur consentement exprès avant de procéder à l'exécution de leurs ordres hors d'un marché réglementé ou d'un SMN;lot 2;;
20;48;6;6.4;A;976;Les procédures appliquées par les prestataires de services d'investissement, autres que les sociétés de gestion de portefeuille, en vue de fournir le service d'exécution d'ordres pour le compte de tiers :;Doivent garantir l'exécution rapide des ordres de leurs clients et de façon équitable par rapport aux ordres de leurs autres clients ou aux ordres pour leur propre compte;lot 2;;
20;49;6;6.4;A;992;En cas d'instruction spécifique donnée par son client pour l'exécution d'un ordre :;Le PSI doit exécuter l'ordre en suivant l'instruction du client, mais ce dernier ne bénéficie plus de la meilleure exécution;lot 3;;
20;50;6;6.5;C;1007;Qui fixe la rémunération perçue par un PSI en tant qu'intermédiaire négociateur et transmetteur d'ordre ?;Le PSI lui-même;lot 5;;
20;51;6;6.5;C;1038;Laquelle des trois caractéristiques ci-dessous la commission de surperformance doit-elle respecter en matière d'Organisme de Placement Collectif (OPC) ?;Elle peut être calculée au regard d'un indicateur de référence (benchmark);lot 6;;
20;52;6;6.6;C;1044;La capacité civile :;Concerne les majeurs et les mineurs;lot 5;;
20;53;6;6.7;C;1060;Quelle est la finalité du redressement judiciaire d'une entreprise en difficulté ?;La poursuite de l'activité, le maintien de l'emploi et l'apurement du passif;lot 1;;
20;54;6;6.8;C;1097;Comment est déterminé le plafond du système d'indemnisation des investisseurs par le Fonds de garantie des titres ?;Par investisseur et par établissement pour l'ensemble des comptes titres ouverts dans cet établissement;lot 6;;
20;55;6;6.8;C;1090;Dans quel délai les titulaires de dépôts bancaires doivent-ils être indemnisés en cas de défaillance de la banque (dans la limite du montant garanti)?;7 jours ouvrables;lot 6;;
20;56;6;6.9;C;1104;La publicité électronique concernant les options binaires sur le marché des changes :;Ne peut s'adresser aux particuliers;nouvelle;;
20;57;7;7.1;C;1217;Le risque de change d'un actif financier est consécutif à :;La variation du cours de change de cet actif par rapport à une autre devise;lot 2;;
20;58;7;7.1;C;2741;Plus la volatilité d'un fonds est importante :;Plus grand est l'écart de performances possibles;lot 2;;
20;59;7;7.1;C;1223;Le risque de liquidité d'un instrument financier est :;La difficulté pour un investisseur de trouver une contrepartie à l'achat ou à la vente;lot 3;;
20;60;7;7.2;C;1285;Le dividende distribué par une société à ses actionnaires s'assimile à :;Un revenu variable;lot 2;;
20;61;7;7.2;C;1289;Le PER (Price Earning Ratio) est :;"Un indicateur de ""cherté"" pour une action";lot 2;;
20;62;7;7.2;C;1283;Le détenteur d'une action :;N'est engagé qu'à hauteur de son apport financier;lot 2;;
20;63;7;7.3;C;1387;Lorsqu'une personne investit dans des obligations, elle devient :;Créancier de l'émetteur;nouvelle;;
20;64;7;7.3;C;1382;Le détenteur d'une obligation dite in fine perçoit :;Les intérêts au terme de chaque période et la totalité du capital à la date de maturité;nouvelle;;
20;65;7;7.3;C;1361;Les emprunts obligataires émis par l'État français s'appellent des OAT. Cela signifie :;Obligations Assimilables du Trésor;nouvelle;;
20;66;7;7.4;C;1421;L'indice de référence EURIBOR est déterminé pour des maturités allant de :;Une semaine à un an;lot 2;;
20;67;7;7.4;C;1417;Sur la base de combien de jours le taux Euribor (Euro Interbank Offered Rate) est-il calculé ?;360 jours;lot 3;;
20;68;7;7.5;C;1452;Les titres subordonnés :;Présentent un risque de non remboursement plus important que les obligations classiques;nouvelle;;
20;69;7;7.6;C;1476;Un contrat d'assurance-vie investi en unités de compte :;Présente un risque financier pour le souscripteur;lot 4;;
20;70;7;7.6;C;1475;Parmi les affirmations suivantes relatives au contrat d'assurance-vie mono support en euros, laquelle est correcte?;Les sommes versées dans ce type de contrat sont investies dans un fonds en euros dont le capital est garanti par la compagnie d'assurance;lot 4;;
20;71;7;7.7;C;1525;Qu'est ce qu'une option ?;Un instrument financier donnant le droit d'acheter ou de vendre à une date future un actif financier à un cours fixé à l'avance;lot 2;;
20;72;7;7.8;C;1536;Le portefeuille d'un OPC (Organisme de Placement Collectif) peut être composé :;D'instruments financiers;nouvelle;;
20;73;7;7.8;C;1543;A quoi correspond le prix d'achat d'une part d'OPC ?;A la valeur liquidative de l'OPC majorée des frais d'entrée;nouvelle;;
20;74;7;7.9;C;1620;L'AMF est habilitée à déterminer un minimum de garanties :;Pour toutes les opérations d'investissement en bien divers;lot 4;;
20;75;7;7.9;C;1633;"Le fait de diffuser des documents d'information sur des ""biens divers"" sans les avoir soumis au préalable à l'AMF :";Est passible de peines de prison et d'amendes;lot 4;;
20;76;7;7.10;C;1698;Suite à la loi PACTE, les levées de fonds par émission de jetons, en France, sont soumises à quels visa ?;Sur option au visa de l'AMF;nouvelle;Réponse dépassée;Régime français des ICO (loi PACTE, visa AMF optionnel) remplacé par le règlement européen MiCA (applicable depuis le 30/12/2024) : pour une offre au public de crypto-actifs, un livre blanc est obligatoire et notifié à l'autorité. Réponse de la base : visa optionnel.
20;77;7;7.10;C;2738;En cas de non respect de la réglementation, l'AMF peut :;"Publier une ""liste noire"" des ICO et des prestataires de services sur actifs numériques";nouvelle;;
20;78;8;8.1;C;1735;Peu(ven)t exercer l'activité de dépositaire d'OPCVM :;La Caisse des dépôts et consignations;nouvelle;;
20;79;8;8.2.1;C;1746;Les parts d'un OPCVM peuvent :;Etre rachetées à leur valeur liquidative;nouvelle;;
20;80;8;8.2.2;C;2017;Qu'est-ce que la volatilité ?;Une mesure des amplitudes des variations du cours d'un titre;lot 5;;
20;81;8;8.2.2;C;2723;Plus la volatilité d'un actif est élevée :;Plus l'investissement dans cet actif sera considéré comme risqué;lot 5;;
20;82;8;8.4;C;1795;Dans le cadre d'un service de gestion sous mandat, le prestataire de services d'investissement et le teneur de compte doivent-ils catégoriser le client séparément ?;Oui, les deux sont tenus de catégoriser leur client de façon séparée : le prestataire pour le service d'investissement et le teneur de compte conservateur pour le service connexe;lot 1;;
20;83;8;8.4;C;1807;La directive AIFM vise notamment à :;Réguler les principales sources de risque associées à la gestion alternative;lot 2;;
20;84;8;8.5;C;2603;"Quel est le but du label ""Relance"" ?";Il permet aux épargnants et aux investisseurs d'identifier les OPC (Organismes de Placement Collectif) qui s'engagent à investir dans les fonds propres ou quasi fonds propres des entreprises françaises en particulier PME et ETI (Entreprises de Taille Intermédiaire);nouvelle;;
20;85;8;8.5;C;1860;Les FCP qui offrent à leurs détenteurs une garantie de capital à une échéance donnée sont classés par l'AMF dans la catégorie :;Des OPC à formule;nouvelle;;
20;86;8;8.5;C;1841;Parmi les propositions suivantes, laquelle caractérise les OPCI (organisme de placement collectif en immobilier) ?;Il existe deux types d'OPCI : les FPI (fonds de placement immobilier) et les SPPICAV (sociétés à prépondérance immobilière à capital variable);nouvelle;;
20;87;8;8.6;C;1877;Qu'est-ce qui définit une gestion alternative ?;Elle vise à délivrer une performance positive quel que soit l'évolution des marchés;lot 3;;
20;88;8;8.7;C;1914;Le label Finansol distingue :;Les produits qui respectent les critères de solidarité, de transparence et d'information;lot 6;;
20;89;8;8.7;C;2021;Une obligation verte se distingue d 'une obligation classique :;Par l 'utilisation des fonds levés par l 'émetteur au bénéfice de projets d 'investissement favorables à la transition énergétique et écologique;lot 6;;
20;90;8;8.7;C;2538;Le reporting extra-financier :;Est obligatoire en France depuis 2017 pour les grandes entreprises;lot 6;Contexte;"La DPEF a été remplacée par le « rapport de durabilité » de la directive CSRD (ordonnance de décembre 2023, premiers rapports en 2025 pour les plus grandes entreprises ; le paquet Omnibus de 2025 a reporté et réduit le champ). La définition donnée par la base reste valable."
20;91;8;8.7;C;1915;Parmi les affirmations suivantes relatives à l'épargne solidaire, laquelle est correcte ?;Ce type d'épargne investit dans des activités de lutte contre l'exclusion, de cohésion sociale ou de développement durable;lot 6;;
20;92;8;8.7;C;1929;Parmi les émissions obligataires de l'Etat français, il existe :;Des OAT vertes;lot 7;;
20;93;8;8.7;C;2791;Les critères extra-financiers :;Prennent en compte la gestion des ressources humaines;lot 7;;
20;94;8;8.7;C;2499;Quelle affirmation est vraie ?;"Les deux notions sont différentes et ne doivent pas être confondues
A. La finance solidaire inclut l'investissement socialement responsable
B. L'investissement socialement responsable inclut la finance solidaire
C. Les deux notions sont différentes et ne doivent pas être confondues";lot 7;;
20;95;8;8.7;C;2453;"Qu'est-ce que l'approche ""best-in-class"" ?";Une approche thématique, sélectionnant par secteur, les sociétés qui mettent le mieux en œuvre des pratiques de développement durable;lot 7;;
20;96;8;8.7;C;1951;Parmi ces investissements, lequel n'est pas considéré comme de la finance durable ?;Les œuvres d'art;lot 7;;
20;97;8;8.7;C;2490;La stratégie d'investissement qui consiste à privilégier les entreprises les mieux notées d'un point de vue extra-financier indépendamment de leur secteur d'activité, en privilégiant les secteurs les plus vertueux est :;L'approche Best-in-universe;lot 7;;
20;98;8;8.7;C;2476;Quel est l'objectif du Pacte vert pour l'Europe (European Green Deal) présenté par la Commission européenne en décembre 2019 ?;"ire de l'Europe le premier continent ""carbone neutre "" en 2050";lot 7;;
20;99;8;8.7;C;2529;"Les ""green bonds"" sont :";Des obligations qui permettent de financer des projets d'entreprises respectueux de l'environnement;lot 7;;
20;100;8;8.7;C;2532;"L'approche dite ""thématique"" repose sur une sélection :";Des entreprises présentes dans les secteurs d'activité du développement durable, à l'exclusion de tous les autres secteurs;lot 7;;
20;101;8;8.7;C;1936;"Lorsqu'un épargnant investit dans une entreprise ayant obtenu l'agrément ""ESUS"" (entreprise solidaire d'utilité sociale), :";Il bénéficie d'une fiscalité avantageuse avec des réductions d'impôts;lot 7;;
20;102;8;8.7;C;2487;L'émission d'obligations vertes :;Peut être réalisée par des entités publiques ou des entreprises;lot 7;;
20;103;9;9.1;C;2161;Quelle est la caractéristique majeure d'un marché de gré à gré ?;Aucune protection des investisseurs contre le risque de contrepartie;lot 2;;
20;104;9;9.1;C;2179;Les transactions sur dérivés :;Peuvent être réalisées sur un marché réglementé;lot 2;;
20;105;9;9.2;A;2071;S'agissant des valeurs cotées au fixing :;Les ordres sont accumulés dans le carnet d'ordres pendant une période donnée, puis confrontés tous ensemble à l'issue de cette période;nouvelle;;
20;106;9;9.2;A;2129;Sur le marché réglementé d'Euronext Paris, un ordre transmis pour être exécuté au meilleur prix proposé par les contreparties au moment de la transmission est un ordre :;Au marché;nouvelle;;
20;107;9;9.3;C;2079;Sur le marché réglementé, quelle est l'information non publiée ?;Le nom des prestataires de service d'investissement qui ont transmis les ordres exécutés;nouvelle;;
20;108;9;9.4;C;2756;En France, sont soumis au reporting des transactions à l'AMF :;Les prestataires de services d'investissement;lot 3;;
20;109;9;9.5;C;2195;Combien de valeurs comprend le Dow Jones Industrial Average, indice phare du New York Stock Exchange (NYSE) ?;30 valeurs;nouvelle;;
20;110;10;10.1;C;2242;Le rôle de la chambre de compensation est :;De garantir la bonne fin des paiements et des livraisons des ordres exécutés;lot 5;;
20;111;10;10.1;C;2224;Dans la liste ci-dessous, quelle activité fait partie des missions de la chambre de compensation ?;Assurer la protection des clients contre les risques de défaillance des contreparties;lot 6;;
20;112;10;10.2;C;2245;La Directive EMIR instaure entre autres :;Une obligation de compensation des dérivés de gré à gré standardisables;lot 5;;
20;113;11;11.1;C;2272;Concernant les sondages de marché, quelle affirmation est fausse :;Ils sont interdits par la réglementation européenne;lot 2;;
20;114;11;11.2;C;2280;Parmi les offres suivantes, laquelle est une offre publique d'échange (OPE) ?;Une offre où l'acquisition des titres est proposée en échange d'autres titres cotés, émis ou à émettre;nouvelle;;
20;115;12;12.1;C;2335;Dans quel poste sont comptabilisées les dotations aux amortissements et aux provisions ?;Dans le compte de résultat, dans les charges;nouvelle;;
20;116;12;12.1;C;2328;En comptabilité, qu'est-ce qu'une provision ?;Une provision est un passif dont l'échéance ou le montant n'est pas fixé de façon précise;nouvelle;;
20;117;12;12.2;C;2765;La publication des informations annuelles des sociétés relatives à leur niveau d'activité et à leur situation financière est obligatoire pour :;Les sociétés françaises cotées sur un marché réglementé;nouvelle;;
20;118;12;12.3;C;2410;Les intérêts d'un compte à terme sont imposables :;Au PFU ou sur option globale au barème de l'IR;nouvelle;;
20;119;12;12.3;C;2357;Font l'objet d'une imposition commune à l'impôt sur la fortune immobilière (IFI) :;Les couples mariés, sauf exception, les partenaires pacsés et les concubins notoires;nouvelle;;
20;120;12;12.4;C;2443;La rémunération des produits d 'investissement dans lesquels une société soumise à l 'imposition sur le bénéfice des sociétés (IS) investit ses excédents de trésorerie à court terme constitue :;Des produits financiers soumis à l 'IS;nouvelle;;
21;1;1;1.1;C;20;Les fonctions de membre du comité consultatif de la législation et de la réglementation financières (CCLRF) sont-elles rémunérées?;Non, elles sont exercées gratuitement;lot 3;;
21;2;1;1.1;C;12;En France, le pouvoir réglementaire est directement exercé par :;Le ministre chargé de l'économie;lot 4;;
21;3;1;1.2.1;C;55;Quel est le rôle de l'Autorité européenne des marchés financiers (AEMF ou ESMA - European Securities and Markets Authority ) ?;Améliorer la protection des investisseurs et promouvoir la stabilité et le bon fonctionnement des marchés financiers;lot 5;;
21;4;1;1.2.1;C;56;Parmi les institutions suivantes, laquelle fait partie du système européen de surveillance financière (SESF) ?;L'Autorité européenne des marchés financiers (AEMF);lot 5;;
21;5;1;1.2.2;C;69;L'organisation internationale des commissions de valeurs (OICV) :;A pour objectif principal d'établir des normes internationales;lot 2;;
21;6;1;1.3;C;106;Qu'est-ce qu'un IOBSP (Intermédiaire en Opérations de Banque et en Services de Paiement) ?;Une personne qui propose à titre habituel et contre rémunération, l'intermédiation en opérations de banque sans se porter ducroire;lot 2;;
21;7;1;1.3;C;83;Les acteurs habilités à réaliser du conseil en investissement sont :;Les prestataires de services d'investissement et les conseillers en investissements financiers (CIF);lot 2;;
21;8;1;1.3;C;313;Une entreprise d 'investissement est :;Une personne morale, autre qu 'une société de gestion de portefeuille ou un établissement de crédit, agréée pour fournir à titre de profession habituelle des services d'investissement;lot 3;;
21;9;1;1.5.1;C;151;Qui définit la politique monétaire unique ?;L'Eurosystème;nouvelle;;
21;10;1;1.5.1;C;300;On dit qu'un marché financier est liquide lorsque :;On peut facilement traiter à l'achat ou à la vente une quantité raisonnable de titres sans trop décaler les cours;nouvelle;;
21;11;1;1.5.2;C;219;Les marchés financiers de pays comme le Brésil, la Colombie, l'Egypte, le Vietnam font partie :;Des marchés émergents;lot 2;;
21;12;1;1.5.2;C;180;Lorsqu'un investisseur dont le compte est libellé en euros (EUR) acquiert des actions brésiliennes en real (BRL), il s'expose :;Au risque de change et au risque action;lot 3;;
21;13;1;1.8;C;319;Parmi les services suivants, lequel est défini comme un service d 'investissement ?;La gestion de portefeuille pour compte de tiers;lot 5;;
21;14;1;1.8;C;2677;Le conseil en investissement est le fait de fournir des recommandations personnalisées à un tiers :;Soit à sa demande, soit à l'initiative de l'entreprise qui fournit le conseil;lot 6;;
21;15;2;2.1;A;2638;Les codes de bonne conduite sont élaborés par :;Les associations professionnelles;lot 1;;
21;16;2;2.1;A;362;Au sein d'une Société de Gestion de Portefeuille (SGP), qui doit être titulaire d'une carte professionnelle délivrée par l'Autorité des Marchés Financiers (AMF) ?;Le Responsable de la Conformité et du Contrôle Interne (RCCI);lot 1;;
21;17;2;2.2;A;373;Une transaction personnelle est une opération réalisée par une personne concernée ou pour son compte :;Lorsque cette personne agit en dehors du cadre de ses fonctions;lot 2;;
21;18;2;2.2;A;397;Quelle règle s'applique à la liste d'initiés établie par un PSI à l'occasion d'une opération financière ?;Elle doit être mise à jour régulièrement;lot 2;;
21;19;2;2.3;A;466;Lorsqu 'un client porte réclamation, le PSI doit accuser réception de la réclamation dans les dix jours ouvrables à compter de sa réception. Il doit ensuite faire parvenir sa réponse au client :;Dans les 2 mois à partir de la réception de la réclamation;lot 4;;
21;20;2;2.3;A;431;Une demande d'information ou de clarification formulée par un client est-elle considérée comme une réclamation ?;Non, elle n'est pas considérée comme une réclamation;lot 4;;
21;21;3;3;A;482;En matière de lutte contre le blanchiment de capitaux et le financement du terrorisme, lorsque le client est une personne politiquement exposée:;Il doit faire l'objet de mesures de vigilance complémentaires;nouvelle;;
21;22;3;3;A;478;La cellule française de lutte contre le blanchiment d'argent s'appelle :;TRACFIN;nouvelle;;
21;23;3;3;A;2554;En application des directives européennes de lutte contre le blanchiment en vigueur, les sociétés de gestion :;Doivent mener une approche par les risques en matière de LCB-FT;nouvelle;;
21;24;4;4;A;542;Auprès de qui est effectuée la déclaration de soupçon d'abus de marché ?;L'Autorité des Marchés Financiers (AMF);lot 1;;
21;25;4;4;A;566;"Quel objectif poursuit, notamment, la règlementation ""abus de marché"" ?";Assurer l'intégrité des marchés;lot 2;;
21;26;5;5.1;A;637;Lorsqu'un acteur agit à la fois en tant que producteur et distributeur d'instruments financiers :;Une seule évaluation du marché cible est requise;nouvelle;;
21;27;5;5.1;A;667;Quelle est la condition d'âge requise pour être démarcheur ?;Avoir la majorité légale;nouvelle;;
21;28;5;5.1;A;602;Un service de conseil en investissement :;Peut être fourni par un système automatisé;nouvelle;;
21;29;5;5.1;A;591;Quelles sont les règles fondamentales en matière de communication à caractère précontractuel ?;Les communications précontractuelles doivent permettre au client ou prospect d'apprécier la nature des services ou instruments financiers proposés ainsi que les risques liés à la décision d'investissement en amont de la signature d'un contrat;nouvelle;;
21;30;5;5.2;C;641;Le document d'information clé pour l'investisseur (DICI) établit par les SICAV et sociétés de gestion pour chacun des OPCVM gérés :;Doit être fourni aux investisseurs préalablement à la souscription;lot 1;Réponse dépassée;Depuis le 1er janvier 2023, le DICI des OPCVM est remplacé par le DIC PRIIPs pour les investisseurs non professionnels (indicateur de risque SRI de 1 à 7 et 4 scénarios de performance). Les questions sur le DICI restent dans la base : retiens leurs réponses (remise avant souscription, échelle 1 à 7, frais…), qui valent aussi pour le DIC.
21;31;5;5.2;C;647;Dans le document d'information clé pour l'investisseur (DICI) d'un OPCVM, l'affichage du niveau de risque et de rendement est :;Obligatoire et présenté sur une échelle de 1 à 7;lot 2;Réponse dépassée;Depuis le 1er janvier 2023, le DICI des OPCVM est remplacé par le DIC PRIIPs pour les investisseurs non professionnels (indicateur de risque SRI de 1 à 7 et 4 scénarios de performance). Les questions sur le DICI restent dans la base : retiens leurs réponses (remise avant souscription, échelle 1 à 7, frais…), qui valent aussi pour le DIC.
21;32;6;6.1.1;A;728;Lorsqu'un PSI propose des services d'investissement à un client non professionnel, quelles informations doit-il recueillir ?;Les informations sur ses connaissances et son expérience en matière d'instruments financiers;lot 4;;
21;33;6;6.1.1;A;768;"Parmi ces catégories de clients, quelles sont celles qui ont la qualité de ""client non professionnel"" ?";"Les personnes non catégorisées ""client professionnel"" ou""contrepartie éligible""";lot 4;;
21;34;6;6.1.1;A;795;Que peut faire une contrepartie éligible qui estime ne pas être en mesure d'évaluer les risques auxquels elle est amené à s'exposer ?;Elle peut demander au PSI à être placé dans une catégorie offrant une plus grande protection;lot 4;;
21;35;6;6.1.1;A;794;Parmi ces clients, quels sont ceux qui peuvent avoir la qualité de contreparties éligibles ?;Les investisseurs institutionnels;lot 5;;
21;36;6;6.1.1;A;739;L'information à recueillir auprès des clients non professionnels, avant tout conseil en investissement :;Porte également sur leur degré de tolérance au risque et leur capacité à faire face aux pertes;lot 5;;
21;37;6;6.1.2;C;823;Dans quel cas peut-il y avoir poursuite pour violation du secret professionnel ?;Lorsqu'un banquier communique à la presse des informations sur un client sans avoir l'autorisation de celui-ci;nouvelle;;
21;38;6;6.1.2;C;1084;La révélation d'une information à caractère secret par une personne qui en est dépositaire, est passible d'une sanction :;Pénale;nouvelle;;
21;39;6;6.2;A;1173;Parmi les informations suivantes le concernant, laquelle doit être obligatoirement communiquée par le PSI à ses clients non professionnels, lorsqu 'il leur propose un service d 'investissement ?;La nature, la fréquence et les dates des comptes rendus concernant les performances du service à fournir par le PSI;lot 6;;
21;40;6;6.2;A;883;Lorsqu'une société de gestion de portefeuille reçoit un ordre de souscription ou de rachat de parts ou actions d'OPCVM, elle doit transmettre à l'investisseur les informations essentielles concernant l'exécution de cet ordre :;Sans délai;lot 6;;
21;41;6;6.2;A;903;Quel historique doit être mentionné dans l'indication des performances passées d'un instrument ou d'un indice financier ?;5 dernières années;lot 7;;
21;42;6;6.2;A;846;Les sociétés de gestion de portefeuille sont-elles tenues de fournir aux porteurs de parts ou actionnaires d'OPCVM des informations afférentes à leur politique d'exécution ?;Oui, celles-ci doivent être données en temps utile avant la prestation du service;lot 7;;
21;43;6;6.2;A;2657;La SGP qui reçoit un ordre de souscription ou de rachat de parts ou actions d'OPCVM adresse à l'investisseur non professionnel sur un support durable un avis confirmant l'exécution de l'ordre :;Dès que possible et au plus tard au cours du premier jour ouvrable suivant l'exécution de l'ordre;lot 7;;
21;44;6;6.3;A;920;Que doit faire le PSI quand le client refuse de lui fournir les informations nécessaires pour le test d'adéquation ?;S'abstenir de fournir le service d'investissement;lot 4;;
21;45;6;6.3;A;1133;L'évaluation des connaissances des vendeurs travaillant pour le compte d'un PSI doit être effectuée sous quel délai ?;Dans les 6 mois suivant leur entrée en fonction;lot 4;;
21;46;6;6.3;A;928;Un client qui possède l'expérience et les connaissances nécessaires pour comprendre les risques inhérents à la transaction recommandée ou au service de gestion de portefeuille fourni:;N'est pas réputé en connaître le caractère adéquat;lot 5;;
21;47;6;6.4;A;977;"En quoi consiste une politique de meilleure sélection ( ""best selection"" ) ?";Sélectionner les intermédiaires auprès desquels les ordres sont transmis pour exécution;lot 3;;
21;48;6;6.4;A;2660;Lorsque la politique d'exécution des ordres prévoit que les ordres des clients peuvent être exécutés en dehors d'une plate-forme de négociation, les PSI informent notamment leurs clients ou leurs clients potentiels de cette possibilité :;Les PSI obtiennent le consentement préalable exprès de leurs clients avant de procéder à l'exécution de leurs ordres en dehors d'une plate-forme de négociation;lot 3;;
21;49;6;6.4;A;985;Le choix du lieu d'exécution d'un ordre par un PSI parmi la liste de ceux définis dans sa politique d'exécution :;Est fondé obligatoirement sur certains critères comme le prix et la rapidité d'exécution;lot 4;;
21;50;6;6.5;C;851;Quelle information sur les tarifications des instruments financiers doit fournir le démarcheur au client ?;Le prix total dû ou la base de calcul permettant de le déterminer;lot 6;;
21;51;6;6.5;C;2712;Les droits de garde prélevés au client en cas d'investissement :;Varient selon les titres détenus et le nombre de lignes;lot 7;;
21;52;6;6.6;C;1136;Qu'est-ce qu'un compte joint ?;C'est un compte ouvert au nom de plusieurs titulaires;lot 6;;
21;53;6;6.7;C;2664;Le Fichier des Incidents de Crédit aux Particuliers (FICP) :;Est géré par la Banque de France;lot 2;;
21;54;6;6.8;C;1199;En France, la gestion de l 'ensemble des mécanismes de protection des dépôts, titres ou cautions est à la charge :;Du Fonds de garantie des dépôts et de résolution;lot 7;;
21;55;6;6.8;C;1198;En France, dans le cadre du dispositif de garantie des titres, le montant maximum de l 'indemnisation pour les pertes subies suite à l 'incapacité du Prestataire de Services d 'Investissement qui détenait les instruments financiers à les restituer, s 'élève pour un compte d'instruments financiers donné à :;70 000 €;lot 7;;
21;56;6;6.9;C;1118;Les acteurs et sites internet proposant d'investir via des options binaires alors qu'ils n'ont pas les autorisations nécessaires pour ce faire :;Font l'objet d'une liste noire établie par l'AMF;nouvelle;;
21;57;7;7.1;C;1717;Parmi les définitions de risque proposées ci-après, laquelle correspond à la définition du risque de volatilité pour un investisseur détenant un instrument financier ?;Le risque de perte lié à la forte propension du prix de cet instrument financier à fluctuer dans le temps;lot 3;;
21;58;7;7.1;C;1214;Le rendement moyen d'un investissement :;Est en relation avec son risque;lot 3;;
21;59;7;7.1;C;2667;Un placement atypique (métaux précieux, manuscrits, vins…) est en général :;Un placement avec une possibilité de rendement élevé et un risque élévé;lot 4;;
21;60;7;7.2;C;1292;Le Price Earnings Ratio (PER) correspond :;Au cours de l'action divisé par le bénéfice par action;lot 3;;
21;61;7;7.2;C;1328;Qu'est-ce qu'une action de préférence ?;Des actions qui dérogent au principe de proportionnalité;lot 3;;
21;62;7;7.2;C;1318;Pour une action, plus le PER (Price Earning Ratio) est faible :;Plus l'action est considérée comme bon marché;lot 3;;
21;63;7;7.3;C;1357;Quelles sont les particularités des obligations à zéro coupon indexées sur un indice actions ?;La prime de remboursement versée à l'échéance de l'obligation est calculée en fonction de l'évolution de l'indice retenu;nouvelle;;
21;64;7;7.3;C;1402;"Est-ce que les obligations sont toujours émises et remboursées ""au pair"" ?";Elles peuvent être assorties de prime d'émission et/ou de remboursement;nouvelle;;
21;65;7;7.3;C;1366;La valeur d'une obligation à taux fixe s'apprécie quand les taux du marché :;Baissent;nouvelle;;
21;66;7;7.4;C;1419;Comment sont émis les titres de créances négociables (TCN) ?;Au pair, en dessous du pair ou avec une prime de remboursement;lot 3;;
21;67;7;7.4;C;1425;Comment est fixée la rémunération des titres de créances négociables (TCN) ?;Elle est libre et peut être indexée sur un des taux usuels des marchés interbancaire, monétaire ou obligataire;lot 4;;
21;68;7;7.5;C;1455;Un bon de souscription permet :;De souscrire à une action ou une obligation suivant les termes décidés par l'émetteur;nouvelle;;
21;69;7;7.6;C;1477;Les gains en capital et/ou intérêts d'un contrat d'assurance vie sont :;Soumis aux prélèvements sociaux dans tous les cas;lot 5;;
21;70;7;7.6;C;2731;Le contrat d'assurance-vie est un contrat :;Régi par le Code des assurances;lot 5;;
21;71;7;7.7;C;1527;"Qu'est-ce qu'un ""Contracts for difference"" (CFD)?";"Un produit financier qui permet de parier sur les variations à la hausse ou à la baisse d'un ""actif sous-jacent"" sans jamais le détenir";lot 3;;
21;72;7;7.8;C;1578;Dans la plupart des cas, les OPC sont souscrits sur la base d'une valeur liquidative :;Inconnue;nouvelle;;
21;73;7;7.8;C;1598;Quels avantages offre, entre autres, un OPC (Organisme de Placement Collectif) pour les investisseurs ?;La diversité des risques et l'évaluation permanente des placements;nouvelle;;
21;74;7;7.9;C;1631;Quelles communications à caractère promotionnel le CIF peut-il utiliser pour conseiller une offre en biens divers ?;Les projets de communication à caractère promotionnels doivent d'abord être déposés à l'AMF dans le cadre de l'enregistrement d'une opération en biens divers;lot 5;;
21;75;7;7.9;C;1616;Que doit faire un CIF avant de conseiller à un client l'investissement dans un bien divers ?;Lui faire signer une lettre de mission décrivant, entre autres, les nature et modalités de la prestation;lot 5;;
21;76;7;7.10;C;2578;Parmi les propositions suivantes relatives au recours à la monnaie électronique anonyme pour l'achat d'actifs numériques, laquelle de ces informations est juste ?;La monnaie électronique anonyme ne peut jamais être utilisée pour l'achat d'actifs numériques;nouvelle;Réponse absente de la base;La base ne donne AUCUNE réponse. Depuis l'ordonnance de décembre 2020 renforçant la LCB-FT sur les actifs numériques, la monnaie électronique anonyme ne peut JAMAIS être utilisée pour acheter des actifs numériques : choisis « ne peut jamais être utilisée ».
21;77;7;7.10;C;1725;Les offres au public de jetons (Initial Coin Offerings ICO) peuvent être définies comme :;Des opérations de levées de fonds qui donnent lieu à une émission de jetons pouvant être ensuite utilisés pour obtenir des produits ou services, échangés sur une plateforme via internet;nouvelle;;
21;78;8;8.1;C;2025;Quel acteur du métier de la gestion pour compte de tiers certifie l 'exactitude et la régularité des comptes annuels de l 'Organisme de Placement Collectif en Valeurs Mobilières ?;Le Commissaire Aux Comptes (CAC);nouvelle;;
21;79;8;8.2.1;C;1745;Est-il nécessaire de signer un mandat de gestion lors de la souscription d'une part ou action d'OPC (Organisme de Placement Collectif) ?;La souscription à l'OPC vaut adhésion au contrat de gestion;nouvelle;;
21;80;8;8.2.2;C;1773;Le CAC40 est un indice :;Pondéré par les capitalisations des titres;lot 6;;
21;81;8;8.2.2;C;1777;Selon le règlement Benchmark, un indice de référence est :;Un indice utilisé pour déterminer le montant à verser au titre d'un instrument ou d'un contrat financier, ou le prix d'un instrument financier;lot 6;;
21;82;8;8.4;C;1810;Les politiques et les pratiques de rémunération mises en œuvre par les sociétés de gestion d'OPCVM :;Doivent être compatibles avec une gestion saine et efficace des risques;lot 2;;
21;83;8;8.4;C;1970;La Directive OPCVM 5;Oblige le dépositaire à suivre les liquidités des OPCVM;lot 3;;
21;84;8;8.5;C;1823;Dans quoi sont investis les Fonds communs de placement à risque (FCPR) ?;En titres d'entreprises non cotées en bourse à hauteur de 50% minimum;nouvelle;;
21;85;8;8.5;C;1836;Un organisme de placement investi principalement en actions ou parts de plusieurs autres OPCVM est appelé :;Un OPCVM d'OPCVM ou fonds de fonds;nouvelle;;
21;86;8;8.5;C;1844;Un OPCI, Organismes de Placement Collectif Immobilier, doit avoir au moins :;60% de son actif investi en biens immobiliers;nouvelle;;
21;87;8;8.6;C;1884;Qu'est-ce qu'une gestion indicielle ?;"Une gestion dite ""passive"" consistant à reproduire la performance de l'indice de référence";lot 4;;
21;88;8;8.7;C;2513;"Quelle loi est venue renforcer la responsabilité sociétale des entreprises (RSE) en ajoutant à l'article 1833 du code civil que les sociétés doivent prendre ""en considération les enjeux sociaux et environnementaux de son activité"" ?";La loi PACTE du 22 mai 2019;lot 7;;
21;89;8;8.7;C;2528;La notation extra-financière des acteurs économiques met en évidence :;leur niveau d'implication face aux enjeux environnementaux, sociaux et liés à leur gouvernance;lot 7;;
21;90;8;8.7;C;2473;A laquelle des trois catégories de critères ESG (Environnementaux, Sociaux et de Gouvernance), l'absence de discriminations est-elle rattachée ?;Aux critères sociaux;lot 7;;
21;91;8;8.7;C;2481;Qu'est-ce qu'une déclaration de performance extra-financière ?;Un document d'informations sur la manière dont une société cotée prend en compte les conséquences sociales et environnementales de son activité;lot 7;Contexte;"La DPEF a été remplacée par le « rapport de durabilité » de la directive CSRD (ordonnance de décembre 2023, premiers rapports en 2025 pour les plus grandes entreprises ; le paquet Omnibus de 2025 a reporté et réduit le champ). La définition donnée par la base reste valable."
21;92;8;8.7;C;2456;Qu'est-ce que la RSE ?;La traduction managériale dans les entreprises des objectifs de développement durable, en intégrant des enjeux extra-financiers à la stratégie économique;lot 8;;
21;93;8;8.7;C;2459;Parmi les affirmations suivantes, laquelle explique le mieux la différence entre l'ESG et l'ISR ?;L'ISR est une typologie d'investissement et l'ESG fait référence à certains critères permettant de réaliser ces investissements particuliers;lot 8;;
21;94;8;8.7;C;2477;Dans une gestion de portefeuille ISR, que signifie pratiquer une exclusion normative ?;Le gérant exclut les entreprises qui ne respectent pas les normes ou conventions internationales;lot 8;;
21;95;8;8.7;C;2452;Quelle est la bonne définition du greenwashing ?;Une publicité mensongère utilisant de faux arguments écologiques;lot 8;;
21;96;8;8.7;C;2511;"Dans le cadre de la prise en compte des critères ""Environnementaux, Sociaux et de Gouvernance"" (ESG), en quoi consiste l'approche ""Best-in-universe"" ?";Elle consiste à privilégier les émetteurs les mieux notés d'un point de vue extra-financier indépendamment de leur secteur d'activité, en assumant des biais sectoriels, puisque les secteurs qui sont dans l'ensemble considérés plus vertueux seront plus représentés;lot 8;;
21;97;8;8.7;C;1921;Dans le cadre d'une gestion ISR, les fonds thématiques :;Investissent dans des entreprises ou des secteurs liés au développement durable telles que les énergies renouvelables, l'eau, la santé, ou plus généralement le changement climatique;lot 8;;
21;98;8;8.7;C;2494;"La ""notation sollicitée"" désigne l'évaluation extra-financière d'entreprises réalisée par une agence de notation spécialisée, sur demande :";Des émetteurs;lot 8;;
21;99;8;8.7;C;1993;Les fonds thématiques sont :;Ouverts aux investisseurs institutionnels et aux investisseurs particuliers;lot 8;;
21;100;8;8.7;C;2527;Le Label ISR (Investissement Socialement Responsable) s'applique à :;Un fonds qui a développé une méthodologie d'évaluation des acteurs financiers sur la base des critères ESG, et qu'il les intègre dans sa politique d'investissement;lot 8;;
21;101;8;8.7;C;1995;Les entreprises proposant un PERCO à leurs collaborateurs ont l'obligation de créer un FCPE (Fonds commun de placement d'entreprise) :;Solidaire, investi pour au plus 10 % dans des entreprises non cotées à forte utilité sociale et sans but lucratif;lot 8;Contexte;Le PERCO n'est plus ouvert depuis le 1er octobre 2020 : il est remplacé par le PER collectif (PERECO, loi PACTE). Le principe (sommes disponibles à la retraite, sauf cas de déblocage anticipé) demeure.
21;102;8;8.7;C;2512;Le label Finansol peut être attribué à :;Un produit d'épargne;lot 8;;
21;103;9;9.1;C;2201;Au sein d 'un Système Multilatéral de Négociation (SMN) :;Peuvent être négociées des actions qui ont été préalablement admises à la négociation sur un marché réglementé au sein de l 'Espace Economique Européen (EEE);lot 3;;
21;104;9;9.1;C;2045;Un marché réglementé :;Est un système multilatéral exploité et/ou géré par une entreprise de marché, sur lequel il existe des règles de fonctionnement et d'admission très précises;lot 3;;
21;105;9;9.2;A;2068;Que se passe-t-il pendant la période TAL (Trading at last) ?;Les exécutions se font au cours de clôture du marché;nouvelle;;
21;106;9;9.2;A;2661;Les ordres concernant un instrument financier formulés par un client, comparables notamment eu égard à leur taille, leur type et la nature des instruments financiers sur lesquels ils portent, sont executés par le PSI en fonction :;Du moment de leur réception par le PSI;nouvelle;;
21;107;9;9.3;C;2206;L 'entreprise qui exploite un marché réglementé ou un Système Multilatéral de Négociation (SMN) répond à son obligation de transparence pré-négociation concernant une action :;En publiant les cinq meilleurs prix acheteurs et vendeurs qui se trouvent dans le marché pour cette action ainsi que les quantités exprimées à ces prix;lot 1;;
21;108;9;9.4;C;2095;Quelles sont les sociétés qui peuvent conclure un contrat de liquidité avec un PSI ?;Toutes les sociétés dont les actions sont cotées;lot 4;;
21;109;9;9.5;C;2132;Quel est le rôle essentiel d'un diffuseur de données financières ?;Centraliser l'information en provenance de tous les acteurs du marché;nouvelle;;
21;110;10;10.1;C;2220;En France, la fonction de dépositaire central est assurée par :;Euroclear France;lot 6;;
21;111;10;10.1;C;2225;S'agissant des teneurs de compte-conservateurs, la séparation des avoirs pour compte propre de ceux détenus pour compte de tiers est :;Une obligation réglementaire;lot 7;;
21;112;10;10.2;C;2721;Les contreparties centrales :;Rendent publics les prix et les frais de chaque service fourni séparément, y compris les remises et les rabais, ainsi que les conditions à remplir pour bénéficier de ces réductions;lot 6;;
21;113;11;11.1;C;2296;Le fait de souscrire ou d'acquérir directement auprès de l'Emetteur des instruments financiers admis à la négociation sur un marché réglementé, en vue de procéder à leur vente, est pour un Prestataire de Services d'Investissement :;Une prise ferme;lot 3;;
21;114;11;11.2;C;2283;Le sigle OPA signifie :;Offre Publique d'Acquisition;nouvelle;;
21;115;12;12.1;C;2399;Dans le compte de résultat, lequel parmi les éléments suivants fait partie des charges :;Les frais de personnel;nouvelle;;
21;116;12;12.1;C;2316;Lequel de ces éléments figure dans le bilan ?;Le capital;nouvelle;;
21;117;12;12.2;C;2344;Quelle règle s'applique à l'information financière publiée par un émetteur ?;Elle doit être identique et simultanée en France et à l'étranger;nouvelle;;
21;118;12;12.3;C;2368;Comment est imposé le bénéficiaire d'un contrat d'assurance-vie, lors du dénouement de ce contrat par décès de l'assuré ?;Le bénéficiaire est exonéré de droits de mutation à titre gratuit dans certaines limites et sous certaines conditions;nouvelle;;
21;119;12;12.3;C;2432;"La ""CSG"" et la ""CRDS"":";Frappent les revenus du capital financier et immobilier;nouvelle;;
21;120;12;12.4;C;2388;Comment les entreprises payent-elles l'impôt sur les sociétés ?;En quatre acomptes payés dans l'année N et le solde au cours de l'année N+1;nouvelle;;
22;1;1;1.1;C;26;La modification du code de bonne conduite d'une association représentative des conseillers en investissements financiers agréée par l'Autorité des Marchés Financiers (AMF) :;Doit être soumise à l'approbation préalable de l'AMF;lot 4;;
22;2;1;1.1;C;7;Quel est le rôle du CCSF (Comité Consultatif du Secteur Financier) ?;C'est une institution consultative qui rédige des avis ou des recommandations dans lesquelles elle propose des mesures sous forme d'avis ou de recommandations législatives, réglementaires ou déontologiques dans le domaine des relations entre les établissements financiers et leurs clientèles respectives;lot 5;;
22;3;1;1.2.1;C;43;Quels sont les organes qui assurent la surveillance du secteur financier au niveau européen ?;L'Autorité Bancaire Européenne (ABE) pour le secteur bancaire, l'Autorité Européenne des Assurances et des Pensions Professionnelles (AEAPP) pour le secteur de l'assurance et l'Autorité Européenne des Marchés Financiers (AEMF) pour les marchés des valeurs mobilières. Ensemble, ils assurent la surveillance du secteur financier au niveau européen;lot 6;;
22;4;1;1.2.1;C;44;"La Directive ""Solvabilité II"" est une réforme de la réglementation européenne qui concerne :";Le secteur de l'assurance;lot 6;;
22;5;1;1.2.2;C;306;Le Conseil de Stabilité Financière (Financial Stability Board) a pour mission :;D'identifier les vulnérabilités du système financier mondial et de proposer des mesures pour y remédier;lot 3;;
22;6;1;1.3;C;2673;Le CIF est habilité :;A fournir une recommandation personnalisée à un client concernant des transactions portant sur des instruments financiers;lot 3;;
22;7;1;1.3;C;122;Quelle autorité dispose d'un pouvoir de contrôle et de sanctions sur les Conseillers en Investissement Financier ?;L'AMF;lot 3;;
22;8;1;1.3;C;85;En quoi consiste l'activité d'IOBSP (Intermédiaire en Opérations de Banque et en Services de Paiement) ?;Il s'agit de l'activité qui consiste à présenter, proposer ou aider à la conclusion des opérations de banque ou des services de paiement ou à effectuer tous travaux et conseils préparatoires à leur réalisation;lot 4;;
22;9;1;1.5.1;C;131;Quel est le rôle principal des marchés financiers dans l'économie ?;De mettre en relation directe des agents économiques ayant des besoins de capitaux avec des agents économiques ayant des capacités de financement;nouvelle;;
22;10;1;1.5.1;C;420;Qu'appelle-t-on la zone Euro ?;L'ensemble des pays de l'Union Européenne ayant adopté l'Euro;nouvelle;;
22;11;1;1.5.2;C;215;Le défaut d'un Etat est un risque majeur pour l'investisseur sur les marchés émergent, ce risque est lié à :;"Les deux réponses à la fois
A. La solvabilité de l'Etat
B. A la position de trésorerie de l'Etat (liquidité)
C. Les deux réponses à la fois";lot 3;;
22;12;1;1.5.2;C;195;"Le ""Fed Fund target"" est :";Le taux directeur de la banque centrale américaine;lot 4;;
22;13;1;1.8;C;265;Parmi les services suivants, lequel est défini comme un service d'investissement ?;L'exploitation d'un système multilatéral de négociation;lot 6;;
22;14;1;1.8;C;253;En ce qui concerne la recherche en investissements et l'analyse financière, quelle affirmation est exacte ?;Ce sont des services connexes aux services d'investissement;lot 7;;
22;15;2;2.1;A;352;Le Responsable Conformité est-il titulaire d'une carte professionnelle ?;Oui, il est titulaire d'une carte professionnelle délivrée par l'AMF;lot 2;;
22;16;2;2.1;A;364;Au sein d'un prestataire de services d'investissement, autre qu'une Société de Gestion de Portefeuille, peut-il y avoir plusieurs titulaires de cartes professionnelles de responsable de la conformité, délivrées par l'Autorité des Marchés Financiers ?;Oui, si l'AMF s'assure que le nombre des titulaires de ces cartes est en adéquation avec la nature et les risques des activités du prestataire de services d'investissement, sa taille et son organisation;lot 2;;
22;17;2;2.2;A;2558;Lorsque les dispositions organisationnelles prises par une société de gestion de portefeuille pour prévenir les conflits d'intérêts ne suffisent pas à garantir que le risque de porter atteinte aux intérêts des clients sera évité, cette société doit d'abord informer de ces risques :;ses clients;lot 3;;
22;18;2;2.2;A;406;Les activités suivantes sont de façon structurelle en conflit d'intérêts entre elles :;La négociation pour compte propre avec l'exécution d'ordres pour compte de tiers;lot 3;;
22;19;2;2.3;A;439;En matière de traitement des réclamations clients, le PSI doit :;Etablir et maintenir opérationnelle une procédure efficace et transparente en vue du traitement raisonnable et rapide des réclamations;lot 5;;
22;20;2;2.3;A;465;Un Prestataire de Services d'Investissement doit dans son organisation :;Etablir et maintenir opérationnelle une procédure efficace et transparente en vue du traitement raisonnable et rapide des réclamations adressées par ses clients;lot 5;;
22;21;3;3;A;504;Lorsqu'une déclaration de soupçon de blanchiment de capitaux est effectuée auprès de TRACFIN, laquelle de ces propositions est exacte ?;La divulgation de la déclaration de soupçon aux personnes visées par la dite déclaration est sanctionnée pénalement;nouvelle;;
22;22;3;3;A;2560;Qui est le destinataire exclusif des déclarations adressées par les professionnels qui ont identifié des sommes dont ils soupçonnent qu'elles sont liées au financement du terrorisme ?;TRACFIN;nouvelle;;
22;23;3;3;A;506;Quelle activité, parmi les suivantes, est considérée comme du blanchiment de capitaux?;La conversion ou le transfert de biens en vue de déguiser leur origine illicite;nouvelle;;
22;24;4;4;A;579;Quel agissement parmi les suivants est susceptible d'être sanctionné dans le cadre des sanctions qui s 'appliquent pour les abus de marchés ?;Une tentative échouée d 'abus de marché;lot 2;;
22;25;4;4;A;578;Parmi les opérations suivantes laquelle peut être considérée comme une manipulation de cours :;Emettre des ordres qui donnent des indications fausses sur l 'offre, la demande d 'un instrument financier;lot 3;;
22;26;5;5.1;A;632;La mise en œuvre du droit de rétractation impose au client :;De payer le prix correspondant à l'utilisation du produit ou du service financier fourni prorata temporis, sans motif ni pénalité;lot 1;;
22;27;5;5.1;A;629;Selon la réglementation MIF2, lorsqu'un distributeur décide de commercialiser un instrument financier auprès de sa clientèle, il doit :;Définir un marché cible pour ne proposer l'instrument financier qu'à certains clients;lot 1;;
22;28;5;5.1;A;682;La directive européenne sur les marchés d'instruments financiers 2 (MIF 2) :;Impose aux producteurs de produits financiers de déterminer un marché cible, avec une stratégie de distribution compatible avec ce dernier;lot 1;;
22;29;5;5.1;A;711;Parmi les instruments financiers suivants, lequel peut faire l'objet d'un acte de démarchage auprès d'une personne physique en vue de son acquisition :;Une action d 'une Société d'Investissement à Capital Variable (SICAV) luxembourgeoise autorisée à la commercialisation en France;lot 1;;
22;30;5;5.2;C;676;Dans le cadre de la réglementation européenne PRIIPS, le document d'information clé est :;N'est pas un document publicitaire;lot 2;;
22;31;5;5.2;C;646;Les catégories d'actifs dans lesquels l'OPCVM est habilité à investir :;Doivent être précisées dans le prospectus;lot 3;;
22;32;6;6.1.1;A;725;La directive européenne sur les marchés et instruments financiers (MIF) classe les clients en :;Trois catégories : clients non professionnels, clients professionnels ou contreparties éligibles;lot 5;;
22;33;6;6.1.1;A;1126;Dans le cadre de la catégorisation d'un client, qui informe ce client de la catégorie à laquelle il est affecté ?;Le PSI;lot 5;;
22;34;6;6.1.1;A;2650;La catégorie des clients non professionnels :;Existe et est définie dans le Code monétaire et financier;lot 5;;
22;35;6;6.1.1;A;762;La demande d'un client professionnel qui souhaiterait être traité comme un non professionnel peut-elle être prise en compte par le PSI ?;Oui, elle peut être prise en compte par le PSI;lot 6;;
22;36;6;6.1.1;A;2680;L'évaluation de la tolérance au risque de l'investisseur ainsi que son appréciation de sa capacité à subir des pertes est prévue dans la directive :;MIF2;lot 6;;
22;37;6;6.1.2;C;1130;par quel responsable peuvent être écoutés les enregistrements téléphoniques d'une opération financière ?;Par le Responsable de la Conformité ou toute personne déléguée par lui;nouvelle;;
22;38;6;6.1.2;C;814;Le secret bancaire peut être levé en toute légalité lorsque la demande d'information provient :;De la commission de surendettement de la Banque de France;lot 1;;
22;39;6;6.2;A;901;"Lors de l'exécution d'un ordre, la notion de ""prix total"" ou""coût total"" correspond :";Au prix de l'instrument financier augmenté des coûts liés à l'exécution;lot 7;;
22;40;6;6.2;A;899;L'information à caractère promotionnel adressée à un client par un prestataire de services d'investissement est-elle réglementée ?;Oui, toute information, y compris à caractère promotionnel, adressée par un prestataire à un client doit respecter les conditions posées par le Code monétaire et financier;lot 7;;
22;41;6;6.2;A;1021;Le PSI (Prestataire de Services d'Investissement) doit-il informer de la tarification des services fournis préalablement à la fourniture de service ?;Tous les clients;lot 8;;
22;42;6;6.2;A;2654;Parmi les instruments financiers suivants, quelle catégorie est assimilée à un instrument financier complexe contraignant le PSI à vérifier son caractère approprié :;Les OPCVM structurés;lot 8;;
22;43;6;6.2;A;870;En cas de fourniture de conseils en investissement, quelle information le PSI doit-il donner à son client ?;Si le conseil est fourni de manière indépendante ou non;lot 8;;
22;44;6;6.3;A;937;Quelles sont les informations que le prestataire de services d'investissement, autre qu'une société de gestion de portefeuille, doit recueillir auprès de son client en vue de lui fournir un service de conseil en investissement adapté ?;Celles relatives à sa situation financière, ses objectifs d'investissement, ses connaissances et expériences en matière d'investissement ainsi que sa capacité à subir des pertes et sa tolérance au risque;lot 5;;
22;45;6;6.3;A;914;Face à un client non professionnel, pour quel service d'investissement le PSI doit-il réaliser un test d'adéquation ?;La gestion de portefeuille;lot 5;;
22;46;6;6.3;A;939;Le prestataire de services d'investissement doit s'assurer que les personnes qui assurent des conseils pour son compte disposent des connaissances minimales dans les 6 mois de la prise de fonction. Lorsqu'il s'agit de formation en alternance :;Le prestataire peut ne pas procéder à la vérification;lot 6;;
22;47;6;6.4;A;1145;Dans le cadre de la meilleure exécution des ordres, parmi ces lieux, lesquels doivent faire l'objet d'un accord préalable du client ?;Les internalisateurs systématiques;lot 4;;
22;48;6;6.4;A;989;En cas de litige entre un PSI et son client sur l'exécution d'un ordre, le PSI :;Doit pouvoir démontrer qu'il a exécuté son ordre conformément à sa politique d'exécution;lot 4;;
22;49;6;6.4;A;999;Quelle obligation doit remplir la politique d'exécution des ordres d'un PSI ?;La politique d'exécution des ordres doit être approuvée par le client préalablement à la transaction;lot 5;;
22;50;6;6.5;C;1009;Dans le cadre d'un investissement financier, les frais d'entrée sont également dénommés :;Commissions de souscription;lot 7;;
22;51;6;6.5;C;2713;Les frais de gestion annuels :;Sont indiqués dans le prospectus du fonds;lot 8;;
22;52;6;6.6;C;1051;Un compte d'instruments financiers peut être ouvert :;Sous forme individuelle ou collective;lot 7;;
22;53;6;6.7;C;1066;A quoi correspond la notion de cessation de paiement ?;Au fait d'être dans l'impossibilité de faire face au passif exigible avec son actif disponible;lot 3;;
22;54;6;6.8;C;1100;"Quel est le montant maximum du remboursement des dépôts en titres garanti par le ""Fonds de garantie des dépôts"" en cas de faillite d'un établissement de crédit dont le siège social est situé en France ?";70.000 euros par déposant;lot 8;;
22;55;6;6.8;C;1087;Quel est le montant de la garantie des titres, par client et par établissement ?;70 000 euros des titres indisponibles et éligibles à la garantie, présents dans tous les comptes-titres d'un client;lot 8;;
22;56;6;6.9;C;1121;Quelle caractéristique d'un contrat financier non admis sur un marché organisé le rend interdit de publicité pour un client non professionnel ?;Le risque maximal n'est pas connu au moment de la souscription;nouvelle;;
22;57;7;7.1;C;1262;Un exportateur français qui doit recevoir un paiement en dollars dans un mois est exposé :;Au risque de change;lot 4;;
22;58;7;7.1;C;1231;Lequel des produits correspond à un contrat financier selon la définition du CMF ?;Les contrats à terme;lot 4;;
22;59;7;7.1;C;1239;Lors d'une transaction sur un instrument financier, le risque que l'acheteur ou le vendeur n'honore pas ses engagements au moment du règlement/livraison est appelé :;Risque de contrepartie;lot 5;;
22;60;7;7.2;C;1277;La capitalisation boursière d'une société représente :;"La ""valeur de marché"" de l'ensemble des actions émises par la société";lot 4;;
22;61;7;7.2;C;1287;"Le PER ( ""Price Earning Ratio"" ) d'une action se calcule de la façon suivante :";Le cours / le BNPA (Bénéfice Net Par Action);lot 4;;
22;62;7;7.2;C;1274;L'achat d'actions permet :;D'acquérir une part du capital social d'une entreprise;lot 4;;
22;63;7;7.3;C;1356;Quelle est l'influence d'une baisse des taux à long terme sur le cours d'une obligation à taux fixe ?;Une baisse des taux à long terme entraîne une hausse du cours des obligations à taux fixe, selon leur sensibilité;nouvelle;;
22;64;7;7.3;C;1373;La sensibilité d'une obligation mesure :;La variation de sa valeur en pourcentage induite par une variation donnée du taux d'intérêt;nouvelle;;
22;65;7;7.3;C;1368;La sensibilité d'une obligation mesure :;La variation de sa valeur en pourcentage induite par une variation donnée du taux d'intérêt;lot 1;;
22;66;7;7.4;C;1404;Les titres de créance négociables :;Sont des titres financiers émis au gré de l'émetteur;lot 4;;
22;67;7;7.4;C;2580;L'indice Euro short Terme Rate (€STER) :;Est le taux au jour le jour basé sur les emprunts effectués par des banques auprès de contreparties financières;lot 5;;
22;68;7;7.5;C;1467;Un bon de souscription d'actions :;Est un titre donnant un accès différé au capital social;lot 1;;
22;69;7;7.6;C;1503;Les titres de créances émis par un organisme de titrisation peuvent faire l'objet d'un démarchage, auprès :;D'investisseurs qualifiés;lot 6;;
22;70;7;7.6;C;1508;A l'issue d'un délai de 10 ans après le décès de l'assuré, que deviennent les sommes dues au titre des contrats d'assurance-vie non réclamés et non réglés ?;Les organismes d'assurance doivent déposer l'intégralité des sommes à la Caisse des Dépôts et Consignations;lot 6;;
22;71;7;7.7;C;1519;Les contrats financiers à terme traités sur les marchés organisés et réglementés :;Bénéficient des services d'une chambre de compensation;lot 4;;
22;72;7;7.8;C;1569;La valeur liquidative des parts d'un OPC :;Evolue en fonction des performances du portefeuille de cet OPC;nouvelle;;
22;73;7;7.8;C;1574;Depuis 2014, quelles sont les deux grandes catégories d'OPC ?;Les OPCVM et les FIA;nouvelle;;
22;74;7;7.9;C;1708;Le non-respect de l 'obligation d 'enregistrement au préalable d 'une action de démarchage ou de promotion d 'une opération sur biens divers est passible :;D 'un emprisonnement de 5 ans et d 'une amende de 18 000 euros;lot 6;;
22;75;7;7.9;C;1643;Quel organisme est habilité à enregistrer les intermédiaires en biens divers ?;L'AMF;lot 6;;
22;76;7;7.10;C;1646;Les cryptos-actifs font partie :;De la famille des actifs numériques;nouvelle;;
22;77;7;7.10;C;1661;Au sens de la réglementation, un actif numérique :;Peut être stocké et échangé électroniquement;nouvelle;;
22;78;8;8.1;C;1740;A qui un OPCI a-t-il recours pour évaluer ses immeubles et déterminer sa valeur liquidative ?;Un expert externe en évaluation;nouvelle;;
22;79;8;8.2.1;C;2722;Le mandat de gestion doit :;Décrire les méthodes de valorisation des instruments financiers dans lesquels le mandataire a investi;nouvelle;;
22;80;8;8.2.2;C;1774;Que mesure le ratio de Sharpe ?;Il mesure la rentabilité excédentaire d'un portefeuille d'actifs financiers par rapport à son niveau de risque et permet d'évaluer la performance d'un gérant;lot 7;;
22;81;8;8.2.2;C;1770;Qu'est-ce que l'horizon de placement ?;Il s'agit de la durée pendant laquelle un investisseur envisage de détenir un produit financier (court, moyen ou long terme);lot 7;;
22;82;8;8.4;C;1803;Conformément au Règlement AMF, à quels fonds s'applique la demande d'agrément comme fonds monétaire ?;Aux nouveaux OPCVM et FIA et aussi aux fonds déjà existants;lot 3;;
22;83;8;8.4;C;1789;En France, les OPC sont agréés par :;L'AMF;lot 4;;
22;84;8;8.5;C;1848;Les Fonds Communs de Placement dans l'Innovation (FCPI) sont :;Des fonds d'investissement alternatifs ouverts aux investisseurs non professionnels;nouvelle;;
22;85;8;8.5;C;1853;Les organismes de placement collectifs relevant de la directive AIFM sont classés en :;FIA;nouvelle;;
22;86;8;8.5;C;1861;Le Règlement général de l'AMF cite parmi les OPCVM à modalités particulières les OPCVM maîtres et nourriciers. Quelle est la principale caractéristique de ces OPCVM ?;L'OPCVM nourricier est investi à hauteur de 85% et en permanence en parts ou actions d'un OPCVM dit maître;nouvelle;;
22;87;8;8.6;C;1882;Parmi les affirmations suivantes relatives aux styles de gestion d'actions, laquelle est correcte ?;Gérer des portefeuilles d'actions selon un style consiste à sélectionner des valeurs, compte tenu de certains critères préétablis, dont les plus courants sont l'analyse de la valeur, la taille des capitalisations et la persistance des performances;lot 5;;
22;88;8;8.7;C;1899;"En quoi consiste l'approche ""impact investing"" (investissement à impact en français) parmi les différentes stratégies d'investissement socialement responsable (ISR) ?";Elle consiste à investir dans des entreprises, souvent dans le non coté, qui cherchent à générer un impact social ou environnemental mesurable;lot 8;;
22;89;8;8.7;C;1918;Quel est le principal objectif du label ISR (Investissement Socialement Responsable) ?;Permettre aux épargnants de choisir des placements financiers responsables et durables;lot 8;;
22;90;8;8.7;C;2537;Le standard international norme ISO 26000 définit le périmètre de la RSE (responsabilité sociétale des entreprises) autour de questions centrales comme :;La gouvernance des organisations, les conditions de travail et l'environnement;lot 8;;
22;91;8;8.7;C;2524;Les fonds labellisés ISR :;Sont des placements remplissant des objectifs financiers et extra-financiers suivant les critères ESG;lot 8;;
22;92;8;8.7;C;2507;Quelle autorité est chargée de la mission spécifique de veiller à la qualité de l'information fournie par les sociétés de gestion sur leur stratégie d'investissement et leur gestion des risques liés aux effets du changement climatique ?;L'Autorité des Marchés Financiers (AMF);lot 9;;
22;93;8;8.7;C;2750;Les fonds ISR :;Font l'objet en toutes circonstances d'un DICI, comme n'importe quel autre fonds commercialisé auprès du grand public;lot 9;;
22;94;8;8.7;C;2523;Concernant la gestion ISR, qu'appelle t-on l'approche thématique ?;Celle consistant à investir dans des entreprises présentes dans les secteurs d'activité liés au développement durable (changement climatique, énergies renouvelables, eau, etc);lot 9;;
22;95;8;8.7;C;1932;Un FCP ISR (Investissement Socialement Responsable) :;Doit obligatoirement préciser dans un document les critères de sélection utilisés dans l'analyse des considérations sociales environnementales et éthiques;lot 9;;
22;96;8;8.7;C;2011;Le label Greenfin peut être attribué :;A une large palette de fonds français et originaires de pays tiers;lot 9;;
22;97;8;8.7;C;2479;Parmi ces trois stratégies d'investissement d'un OPC, laquelle correspond à une approche ISR / ESG ?;Best in Universe;lot 9;;
22;98;8;8.7;C;1935;Qu'est-ce que la notation extra financière ?;Une évaluation d'entreprise intégrant des aspects environnementaux, sociaux et de gouvernement d'entreprise;lot 9;;
22;99;8;8.7;C;1991;Quelle est la démarche d'un gérant d'OPC pratiquant un engagement actionnarial ?;L'exercice actif des droits de vote en assemblées générales;lot 9;;
22;100;8;8.7;C;2460;Parmi les affirmations suivantes, laquelle explique le mieux la typologie de l'ISR ?;L'ISR rajoute aux critères d'analyse financière traditionnelle des critères extra-financiers;lot 9;;
22;101;8;8.7;C;1998;L'engagement actionnarial;Désigne le fait, pour un investisseur, de prendre position sur des enjeux ESG (Environnement, Social, Gouvernance) et d'influencer les entreprises visées afin qu'elles améliorent leurs pratiques dans la durée;lot 9;;
22;102;8;8.7;C;1928;Le Label Investissement Socialement Responsable est attribué :;Aux fonds investissant dans des entreprises aux pratiques responsables en matière environnementale, sociale et de gouvernance;lot 9;;
22;103;9;9.1;C;154;Qui fixe les principes applicables en matière de suspension des négociations en cas de variation importante du cours de bourse ?;L'entreprise de marché;lot 4;;
22;104;9;9.1;C;2046;Une entreprise de marché doit avoir la forme :;D'une société commerciale;lot 4;;
22;105;9;9.2;A;2202;Sur le marché réglementé d 'Euronext Paris, un ordre qui est transmis pour être exécuté immédiatement et intégralement aux meilleurs prix proposés dans le carnet d 'ordres, est un ordre :;Au marché;nouvelle;;
22;106;9;9.2;A;2210;Sur le marché réglementé des actions, pour éviter des variations de prix de grande ampleur trop brusques il existe des limites de variation de cours. Si ces limites sont franchies les transactions sur l 'action sont :;Suspendues temporairement quelques instants;nouvelle;;
22;107;9;9.3;C;2127;Que sont les dark pools ?;Des plates-formes organisées liées aux ordres de grande taille, sans aucune transparence pré-négociation;lot 2;;
22;108;9;9.4;C;2155;s'agissant du trading algorithmique, quelle affirmation est exacte ?;Les ordres stop-loss peuvent être lancés via du trading algorithmique;lot 5;;
22;109;9;9.5;C;2108;Que mesure une note de crédit attribuée à un emprunteur par une agence de notation ?;La perception du risque de crédit du point de vue de l'agence;nouvelle;;
22;110;10;10.1;C;2218;Règlementairement, la tenue du passif d'un OPCVM correspond :;Aux missions de centralisation des ordres de souscription/rachat et de tenue du compte émission de l'OPCVM;lot 7;;
22;111;10;10.1;C;2223;Le système de communication qui assure de manière rapide et efficace le paiement et la livraison des valeurs entre entreprises de marché est :;Le système SWIFT;lot 8;;
22;112;10;10.2;C;2255;En France, le délai de règlement-livraison d'un ordre de bourse est de :;J+2;lot 7;Contexte;Règlement-livraison à J+2 : toujours vrai aujourd'hui, mais l'UE passera à J+1 le 11 octobre 2027. Réponse attendue : J+2.
22;113;11;11.1;C;2265;"Le marché ""gris"" obligataire est :";Un trait d'union entre le marché primaire et secondaire;lot 4;;
22;114;11;11.2;C;2300;Une offre publique est qualifiée d'amicale lorsque :;Le conseil d'administration de la cible recommande aux actionnaires d'apporter leurs titres à l'offre;lot 1;;
22;115;12;12.1;C;2323;Dans le Plan Comptable Général français, les postes d'actif sont classés par :;Liquidité croissante;nouvelle;;
22;116;12;12.1;C;2325;Quelle est la fonction de l'amortissement?;Constater l'usure des actifs immobilisés;nouvelle;;
22;117;12;12.2;C;2346;"Les documents de présentation (ou ""slides shows"" ) mis à disposition des analystes présents à la réunion de présentation des résultats d'une société cotée sur un marché réglementé doivent-ils être publiés ?";Oui, ils doivent être mis en ligne systématiquement et sans délai au plus tard au début de la réunion;nouvelle;;
22;118;12;12.3;C;2429;Comment sont imposées les plus-values sur les revenus de valeurs mobilières ?;Les revenus des valeurs mobilières sont soumis à un prélèvement forfaitaire unique (PFU) de 30 % (12,8 % d'impôts sur le revenu auxquels s'ajoutent les prélèvements sociaux de 17,2%);nouvelle;À vérifier;PFU de 30 % = 12,8 % d'IR + 17,2 % de prélèvements sociaux : c'est la réponse de la base. À vérifier : la LFSS 2026 a relevé la CSG sur une partie des revenus du capital (prélèvements sociaux portés à 18,6 %, flat tax à 31,4 %, avec des exceptions comme l'assurance-vie et les revenus fonciers).
22;119;12;12.3;C;2358;Quel est le sort des moins-values subies à l'occasion de cessions de valeurs mobilières ?;Elles sont imputables sur les plus-values de même nature pendant 10 ans;nouvelle;;
22;120;12;12.4;C;2412;La règle de prise en compte des plus-values latentes pour une société soumise à l'IS (Impôt sur les Société) détenant un portefeuille titres concerne :;Les parts ou actions d'OPCVM (Organismes de Placement Collectif en Valeurs Mobilières) étrangers;nouvelle;;
23;1;1;1.1;C;14;Le HCSF (Haut Conseil de stabilité financière) a pour mission principale de veiller à :;La surveillance du système financier dans son ensemble;lot 5;;
23;2;1;1.1;C;27;En France, la sécurité des marchés financiers est assurée par :;L'AMF (Autorité des Marchés Financiers);lot 6;;
23;3;1;1.2.1;C;64;L'ensemble des régulateurs européens des marchés financiers se réunit au sein :;"L'Autorité Européenne des Marchés Financiers (AEMF; en anglais European Securities and Markets Authority (ESMA))";lot 7;;
23;4;1;1.2.1;C;42;Parmi les propositions suivantes concernant les organismes européens de supervision, laquelle est vraie ?;L'AEMF (ESMA en anglais) est l'organisme chargé de la supervision de marchés financiers en Europe;lot 7;;
23;5;1;1.2.2;C;310;Quelle est la mission du Conseil de Stabilité Financière ?;Elaborer des recommandations de bonne conduite pour assurer la stabilité financière internationale;lot 4;;
23;6;1;1.3;C;82;Pour être Conseiller en investissements financiers (CIF) il est, entre autres, nécessaire :;De respecter les règles de bonne conduite prévues par le Code Monétaire et Financier, le Règlement Général de l'AMF et celles définies par l'association dont il relève;lot 4;;
23;7;1;1.3;C;111;Quel professionnel a l'obligation de s'inscrire sur le registre unique d'immatriculation des intermédiaires en assurance, banque et finance tenu par l'ORIAS ?;Un agent général d'assurance;lot 4;;
23;8;1;1.3;C;126;Des activités des prestataires de services d'investissement comprennent:;La négociation pour compte propre;lot 5;;
23;9;1;1.5.1;C;136;Pour apprécier le niveau de l'inflation, nous utilisons essentiellement :;L'indice des prix à la consommation;nouvelle;;
23;10;1;1.5.1;C;149;"Qu'appelle-t-on ""fluctuations intraday"" ?";Les variations du cours d'une action durant la journée, entre l'ouverture et la clôture;nouvelle;;
23;11;1;1.5.2;C;207;Qu'est-ce que €STR (Euro Short-Term Rate) ?;"Il s'agit d'un taux à court terme en euros ayant vocation à remplacer EONIA. Il reflète combien une banque doit payer quand elle emprunte de l'argent au jour le jour sans fournir de garanties (emprunts non garantis ou ""en blanc"" )";lot 4;;
23;12;1;1.5.2;C;197;Les marchés émergents sont caractérisés par une :;Faible liquidité;lot 5;;
23;13;1;1.8;C;289;Pour la commercialisation transfrontière d'un fonds, qui doit obtenir le passeport européen ?;La société de gestion;lot 7;;
23;14;1;1.8;C;320;Le fait pour une personne physique ou morale d 'être condamnée par le juge à réparer le dommage causé à une victime relève de :;Sa responsabilité civile;lot 8;;
23;15;2;2.1;A;245;Chez un PSI, quelle fonction nécessite une carte professionnelle ?;Analyste financier;lot 3;;
23;16;2;2.1;A;2639;"En matière de conformité, la ""muraille de Chine"" est synonyme de :";La séparation des activités susceptibles de générer des conflits d'intérêts;lot 3;;
23;17;2;2.2;A;2572;Le conseiller en investissements financiers doit réviser sa politique en matière de gestion des conflits d'intérêts :;au moins une fois par an;lot 4;;
23;18;2;2.2;A;808;Que doit faire le PSI sollicité pour traiter une opération susceptible de générer un conflit d'intérêts ?;"Prendre, vis-à-vis de certains de ses collaborateurs identifiés comme ""personnes concernées"" , des mesures de restriction, d'interdiction et d'abstention";lot 4;;
23;19;2;2.3;A;413;La médiation interne concerne les litiges :;Entre les prestataires de services d'investissement et les particuliers n'agissant pas pour des besoins professionnels;lot 6;;
23;20;2;2.3;A;430;Lorsque la décision du médiateur de l'AMF (Autorité des Marchés Financiers) est défavorable à l'épargnant, ce dernier doit :;N'acquitter aucun montant, la médiation étant toujours gratuite;lot 6;;
23;21;3;3;A;526;Que prévoit la 5e Directive LCB-FT ?;L'assujettissement à la LCB-FT des services liés aux cryptos-actifs;nouvelle;;
23;22;3;3;A;527;Quelles sont les entreprises tenues de prendre des mesures destinées à prévenir et à détecter la commission de faits de corruption ou de trafic d'influence ?;Les entreprises de plus de 500 salariés et dont le chiffre d'affaires est supérieur à 100 millions d'euros;nouvelle;;
23;23;3;3;A;531;Quelles sont les peines encourues pour un délit de blanchiment ?;Le délit de blanchiment est puni de cinq ans d'emprisonnement et 375 000 euros d'amende;nouvelle;;
23;24;4;4;A;541;Qu'est-ce qu'une liste d'initiés ?;Une liste de toutes les personnes ayant accès à des informations privilégiées sur des émetteurs;lot 3;;
23;25;4;4;A;2688;Le fait de répandre sur un réseau social professionnel ouvert au public des informations privilégiées sur une société cotée relève :;De la divulgation illicite d'informations privilégiées;lot 4;;
23;26;5;5.1;A;616;Un prestataire de services d'investissement contacte l'un de ses clients pour lui proposer une opération de placement qui correspond à une opération habituelle pour ce dernier (en termes de nature d'opérations, de risques, de montants).;Il s'agit là d'une opération qui n'entre pas dans le champ d'application du démarchage;lot 2;;
23;27;5;5.1;A;586;Quels sont les principaux objectifs poursuivis par la réglementation en matière de vente à distance ?;Elle vise notamment à encadrer de manière plus stricte le statut et les obligations des personnes habilitées à effectuer du démarchage;lot 2;;
23;28;5;5.1;A;635;Les produits dont le risque maximal n'est pas connu au moment de la souscription :;Ne peuvent pas être proposés dans le cadre du démarchage;lot 2;;
23;29;5;5.1;A;714;Le distributeur d 'instruments financiers :;Doit adapter les préconisations du producteur sur le Marché Cible par rapport à la réalité de sa clientèle;lot 2;;
23;30;5;5.2;C;655;Dans quelle langue les documents destinés à l'information des porteurs de parts ou actionnaires d'OPCVM commercialisés en France doivent-ils être rédigés ?;En français en principe, sauf exception;lot 3;;
23;31;5;5.2;C;692;L'affichage du niveau de risque et de rendement d'un produit dans le Document d'information clé pour l'investisseur (DICI) est présenté :;Sur une échelle allant de 1 à 7;lot 4;Réponse dépassée;Depuis le 1er janvier 2023, le DICI des OPCVM est remplacé par le DIC PRIIPs pour les investisseurs non professionnels (indicateur de risque SRI de 1 à 7 et 4 scénarios de performance). Les questions sur le DICI restent dans la base : retiens leurs réponses (remise avant souscription, échelle 1 à 7, frais…), qui valent aussi pour le DIC.
23;32;6;6.1.1;A;729;Un client non professionnel peut-il renoncer à la protection accordée par les règles de bonne conduite s'imposant aux prestataires de services d'investissement autre que les sociétés de gestion de portefeuille ?;Oui, il peut y renoncer en respectant une procédure détaillée dans le Code Monétaire et Financier;lot 6;;
23;33;6;6.1.1;A;758;En matière d'évaluation des clients, la réglementation impose au PSI :;De mettre en place des dispositifs permettant de déceler les inexactitudes manifestes dans les informations reçues des clients;lot 6;;
23;34;6;6.1.1;A;774;À quel moment le PSI doit-il procéder à la catégorisation de ses clients ?;A l'entrée en relation;lot 6;;
23;35;6;6.1.1;A;1160;Dans quel cas le client professionnel est-il traité comme un client non professionnel pour des services d'investissement ou des transactions déterminées ?;S'il en fait la demande et si le prestataire accepte;lot 7;;
23;36;6;6.1.1;A;759;Parmi ces clients, quels sont ceux qui ont la qualité de client professionnel ?;Les personnes qui possèdent l'expérience, les connaissances et la compétence en matière d'investissement financier pour prendre leurs propres décisions et évaluer les risques encourus;lot 7;;
23;37;6;6.1.2;C;819;Laquelle de ces institutions est habilitée à lever le secret bancaire ?;L'administration des douanes;lot 1;;
23;38;6;6.1.2;C;834;Les entreprises d'investissements sont-elles soumises au secret professionnel?;Oui mais il ne peut pas être opposé à l'Autorité de contrôle prudentiel et de résolution (ACPR);lot 2;;
23;39;6;6.2;A;902;Les informations fournies aux clients concernant les risques pertinents :;Doivent utiliser une police d'une taille au moins égale à celle employée de manière prédominante dans les informations communiquées;lot 8;;
23;40;6;6.2;A;897;Quelles sont les obligations du PSI lorsque l'ordre du client est exécuté par tranches ?;Le PSI peut informer le client soit du prix de chaque tranche, soit du prix moyen;lot 8;;
23;41;6;6.2;A;887;En matière d'information des clients sur les avantages et rémunérations perçus par les prestataires de services d'investissement autre que les sociétés de gestion, donner des informations génériques est :;Insuffisant;lot 9;;
23;42;6;6.2;A;904;Laquelle de ces propositions relatives à l'information sur un produit est exacte ?;L'information fournie sur le produit met en avant autant les avantages potentiels que les risques éventuels correspondants;lot 9;;
23;43;6;6.2;A;2656;Les avantages non monétaires mineurs sont :;Conservés par le PSI, dès lors qu'ils remplissent certaines conditions légalement définis;lot 9;;
23;44;6;6.3;A;918;Pour un client non professionnel, quel service d'investissement nécessite, notamment, un test d'adéquation ?;Le conseil en investissement;lot 6;;
23;45;6;6.3;A;953;Comment le PSI détermine-t-il l'étendue des informations à collecter auprès de la clientèle ?;L'étendue des informations collectées peut être variable, notamment en fonction de la complexité du produit financier proposé;lot 6;;
23;46;6;6.3;A;926;Le régime d'exécution simple d'ordres concerne :;Uniquement les instruments financiers non complexes;lot 7;;
23;47;6;6.4;A;1188;Dans le cadre de la divulgation de la politique de meilleure exécution des prestataires de services d 'investissement, la réglementation impose depuis la Directive MIF 2 :;De divulguer chaque année les cinq lieux les plus utilisés pour chaque instrument, avec la part des transactions qui y sont réalisées et la qualité d'exécution obtenue;lot 5;Réponse dépassée;"La publication annuelle des « 5 premiers lieux d'exécution » (RTS 28) a été supprimée par la révision de MIF 2 (2024) ; l'ESMA a demandé dès 2024 de ne plus la contrôler. La base garde l'ancienne règle : c'est la réponse attendue si la question tombe."
23;48;6;6.4;A;995;Que doit faire le PSI fournissant le service de réception et de transmission d'ordres lorsqu'il transmet des ordres de clients à d'autres entités pour exécution ?;"Il est tenu d'appliquer sa politique de sélection des intermédiaires (obligation de ""best selection"" )";lot 5;;
23;49;6;6.4;A;990;Le principe général que doivent adopter les PSI lors de l'exécution des ordres est de rechercher le meilleur résultat possible :;Pour tous les clients;lot 6;;
23;50;6;6.5;C;1035;Dans le cadre de la commission de gestion des FIA, la société de gestion de portefeuille peut avoir une rémunération liée à la surperformance :;A condition qu'elle soit expressément prévue dans le DICI;lot 8;;
23;51;6;6.5;C;1019;Que représentent les droits de garde ?;Le prix facturé par le PSI pour la conservation des titres sur un compte-titres ou un PEA;lot 9;;
23;52;6;6.6;C;1049;A quelle condition un mineur peut-il ouvrir tout seul un compte de chèques à son nom ?;S'il est émancipé;lot 8;;
23;53;6;6.7;C;1068;En matière de traitement du surendettement des particuliers, que permet la procédure de rétablissement personnel ?;Elle permet l'effacement total des dettes non professionnelles des débiteurs dont la situation est irrémédiablement compromise;lot 4;;
23;54;6;6.8;C;1082;Le fonds de garantie et de résolution est :;Une personne morale de droit privé;lot 9;;
23;55;6;6.8;C;1085;Un PSI (Prestataire de Services d'Investissement), peut-il procéder à des cessions temporaires de titres en utilisant les instruments financiers qu'il détient pour le compte d'un client ?;Oui, mais avec l'accord préalable du client;lot 9;;
23;56;6;6.9;C;1107;Pour protéger les investisseurs, l'AMF publie :;Des listes noires mettant en évidence les sites frauduleux;nouvelle;;
23;57;7;7.1;C;1710;Le risque de contrepartie pour un investisseur est défini comme :;Le risque de perte lié à la défaillance de l'autre partie lors d'une opération d'achat ou de vente d'instruments financiers;lot 5;;
23;58;7;7.1;C;1250;Qu'est-ce que le risque de liquidité ?;Le risque de ne pas pouvoir vendre un actif sur le marché au prix désiré et/ou au moment voulu;lot 5;;
23;59;7;7.1;C;1240;Lorsque la volatilité d'un placement financier est élevée :;La possibilité de gain et le risque de perte sont plus importants;lot 6;;
23;60;7;7.2;C;1297;Les actions de préférence :;Peuvent donner droit à des avantages pécuniaires;lot 5;;
23;61;7;7.2;C;1275;L'actif net réévalué est une approche possible pour :;Evaluer les actions d'une société;lot 5;;
23;62;7;7.2;C;1686;Si le coefficient Beta d'une action est supérieur à 1, comment évolue le cours de l'action ?;En amplifiant les variations du marché;lot 5;;
23;63;7;7.3;C;1390;Sur quel paramètre les OAT peuvent-ils être indexés ?;Le taux d'inflation;lot 1;;
23;64;7;7.3;C;1726;Quel est l 'intérêt d'afficher les prix des obligations en pourcentage du nominal sur les écrans de cotations ?;Cela permet de comparer le prix des obligations entre elles;lot 1;;
23;65;7;7.3;C;1358;Qu'est-ce qu'une obligation ?;Un titre de créance;lot 2;;
23;66;7;7.4;C;2555;L'indice monétaire EURIBOR est administré par :;L'European money markets institute (EMMI);lot 5;;
23;67;7;7.4;C;1413;L'émission d'un TCN (titre de créance négociable) :;Nécessite préalablement l'établissement d'une documentation financière adressée à la BDF;lot 6;;
23;68;7;7.5;C;1463;Quelle possibilité est offerte par une obligation convertible ?;La conversion en actions de la société émettrice;lot 2;;
23;69;7;7.6;C;1481;Quelle affirmation est exacte en ce qui concerne les organismes de titrisation ?;Ils rachètent des créances et émettent des titres adossés à ces crédits;lot 7;;
23;70;7;7.6;C;1479;La rémunération d'un CAT (compte à terme) est :;Soumise à l'impôt sur le revenu et aux prélèvements sociaux;lot 7;;
23;71;7;7.7;C;1517;Quel est le droit de l'acheteur d'un put?;Droit de vendre le sous-jacent;lot 5;;
23;72;7;7.8;C;1707;La valeur liquidative d 'une part ou action d 'un Organisme de Placement Collectif représente :;La valeur de chacune des parts de l 'OPC;nouvelle;;
23;73;7;7.8;C;1589;La souscription et le rachat de parts ou actions d'un OPC se font sur la base d'une valeur de référence. Cette valeur s'appelle :;La valeur liquidative (VL) ou Net Asset Value (NAV);nouvelle;;
23;74;7;7.9;C;1626;A quelle règle est soumise le gestionnaire de biens divers ?;Etablir annuellement un inventaire des biens, un bilan et un compte de résultat certifiés par un commissaire aux comptes;lot 7;;
23;75;7;7.9;C;1622;Quelle source réglementaire encadre l'activité des intermédiaires financiers en biens divers ?;Le COMOFI (Code Monétaire et Financier);lot 7;;
23;76;7;7.10;C;1667;Le Bitcoin :;Est une monnaie virtuelle;lot 1;;
23;77;7;7.10;C;2570;Lorsque le prestataire de services sur actifs numériques (PSAN) est un prestataire de services d'investissement, la politique de gestion des conflits d'intérêts porte :;A la fois sur les services sur actifs numériques et sur les services d'investissement;lot 1;;
23;78;8;8.1;C;2759;La délégation à un tiers de la garde des actifs de l'OPCVM :;N'exonère pas le dépositaire de sa responsabilité;nouvelle;;
23;79;8;8.2.1;C;1751;A propos des Organismes de Placement Collectif (OPC), quelle affirmation est juste ?;Leurs activités s'exercent dans un cadre règlementaire européen et français strict;nouvelle;;
23;80;8;8.2.2;C;1968;La volatilité d'un fonds est une mesure :;Qui ne tient pas compte de tous les risques encourus par un investisseur;lot 8;;
23;81;8;8.2.2;C;1943;Quand l'horizon de placement d'un épargnant se fait à moyen terme, c'est qu'il a un projet dans :;3 à 8 ans;lot 8;;
23;82;8;8.4;C;1812;Qu'apporte le Règlement européen relatif aux fonds monétaires de 2017 (MMF) ?;Il établit des règles uniformes d'agrément et de fonctionnement des fonds monétaires au niveau européen;lot 4;;
23;83;8;8.4;C;1779;Pour les Fonds d'Investissement Alternatifs, la présence d'un dépositaire distinct de la société de gestion découle :;De la directive AIFM;lot 5;;
23;84;8;8.5;C;1831;Dans une société, quels types d'investisseurs peuvent accéder aux fonds d'épargne salariale ?;Tous les salariés;nouvelle;;
23;85;8;8.5;C;1977;Un OPCVM nourricier est un OPCVM dont :;L'actif est investi en totalité et en permanence en parts ou actions d'un seul OPCVM dit maître, en instruments financiers à terme et, à titre accessoire, en liquidités;nouvelle;;
23;86;8;8.5;C;1816;Les SCPI (Société Civile de Placement Immobilier) ont pour objet :;Exclusif l'acquisition et la gestion d'un patrimoine immobilier locatif;nouvelle;;
23;87;8;8.6;C;1879;Les gestions alternatives :;Correspondent à un ensemble de stratégies de gestion strictement actives dont l'objectif principal est la recherche d'une performance absolue, souvent décorrélée de l'évolution des marchés;lot 6;;
23;88;8;8.7;C;2483;Les critères ESG permettent d'évaluer :;La prise en compte des problématiques de développement durable par l'entreprise;lot 9;;
23;89;8;8.7;C;1990;Pour un OPC, quelle forme peut prendre une stratégie d'investissement socialement responsable (ISR) ?;L'exclusion de secteurs comme l'armement;lot 9;;
23;90;8;8.7;C;2472;Les agences de notation traditionnelles évaluent la solvabilité d'un agent économique. La notation extra-financière se concentre sur :;Des critères autres qu'économiques pour évaluer les comportements environnementaux ou sociaux des entreprises;lot 9;;
23;91;8;8.7;C;2535;La finance solidaire :;Finance généralement des activités ayant une utilité sociale (lutte contre l'exclusion, cohésion sociale ou de développement durable);lot 9;;
23;92;8;8.7;C;2518;Que permettent les obligations vertes ?;De financer les projets contribuant à la transition écologique;lot 10;;
23;93;8;8.7;C;1896;"Dans le cadre de la gestion socialement responsable, le gérant d'un fonds ""Best in class"" :";Pourrait conserver dans son portefeuille une entreprise d'un secteur polluant;lot 10;;
23;94;8;8.7;C;2531;"Dans le cadre d'une gestion ISR (investissement socialement responsable), il est possible d'adopter une approche ""best-in-class"" . Elle consiste à :";Sélectionner les meilleures entreprises d'un point de vue extra-financier, pour chaque secteur d'activité;lot 10;;
23;95;8;8.7;C;1887;Qu'est-ce que les critères de type ESG en matière d'investissement socialement responsable (ISR) ?;Il s'agit de critères extra-financiers : Environnementaux, Sociaux et de Gouvernance;lot 10;;
23;96;8;8.7;C;2500;Selon la loi Pacte, une entreprise industrielle doit mettre en œuvre une démarche :;RSE;lot 10;;
23;97;8;8.7;C;2010;Le label Greenfin garantit aux investisseurs que :;Les produits financiers labélisés contribuent effectivement au financement de la transition énergétique et écologique;lot 10;;
23;98;8;8.7;C;2454;Qu'est-ce que l'approche Best Effort ?;On retient les émetteurs ayant montré les meilleurs dynamiques de progrès sur la base de critères RSE;lot 10;;
23;99;8;8.7;C;2008;Qu'est-ce que le label Finansol ?;Il vise à distinguer les produits d'épargne solidaire des autres produits d'épargne;lot 10;;
23;100;8;8.7;C;2016;Quel est l'objectif du plan d'action européen pour la finance durable ?;Donner un nouveau cadre financier à l'Europe pour une économie plus verte;lot 10;;
23;101;8;8.7;C;2491;Le label ISR d'un fonds d'investissement est accordé par un organisme de certification habilité :;Pour une durée de trois ans renouvelable;lot 10;;
23;102;8;8.7;C;2032;Dans le cadre de l 'investissement socialement responsable, quel fonds parmi les suivants correspond à un fonds d 'exclusion ?;Un fonds qui n 'investit pas dans certains secteurs jugés risqués en matière environnementale ou sociale (OGM, nucléaire, armement, jeu, tabac…);lot 10;;
23;103;9;9.1;C;2138;Les marchés à terme permettent d'effectuer une transaction :;Ultérieurement, à un prix fixé aujourd'hui;lot 5;;
23;104;9;9.1;C;2043;En France, quelle est l'autorité compétente pour accorder le statut de marché réglementé?;Le Ministre de l'Economie sur proposition de l'Autorité des Marchés Financiers (AMF);lot 5;;
23;105;9;9.2;A;2072;Un ordre à cours limité :;Comporte l'indication d'un prix maximum à l'achat ou d'un prix minimum à la vente;nouvelle;;
23;106;9;9.2;A;2192;"Un ordre ""à cours limité"" comporte :";L'indication d'un prix maximum (à l'achat) ou d'un prix minimum (à la vente);nouvelle;;
23;107;9;9.3;C;2163;Que permet le code LEI (Legal Entity Identifier) ?;L'immatriculation mondiale unique des acteurs des marchés financiers;lot 3;;
23;108;9;9.4;C;2116;Qu'appelle t-on HFT (Trading à Haute Fréquence) pour une même EI (Entreprise d'Investissement) ?;Plus de 2 messages par seconde sur un même instrument financier sur une même plateforme;lot 6;;
23;109;9;9.5;C;2102;Lorsqu'un PSI effectue des opérations de gré à gré sur des actions cotées pour compte propre ou pour le compte de clients :;Il doit publier ces informations par l'intermédiaire d'un dispositif de publication agréé;lot 1;;
23;110;10;10.1;C;2260;Parmi les acronymes suivants, lequel correspond à un réseau interbancaire utilisé par la majorité des banques pour leurs paiements internationaux ?;SWIFT;lot 8;;
23;111;10;10.1;C;2250;SWIFT offre un canal de communication bancaire simple à ses adhérents. Comment ses adhérents sont-ils identifiés au sein du réseau ?;Ils sont identifiés au sein du réseau par leur code BIC (Bank Identifier Code);lot 9;;
23;112;10;10.2;C;2235;La chambre de compensation :;S'interpose par le mécanisme de la novation entre le vendeur et l'acheteur;lot 8;;
23;113;11;11.1;C;2266;Quelle est la différence de statut entre une plate-forme de dons et une plate-forme de prêts de financement participatif ?;Aucune différence, les deux types de plate-forme doivent disposer du statut d'IFP;lot 5;Contexte;"Depuis le régime européen ECSP (2023), les plateformes d'investissement et de prêt aux entreprises sont des PSFP agréés par l'AMF ; le statut d'IFP subsiste pour certains prêts et pour les dons. Réponse attendue de la base : statut d'IFP pour les deux."
23;114;11;11.2;C;2278;Dans la liste ci-dessous, quelle affirmation concernant une fusion-absorption est correcte ?;Les actionnaires de la société dissoute reçoivent de nouvelles actions;lot 2;;
23;115;12;12.1;C;2322;Les dettes d'une entreprise s'enregistrent :;Au passif du bilan;nouvelle;;
23;116;12;12.1;C;2320;Dans le bilan d'une entreprise quel est l'effet de la part de résultat positif qui n'est pas distribuée aux actionnaires ?;Elle augmente les capitaux propres;lot 1;;
23;117;12;12.2;C;2397;En cas de non respect des déclarations de franchissement de seuil, les actions dépassant la fraction qui aurait dû être déclarée, sont :;Privées de droit de vote pendant deux ans suivant la date de régularisation;nouvelle;;
23;118;12;12.3;C;2413;Les moins-values constatées la même année sur des actions françaises ne peuvent pas se compenser fiscalement avec des plus-values réalisées sur :;Des biens immobiliers;nouvelle;;
23;119;12;12.3;C;2369;Le taux marginal le plus élevé de l'impôt sur le revenu (IR) est actuellement de :;45%;nouvelle;;
23;120;12;12.4;C;2390;Pour l'établissement de l'impôt sur les sociétés, sur quelle durée les entreprises peuvent-elles amortir les sommes versées pour la souscription en numéraire au capital de petites ou moyennes entreprises innovantes ?;Cinq ans;nouvelle;;
24;1;1;1.1;C;2668;Le HCSF (Haut conseil de stabilité financière) est composé de 8 membres dont :;Le président de l'ACPR;lot 6;;
24;2;1;1.1;C;3;La supervision du secteur bancaire et financier en France est assurée entre autres par :;L'Autorité de Contrôle Prudentiel et de Résolution;lot 7;;
24;3;1;1.2.1;C;37;Quel est l'objectif du marché unique ?;Faciliter la libre circulation des capitaux;lot 8;;
24;4;1;1.2.1;C;53;L'Autorité Bancaire Européenne (EBA en anglais) a pour objectif :;De sauvegarder la stabilité et l'efficacité du système bancaire et se focalise particulièrement sur tout risque présenté par des établissements financiers dont la défaillance risque d'entraver le fonctionnement du système financier ou de l'économie réelle;lot 8;;
24;5;1;1.2.2;C;284;Le comité de Bâle a pour objectif essentiel de :;Promouvoir l'harmonisation internationale dans le domaine du contrôle prudentiel bancaire;lot 5;;
24;6;1;1.3;C;269;A quelle obligation un CIF est-il soumis ?;Adhérer à une association professionnelle agréée par l'AMF;lot 5;;
24;7;1;1.3;C;90;Pour exercer une activité de gestion de portefeuille, le Prestataire de Service d'Investissement revêt le statut de :;Société de gestion de portefeuille;lot 5;;
24;8;1;1.3;C;102;S'agissant des entreprises d'assurance, quelle affirmation est exacte ?;Les entreprises d'assurance peuvent proposer des instruments financiers;lot 6;;
24;9;1;1.5.1;C;442;Pour mettre en œuvre sa politique monétaire, la Banque centrale européenne (BCE) peut utiliser le dispositif d'open market. Que permet-il ?;De piloter les taux d'intérêt entre autres par des opérations de refinancement à 7 jours;nouvelle;;
24;10;1;1.5.1;C;270;Quel est l'objectif prioritaire du SEBC et de la BCE?;Le maintien de la stabilité des prix;nouvelle;;
24;11;1;1.5.2;C;308;Le revenu disponible brut des ménages (RDB) :;Désigne le revenu à la disposition des ménages pour la consommation et l'épargne une fois déduits les prélèvements sociaux et fiscaux;lot 5;;
24;12;1;1.5.2;C;213;Qu'est-ce que le risque de crédit ?;Le risque qu'un emprunteur ne rembourse pas tout ou partie de son crédit aux échéances prévues;lot 6;;
24;13;1;1.8;C;233;Parmi ces services, lequel est un service d'investissement ?;L'exécution d'ordres pour le compte de tiers;lot 8;;
24;14;1;1.8;C;259;Les sociétés de gestion de portefeuille (SGP) ont un niveau de fonds propres :;Règlementé par des dispositions spécifiques définies par le code monétaire et financier et précisées dans le règlement général de l'Autorité des Marchés Financiers et renforcé depuis la Directive AIFM;lot 9;;
24;15;2;2.1;A;354;Quelles sont les obligations générales du prestataire de services d'investissement (PSI) en matière de conformité ?;Etablir des procédures de détection des risques de manquements à leurs obligations professionnelles par ses dirigeants, salariés et par les personnes travaillant pour son compte;lot 4;;
24;16;2;2.1;A;361;Le responsable de la conformité et du contrôle interne (RCCI) est le responsable de la conformité au sein :;Des sociétés de gestion de portefeuille;lot 4;;
24;17;2;2.2;A;382;Dans le cadre de la réglementation européenne des transactions personnelles, quelle contrainte réglementaire s'applique à une personne dite''concernée''?;Informer sans délai son employeur de toute transaction personnelle réalisée;lot 5;;
24;18;2;2.2;A;368;"Dans quel cas le PSI doit-il maintenir des dispositions opérationnelles pour interdire aux ""personnes concernées"" de réaliser des transactions personnelles ?";Incompatibilités avec les obligations professionnelles du PSI;lot 5;;
24;19;2;2.3;A;412;Dans quel cas le client d'un PSI peut-il recourir à la médiation de l'AMF ?;Pour une réclamation portant sur la gestion de portefeuille;lot 7;;
24;20;2;2.3;A;407;Dans quels cas les prestataires de services d'investissement sont-ils tenus d'avoir une procédure de traitement des réclamations ?;Pour les réclamations de tous les clients, quel que soit leur statut;lot 7;;
24;21;3;3;A;2579;Parmi les propositions suivantes relatives aux mesures de gel des avoirs par les courtiers en assurance, laquelle de ces informations est juste ?;Les courtiers d'assurance ne rentrent pas dans le champ d'application des personnes visées par les mesures de gel des avoirs;nouvelle;;
24;22;3;3;A;2590;En cas de mesure de gel des avoirs à l'encontre d'un client, que doit faire un organisme financier en priorité ?;Suspendre toutes les opérations au débit et au crédit du compte du client;nouvelle;;
24;23;3;3;A;532;"La notion de ""blanchiment de capitaux"" recouvre notamment :";La conversion ou le transfert de biens provenant d'une activité criminelle ou d'une participation à une telle activité;nouvelle;;
24;24;4;4;A;565;"Au sein d'une société émettrice, qui peut être considéré comme une personne ""initiée"" au sens de la règlementation applicable aux abus de marché ?";Toute personne disposant dans l'exercice de sa profession ou de ses fonctions d'une information privilégiée, qu'elle soit salariée ou non;lot 4;;
24;25;4;4;A;553;A quel moment le PSI doit-il effectuer une déclaration de transaction suspecte à l´AMF ?;Dès lors qu'il a des raisons manifestes de soupçonner un délit d'initié ou une manipulation de cours;lot 5;;
24;26;5;5.1;A;2690;Le démarchage sans avoir obtenu de carte est puni, pour une personne physique, de :;6 mois d'emprisonnement et 7500 euros d'amende;lot 3;;
24;27;5;5.1;A;640;Sont habilités à pratiquer le démarchage bancaire et financier :;Les établissements bancaires ou financiers limitativement énumérés par la loi;lot 3;;
24;28;5;5.1;A;621;La loi prévoit des exceptions à l'application des règles concernant le démarchage bancaire et financier.;Lorsqu'il s'agit d'un client pour lequel l'opération constitue une opération habituelle;lot 3;;
24;29;5;5.1;A;2621;Le démarchage téléphonique d'un consommateur inscrit sur une liste d'opposition au démarchage téléphonique est :;Interdit sauf lorsqu'il s'agit de sollicitations intervenant dans le cadre de l'exécution d'un contrat en cours et ayant un rapport avec l'objet de ce contrat;lot 3;;
24;30;5;5.2;C;656;L'information pré-contractuelle remise au client non professionnel avant la souscription d'un OPCVM comprend :;Obligatoirement le DICI, sachant que le prospectus peut lui être remis sur simple demande;lot 4;Réponse dépassée;Depuis le 1er janvier 2023, le DICI des OPCVM est remplacé par le DIC PRIIPs pour les investisseurs non professionnels (indicateur de risque SRI de 1 à 7 et 4 scénarios de performance). Les questions sur le DICI restent dans la base : retiens leurs réponses (remise avant souscription, échelle 1 à 7, frais…), qui valent aussi pour le DIC.
24;31;5;5.2;C;2647;Dans le DICI, les performances sont calculées :;Nettes de frais;lot 5;Réponse dépassée;Depuis le 1er janvier 2023, le DICI des OPCVM est remplacé par le DIC PRIIPs pour les investisseurs non professionnels (indicateur de risque SRI de 1 à 7 et 4 scénarios de performance). Les questions sur le DICI restent dans la base : retiens leurs réponses (remise avant souscription, échelle 1 à 7, frais…), qui valent aussi pour le DIC.
24;32;6;6.1.1;A;781;Quelle obligation pèse sur le PSI lors du recueil des informations sur le client ?;Il doit prendre des mesures raisonnables pour s'assurer que les informations recueillies sont fiables;lot 7;;
24;33;6;6.1.1;A;773;La classification des clients au regard de la Directive MIF :;Est obligatoire et communiquée au client;lot 7;;
24;34;6;6.1.1;A;770;Quels critères de taille sont requis pour qualifier une entreprise non financière de contrepartie éligible ?;Total de bilan supérieur ou égal à 20 millions d'euros et CA net supérieur ou égal à 40 millions d'euros;lot 7;;
24;35;6;6.1.1;A;744;Les clients non-professionnels bénéficient :;Du plus haut degré de protection en tant qu'investisseur;lot 8;;
24;36;6;6.1.1;A;722;En matière de catégorisation des clients, les Prestataires de Services d'investissement autre que les sociétés de gestion de portefeuille :;Etablissent et mettent en œuvre des politiques et des procédures appropriées et écrites permettant de classer leurs clients;lot 8;;
24;37;6;6.1.2;C;734;La conservation des données clients en matière de conformité est d'une durée de :;Cinq ans à compter de la fin de la relation d'affaire, pour les clients habituels et occasionnels;lot 2;;
24;38;6;6.1.2;C;827;Les établissements de crédit peuvent diffuser des informations couvertes par le secret professionnel aux agences de notation pour les besoins de la notation des produits financiers.;Vrai;lot 3;;
24;39;6;6.2;A;882;Les conseillers en investissement agissant de manière indépendante :;Doivent disposer d'un éventail diversifié d'instruments financiers;lot 9;;
24;40;6;6.2;A;2704;Le client doit :;Etre informé de tous les droits, commissions et avantages que l'enteprise a reçus en rapport avec le service d'investissement fourni;lot 9;;
24;41;6;6.2;A;898;La société de gestion de portefeuille d'OPCVM doit-elle informer l'investisseur de l'état de l'exécution de son ordre ?;Oui, à sa demande;lot 10;;
24;42;6;6.2;A;1157;Que peut-on dire de la Politique d'exécution d'un PSI autre qu'une SGP ?;Le client doit donner son accord préalable à cette politique d'exécution;lot 10;;
24;43;6;6.2;A;893;La politique de gestion des conflits d'intérêt varie en fonction de :;La nature de l'activité du prestataire de service;lot 10;;
24;44;6;6.3;A;2662;Le PSI fournissant le service de gestion de portefeuille pour le compte de tiers doit communiquer à son client un récapitulatif personnalisé et consolidé de l’ensemble des coûts et charges ayant impacté la performance du portefeuille à une périodicité :;Annuelle;lot 7;;
24;45;6;6.3;A;912;Dans quel cas le PSI qui fournit un service d'exécution ou de réception-transmission d'ordres est exempté de procéder au test de caractère approprié ?;Le service est à l'initiative du client et porte sur des instruments financiers non complexes;lot 7;;
24;46;6;6.3;A;2707;Tout avantage non monétaire mineur :;Est divulgué au client avant la fourniture du service d'investissement concerné;lot 8;;
24;47;6;6.4;A;986;Quelle obligation doit remplir la politique d'exécution des ordres d'un PSI ?;La politique d'exécution des ordres doit être approuvée par le client;lot 6;;
24;48;6;6.4;A;982;Dans le cas où le PSI (Prestataire de Services d'Investissement) confie à des tiers intermédiaires l'exécution des ordres provenant de ses clients, il doit s'assurer :;"Que l'intermédiaire respecte ses règles de meilleure exécution ( ""best execution"" )";lot 6;;
24;49;6;6.4;A;1176;Dans le cadre de services d 'exécution d 'ordres, quelle information, parmi les suivantes, le Prestataire de Services d 'Investissement (PSI) doit-il communiquer à ses clients non professionnels ?;L'importance qu 'il attribue à différents facteurs pour déterminer les lieux d 'exécution lui permettant de remplir son obligation de meilleure exécution;lot 7;;
24;50;6;6.5;C;1004;Dans le cadre de gestion de FIA, la commission de gestion :;Peut comprendre une part variable liée à la surperformance du FIA géré par rapport à l'objectif de gestion;lot 9;;
24;51;6;6.5;C;1135;Dans la gestion d'un FIA, quels frais parmi les suivants, peuvent être des frais de transaction ?;Les frais d'intermédiation pour la réception et transmission d'ordres;lot 10;;
24;52;6;6.6;C;1194;Dans le cadre d 'un compte d 'instruments financiers en usufruit et nue-propriété, la ou les personne(s) qui bénéficie(nt) du paiement du dividende et des rémunérations des instruments financiers qui sont inscrits dans ce compte est (sont) :;L 'usufruitier;lot 9;;
24;53;6;6.7;C;1067;Le secrétariat des commissions de surendettement est assuré par :;La Banque de France;lot 5;;
24;54;6;6.8;C;1075;Les PSI se livrant à des pratiques anti-concurrentielles, comme les ententes sur les prix, encourent :;Des peines d'emprisonnement et des amendes;lot 10;;
24;55;6;6.8;C;1093;Les PSI détenant des instruments financiers appartenant aux clients :;Doivent assurer la séparation de ces instruments par rapport aux leurs au moyen de registres et comptes séparés;lot 10;;
24;56;6;6.9;C;1124;Pour un investisseur, quelle est l'une des conséquences financières de l'effet de levier d'un CFD ?;Accroître les pertes éventuelles;nouvelle;;
24;57;7;7.1;C;1215;Le risque de baisse du prix d'une obligation à taux fixe dépend de :;Une hausse des taux;lot 6;;
24;58;7;7.1;C;1712;Parmi les définitions de risque proposées ci-après, laquelle correspond à la définition du risque de crédit pour un investisseur ?;Le risque de perte résultant de l 'incapacité d 'un débiteur de rembourser sa créance ou de payer les intérêts dans les termes fixés lors de l 'emprunt ou de l 'émission du titre de créance;lot 6;;
24;59;7;7.1;C;1247;Parmi les propositions suivantes, quelle est la seule qui est vraie :;Tous les titres financiers sont des instruments financiers;lot 7;;
24;60;7;7.2;C;1269;Comment se calcule le BNPA ?;Par le rapport du bénéfice net (après impôts) au nombre d'actions;lot 6;;
24;61;7;7.2;C;1700;Pour un instrument financier, qu'est-ce que le PER (Price Earning Ratio) ?;Un indicateur boursier;lot 6;;
24;62;7;7.2;C;1267;A quoi correspond la capitalisation boursière ?;Au nombre d'actions composant le capital multiplié par la valeur boursière;lot 6;;
24;63;7;7.3;C;1383;En France, une OATi designe :;Une Obligation Assimilable du Trésor indexée à l'inflation;lot 2;;
24;64;7;7.3;C;1336;Le prix d'émission au pair d'une obligation est égal à :;100 % de sa valeur nominale;lot 2;;
24;65;7;7.3;C;1360;La prime de remboursement d'une obligation s'obtient :;En faisant la différence entre le prix de remboursement et la valeur nominale;lot 3;;
24;66;7;7.4;C;2581;L'indice Euro Interbank Offered Rate (Euribor) est :;Le taux moyen auquel certaines banques de l'UE peuvent obtenir des fonds sur le marché interbancaire;lot 6;;
24;67;7;7.4;C;2729;La rémunération des titres de créances négociables est :;Libre;lot 7;;
24;68;7;7.5;C;1456;Pourquoi les obligations convertibles correspondent-elles à des titres hybrides ?;Elles peuvent donner accès au capital de la société;lot 3;;
24;69;7;7.6;C;1469;Lequel des produits suivants est un instrument d'épargne réglementé par la loi ?;Livret A;lot 8;;
24;70;7;7.6;C;1510;Les contrats d'assurance vie constitués de fonds en euros :;Garantissent le capital investi;lot 8;;
24;71;7;7.7;C;1512;"Que permettent les contrats de ""futures"" ou contrats à terme ?";D'acheter ou de vendre un actif à un prix fixé pour un règlement/livraison à une date future;lot 6;;
24;72;7;7.8;C;1582;Que signifie l'acronyme OPC ?;Organisme de placement collectif;nouvelle;;
24;73;7;7.8;C;1601;Le prix de rachat d'une part de FCP est :;N'est connu qu'après l'heure ou la date limite de centralisation des ordres;nouvelle;;
24;74;7;7.9;C;1637;Un CIF (Conseiller en Investissement Financier) doit remettre à son client :;Une lettre de mission;lot 8;;
24;75;7;7.9;C;1630;Le non respect des obligations d'information sur les produits de placements relevant des biens divers par des intermédiaires en biens divers est susceptible d'être sanctionné par :;Une peine privative de liberté et d'une amende;lot 8;;
24;76;7;7.10;C;1648;Quel organisme est chargé de la supervision des prestataires de services sur actifs numériques ?;L'AMF;lot 2;Réponse dépassée;"Le statut de PSAN (enregistrement obligatoire, agrément optionnel auprès de l'AMF) est remplacé par MiCA : les prestataires de services sur crypto-actifs (PSCA/CASP) doivent obtenir un agrément, délivré en France par l'AMF, avec passeport européen ; la période transitoire française a pris fin au plus tard le 1er juillet 2026. Réponses de la base : celles du régime PSAN."
24;77;7;7.10;C;2564;Les prestataires de services sur actifs numériques doivent identifier leurs clients préalablement :;à toute transaction occasionnelle;lot 2;;
24;78;8;8.1;C;1727;Pour un OPCVM, qu'est-ce qu'un valorisateur ?;Un spécialiste comptable des OPCVM qui calcule, selon la périodicité prévue, la valeur liquidative des SICAV ou FCP;nouvelle;;
24;79;8;8.2.1;C;907;S'agissant de gestion de portefeuille, laquelle de ces 3 obligations d'information le prestataire doit-il respecter ?;Informer le client lorsque la valeur totale du portefeuille géré a baissé de 10 % depuis la date du dernier envoi de relevé de portefeuille;nouvelle;;
24;80;8;8.2.2;C;1775;Lorsque le risque d'un OPCVM est élevé, l'horizon de placement recommandé pour l'investissement dans cet OPCVM est :;Long (plusieurs années);lot 9;;
24;81;8;8.2.2;C;1763;Dans le cadre de la gestion d'un OPC, la société de gestion doit pouvoir mesurer le niveau de risque général, les risques de chaque position et le niveau des engagements :;A tout moment;lot 9;;
24;82;8;8.4;C;2019;La directive AIFM permet à un gérant de fonds d 'investissement alternatifs (FIA) de commercialiser ses FIA au sein de l 'Espace Economique Européen :;Auprès de tous les investisseurs dans la catégorie des clients professionnels;lot 5;;
24;83;8;8.4;C;1805;Quel impact la directive MIF II a-t-elle, entre autres, sur l'organisation des sociétés de gestion collective ?;L'obligation de vérification des connaissances et compétences des collaborateurs informant ou conseillant les clients sur les produits financiers;lot 6;;
24;84;8;8.5;C;1839;"Un OPCVM dit ""fonds de fonds"" est un OPCVM qui investit :";Directement dans des parts d'OPCVM;lot 1;;
24;85;8;8.5;C;2038;Les montants investis dans des Fonds Commun de Placement dans l 'Innovation (FCPI) sont-ils bloqués pendant plusieurs années ?;Oui en général pour une durée de 7 à 10 ans plus longue que la durée de blocage de 5 ans nécessaire pour bénéficier d 'une réduction d 'impôt;lot 1;;
24;86;8;8.5;C;1987;Quelle caractéristique a, entre autres, un OPC à plusieurs catégories de parts ?;Des valeurs liquidatives différentes suivant les catégories d'investisseurs;lot 1;;
24;87;8;8.6;C;1875;"Le type de fonds qui convient aux clients ayant un profil de risque ""sécurité"" est :";Un fonds monétaire;lot 7;;
24;88;8;8.7;C;2533;"Le ""Greenfin"" est un label :";Créé par la France pour identifier les investissements ISR;lot 10;;
24;89;8;8.7;C;2450;Dans lequel de ces trois piliers du développement durable, la santé peut-elle être classée ?;Social;lot 10;;
24;90;8;8.7;C;1926;Le label GreenFin;A pour objectif de mobiliser une partie de l'épargne au bénéfice de la transition énergétique et écologique;lot 10;;
24;91;8;8.7;C;2610;Les distributeurs de produits ayant des caractéristiques environnementales ou sociales ou ayant le caractère d'investissements durables doivent prévoir une information :;Au niveau de l'entité et au niveau du produit commercialisé;lot 10;;
24;92;8;8.7;C;1924;Certaines grandes entreprises doivent faire une déclaration de performance extra-financière (DPEF), de quoi s'agit-il ?;Il s'agit d'une déclaration qui comprend notamment des informations relatives aux conséquences sur le changement climatique de l'activité de la société, à ses engagements sociétaux en faveur du développement durable ainsi que sur les conditions de travail des salariés et aux actions visant à lutter contre les discriminations et promouvoir les diversités;lot 11;Contexte;"La DPEF a été remplacée par le « rapport de durabilité » de la directive CSRD (ordonnance de décembre 2023, premiers rapports en 2025 pour les plus grandes entreprises ; le paquet Omnibus de 2025 a reporté et réduit le champ). La définition donnée par la base reste valable."
24;93;8;8.7;C;2546;Sont exclus du label Greenfin, les fonds qui investissent dans des entreprises opérant dans le secteur :;Nucléaire et énergies fossiles;lot 11;;
24;94;8;8.7;C;2504;"Quel(s) label(s) permet(tent) d'identifier les fonds ""investissement socialement responsable"" (ISR) ?";Le label investissement socialement responsable (ISR) et le label Greenfin;lot 11;;
24;95;8;8.7;C;1933;Parmi les fonds solidaires, les fonds de partage prévoient :;Qu'au minimum 25% des revenus perçus par les porteurs de parts seront rétrocédés sous forme de dons à des associations;lot 11;;
24;96;8;8.7;C;2503;Les agences de notation extra-financières ont :;Des méthodes différentes d'une agence à une autre;lot 11;;
24;97;8;8.7;C;2611;"Dans le cadre du règlement ""Disclosure"", les intermédiaires financiers :";Doivent être transparents sur la façon dont ils intègrent les risques de durabilité dans leur rémunération et la publier sur leur site internet;lot 11;;
24;98;8;8.7;C;2536;En France, les politiques de RSE (responsabilité sociétale des entreprises) :;Sont encadrées par la Loi relative aux nouvelles régulations économiques de 2001, les Lois Grenelle de 2009-2010 et la Loi Pacte de 2019;lot 11;;
24;99;8;8.7;C;1902;Qu'est-ce que le label GREENFIN ?;Il garantit la qualité verte des fonds d'investissement et s'adresse aux acteurs financiers qui agissent au service du bien commun grâce à des pratiques transparentes et durables;lot 11;;
24;100;8;8.7;C;2502;Les agences de notation extra-financières sont :;Rémunérées par les investisseurs;lot 11;;
24;101;8;8.7;C;2493;Parmi ces préoccupations, laquelle fait partie d'une démarche RSE (Responsabilité sociale des entreprises) ?;L'amélioration des conditions de travail des salariés;lot 11;;
24;102;8;8.7;C;1892;Quelle affirmation est exacte concernant les investissements ISR ?;Peut concerner le domaine immobilier;lot 11;;
24;103;9;9.1;C;2140;Parmi les marchés suivants, lequel est un marché réglementé ?;Les compartiments A, B et C d'Euronext;lot 6;;
24;104;9;9.1;C;2181;Euronext Growth est un marché destiné à accueillir :;Les petites et moyennes entreprises;lot 6;;
24;105;9;9.2;A;2053;Un ordre au marché :;Est prioritaire en termes d'exécution par rapport aux autres types d'ordres;nouvelle;;
24;106;9;9.2;A;2113;"Les ordres ""à cours limité"" peuvent être exécutés :";A la limite du prix ou du meilleur cours;nouvelle;;
24;107;9;9.3;C;2088;Le LEI (Legal Entity Identifier) indiqué par les personnes morales lors de leurs transactions financières est attribué par :;L'INSEE;lot 4;;
24;108;9;9.4;C;2188;Un animateur de marché :;Assure la liquidité d'un titre d'une société cotée;lot 7;;
24;109;9;9.5;C;2160;Pour avoir le droit d'exercer en Europe, une agence de notation doit bénéficier d'une autorisation de:;L'Autorité européenne des marchés financiers (ESMA);lot 2;;
24;110;10;10.1;C;2253;Lorsque des titres financiers sont détenus au nominatif, l'actionnaire est identifié par la société émettrice et peut gérer les titres selon deux modalités. Quelles sont-elles ?;Le nominatif pur et le nominatif administré;lot 9;;
24;111;10;10.1;C;2256;Dans la liste ci-dessous, qui est un des acteurs du post-marché ?;Le dépositaire central;lot 10;;
24;112;10;10.2;C;2719;Les produits dérivés :;Doivent faire l'objet d'une déclaration, qu'ils soient négociés de gré à gré ou sur des plateformes;lot 9;;
24;113;11;11.1;C;2268;Le financement participatif :;Est un moyen de rapprocher un émetteur dont les titres ne sont pas cotés et des investisseurs et est soumis à un cadre règlementaire précis;lot 6;;
24;114;11;11.2;C;2289;L'initiateur d'une offre publique peut-il permettre aux détenteurs de procéder à la cession différée de leurs titres sur option ?;Oui à condition de respecter plusieurs conditions : que l'option puisse être exercée dans un délai raisonnable, qu'elle ait un caractère subsidiaire à l'offre principale et que son exercice soit garanti par l'établissement présentateur de l'offre;lot 3;;
24;115;12;12.1;C;2337;Quel principe doivent respecter les comptes annuels d'une entreprise ?;Le principe de prudence;lot 1;;
24;116;12;12.1;C;2329;Le taux de rentabilité des capitaux propres correspond :;Au résultat net divisé par les capitaux propres;lot 2;;
24;117;12;12.2;C;2340;En cas de franchissement des seuils de 10 ou 20 % du capital ou des droits de vote, quelle obligation s'impose à l'acquéreur de titres ayant franchi l'un de ces seuils ?;Une déclaration de franchissement de seuil doit être adressée à l'AMF au plus tard le quatrième jour de négociation suivant le franchissement du seuil;nouvelle;;
24;118;12;12.3;C;2355;L'Impôt sur le revenu des personnes physiques tient compte :;"De la situation de famille et du nombre de personnes à charge via un système de ""quotient familial""";nouvelle;;
24;119;12;12.3;C;2374;En cas de retrait, la fiscalité des gains générés dans le cadre du PEA :;Diffère selon la durée de détention du PEA;lot 1;;
24;120;12;12.4;C;2387;Concernant le portefeuille titres détenu par une société, vous pouvez affirmer :;Les titres cotés sont évalués à la clôture de chaque exercice;nouvelle;;
25;1;1;1.1;C;29;Que peut faire l'Autorité des Marchés Financiers en cas de pratiques contraires à son règlement général ou aux obligations professionnelles, notamment en cas d'abus de marché :;La Commission des sanctions peut prononcer des sanctions;lot 7;;
25;2;1;1.1;C;6;Quel est le rôle principal du CCSF (Comité consultatif du secteur financier) ?;Proposer des mesures d'amélioration des relations entre les établissements de crédit et leurs clients;lot 8;;
25;3;1;1.2.1;C;281;Dans le cadre du passeport européen un établissement financier peut offrir ses services soit par le libre établissement d'une succursale soit par la libre prestation de services :;L'autorisation ne vaut que pour les services agréés dans le pays d'origine;lot 9;;
25;4;1;1.2.1;C;2666;L'ESMA :;Exerce une surveillance directe sur certaines entités financières spécifiques comme les agences de notation de crédit et les référentiels centraux;lot 9;;
25;5;1;1.2.2;C;68;Quel est l'objectif du Comité de Bâle ?;Le Comité de Bâle a pour objectif de renforcer la solidité du système financier mondial en améliorant l'efficacité du contrôle prudentiel et la coopération entre les régulateurs bancaires;lot 6;;
25;6;1;1.3;C;81;Le conseiller en investissements financiers (CIF) exerce :;Une profession dont le statut est règlementé par le Code Monétaire et Financier (CMF) et le Règlement Général de l'Autorité des Marchés Financiers (RGAMF);lot 6;;
25;7;1;1.3;C;314;Parmi les intermédiaires suivants, lequel doit s 'enregistrer auprès de l 'ORIAS ?;Les agents généraux d 'assurance;lot 6;;
25;8;1;1.3;C;88;Quelle est la condition préalable pour qu'un conseiller en investissements financiers puisse formuler un conseil ?;Faire signer une lettre de mission à son client;lot 7;;
25;9;1;1.5.1;C;315;Le Produit Intérieur Brut (PIB) est un indicateur important de la richesse d 'un pays. Il représente :;Le résultat final de l 'activité de production de biens et services réalisés dans le pays;nouvelle;;
25;10;1;1.5.1;C;170;Comment se définit la croissance économique ?;L'augmentation du Produit Intérieur Brut en termes réels sur une ou plusieurs périodes longues;nouvelle;;
25;11;1;1.5.2;C;290;D'un point de vue systémique, les établissements financiers peuvent être importants pour les économies et les systèmes financiers :;Internationaux, nationaux et locaux;lot 6;;
25;12;1;1.5.2;C;176;Les taux de change :;Reflètent des parités d'une monnaie contre les principales devises mondiales;lot 7;;
25;13;1;1.8;C;258;Quelle autorité de tutelle délivre un agrément à un prestataire de services d'investissement (PSI) dans le cas où son activité principale est la gestion de portefeuille pour compte de tiers ?;L'AMF;lot 9;;
25;14;1;1.8;C;251;Un prestataire de services d'investissement qui n'exerce pas à titre principal l'activité de gestion pour compte de tiers, doit obtenir :;Un agrément de l'ACPR et faire agréer son programme d'activité par l'AMF;lot 10;;
25;15;2;2.1;A;347;Pour une société de gestion, quels sont les deux niveaux des dispositifs de contrôle interne et de conformité?;Le contrôle permanent, intégrant le dispositif de conformité, et le contrôle périodique;lot 5;;
25;16;2;2.1;A;351;Le responsable de la conformité d'un prestataire de services d'investissement est en charge :;Du contrôle de l'efficacité des mesures permettant d'éviter tout manquement aux obligations professionnelles;lot 5;;
25;17;2;2.2;A;386;"Le prestataire de services d'investissement établit et garde opérationnelles des procédures appropriées de contrôle de la circulation et de l'utilisation des informations privilégiées en tenant compte des activités exercées par le groupe auquel il appartient et de l'organisation adoptée au sein de celui-ci. Ces procédures sont dites ""barrières à l'information"" ou :";Muraille de Chine;lot 6;;
25;18;2;2.2;A;2573;Lorsque le conseiller en investissements financiers appartient à un groupe, la politique de gestion des conflits d'intérêts :;Doit prendre en compte les circonstances qui pourraient provoquer un conflit d'intérêts résultant des activités professionnelles des autres membres du groupe;lot 6;;
25;19;2;2.3;A;448;Quels litiges, parmi les suivants, ne sont pas éligibles à la médiation de l'AMF ?;Les litiges relatifs aux crédits bancaires;lot 8;;
25;20;2;2.3;A;445;En cas de litige, un client peut saisir le médiateur de l'AMF en l'absence de réponse de la part du prestataire d'un service financier au bout de :;2 mois;lot 8;;
25;21;3;3;A;472;Parmi les affirmations suivantes, laquelle est vraie ? Le blanchiment des capitaux :;Est un délit;nouvelle;;
25;22;3;3;A;516;Dans le cadre de la loi Sapin 2 relative à la transparence, à la lutte contre la corruption et à la modernisation de la vie économique, en quoi consiste la cartographie des risques ?;A identifier les risques d'exposition de la société à des sollicitations externes aux fins de corruption;nouvelle;;
25;23;3;3;A;523;Parmi les propositions suivantes quelle personne peut être une personne politiquement exposée ?;Un magistrat de la Cour des comptes;nouvelle;;
25;24;4;4;A;390;Le responsable d'une liste d'initiés doit, dès qu'une personne est inscrite dans ladite liste, informer rapidement :;La personne concernée;lot 5;;
25;25;4;4;A;570;L'AMF considère le market timing et le late trading comme des pratiques:;Répréhensibles;lot 6;;
25;26;5;5.1;A;599;En cas de démarchage et dans le cadre d'un service de réception-transmission d'ordres (RTO), le délai de réflexion est de :;48 heures;lot 4;;
25;27;5;5.1;A;597;Dans le cadre d'un démarchage à domicile, les informations concernant les produits ou services peuvent être fournies :;Sur support papier ou sur un autre support durable après accord du client;lot 4;;
25;28;5;5.1;A;701;Lorsque le démarcheur est salarié d'un prestataire de services d'investissement, la durée de validité de sa carte est :;De 3 ans;lot 4;;
25;29;5;5.1;A;608;Peuvent faire l'objet de démarchage :;Les instruments financiers admis aux négociations sur les marchés réglementés ou sur les marchés étrangers reconnus;lot 4;;
25;30;5;5.2;C;1204;Comment est symbolisé le profil de risque et de rendement des FCP et des SICAV ?;Par une échelle allant de 1 à 7, le niveau 1 correspondant aux niveaux de risque et de performance potentielle les plus faibles;lot 5;Réponse dépassée;Depuis le 1er janvier 2023, le DICI des OPCVM est remplacé par le DIC PRIIPs pour les investisseurs non professionnels (indicateur de risque SRI de 1 à 7 et 4 scénarios de performance). Les questions sur le DICI restent dans la base : retiens leurs réponses (remise avant souscription, échelle 1 à 7, frais…), qui valent aussi pour le DIC.
25;31;5;5.2;C;679;Le document d'information clé (DIC) d'un PRIIP (Package Retail and Insurance-based Investment Product) concerne :;Certains contrats d'assurance-vie en unités de compte;lot 6;;
25;32;6;6.1.1;A;754;Le conseiller en investissements financiers (CIF) peut-il interroger son client sur sa situation financière ?;Oui, il doit avoir une vision exacte de cette situation pour catégoriser le client et lui proposer des produits en adéquation avec sa situation;lot 8;;
25;33;6;6.1.1;A;805;Quels sont les critères de catégorisation des clients professionnels ?;Nature ou taille du client;lot 8;;
25;34;6;6.1.1;A;732;Quels critères de taille sont notamment requis pour qualifier une entreprise française de contrepartie éligible ?;Total de bilan supérieur ou égal à 20 millions d'euros et chiffre d'affaires net supérieur ou égal à 40 millions d'euros;lot 8;;
25;35;6;6.1.1;A;784;Les entités remplissant au moins 2 des 3 critères suivants ont la qualité de clients professionnels :;Total du bilan égal ou supérieur à 20 millions d'euros, chiffre d'affaires net ou recettes nettes égaux ou supérieurs à 40 millions d'euros et capitaux propres égaux ou supérieurs à 2 millions d'euros;lot 9;;
25;36;6;6.1.1;A;745;Dans quelle catégorie un organisme de placement collectif (OPC) est-il classé par nature ?;Client professionnel;lot 9;;
25;37;6;6.1.2;C;816;Quelle(s) autorité(s) a(ont) accès aux informations personnelles des clients détenues par des Prestataires de Services d'Investissement assujettis au secret professionnel ?;La Banque de France, l'Autorité des Marchés Financiers, l'Autorité de Contrôle Prudentiel et de Résolution et l'Autorité judiciaire agissant dans le cadre d'une procédure pénale ont accès aux informations personnelles des clients;lot 3;;
25;38;6;6.1.2;C;822;Le responsable du traitement des données personnelles qui constate une violation de celles-ci, doit en informer la CNIL dans les meilleurs délais et au plus tard :;72 heures après en avoir pris connaissance;lot 4;;
25;39;6;6.2;A;909;Lorsqu'un ordre de bourse est exécuté en plusieurs fois dans une même journée, le PSI informe le client non professionnel :;Soit du prix de chaque tranche, soit du prix moyen d'exécution;lot 10;;
25;40;6;6.2;A;1607;Que suppose pour un CIF la notion de conseil indépendant ?;L'obligation de proposer un choix assez vaste d'instruments financiers;lot 10;;
25;41;6;6.2;A;878;Le PSI (Prestataire de Services d'Investissement) doit-il fournir la même description générale de la nature et des risques des instruments financiers qu'il propose ?;Non, à certains clients, selon leur classification;lot 11;;
25;42;6;6.2;A;1031;Lors de la commercialisation d'un produit financier, l'indication des coûts totaux dans la documentation remise aux clients :;Est imposée par la réglementation;lot 11;;
25;43;6;6.2;A;1174;Lorsqu'un Prestataire de Services d'Investissement (PSI) communique des informations concernant le traitement fiscal d'un service ou instrument financier, quelle mention doit-il faire figurer ?;Le traitement fiscal des gains et pertes est attaché à la situation individuelle du client et peut évoluer dans le temps;lot 11;;
25;44;6;6.3;A;2696;Le PSI doit vérifier que :;Les vendeurs jusitifient du niveau de connaissances minimales;lot 8;;
25;45;6;6.3;A;940;Réglementairement, le régime d'exécution simple des ordres, sans test d'appropriation :;Porte uniquement sur des instruments non complexes et uniquement pour les ordres à l'initiative du client;lot 8;;
25;46;6;6.3;A;951;Parmi ces objectifs, lequel répond à l'obligation du PSI d'agir de manière honnête, loyale et professionnelle ?;Servir au mieux les intérêts du client;lot 9;;
25;47;6;6.4;A;994;Quelles sont les conditions de révision de la politique d'exécution des ordres du PSI ?;Il doit revoir annuellement la pertinence de sa politique;lot 7;;
25;48;6;6.4;A;2711;Les procédures du PSI prévoient l'exécution des ordres de ses clients en fonction du moment de leur réception :;En tenant compte uniquement des ordres comparables (notamment eu égard à leur taille, leur type et la nature des instruments financiers sur lesquels ils portent);lot 7;;
25;49;6;6.4;A;959;L'exécution d'un ordre d'un client en dehors d'une plateforme de négociation :;Nécessite le consentement préalable exprès du client, sous forme d'un accord général ou à chaque transaction;lot 8;;
25;50;6;6.5;C;1023;Lorsque le document d'information clé pour l'investisseur mentionne la présence de commissions de surperformance, celles-ci :;Rémunèrent la société de gestion lorsque le fonds a dépassé les objectifs de performance;lot 10;;
25;51;6;6.5;C;1025;Parmi les affirmations suivantes relatives aux droits de garde pouvant être facturés au client dans le cadre d'un investissement en actions cotées en bourse, laquelle est correcte ?;Ces frais correspondent à la conservation des titres et aux opérations administratives effectuées pour le compte du client;lot 11;;
25;52;6;6.6;C;1052;Un mandat sans acceptation du mandataire est-il valable ?;Il n'est jamais valable;lot 10;;
25;53;6;6.7;C;1056;Dans le cas d'insolvabilité du client particulier, le rétablissement personnel est décidé par :;La commission de surendettement;lot 6;;
25;54;6;6.8;C;2632a;Le SGD, Système de Garantie des Dépôts, protège, en règle générale, les dépôts de tous les déposants (personnes physiques ou entreprises) à concurrence de :;100 000 euros;lot 11;;
25;55;6;6.8;C;1070;Le FGDR (Fonds de Garantie des Dépôts et de Résolution) s'applique :;Aux dépôts espèces et aux dépôts titres;lot 11;;
25;56;6;6.9;C;1113;Le démarchage pour des CFD (contracts for difference) est-il autorisé ?;Non, en aucun cas;lot 1;;
25;57;7;7.1;C;1225;Le risque de marché pour un investisseur est le risque de perte résultant :;D'une variation du prix des instruments financiers contraire aux intérêts de l'investisseur;lot 7;;
25;58;7;7.1;C;1235;Les titres de dette à taux fixe :;Présentent un risque de perte en capital;lot 7;;
25;59;7;7.1;C;1256;Quel est le risque principal d'une obligation conservée jusqu'à son échéance ?;Le risque de défaut;lot 8;;
25;60;7;7.2;C;1325;Quelle est la différence majeure entre action et obligation ?;Une action est un titre de capital alors qu'une obligation est un titre de créance;lot 7;;
25;61;7;7.2;C;1270;Comment se calcule le PER (Price Earning Ratio) ?;Il est égal au cours de l'action divisé par son bénéfice net par action (BNPA);lot 7;;
25;62;7;7.2;C;1687;Quelles variations du cours de l'action peut-on anticiper lorsque la valeur fondamentale d'une action est supérieure à sa valeur de marché ?;Une hausse;lot 7;;
25;63;7;7.3;C;1371;D'une manière générale, lorsque les taux d'intérêt baissent, le cours des obligations à taux fixe :;Monte;lot 3;;
25;64;7;7.3;C;1364;Lorsque les taux de référence augmentent, la valeur de marché d'une obligation à taux fixe :;Diminue;lot 3;;
25;65;7;7.3;C;1365;Le rendement actuariel d'une obligation :;Est le taux de rendement réel de l'obligation pour un investisseur qui la conserve jusqu'à son remboursement et qui réinvestit les intérêts au même taux;lot 4;;
25;66;7;7.4;C;1715;Les Titres Négociables à court ou moyen terme sont des instruments financiers :;Avec un risque de crédit et de marché mais qui reste faible car leur durée est courte;lot 7;;
25;67;7;7.4;C;1309;L'Euribor est un taux de référence :;Défini pour toute une série d'échéances monétaires;lot 8;;
25;68;7;7.5;C;1460;Parmi les affirmations suivantes relatives au bon de souscription, laquelle est correcte ?;Il peut être attaché à l'émission d'une action (action à bon de souscription d'action ou ABSA) ou d'une obligation (obligation à bon de souscription d'action ou OBSA) ou être distribué gratuitement;lot 4;;
25;69;7;7.6;C;1487;Le compte d'épargne logement (CEL) a une durée :;Illimitée;lot 9;;
25;70;7;7.6;C;1495;Dans le cadre d'un contrat d'assurance-vie investi dans un support en fonds euros, le fonds en euros est investi sur des placements :;Peu risqués;lot 9;;
25;71;7;7.7;C;1530;Les Contracts For Differences (CFD) sont :;"Des instruments financiers spéculatifs pariant sur des variations à la hausse ou à la baisse d'un ""actif sous-jacent""";lot 7;;
25;72;7;7.8;C;1706;La gestion financière d 'un Organisme de Placement Collectif en Valeurs Mobilières (OPCVM) doit être réalisée par :;Une société de gestion de portefeuille;nouvelle;;
25;73;7;7.8;C;1581;A quelle fréquence doit être publiée la valeur liquidative d'un OPC ?;La fréquence de publication de la valeur liquidative est précisée dans le prospectus mais elle doit avoir lieu au moins deux fois par mois pour les OPC à vocation générale (hors FCPR, FCPI, FIP et FCPE);nouvelle;;
25;74;7;7.9;C;1635;Dans le cadre de l'intermédiation de biens divers, lorsque l'AMF constate que l'opération n'est plus conforme au document d'information, elle peut :;Ordonner que soit mis fin à tout démarchage;lot 9;;
25;75;7;7.9;C;1610;Les intermédiaires en biens divers :;Doivent fournir les informations utiles sur l'opération proposée préalablement à toute communication à caractère promotionnel ou à tout démarchage;lot 9;;
25;76;7;7.10;C;1649;Les crypto-monnaies comme le Bitcoin, l'Ether… :;N'ont pas cours légal en France;lot 3;;
25;77;7;7.10;C;1697;les sociétés proposant des investissements en crypto monnaies doivent-elles être enregistrées auprès de l'AMF ?;OUI;lot 3;Réponse dépassée;"Le statut de PSAN (enregistrement obligatoire, agrément optionnel auprès de l'AMF) est remplacé par MiCA : les prestataires de services sur crypto-actifs (PSCA/CASP) doivent obtenir un agrément, délivré en France par l'AMF, avec passeport européen ; la période transitoire française a pris fin au plus tard le 1er juillet 2026. Réponses de la base : celles du régime PSAN."
25;78;8;8.1;C;1739;"Une société de gestion de portefeuille peut-elle recourir aux services d'un courtier principal ( ""prime broker"" ) pour le compte d'un FIA ?";Oui, les modalités de ce recours sont alors définies dans un contrat écrit qui doit contenir une clause selon laquelle le dépositaire est informé dudit contrat;nouvelle;;
25;79;8;8.2.1;C;1753;Les OPC doivent respecter les règles de répartition des actifs (ratios) :;En permanence;nouvelle;;
25;80;8;8.2.2;C;1966;Dans quel cas un investissement dans un actif est-il considéré comme risqué ?;Un titre dont la volatilité est élevée;lot 10;;
25;81;8;8.2.2;C;1962;Quelle la bonne définition de l'actif sans risque ?;Un titre dont les revenus sont certains et dont l'écart-type ou amplitude des variations = 0;lot 10;;
25;82;8;8.4;C;1797;"Le terme de ""gestion pour compte de tiers"" regroupe:";La gestion individualisée sous mandat;lot 6;;
25;83;8;8.4;C;1798;Quelles obligations ont les gérants de fonds monétaires vis-à-vis de leur Autorité ?;Transmettre l'examen annuel des méthodologies d'évaluation de la qualité de crédit;lot 7;;
25;84;8;8.5;C;1815;Le portefeuille d'un OPCVM :;Doit être investi essentiellement dans des valeurs mobilières et/ou des instruments du marché monétaire;lot 2;;
25;85;8;8.5;C;2036;Parmi les affirmations suivantes laquelle est vraie ?;Investir dans une Société d 'Epargne Forestière peut procurer des avantages fiscaux pour son détenteur mais présente une liquidité réduite car il n 'y a pas d 'obligation de rachat;lot 2;;
25;86;8;8.5;C;2026;Parmi les Organismes de Placement Collectif (OPC) suivants, lesquels sont investis intégralement en titres d 'un autre OPC, appelé OPC maître ?;Les OPC nourriciers;lot 2;;
25;87;8;8.6;C;1873;Qu'est-ce qu'un hedge fund ?;Un fonds spéculatif pratiquant la gestion alternative;lot 8;;
25;88;8;8.7;C;1910;Qu'est-ce qu'un indice boursier éthique ?;Un indice qui prend en compte les considérations environnementales, sociales et sociétales des entreprises;lot 11;;
25;89;8;8.7;C;2520;Selon le label Finansol, combien existe-t-il de types de produits d'épargne solidaire ?;Deux, les produits d'investissement solidaire et les produits de partage;lot 11;;
25;90;8;8.7;C;2486;Une obligation verte vise à financer :;Des projets contribuant à la transition écologique (ex : énergies renouvelables);lot 11;;
25;91;8;8.7;C;2471;Lorsque la notation extra-financière d'une valeur en portefeuille se dégrade;La SGP doit suivre sa politique d'investissement et de désinvestissement (une bonne pratique serait que la politique prévoit les conditions de désinvestissement dans des valeurs dégradées);lot 11;;
25;92;8;8.7;C;2517;Qui attribue le label ISR (Investissement Socialement Responsable) ?;L'organisme de certification sous le contrôle du Ministère de l'Economie et des Finances;lot 12;;
25;93;8;8.7;C;2545;Quel label contribue à atteindre les objectifs climatiques de la France, notamment sur la réduction de gaz à effet de serre ?;Le label Bas-carbone;lot 12;;
25;94;8;8.7;C;2525;Un des principes de la finance durable est :;La possibilité d'investir dans les activités qui favorisent la transition vers une économie sûre, neutre pour le climat, résiliente au changement climatique, plus économe en ressources et circulaire;lot 12;;
25;95;8;8.7;C;2448;La notation déclarative appartient à la famille des notations extra-financières. Elle est :;Effectuée par une agence de notation sans accord de l'entreprise;lot 12;;
25;96;8;8.7;C;2626;Parmi les labels suivants, lequel vient reconnaître les fonds qui s’engagent à mobiliser rapidement des ressources nouvelles pour soutenir les fonds propres et quasi-fonds propres des entreprises françaises, en particulier des PME et des ETI, cotées ou non ?;Label Relance;lot 12;;
25;97;8;8.7;C;2796;Le label GreenFin a été créé par :;Le Ministère de l'Environnement;lot 12;;
25;98;8;8.7;C;2475;De laquelle des trois catégories de critères ESG (Environnementaux, Sociaux et de Gouvernance), les relations avec les sous-traitants relèvent-elles ?;Des critères sociaux;lot 12;;
25;99;8;8.7;C;2470;Quel label vise à distinguer les produits d'épargne solidaire des autres produits d'épargne grand public ?;Label FINANSOL;lot 12;;
25;100;8;8.7;C;2549;L'approche Best effort (meilleur effort) consiste à privilégier :;Les émetteurs démontrant une amélioration ou de bonnes perspectives d'évolution de leurs pratiques et performances ESG dans le temps;lot 12;;
25;101;8;8.7;C;2794;Un label est un signe de qualité :;Qui s'applique aux produits;lot 12;;
25;102;8;8.7;C;1904;"L'indice européen ""low carbon 100 europe"" d'Euronext est un indice composé d'actions des 100 entreprises qui :";Emettent le moins de CO2;lot 12;;
25;103;9;9.1;C;2042;Les internalisateurs systématiques sont des prestataires de services d'investissement qui :;Exécutent les ordres de leurs clients face à leur compte propre;lot 7;;
25;104;9;9.1;C;2180;Le service de règlement différé :;Consiste à proposer à l'investisseur de différer le règlement des titres en fin de mois boursier;lot 7;;
25;105;9;9.2;A;2058;"L'ordre de bourse ""au marché"" :";Consiste à vendre ou à acheter sans limite de prix dans la limite des quantités disponibles;nouvelle;;
25;106;9;9.2;A;2057;"Un ordre ""au marché"" est :";Prioritaire sur tout autre ordre;nouvelle;;
25;107;9;9.3;C;2087;Le LEI (legal entity identifier) est un identifiant unique attribué aux intervenants sur les marchés financiers afin de :;Faciliter la gestion et le contrôle des risques par les autorités publiques;lot 5;;
25;108;9;9.4;C;2139;Lorsqu'ils ne sont pas membres d'Euronext, les intermédiaires financiers qui collectent des ordres auprès de leurs clients :;Transmettent les ordres à un membre négociateur;lot 8;;
25;109;9;9.5;C;2099;Parmi ces acteurs, lequel est un diffuseur de données financières relatives aux titres cotés ?;Euronext;lot 3;;
25;110;10;10.1;C;2258;Le dépositaire d'un Organisme de Placement Collectif (OPC) assure :;Le contrôle de la régularité des décisions de gestion et la conservation des actifs de l 'OPC;lot 10;;
25;111;10;10.1;C;2226;Comment est désignée l'entité en charge de la centralisation des ordres de souscription/rachat d'un OPC dans le prospectus de l'OPC ?;C'est le centralisateur de l'OPC;lot 11;;
25;112;10;10.2;C;2157;à quels instruments financiers le règlement européen EMIR (European market and infrastructure regulation) s'applique-t-il ?;A tous les dérivés de gré à gré;lot 10;;
25;113;11;11.1;C;2276;Sur quel marché peut-on acheter et vendre des titres déjà créés ?;Le marché secondaire;lot 7;;
25;114;11;11.2;C;2288;Dans quel cas le lancement d'une OPA (Offre Publique d'Achat) / OPE (Offre Publique d'Échange) est-il obligatoire ?;En cas de franchissement du seuil de 30 % du capital ou des droits de vote d'une société;lot 4;;
25;115;12;12.1;C;2445;Parmi les Soldes Intermédiaires de Gestion déterminés d 'après le compte de résultat de l 'entreprise, lequel est égal à ce que l 'entreprise a produit moins ce qu 'elle a consommé pour réaliser cette production ?;La Valeur Ajoutée (VA);lot 2;;
25;116;12;12.1;C;2425;Parmi les informations suivantes, lesquelles figurent dans un bilan ?;Les dettes d'exploitations;lot 3;;
25;117;12;12.2;C;2348;Les entreprises cotées sur le marché réglementé doivent publier leur rapport financier semestriel au plus tard :;Dans les trois mois qui suivent la clôture du premier semestre;lot 1;;
25;118;12;12.3;C;2373;Depuis le 1er janvier 2018, les dividendes perçus sur un compte-titre ordinaire :;Sont soumis au prélèvement forfaitaire unique, sauf demande de dispense;lot 1;;
25;119;12;12.3;C;2441;Lorsqu 'un investisseur détient un Plan d 'Epargne en Actions (PEA), les plus-values réalisées :;Sont imposables selon le régime des plus-values mobilières si l 'on clôture le PEA avant 5 ans;lot 2;;
25;120;12;12.4;C;2394;Les plus-values réalisées par une société anonyme sur une cession de parts d'OPCVM sont:;Soumises au taux normal de l'impôt sur les sociétés;lot 1;;
26;1;1;1.1;C;5;Dans quel document sont définies les missions de l'AMF;Le code monétaire et financier;lot 8;;
26;2;1;1.1;C;4;L'Autorité de Contrôle Prudentiel et de résolution a un pouvoir de sanction :;Uniquement à l'égard des établissements qui tombent sous son contrôle;lot 9;;
26;3;1;1.2.1;C;49;Quels sont les états concernés par l'Union Bancaire ?;"Les États de la zone euro et les États de l'UE ayant établi une ""coopération rapprochée""";lot 10;;
26;4;1;1.2.1;C;36;Un établissement de crédit français désirant exercer librement sa prestation de service d'investissements dans l'Union européenne doit obtenir :;Un passeport européen auprès de l'ACPR;lot 10;;
26;5;1;1.2.2;C;76;Qu'est-ce que l'Organisation Internationale des Commissions de Valeurs (OICV ou IOSCO - International Organization of Securities Commissions) ?;"L'OICV est une organisation qui élabore et met en œuvre des normes ( ""standards"" ) en matière de réglementation et de surveillance pour la grande majorité des marchés de valeurs mobilières dans le monde";lot 7;;
26;6;1;1.3;C;292;Un Conseiller en investissements financiers peut-il faire du conseil portant sur la réalisation d'opérations sur biens divers ?;Oui, un CIF peut , entre autres, faire du conseil portant sur la réalisation d'opérations sur biens divers;lot 7;;
26;7;1;1.3;C;79;Que prévoit MiFiD 2 concernant la fourniture de services d'investissement par des entreprises de pays tiers ?;Un cadre juridique harmonisé;lot 7;;
26;8;1;1.3;C;124;Pour exercer leur activité, les sociétés de gestion de portefeuille pour compte de tiers doivent obtenir l'agrément :;De l'AMF uniquement;lot 8;;
26;9;1;1.5.1;C;173;L'inflation est une situation de hausse généralisée et durable des prix des biens et des services. Cette situation correspond à :;Une baisse du pouvoir d'achat de la monnaie;nouvelle;;
26;10;1;1.5.1;C;317;Quelle est la caractéristique commune des prêts accordés par les banques centrales aux banques commerciales dans le cadre de leur politique monétaire ?;Ce sont tous des prêts adossés à une prise de garantie en actifs financiers;nouvelle;;
26;11;1;1.5.2;C;227;Qu'est-ce que le MSCI Emerging Markets ?;"Un indice ""Marchés émergents"" basé sur les actions dans 26 pays émergents";lot 7;Contexte;Le nombre de pays de l'indice MSCI Emerging Markets évolue (24 aujourd'hui). Retenir : indice actions des pays émergents.
26;12;1;1.5.2;C;191;Parmi les importants fournisseurs de données boursières au monde, il y a :;MSCI;lot 8;;
26;13;1;1.8;C;242;Quelle déclaration concernant des Systèmes Multilatéraux de Négociation (SMNs) est correcte ?;SMNs organisent des transactions pour les titres qu'ils ont eux-mêmes admis à la négociation et aussi pour les titres admis sur des marchés réglementés;lot 10;;
26;14;1;1.8;C;248;Quels PSI doivent obtenir l'agrément de l'AMF pour exercer leur activité ?;Les sociétés de gestion de portefeuille pour compte de tiers;lot 11;;
26;15;2;2.1;A;453;Parmi les règles de bonne conduite imposées par la directive MIF aux prestataires de services d'investissement figure l'obligation :;De délivrer des informations correctes, claires et non trompeuses aux clients;lot 6;;
26;16;2;2.1;A;339;Dans une société de gestion la fonction de conformité est confiée à :;Un responsable de la conformité et du contrôle interne (RCCI);lot 6;;
26;17;2;2.2;A;365;Parmi les 3 propositions, laquelle est une transaction personnelle au sens de l'AMF?;Une transaction effectuée par une personne concernée pour son propre compte portant sur un OPC dont il est le gérant financier;lot 7;;
26;18;2;2.2;A;385;"La notion de ""barrières à l'information"" est relative :";Désigne un ensemble de procédures dont l'objet est de prévenir la circulation indue d'informations privilégiées;lot 7;;
26;19;2;2.3;A;408;Les prestataires de services d'investissement (PSI) sont-ils soumis à des obligations réglementaires concernant le traitement des réclamations des clients ?;Il est obligatoire pour les prestataires de services d'investissement (PSI) de mettre en place une procédure de traitement des réclamations des clients;lot 9;;
26;20;2;2.3;A;438;Quelle sont les obligations des PSI en matière de suivi des réclamations ?;Les PSI doivent identifier les dysfonctionnements et mettre en place les actions correctives;lot 9;;
26;21;3;3;A;2553;L'un des principaux objectifs des mesures de gel des avoirs vis-à-vis des personnes incriminées consiste à geler :;L'ensemble de leurs ressources économiques;nouvelle;;
26;22;3;3;A;490;L'échange automatique d'informations (EAI) est une norme de l'OCDE visant pour les Etats signataires :;Un échange systématique d'informations relatives aux comptes financiers ouverts dans ces Etats;nouvelle;;
26;23;3;3;A;473;Quelle est la mission principale de TRACFIN?;Lutter contre les circuits financiers clandestins, le blanchiment de capitaux et le financement du terrorisme;nouvelle;;
26;24;4;4;A;575;Les abus de marché peuvent être :;Des manipulations de marché et des opérations d'initié;lot 6;;
26;25;4;4;A;564;Lorsqu'il y a soupçon d'abus de marché, une déclaration doit être effectuée;Obligatoirement et sans retard;lot 7;;
26;26;5;5.1;A;713;Lorsque qu 'un producteur d 'instruments financiers définit le marché cible vers lequel les produits financiers doivent être orientés, il définit également :;Un Marché cible négatif identifiant les clients vers lesquels il ne faut pas proposer ces produits;lot 5;;
26;27;5;5.1;A;620;Le mandat délivré dans le cadre d'un démarchage bancaire et financier :;Mentionne la nature des produits et services qui en sont l'objet ainsi que les conditions dans lesquelles l'activité de démarchage peut être exercée;lot 5;;
26;28;5;5.1;A;668;Laquelle des situations suivantes est-elle du démarchage bancaire et financier ?;Contacter des personnes, sans sollicitation préalable, par tout moyen pour leur proposer une opération financière;lot 5;;
26;29;5;5.1;A;709;Parmi les actions suivantes, laquelle constitue un acte de démarchage ?;Le fait de se rendre au domicile d'un particulier à sa demande en vue de conclure un accord de gestion sous mandat;lot 5;;
26;30;5;5.2;C;643;Qu'est-ce que le DICI - document d'information clé pour l'investisseur ?;Un document pré-contractuel qui doit être remis à l'investisseur préalablement à sa souscription;lot 6;Réponse dépassée;Depuis le 1er janvier 2023, le DICI des OPCVM est remplacé par le DIC PRIIPs pour les investisseurs non professionnels (indicateur de risque SRI de 1 à 7 et 4 scénarios de performance). Les questions sur le DICI restent dans la base : retiens leurs réponses (remise avant souscription, échelle 1 à 7, frais…), qui valent aussi pour le DIC.
26;31;5;5.2;C;698;Quels sont les produits concernés par le DICI (Document d'Information Clé pour l'Investisseur) ?;Le DICI est obligatoire pour tous les fonds d'investissement commercialisés en Union européenne;lot 7;Réponse dépassée;Depuis le 1er janvier 2023, le DICI des OPCVM est remplacé par le DIC PRIIPs pour les investisseurs non professionnels (indicateur de risque SRI de 1 à 7 et 4 scénarios de performance). Les questions sur le DICI restent dans la base : retiens leurs réponses (remise avant souscription, échelle 1 à 7, frais…), qui valent aussi pour le DIC.
26;32;6;6.1.1;A;1166;Un Prestataire de Services d 'Investissement (PSI) a une obligation de classification de ses clients par catégorie. Dans ce cadre, un client qui appartient à la catégorie des clients professionnels est un client :;Qui possède l'expérience, les connaissances et la compétence nécessaires pour prendre ses propres décisions d'investissement et évaluer correctement les risques encourus;lot 9;;
26;33;6;6.1.1;A;809;Lorsque la vérification de l'identité ne peut avoir lieu en présence de la personne physique en cause, que doit faire, notamment l'entreprise d'investissement ?;Obtenir, par exemple, une pièce justificative supplémentaire permettant de confirmer l'identité de la personne et plus généralement renforcer les diligences mises en œuvre;lot 9;;
26;34;6;6.1.1;A;1167;Un Prestataire de Services d 'Investissement a une obligation de classification de ses clients par catégorie. Dans ce cadre, parmi les clients d 'un Prestataire de Services d 'Investissement suivants, lesquels ont la qualité de client professionnel par nature :;Les sociétés de gestion de portefeuille;lot 9;;
26;35;6;6.1.1;A;949;Que doit faire le PSI lorsque le client lui communique des informations sur ses propres connaissances et expériences dans le cadre du test d'adéquation ?;Ne pas se fier indûment à l'auto-évaluation réalisée par le client;lot 10;;
26;36;6;6.1.1;A;771;Les PSI (Prestataires de Services d'Investissement) doivent classer leurs clients en trois catégories : les clients non professionnels, les clients professionnels et les contreparties éligibles. Un client peut demander à :;Changer de catégorie;lot 10;;
26;37;6;6.1.2;C;839;Les prestataires de services d'investissement (PSI) autres que les sociétés de gestion de portefeuille :;Ont une obligation d'enregistrement des conversations téléphoniques ou des communications électroniques relatives aux transactions conclues ou destinées à donner lieu à des transactions conclues même si elles n'ont pas donné lieu à la conclusion de telles transactions;lot 4;;
26;38;6;6.1.2;C;826;La durée de conservation minimale des données relatives à une opération sur instruments financiers est de :;5 ans après la fin de l'opération;lot 5;;
26;39;6;6.2;A;1172;Lorsqu'un Prestataire de Services d'Investissement communique auprès d 'un client sur les performances passées d'un instrument financier ou d 'un service d 'investissement, cette information :;Doit inclure au moins 5 exercices, et plus si la durée de placement recommandée est supérieure à 5 ans;lot 11;;
26;40;6;6.2;A;857;L'information à caractère promotionnel concernant les performances passées d'un produit proposé depuis plus de 5 ans :;Doit porter sur 5 ans, ou une période plus longue définie par le PSI;lot 11;;
26;41;6;6.2;A;896;Le porteur de parts ou actionnaire d'un OPCVM doit-il être informé lorsqu'une rémunération, une commission ou un avantage non monétaire est versé par un tiers à une société de gestion de portefeuille en liaison avec la gestion d'un OPCVM ?;Oui, il doit être informé de son existence, sa nature et de son montant;lot 12;;
26;42;6;6.2;A;1148;L'information à caractère promotionnel produite par un PSI sur ses produits financiers:;Peut inclure des comparaisons avec d'autres instruments financiers;lot 12;;
26;43;6;6.2;A;2571;En matière de gestion des conflits d'intérêts, un conseiller en investissements financiers établit une politique :;qui doit demeurer opérationnelle et appropriée au regard de sa taille et de son organisation;lot 12;;
26;44;6;6.3;A;922;Dans le cadre de la relation client, le test d'adéquation s'applique :;A la gestion de portefeuille et au conseil en investissement;lot 9;;
26;45;6;6.3;A;1142;Pour agir au mieux des intérêts du client, le Conseiller en Investissement Financier (CIF) doit indiquer dans une lettre de mission la nature et les modalités de la prestation comprenant :;La prise de connaissance par le client du document d'entrée en relation présentant le Conseiller, la nature et les modalités de la prestation, les modalités de rémunération;lot 9;;
26;46;6;6.3;A;2658;Le PSI doit indiquer au client si le conseil en investissement est fourni de manière indépendante :;Avant la fourniture du service;lot 10;;
26;47;6;6.4;A;960;La politique d'exécution d'un PSI inclut, entre autres :;La détermination des lieux d'exécution;lot 8;;
26;48;6;6.4;A;988;Lorsque les prestataires de services d'investissement autres que les sociétés de gestion de portefeuille exécutent des ordres pour le compte de clients non professionnels, sur quelle base le meilleur résultat possible est-il déterminé ?;Sur la base du coût total;lot 8;;
26;49;6;6.4;A;1155;En matière de lieux d'exécution des ordres, quelle information le PSI fournit-il à ses clients non professionnels ?;La liste des lieux d'exécution auxquels il fait le plus confiance pour honorer ses obligations;lot 9;;
26;50;6;6.5;C;1191;En principe et sauf convention contraire, lorsqu 'un client transmet pour exécution un ordre à un Prestataire de Services d'Investissement (PSI), il peut l 'annuler :;A la condition qu 'il ne soit pas encore exécuté;lot 11;;
26;51;6;6.5;C;1193;Les frais qu 'un investisseur doit payer dans le cadre d 'une transaction financière sur les marchés financiers :;Sont libres et dépendent de l 'intermédiaire qui exécute l 'ordre pour le compte du client;lot 12;;
26;52;6;6.6;C;1053;Le compte-titres :;Peut être détenu en nue-propriété ou en usufruit;lot 11;;
26;53;6;6.7;C;2717;Le droit à l'ouverture d'un compte de dépôt concerne :;Les personnes physiques et les personnes morales;lot 7;;
26;54;6;6.8;C;1091;En France, quel organisme est en charge de constater les infractions par rapport au droit de la consommation tous produits et services confondus ?;La Direction générale de la concurrence, de la consommation et de la répression des fraudes (DGCCRF);lot 12;;
26;55;6;6.8;C;1078;Quelles procédures, parmi les suivantes, les PSI doivent-ils mettre en place en vue de sauvegarder les droits de leurs clients sur les instruments financiers leur appartenant ?;Des protections contre les risques opérationnels de perte et de fraude;lot 12;;
26;56;6;6.9;C;1109;La vente d'options binaires à des investisseurs non professionnels est-elle possible en France ?;Non, ce n'est plus possible;lot 2;;
26;57;7;7.1;C;1251;Quand parle t-on du risque d'effet de levier ?;Quand l'exposition au marché ou à un instrument est supérieure au capital investi;lot 8;;
26;58;7;7.1;C;1234;Les parts ou actions d'Organismes de Placement Collectif (OPC) sont :;Des titres financiers;lot 8;;
26;59;7;7.1;C;2568;A quoi correspond le «risque en matière de durabilité» ?;Le risque qu'un évènement ou une situation dans le domaine environnemental, social ou de gouvernance ait une incidence négative importante sur la valeur de l’investissement;lot 9;;
26;60;7;7.2;C;1701;Qu'appelle-t-on un dividende ?;La partie du bénéfice reversé aux actionnaires par une société;lot 8;;
26;61;7;7.2;C;1317;Pour estimer la valeur d'une action cotée, quel critère ne devrait-on pas appliquer ?;Le nombre de salariés de l'entreprise;lot 8;;
26;62;7;7.2;C;1319;Qu'est-ce qu'une action ?;Un titre représentatif d'une partie du capital social de l'entreprise émettrice;lot 8;;
26;63;7;7.3;C;1386;Lorsque le droit de propriété d'une obligation est démembré, à qui appartient le droit de vote dans les assemblées générales d'obligataires d'une société anonyme?;En principe au nu-propriétaire;lot 4;;
26;64;7;7.3;C;1392;"Sur le marché obligataire, que signifie le sigle ""OAT"" :";Obligation Assimilable du Trésor;lot 4;;
26;65;7;7.3;C;1385;Les obligations à coupon zéro donnent-elles lieu au versement d'intérêts au bénéfice de leur propriétaire ?;Oui, les intérêts sont versés en totalité à l'échéance de l'emprunt après avoir été capitalisés sur toute la période;lot 5;;
26;66;7;7.4;C;1690;Quel est le montant nominal minimum d'un titre de créance négociable ?;150 000 €;lot 8;;
26;67;7;7.4;C;2728;Les titres de créances négociables sont :;Des titres financiers;lot 9;;
26;68;7;7.5;C;1445;Une obligation convertible est un titre hybride qui permet au porteur :;De convertir le titre en actions;lot 5;;
26;69;7;7.6;C;1486;Quelle est la durée minimale de blocage des sommes déposées sur un compte à terme ?;Un mois;lot 10;;
26;70;7;7.6;C;1506;La rémunération par un établissement de crédit d'un compte à terme est :;Libre;lot 10;;
26;71;7;7.7;C;1716;"Un ""swap"" est un contrat entre deux contreparties :";Qui s 'engagent à s 'échanger des flux financiers ou des instruments financiers selon un échéancier fixé à l 'avance;lot 8;;
26;72;7;7.8;C;1567;La valeur liquidative d'un Organisme de Placement Collectif en Valeurs Mobilières (OPCVM);Doit être communiquée à toute personne qui en fait la demande;nouvelle;;
26;73;7;7.8;C;1541;Le prix de souscription d'un OPC (Organisme de Placement Collectif) est :;Egale à la valeur liquidative plus, le cas échéant, les droits d'entrée;nouvelle;;
26;74;7;7.9;C;1621;En matière d'intermédiation en biens divers, auprès de quelle autorité doit être déposé le document destiné à donner toute information utile au public sur l'opération proposée, sur la personne qui en a pris l'initiative et sur le gestionnaire ?;L'AMF;lot 10;;
26;75;7;7.9;C;1617;En matière de biens divers, auprès de quelle autorité sont déposés les projets de documents d'information ?;L'AMF;lot 10;;
26;76;7;7.10;C;2625;Que doit vérifier l’AMF avant d’enregistrer en France un prestataire de services sur actifs numériques quant à ses activités de conservation d’actifs pour le compte de tiers, ou ses services d'achats ou de ventes d'actifs numériques en monnaie ayant cours légal ?;Vérifier qu’il est en mesure de se conformer à ses obligations en matière de lutte contre le blanchiment des capitaux et le financement du terrorisme, et en matière de gel des avoirs;lot 4;;
26;77;7;7.10;C;1645;Qu'est-ce que les crypto-actifs ?;Il s'agit d'actifs virtuels stockés sur un support électronique permettant à une communauté d'utilisateurs les acceptant en paiement de réaliser des transactions sans avoir à recourir à la monnaie légale;lot 4;;
26;78;8;8.1;C;1733;Pour exercer ses activités, une société de gestion doit :;Obtenir préalablement un agrément de l'Autorité des Marchés Financiers;lot 1;;
26;79;8;8.2.1;C;1961;Les souscriptions et les rachats de parts d'OPC :;Peuvent avoir lieu à tout moment sauf cas spécifiques;nouvelle;;
26;80;8;8.2.2;C;1769;La performance annuelle d'un OPCVM de capitalisation est :;La variation de sa valeur liquidative sur une année exprimée en pourcentage de la valeur liquidative de départ;lot 11;;
26;81;8;8.2.2;C;1764;Quel règlement encadre l'activité d'administration d'indices de référence ?;"Le règlement européen 2016/1011, dit ""Benchmark""";lot 11;;
26;82;8;8.4;C;1781;Quelle règle s'applique en matière de direction effective d'une société de gestion ?;Est dirigée par deux personnes au moins possédant l'honorabilité nécessaire ainsi que l'expérience adéquate;lot 7;;
26;83;8;8.4;C;1787;La directive AIFM (2011/61/UE) vise à encadrer :;Les Fonds d'Investissement alternatifs (FIA);lot 8;;
26;84;8;8.5;C;1982;Les fonds communs de placement à risque (FCPR) sont :;Ouverts à tous les investisseurs;lot 3;;
26;85;8;8.5;C;2740;Un OPCVM maître satisfait à la condition suivante :;Il compte au moins un OPCVM nourricier parmi ses porteurs de parts ou actionnaires;lot 3;;
26;86;8;8.5;C;1833;Parmi les FIA (Fonds d'Investissement Alternatifs) suivants, lequel doit être agréé par l'AMF ?;Les fonds professionnels à vocation générale;lot 3;;
26;87;8;8.6;C;1989;Comment se définit la gestion diversifiée ?;C'est un mix entre actions, obligations et autres produits financiers;lot 9;;
26;88;8;8.7;C;2492;En matière de RSE (Responsabilité sociale des entreprises), la prise en considération d'enjeux sociaux et environnementaux :;Doit être intégrée dans l'objet social des entreprises, suite aux impacts de la loi PACTE sur le code civil;lot 12;;
26;89;8;8.7;C;2585;Dans le cadre du règlement Disclosure (Sustainable Finance Disclosure Régulation, SFDR - Règlement UE 2019/2088) les acteurs de marché doivent publier des informations :;Sur leur processus de sélection des produits en tenant compte du risque en matière de durabilité;lot 12;;
26;90;8;8.7;C;2508;Quel outil est fréquemment utilisé pour mesurer les émissions de gaz à effet de serre d'un portefeuille d'investissement ?;L'empreinte carbone du portefeuille;lot 12;;
26;91;8;8.7;C;2584;Le règlement Disclosure (Sustainable Finance Disclosure Régulation, SFDR - Règlement UE 2019/2088) oblige les acteurs des marchés financiers et conseillers financiers à intégrer dans les informations précontractuelles :;La manière dont les risques en matière de durabilité sont intégrés dans leurs décisions d'investissement;lot 12;;
26;92;8;8.7;C;2509;Par qui le label ISR est-il délivré ?;Les organismes accrédités par le COFRAC;lot 13;;
26;93;8;8.7;C;2530;Les investissements ISR (investissements socialement responsables) :;Sont une forme d'investissement durable;lot 13;;
26;94;8;8.7;C;2582;Le règlement Disclosure (Sustainable Finance Disclosure Régulation, SFDR - Règlement UE 2019/2088) concerne :;La publication d'informations en matière de durabilité dans le secteur des services financiers;lot 13;;
26;95;8;8.7;C;2474;Dans laquelle des trois catégories de critères ESG (Environnementaux, Sociaux et de Gouvernance), la lutte contre la corruption figure-t-elle ?;Dans les critères de gouvernance;lot 13;;
26;96;8;8.7;C;1898;Parmi les principales stratégies d'investissement socialement responsables, on retrouve :;"L'approche ""Best in class""";lot 13;;
26;97;8;8.7;C;2012;Le label finansol permet de diriger l'épargne vers :;Les projets solidaires notamment liés à l'accès à l'emploi et au logement;lot 13;;
26;98;8;8.7;C;2540;"En terme de finance verte, que recouvre la notion de ""taxonomie"" ?";"La ""taxonomie"" a pour but d'établir une liste d'activités considérées comme économiquement durables servant de référentiel pour la création de standards européens verts dans la définition des produits financiers.";lot 13;;
26;99;8;8.7;C;2521;Dans le cadre de la notation extra-financière, quels critères peuvent être retenus ?;La contribution à l'amélioration de la santé publique;lot 13;;
26;100;8;8.7;C;2468;Qu'est-ce qui caractérise la stratégie best in class et la stratégie d'exclusion ?;L'une ou l'autre des deux stratégies est un moyen d'appréhender les critères ESG, mais il en existe d'autres;lot 13;;
26;101;8;8.7;C;2583;Le règlement Disclosure (Sustainable Finance Disclosure Régulation, SFDR - Règlement UE 2019/2088) prévoit de :;Créer pour les acteurs de marché de nouvelles obligations de transparence en matière de durabilité;lot 13;;
26;102;8;8.7;C;2488;Quel est l'élément distinctif des obligations vertes par rapport aux obligations classiques ?;La fourniture par l'émetteur d'un reporting détaillé sur les investissements contribuant à la transition écologique;lot 13;;
26;103;9;9.1;C;2159;"Le ""Système Organisé de Négociation"" ou""OTF""(""organised trading facility"") :";Est réservé à la négociation des obligations, des produits financiers structurés, des quotas d'émission ou des instruments dérivés;lot 8;;
26;104;9;9.1;C;2039;Que permet le SRD aux investisseurs ?;De négocier à terme des instruments financiers;lot 8;;
26;105;9;9.2;A;2065;Les règles de priorité d'exécution des ordres en attente sur le carnet d'ordres électronique Euronext sont :;Par limite de prix d'abord, puis par ordre chronologique;lot 1;;
26;106;9;9.2;A;2070;Quelle est la caractéristique des ordres à seuil de déclenchement ?;Un ordre de vente à seuil de déclenchement fixe un cours auquel et éventuellement au-dessous duquel l'ordre devra être exécuté;lot 1;;
26;107;9;9.3;C;2049;L'obligation de publication de prix s'applique :;Aux internalisateurs systématiques qui effectuent des transactions ne dépassant pas la taille standard de marché;lot 6;;
26;108;9;9.4;C;2194;Que peut-on dire sur le développement de la liquidité des marchés ?;Il existe des contrats d'animation de marché;lot 9;;
26;109;9;9.5;C;2190;Les agences de notation :;Délivrent des notes à court et long terme sur la capacité des emprunteurs à rembourser leur dette;lot 4;;
26;110;10;10.1;C;2221;Les activités de tenue de compte-conservation d'instruments financiers :;Peuvent être exercées par les établissements de crédit établis en France;lot 11;;
26;111;10;10.1;C;2241;Parmi les fonctions suivantes, laquelle est assurée par le dépositaire central ?;L'enregistrement, sur les comptes de ses adhérents, des titres en circulation émis par les émetteurs et les opérations sur ces titres;lot 12;;
26;112;10;10.2;C;2248;Quelles sont les principales caractéristiques du système de règlement-livraison dans le cadre d'Euronext ?;Le règlement et la livraison obéissent à deux principes : la livraison contre paiement et des délais standard de dénouement;lot 11;;
26;113;11;11.1;C;2761;Le seuil de déclenchement de l'obligation d'établir un prospectus d'offre au public est fixé à :;8 millions d'euros;lot 8;Réponse dépassée;Seuil français de dispense de prospectus pour une offre au public : 8 M€ dans la base. Le Listing Act européen l'a porté à 12 M€ sur 12 mois à partir de mars 2026. Si la question tombe avec ces choix, la base attend 8 M€.
26;114;11;11.2;C;2281;Une augmentation de capital doit :;Etre approuvée par une assemblée générale extraordinaire;lot 5;;
26;115;12;12.1;C;2421;Que mesure la capacité d'autofinancement ?;La capacité d'autofinancement mesure l'ensemble des ressources internes sécrétées par l'entreprise;lot 3;;
26;116;12;12.1;C;2306;Dans le compte de résultat, lequel parmi les éléments suivants fait partie des produits :;Le chiffre d'affaires;lot 4;;
26;117;12;12.2;C;2620;Une société qui dépose un document d'enregistrement universel peut actualiser les informations qu'il contient :;A tout moment;lot 2;;
26;118;12;12.3;C;2376;Quel est le nombre de parts à prendre en compte pour le calcul du quotient familial d'un couple marié ayant 3 enfants mineurs à charge ?;4 parts;lot 2;;
26;119;12;12.3;C;2359;Dans le cadre de l'assurance-vie, les produits des contrats, pour les primes versées à compter du 27 septembre 2017, lorsque la durée de vie du contrat est de 5 ans :;Sont soumises à un PFU de 12,8 % ou sur option globale au barème de l'IR;lot 3;;
26;120;12;12.4;C;2378;Pour une entreprise soumise à l'Impôt sur les sociétés (IS), comment sont imposées les plus values sur OPC ?;Au taux de l'IS;lot 2;;
27;1;1;1.1;C;2;Quelle est l'autorité en charge d'agréer les sociétés de gestion de portefeuille ?;L'Autorité des Marchés Financiers (AMF);lot 9;;
27;2;1;1.1;C;311;Quel est le comité en charge d 'étudier les questions liées aux relations entre les établissements financiers et leurs clientèles et de préconiser des mesures appropriées ?;Le Comité Consultatif du Secteur Financier (CCSF);lot 10;;
27;3;1;1.2.1;C;287;"Dans le cadre du MSU (Mécanisme de Surveillance Unique), qui décide qu'un établissement bancaire est ""significatif"" ?";La BCE (Banque Centrale Européenne);lot 11;;
27;4;1;1.2.1;C;58;Comment fonctionne le Système Européen de Surveillance Financière (SESF) ?;Ce dispositif est organisé en réseau autour des trois Autorités Européennes de Surveillance (AES), des autorités nationales de surveillance et du Conseil Européen du Risque Systémique (CERS);lot 11;;
27;5;1;1.2.2;C;322;La directive dite CRD (Capital Requirement Directive) fixe les règles à suivre par les établissements de crédit en termes de niveau de fonds propres nécessaires. Cette directive transcrit en droit européen les recommandations issues d 'un accord international atteint sous l 'égide :;Du comité de Bâle au sein de la Banque des Règlements Internationaux;lot 8;;
27;6;1;1.3;C;92;Avant de formuler un conseil, le CIF (Conseiller en Investissements Financiers) et son client doivent signer une lettre de mission qui précise :;Les modalités de rémunération du CIF;lot 8;;
27;7;1;1.3;C;108;Quelle est l'activité principale des CIF (Conseillers en Investissements Financiers) ?;Conseiller leurs clients sur la réalisation d'investissements financiers et d'opérations en biens divers;lot 8;;
27;8;1;1.3;C;2632b;Le CIF peut :;Adhérer à une seule association professionnelle agréée par l'AMF;lot 9;;
27;9;1;1.5.1;C;411;Quelle mission relève de la compétence de l'Eurosystème ?;Maintenir la stabilité des prix dans la zone euro;nouvelle;;
27;10;1;1.5.1;C;134;L'objectif principal de la BCE consiste à :;Maintenir la stabilité des prix dans la zone euro;nouvelle;;
27;11;1;1.5.2;C;181;Le risque de liquidité :;Est lié au risque de ne pouvoir vendre son titre financier ou de ne pouvoir le vendre qu'avec l'enregistrement d'une forte décote;lot 8;;
27;12;1;1.5.2;C;190;La balance des paiements :;Est un document de comptabilité nationale harmonisé OCDE;lot 9;;
27;13;1;1.8;C;275;Que doit présenter, entres autres exigences, une société de gestion de portefeuille pour obtenir l'agrément de l'Autorité des Marchés Financiers ?;Un programme d'activité pour chacun des services qu'elle entend exercer;lot 11;;
27;14;1;1.8;C;262;Parmi ces activités, laquelle est un service d'investissement ?;La négociation pour compte propre;lot 12;;
27;15;2;2.1;A;329;En matière de règles de bonne conduite, le règlement général de l'AMF précise que les prestataires de services d'investissement doivent :;Préserver l'intégrité du marché et les intérêts de leurs clients;lot 7;;
27;16;2;2.1;A;360;Comment s'appelle le responsable de la conformité au sein d'une société de gestion de portefeuille ?;Le RCCI : Responsable de la conformité et du contrôle interne;lot 7;;
27;17;2;2.2;A;2681;La liste de surveillance doit être conservée :;5 ans;lot 8;;
27;18;2;2.2;A;393;Les mesures que les prestataires de services d'investissement doivent prendre pour empêcher les conflits d'intérêts de porter atteinte aux intérêts des clients doivent être :;Raisonnables et appropriées;lot 8;;
27;19;2;2.3;A;418;La saisine du médiateur de l'Autorité des Marchés Financiers est :;Reçue de tout intéressé dont les réclamations entrent par leur objet dans sa compétence sous réserve qu'aucune procédure judiciaire n'ait été engagée;lot 10;;
27;20;2;2.3;A;423;A partir de quand, le client d'un PSI peut-il saisir le médiateur de l'AMF ?;Après une première démarche écrite auprès du PSI, mais qui s'avère insatisfaisante;lot 10;;
27;21;3;3;A;2599;En matière de lutte contre le blanchiment de capitaux et le financement du terrorisme, le « de-risking » est une pratique qui consiste à :;Exclure les clients à risque;nouvelle;;
27;22;3;3;A;489;Qui exerce le pouvoir de sanctions en cas de manquements aux obligations de déclarations à TRACFIN pour les banques?;L'ACPR;nouvelle;;
27;23;3;3;A;2598;Parmi ces activités, laquelle présente le risque le plus élevé en matière de lutte contre le blanchiment de capitaux et le financement du terrorisme ?;Financement participatif;nouvelle;;
27;24;4;4;A;551;Une personne qui vend ou achète des titres d'une société cotée, pour elle-même ou pour un tiers, car elle a eu connaissance d'une information encore confidentielle grâce à sa profession, réalise :;Un délit d'initié;lot 7;;
27;25;4;4;A;558;Quelle opération réalisée par un client pourrait constituer une opération suspecte en matière d'abus de marché ?;Plusieurs transactions inhabituelles pour le client sur un instrument financier, avant la diffusion d'une information au public, sur les titres d'une société cotée;lot 8;;
27;26;5;5.1;A;672;Tout document promotionnel sur un instrument financier présente un contenu exact, clair et non trompeur. Les communications à caractère promotionnel sont clairement identifiables en tant que telles.;Les performances de l'instrument financier présentées doivent préciser l'impact des frais et commissions facturés au client;lot 6;;
27;27;5;5.1;A;2645;En matière de démarchage bancaire, la personne démarchée dispose d'un délai de rétractation de :;14 jours;lot 6;;
27;28;5;5.1;A;624;Les documents commerciaux faisant la promotion des produits financiers :;Doivent délivrer une information claire, exacte et non trompeuse;lot 6;;
27;29;5;5.1;A;595;En cas de démarchage physique, le démarcheur doit obligatoirement être en possession de :;Sa carte de démarcheur;lot 6;;
27;30;5;5.2;C;675;Dans le cadre de la réglementation européenne PRIIPS, le document d'information clé doit être remis à tout acheteur :;D'obligation à formule;lot 7;;
27;31;5;5.2;C;719;Le Règlement européen PRIIPS (Packaged Retail Investment and Insurance Products) a vocation à harmoniser et standardiser la communication de certains produits d 'investissement proposés aux clients non-professionnels. Lesquels parmi les suivants sont concernés par PRIIPS ? I. L 'assurance vie en unités de compte II. Les FIA III. Les EMTN structurés;I, II et III;lot 8;;
27;32;6;6.1.1;A;1159;Dans quel cas le conseiller en investissements financiers manque-t-il à ses obligations de recueil d'informations ?;Lorsqu'il n'a pas pris de mesures pour garantir la cohérence des informations communiquées par le client;lot 10;;
27;33;6;6.1.1;A;782;Au sens de la directive européenne MIF, un client non professionnel peut être classé professionnel :;A sa demande et après évaluation du PSI, basée notamment sur des critères définis réglementairement;lot 10;;
27;34;6;6.1.1;A;785;Quelle règle s'applique sur les diligences menées par les PSI en matière de recueil d'informations sur son client ?;Elles doivent être traçables et contrôlables par l'AMF;lot 10;;
27;35;6;6.1.1;A;2651;Un client professionnel est un client qui possède :;L'expérience, les connaissances et la compétence nécessaires pour prendre ses propres décisions d'investissement;lot 11;;
27;36;6;6.1.1;A;756;Le changement de catégorie de clients :;Peut être réalisé à l'initiative du prestataire de services d'investissements ou à la demande du client;lot 11;;
27;37;6;6.1.2;C;842;Lorsque des services d'investissement concernant la réception, la transmission et l'exécution d'ordres de clients sont fournis au téléphone, les prestataires de services d'investissement (PSI) :;Doivent informer à l'avance du fait que leurs conversations téléphoniques sont enregistrées;lot 5;;
27;38;6;6.1.2;C;828;Un membre de marché doit conserver les données relatives aux transactions et aux ordres pendant :;5 ans;lot 6;;
27;39;6;6.2;A;1179;Avant de prodiguer un conseil en investissements financiers à un client, un conseiller doit lui préciser un certain nombre d 'informations. Laquelle parmi les suivantes doit lui être obligatoirement communiquée ?;Si le conseil est indépendant ou non;lot 12;;
27;40;6;6.2;A;1180;Avant de prodiguer un conseil en investissements financiers à un client, un conseiller doit lui préciser un certain nombre d 'informations. Parmi les suivantes, laquelle doit lui être obligatoirement communiquée ?;Si le conseiller évaluera régulièrement l 'adéquation des instruments conseillés avec les besoins du client ou non;lot 12;;
27;41;6;6.2;A;876;Une société de gestion de portefeuille d'OPCVM peut-elle divulguer les conditions principales des accords en matière de rémunérations, de commissions et d'avantages non monétaires sous une forme résumée ?;Oui, sous réserve qu'elle s'engage à fournir des précisions supplémentaires à la demande du porteur de parts ou actionnaire et qu'elle respecte cet engagement;lot 13;;
27;42;6;6.2;A;891;En matière de commercialisation auprès de clients non professionnels, quels sont les instruments financiers considérés comme complexes par l'AMF ?;Les fonds à formule;lot 13;;
27;43;6;6.2;A;844;Quelle est la proposition exacte concernant l'information sur les instruments financiers qu'un PSI doit donner à un investisseur potentiel ?;L'information doit être claire, exacte et non trompeuse;lot 13;;
27;44;6;6.3;A;943;Lorsqu'un nouveau conseiller qui devra informer et conseiller les clients en vue de transactions sur instruments financiers est recruté par un PSI, la vérification des connaissances minimales de l'AMF doit avoir lieu au plus tard :;6 mois après le recrutement;lot 10;;
27;45;6;6.3;A;955;En vue de fournir un service autre que le conseil en investissement ou la gestion de portefeuille pour le compte de tiers, le Prestataire de Services d'Investissement doit s'enquérir auprès de son client notamment potentiel, de ses connaissance et expérience en matière d'investissement. Dans quel but ?;Pour déterminer si le service ou le produit proposé est approprié au profil investisseur du client;lot 10;;
27;46;6;6.3;A;2708;Les PSI se procurent les informations nécessaires concernant les connaissances et l'expérience de leurs clients en matière d'investissement, leur situation financière et leurs objectifs d'investissement de manière à pouvoir leur recommander :;Les services d'investissement et les instruments financiers adéquats et adaptés à leur tolérance au risque et à leur capacité à subir des pertes;lot 11;;
27;47;6;6.4;A;964;"Dans quel cas le PSI est exonéré de son obligation de ""best execution"" ?";Lorsque le PSI exécute un ordre en suivant les instructions spécifiques de son client;lot 9;;
27;48;6;6.4;A;971;Lorsque les PSI exécutent des ordres pour le compte de clients non professionnels, la meilleure exécution se base sur :;Le coût total de l'instrument financier;lot 9;;
27;49;6;6.4;A;973;Dans le cadre de l'exécution des ordres pour le compte de clients non professionnels, le meilleur résultat possible est déterminé :;Sur la base du coût total incluant toutes les dépenses liées à l'exécution de l'ordre;lot 10;;
27;50;6;6.5;C;1034;La commission de souscription à un Organisme de Placement Collectif équivaut à :;Un droit d'entrée;lot 12;;
27;51;6;6.5;C;1003;La tarification des services fournis par le teneur de compte-conservateur (ex : droits de garde) :;Est fixée dans la convention de compte-titres signée par le client ou dans une brochure remise lors de la signature;lot 13;;
27;52;6;6.6;C;1043;Quelles caractéristiques possède un compte titre démembré ?;En l'absence de convention, certains actes doivent faire l'objet d'un accord entre nu-propriétaire et usufruitier;lot 12;;
27;53;6;6.7;C;1057;Le dépôt d'un dossier auprès de la commission de surendettement :;Concerne les dettes non professionnelles des personnes physiques;lot 8;;
27;54;6;6.8;C;2665;Le système d'indemnisation des investisseurs au niveau national s'appelle :;Le Fonds de Garantie des Dépôts et de Résolution (FGDR);lot 13;;
27;55;6;6.8;C;1069;Qu'est-ce que le Fonds de garantie des dépôts et de résolution (FGDR)?;Une personne morale de droit privé gérée par les banques contribuant au fonds;lot 13;;
27;56;6;6.9;C;2601;La communication promotionnelle par voie électronique sur certains contrats hautement spéculatifs est prohibée si elle est susceptible d'atteindre des clients potentiels :;Non professionnels;lot 3;;
27;57;7;7.1;C;1699;Qu'est-ce que le risque de change ?;Le risque lié à la valorisation d'un instrument dans une devise autre que celle de l'investisseur;lot 9;;
27;58;7;7.1;C;1216;Le risque de change d'un instrument financier correspond :;A la variation du cours des devises;lot 9;;
27;59;7;7.1;C;1224;Le risque de marché est le risque :;D'une évolution défavorable des marchés financiers;lot 10;;
27;60;7;7.2;C;1326;Quelle méthode, parmi les suivantes, n'est pas adaptée à la valorisation des actions ?;Méthode basée sur la parité du taux d'intérêt;lot 9;;
27;61;7;7.2;C;1312;Parmi les affirmations suivantes, laquelle est exacte ?;Les actions sont des valeurs mobilières représentatives d'une part de capital de l'entreprise émettrice;lot 9;;
27;62;7;7.2;C;1313;Parmi les affirmations suivantes, laquelle est exacte ?;Les actions permettent à leurs détenteurs de participer aux assemblées générales des entreprises émettrices;lot 9;;
27;63;7;7.3;C;1339;Le cours coté d'une obligation :;Est présenté en pourcentage de la valeur nominale de l'obligation;lot 5;;
27;64;7;7.3;C;1388;Comment évolue la valeur de marché d'une obligation à taux fixe ?;Dans le sens inverse à celui des taux d'intérêt;lot 5;;
27;65;7;7.3;C;1379;Les obligations à taux fixe :;Sont des obligations dont la rémunération est constante tout au long de la durée de vie de l'obligation;lot 6;;
27;66;7;7.4;C;2732;Les bons de caisse :;Sont des titres nominatifs et non négociables;lot 9;;
27;67;7;7.4;C;1406;Le marché monétaire comporte deux compartiments qui sont :;Le marché interbancaire et le marché des titres négociables;lot 10;;
27;68;7;7.5;C;1450;Les titres hybrides :;Ont des caractéristiques des marchés obligataires et des marchés actions;lot 6;;
27;69;7;7.6;C;1496;Concernant les livrets jeune, quelle proposition est exacte ?;Les intérêts du livret jeune sont calculés selon la règle de la quinzaine;lot 11;;
27;70;7;7.6;C;1511;Dans le cadre d'un contrat d'assurance vie, les fonds en euros sont majoritairement investis :;En obligations d'Etat, d'entreprises ou en immobilier;lot 11;;
27;71;7;7.7;C;1528;Lorsqu'un investisseur achète une option sur les marchés dérivés :;Il a le droit d'exercer ou non son option;lot 9;;
27;72;7;7.8;C;1583;Par qui sont distribués les OPC ?;Par des distributeurs (réseaux bancaires, banques et courtiers en ligne, conseillers en investissements financiers, etc.) ou par la société de gestion;nouvelle;;
27;73;7;7.8;C;1556;La réglementation impose le principe général de valorisation des actifs des OPC :;A leur valeur de marché;nouvelle;;
27;74;7;7.9;C;1611;Dans la liste ci-dessous, quel type de biens entre dans le dispositif de l'intermédiation en biens divers ?;Les rentes viagères;lot 11;;
27;75;7;7.9;C;1624;Dans le cadre d'une opération en biens divers, le document promotionel doit être déposé auprès de l'AMF qui a alors :;Deux mois pour formuler ses recommandations;lot 11;;
27;76;7;7.10;C;1657;Pour pouvoir proposer d'acheter/vendre des crypto-monnaies, ou encore pour les services de conservation de cryptoactifs, l'intermédiaire doit :;Obligatoirement être enregistré auprès de l'AMF;lot 5;Réponse dépassée;"Le statut de PSAN (enregistrement obligatoire, agrément optionnel auprès de l'AMF) est remplacé par MiCA : les prestataires de services sur crypto-actifs (PSCA/CASP) doivent obtenir un agrément, délivré en France par l'AMF, avec passeport européen ; la période transitoire française a pris fin au plus tard le 1er juillet 2026. Réponses de la base : celles du régime PSAN."
27;77;7;7.10;C;1681;Dans la liste ci-dessous quelle est la meilleure définition d'un crypto-actifs ?;Ce sont des actifs numériques se servant d'un réseau informatique et reposant sur une technologie appelée Blockchain;lot 5;;
27;78;8;8.1;C;1737;L'acteur du métier de la gestion pour compte de tiers qui propose des services spécifiques aux fonds alternatifs (Hedge Funds) est :;Le prime broker;lot 2;;
27;79;8;8.2.1;C;1796;Les FCP sont des entités :;Dépendantes d'une SGP, qui n'ont pas de personnalité juridique et ne doivent donc pas publier leurs comptes;lot 1;;
27;80;8;8.2.2;C;1942;L'Alpha est un indice de :;Performance;lot 12;;
27;81;8;8.2.2;C;1967;Dans la liste ci-dessous, quel est un des objectifs du règlement européen Benchmark ?;Eviter le risque de manipulation des indices de référence;lot 12;;
27;82;8;8.4;C;2035;Un Prestataire de Services d 'Investissement qui réalise le service de gestion sous mandat :;Dispose d 'une procédure qui lui permet de garantir la capacité de liquider des positions dans un portefeuille individuel dans le respect des obligations résultant du mandat de gestion;lot 8;;
27;83;8;8.4;C;1811;Le remplacement du prospectus simplifié par le document clé pour l'investisseur (DICI) découle :;De la directive UCITS IV;lot 9;Contexte;Le DICI (UCITS IV, 2009) a lui-même été remplacé par le DIC PRIIPs pour les investisseurs de détail depuis le 1er janvier 2023.
27;84;8;8.5;C;1819;Quelle affirmation est exacte concernant les fonds professionnels spécialisés ?;Ne sont pas obligatoirement des OPC;lot 4;;
27;85;8;8.5;C;1867;Les fonds d'épargne salariale sont proposés aux les salariés d'une entreprise bénéficiant de participation ou d'intéressement dans le cadre :;D'un PEE (plan d'épargne entreprise);lot 4;;
27;86;8;8.5;C;1825;Les règles applicables aux Fonds d'Investissement Alternatifs (FIA) sont précisées dans :;La directive AIFM;lot 4;;
27;87;8;8.6;C;1876;Que désigne la gestion indicielle ?;Une technique de gestion qui consiste à obtenir la performance la plus proche possible de celle d'un indice;lot 10;;
27;88;8;8.7;C;2516;Sur quels supports doivent être publiées les descriptions ISR par les sociétés de gestion de portefeuille ?;Sur leur site internet et sur les documents d'informations préalables à toute souscription;lot 13;;
27;89;8;8.7;C;2510;L'investissement socialement responsable (ISR) :;Allie la performance financière et le développement durable;lot 13;;
27;90;8;8.7;C;2447;Pour conserver son label ISR (Investissement Socialement Responsable), un fonds doit :;Apporter des éléments de preuves sur la qualité durable de ses investissements;lot 13;;
27;91;8;8.7;C;1917;Pour démontrer sa qualité d'investissement vert, un fonds d'investissement peut obtenir :;Le label GreenFin du ministère de l'écologie;lot 13;;
27;92;8;8.7;C;2464;Quelles entreprises doivent faire une déclaration de performance extra-financière (DPEF) ?;Les sociétés cotées de plus de 500 salariés, et un bilan supérieur à 20 millions d'euros, ou un chiffre d'affaires supérieur à 40 millions d'euros et les sociétés non cotées de plus de 500 salariés, et un bilan ou un chiffre d'affaires supérieur à 100 millions d'euros;lot 14;Contexte;"Seuils de la DPEF (500 salariés, 20 M€ de bilan ou 40 M€ de CA pour les cotées ; 100 M€ pour les non cotées) : régime remplacé par la CSRD (rapport de durabilité). Retiens les seuils de la base pour cette question."
27;93;8;8.7;C;2543;"Les produits ""Investissement Socialement Responsable"" (ISR) sont disponibles auprès :";De réseaux de distribution bancaires et financiers;lot 14;;
27;94;8;8.7;C;1894;Qu'est ce qu'un fonds solidaire ?;Un fonds dont une partie est investie dans des projets dits d'utilité sociale;lot 14;;
27;95;8;8.7;C;2006;Que signifie le sigle ESG ?;Il définit les critères Environnementaux, Sociaux et de Gouvernance pour les ISR;lot 14;;
27;96;8;8.7;C;2514;Quelle norme de standard international définit le périmètre de la responsabilité sociétale des entreprises (RSE) ?;La norme ISO 26000;lot 1;;
27;97;8;8.7;C;2617;"Le label ""Relance"" concerne les fonds qui s’engagent à soutenir les fonds propres et quasi-fonds propres des entreprises françaises :";Cotées et non cotées;lot 1;;
27;98;8;8.7;C;2790;Les critères ESG sont divisés :;En 3 piliers;lot 1;;
27;99;8;8.7;C;2618;Le label « Relance » permet aux investisseurs d’identifier les organismes de placement collectifs (OPC) :;Qui financent des entreprises françaises, cotées ou non;lot 1;;
27;100;8;8.7;C;2534;Le label ISR (investissement socialement responsable) impose une transparence renforcée. Notamment :;Un rapport sur la gestion ESG doit être communiqué aux investisseurs sur une base au moins annuelle;lot 1;;
27;101;8;8.7;C;2548;L'approche Best in Class permet de créer un portefeuille diversifié en privilégiant les entreprises les mieux notées d'un point de vue extra-financier au sein de leur secteur d'activité :;Sans exclure a priori aucun secteur;lot 1;;
27;102;8;8.7;C;1893;Le label GreenFin autorise-t-il l'utilisation d'instruments financiers dérivés ?;Oui mais cette utilisation doit se limiter à des techniques permettant une gestion efficace du portefeuille de titres, et ne doit pas avoir pour effet de dénaturer significativement ou durablement la politique d'investissement du fonds;lot 1;;
27;103;9;9.1;C;2635;Le FOREX est :;Un marché de devises;lot 9;;
27;104;9;9.1;C;2110;La Directive MIF 2 interdit les négociations régulières des actions sur :;Un marché de gré à gré;lot 9;;
27;105;9;9.2;A;2077;"Comment est traité un ordre de vente ""à la meilleure limite"" ?";Il est transformé en ordre à cours limité au prix de la meilleure offre d'achat existant lors de sa réception;lot 2;;
27;106;9;9.2;A;2164;Sur un marché dirigé par les prix :;Les prix résultent de la fourchette prix achat/vente proposée par un teneur de marché;lot 2;;
27;107;9;9.3;C;2198;Pour quel type d'instruments financiers, les règles MIF II de transparence des informations sont-elles harmonisées entre les différents systèmes de négociation ?;Tous les instruments et les contrats financiers;lot 7;;
27;108;9;9.4;C;2094;Un animateur de marché est une entreprise, généralement une banque d'investissement, ou une personne qui, sur un marché donné :;Transmet, en continu, des prix à l'achat et à la vente, soit à sa clientèle, soit à l'ensemble du marché;lot 10;;
27;109;9;9.5;C;2175;Quel est le cours qui est considéré comme le cours du jour, ou cours de référence, de la séance de Bourse ?;Le cours de clôture;lot 5;;
27;110;10;10.1;C;2259;Après une transaction, qui assure le transfert de propriété des instruments financiers en réalisant au sein de ses registres un virement des instruments du compte du vendeur vers celui de l 'acquéreur ?;Le dépositaire central;lot 12;;
27;111;10;10.1;C;2222;Quelle est la fonction du dépositaire central ?;Il fait le lien entre les sociétés émettrices et les intermédiaires financiers;lot 13;;
27;112;10;10.2;C;2246;En matière de règlement-livraison, quelle affirmation est correcte ?;Le transfert de la propriété des titres s'opère au moment du dénouement du règlement-livraison;lot 12;;
27;113;11;11.1;C;2262;Comment est appelé le marché sur lequel sont effectuées les augmentations de capital et les émissions d'obligations ?;Marché primaire;lot 9;;
27;114;11;11.2;C;2762;Une action de concert est :;Le fait pour des personnes de conclure un accord en vue d'acquérir, de céder ou d'exercer des droits de vote, pour mettre en œuvre une politique commune vis-à-vis de la société ou pour obtenir le contrôle de cette société;lot 6;;
27;115;12;12.1;C;2317;Parmi les comptes suivants, quel est celui qui ne constitue pas une charge ?;La production stockée;lot 4;;
27;116;12;12.1;C;2763;Le passif est constitué, entre autre :;Des capitaux propres;lot 5;;
27;117;12;12.2;C;2342;Lorsque les comptes sociaux et consolidés figurent dans le rapport financier annuel :;Ils doivent être présentés en intégralité;lot 3;;
27;118;12;12.3;C;2371;Quelles sont les personnes soumises à l'impôt sur le revenu (IR), en France ?;"Les deux catégories de personnes mentionnées ci-dessus
A. Celles ayant un domicile fiscal en France
B. Celles qui ne résident pas en France mais dont les revenus sont de source française (seuls imposables)
C. Les deux catégories de personnes mentionnées ci-dessus";lot 3;;
27;119;12;12.3;C;2398;Les prélèvements sociaux s'appliquent à :;Tous les revenus du patrimoine et de placements sauf les livrets défiscalisés : intérêts du livret A, LEP, LDD, livret jeune;lot 4;;
27;120;12;12.4;C;2442;Une entreprise de droit français est soumise à l 'Impôt sur le bénéfice des Sociétés (IS) en France en fonction de ses activités en France et des activités réalisées :;En France par ses filiales étrangères;lot 3;;
28;1;1;1.1;C;18;Quel est le rôle du HCSF (Haut Conseil de Stabilité Financière) ?;Formuler des avis ou recommandations pour prévenir les risques systémiques;lot 10;;
28;2;1;1.1;C;28;Parmi les propositions suivantes, quelle est l'activité sur laquelle l'AMF veille au respect des obligations professionnelles ?;Le conseil en investissements financiers;lot 11;;
28;3;1;1.2.1;C;63;Avec l'instauration de MiFiD 2, quel dispositif est particulièrement renforcé ?;L'échange d'informations entre les autorités nationales compétentes;lot 12;;
28;4;1;1.2.1;C;61;Dans quel but l'Union Européenne veut-elle obtenir l'harmonisation des règles de fonctionnement des marchés financiers ?;Pour renforcer la protection des épargnants et le bon fonctionnement des marchés;lot 12;;
28;5;1;1.2.2;C;73;En matière de réglementation, l'Autorité des marchés financiers (AMF) :;Peut signer des accords de coopération avec ses homologues internationaux;lot 9;;
28;6;1;1.3;C;93;Quelle est l'activité habituelle d'un CIF (conseiller en investissements financiers) ?;Fournir des recommandations personnalisées à un tiers, soit à sa demande, soit à l'initiative de l'entreprise qui fournit le conseil, concernant une ou plusieurs transactions portant sur des instruments financiers;lot 9;;
28;7;1;1.3;C;94;Qui effectue le premier niveau de contrôle des conseillers en investissements financiers ?;L'association professionnelle dont ils relèvent;lot 9;;
28;8;1;1.3;C;103;Tous les établissements de crédit sont tenus d'adhérer à un organisme professionnel ou à un organe central lui-même affilié à :;L'Association française des établissements de crédit et des entreprises d'investissement;lot 10;;
28;9;1;1.5.1;C;128;Qui détermine l'orientation de la politique monétaire européenne ?;Le Système Européen des Banques Centrales;nouvelle;;
28;10;1;1.5.1;C;164;Qu'est-ce que la BCE (Banque Centrale Européenne ou ECB - European Central Bank) ?;C'est la banque centrale des pays de l'Union européenne ayant adopté l'euro. Elle a pour objectif de maintenir la stabilité des prix dans la zone euro et de préserver le pouvoir d'achat de la monnaie unique;nouvelle;;
28;11;1;1.5.2;C;221;Qu'appelle-t-on réserve de change ?;Les réserves en devises étrangères détenues par les banques centrales;lot 9;;
28;12;1;1.5.2;C;194;L'indicateur économique qui correspond à la différence entre la valeur des biens exportés et celle des biens importés s'appelle :;La balance commerciale;lot 10;;
28;13;1;1.8;C;236;Parmi les prestations suivantes, laquelle constitue un service de conseil en investissement ?;Une recommandation personnalisée sur une souscription d'OPCVM;lot 12;;
28;14;1;1.8;C;2692;Le service de conseil en investissement consiste à fournir à un client :;Des recommandations personnalisées relatives à une ou plusieurs transactions portant sur des instruments financiers;lot 13;;
28;15;2;2.1;A;340;Quelles sont les missions du responsable de la conformité d'un prestataire de services d'investissement (PSI) ?;Contrôler le respect par le PSI de ses obligations professionnelles;lot 8;;
28;16;2;2.1;A;328;Y a-t-il une différence entre le responsable de la conformité et du contrôle interne (RCCI) et le responsable de la conformité pour les services d'investissement (RCSI) ?;Oui, le RCCI est responsable de la conformité au sein des sociétés de gestion de portefeuille alors que le RCSI est responsable de la conformité au sein des autres prestataires de services d'investissement;lot 8;;
28;17;2;2.2;A;401;L'Autorité des marchés financiers (AMF) :;Traite en toute confidentialité les alertes relevant de sa compétence;lot 9;;
28;18;2;2.2;A;383;Les personnes qui participent à la fonction de conformité au sein d'une société de gestion de portefeuille d'OPCVM :;Ne doivent pas être impliquées dans l'exécution des services et activités qu'elles contrôlent;lot 9;;
28;19;2;2.3;A;417;Quel est le délai d'accusé réception à une réclamation client ?;Dix jours ouvrables maximum à compter de la réception de la réclamation;lot 11;;
28;20;2;2.3;A;429;Qu'impose le règlement général de l'AMF (Autorité des Marchés Financiers) aux PSI (Prestataires de Services d'Investissement) en matière de délai de réponse aux réclamations des clients ?;Répondre sous 2 mois;lot 11;;
28;21;3;3;A;496;Comment qualifie-t-on l'acte d'apporter son concours à une opération de placement du produit direct ou indirect d'un crime ou d'un délit ?;Blanchiment d'argent;nouvelle;;
28;22;3;3;A;488;La cellule Tracfin est :;Un service à compétence nationale rattaché au Ministère des Finances et des Comptes Publics;nouvelle;;
28;23;3;3;A;476;Les obligations des prestataires de services d'investissements en matière de LCB-FT consistent notamment à :;Mener une approche par les risques afin de déterminer le niveau de vigilance adapté;nouvelle;;
28;24;4;4;A;395;Pendant combien de temps les listes d'initiés doivent-elles être conservées par les émetteurs ou toute personne agissant en leur nom ou pour leur compte?;Pendant au moins cinq ans après leur établissement ou leur mise à jour;lot 8;;
28;25;4;4;A;543;Toutes tentatives d'opération d'initié :;Doivent être déclarées sans retard à l'AMF;lot 9;;
28;26;5;5.1;A;582;Quelles sont les personnes et entités qui sont légalement habilitées à procéder au démarchage bancaire et financier ? a. Les établissements de crédit b. Les entreprises d'investissement c. Les entreprises d'assurance;"A, b et c uniquement
A. A uniquement
B. B uniquement
C. A, b et c uniquement";lot 7;;
28;27;5;5.1;A;1016;Si une personne démarchée pour des services bancaires ou financiers exerce son droit de rétractation :;Elle ne doit pas motiver sa décision;lot 7;;
28;28;5;5.1;A;617;Parmi les propositions suivantes relatives à la recommandation personnalisée, laquelle est exacte ?;Une recommandation personnalisée doit porter sur l'achat, la vente, la souscription, l'échange, le remboursement, la détention ou la prise ferme d'un instrument financier particulier;lot 7;;
28;29;5;5.1;A;622;Parmi les affirmations suivantes concernant la connaissance du consommateur démarché, laquelle est exacte ?;Avant de formuler une offre, le démarcheur doit s'informer sur la situation financière du consommateur démarché ainsi que sur son expérience et ses objectifs de placement ou de financement;lot 7;;
28;30;5;5.2;C;677;Le conseiller en investissement doit communiquer les frais d'une opération envisagée par l'épargnant avant le déclenchement de celle-ci, ces frais sont présentés :;En euros et en %;lot 8;;
28;31;5;5.2;C;694;Quel document d'information doit-on obligatoirement remettre à un souscripteur d'OPC ?;Le document d'information clé pour l'investisseur de l'OPC (DICI);lot 9;Réponse dépassée;Depuis le 1er janvier 2023, le DICI des OPCVM est remplacé par le DIC PRIIPs pour les investisseurs non professionnels (indicateur de risque SRI de 1 à 7 et 4 scénarios de performance). Les questions sur le DICI restent dans la base : retiens leurs réponses (remise avant souscription, échelle 1 à 7, frais…), qui valent aussi pour le DIC.
28;32;6;6.1.1;A;733;Un client non-professionnel peut-il renoncer à une partie de la protection que lui offrent les règles de bonne conduite ?;Oui, il peut, s'il respecte certains critères, renoncer à une partie de la protection que lui offre sa catégorie;lot 11;;
28;33;6;6.1.1;A;749;Suite à la directive MIF2, le profilage des clients non professionnels inclut obligatoirement :;L'évaluation de leur capacité à subir des pertes et leur niveau de tolérance au risque;lot 11;;
28;34;6;6.1.1;A;789;Pour être éligible au statut de client professionnel, une entreprise doit :;Respecter deux critères comptables sur les trois définis par la réglementation;lot 11;;
28;35;6;6.1.1;A;777;Dans quelles circonstances, un client non professionnel peut-il changer de catégorie ?;Le changement de catégorie intervient sur demande du client après évaluation par le PSI de la compétence, de l'expérience et de la connaissance de client;lot 12;;
28;36;6;6.1.1;A;750;A propos des diligences à effectuer par les PSI dans le cadre de la connaissance du client, quelle proposition est exacte ?;Les PSI peuvent confier, sous certaines conditions, à des tiers le soin d'effectuer ces diligences;lot 12;;
28;37;6;6.1.2;C;835;Quelle est la durée minimale de conservation des informations pertinentes relatives aux transactions sur instruments financiers par les PSI ?;5 ans;lot 6;;
28;38;6;6.1.2;C;818;Parmi les propositions suivantes, laquelle constitue une des obligations relatives à la protection des données personnelles ?;Cartographier les traitements de données personnelles;lot 7;;
28;39;6;6.2;A;889;Dans le cadre d'une prestation de service d'investissement, les communications à caractère promotionnel :;Doivent être clairement identifiables en tant que telles;lot 13;;
28;40;6;6.2;A;871;L'information relative à la commission versée par un tiers à une société de gestion de portefeuille en liaison avec la gestion d'un OPCVM doit être fournie aux porteurs de parts ou actionnaire de cet OPCVM de manière :;Complète, exacte et compréhensible;lot 13;;
28;41;6;6.2;A;1030;Les frais liés à un investissement dans un placement collectif :;Sont présentés sous la forme d'un montant global en pourcentage dans le document d'information clé pour l'investisseur (DICI) et en détail dans le prospectus;lot 14;;
28;42;6;6.2;A;894;Dans quel but le PSI doit-il respecter un ensemble de règles relatives à l'information sur les produits et services ?;Pour les décrire de manière compréhensible par un investisseur moyen;lot 14;;
28;43;6;6.2;A;884;Si le prix d'une prestation de service d'investissement n'est pas déterminé :;Il faut indiquer au client les modalités de calcul qui permettront de l'établir;lot 14;;
28;44;6;6.3;A;917;Un prestataire de services d'investissement (PSI) qui n'a pas obtenu les renseignements suffisants pour évaluer le caractère adéquat du service de conseil en investissement ou de gestion de portefeuille peut-il tout de même fournir ces services ?;Non, le prestataire doit s'abstenir de fournir ces deux types de services;lot 11;;
28;45;6;6.3;A;743;Que doit faire le PSI lorsqu'un client qui veut bénéficier du service de conseil en investissement refuse de communiquer les informations requises ?;S'abstenir de fournir le service demandé;lot 11;;
28;46;6;6.3;A;933;Dans quelle directive est mentionnée l'obligation d'agir au mieux des intérêts des clients ?;MIF 1 (Marchés d'Instruments Financiers) renforcé par MIF 2;lot 12;;
28;47;6;6.4;A;972;Dès qu'un prestataire gérant un OPCVM a connaissance de l'exécution d'un ordre, il transmet au dépositaire de l'OPCVM l'affectation précise des bénéficiaires de cette exécution;Cette affectation est définitive;lot 10;;
28;48;6;6.4;A;858;Lorsqu'un Prestataire de Services d'Investissement transmet à un autre prestataire des ordres pour exécution :;Le Prestataire de Services d'Investissement est tenu de sélectionner, dans le cadre de sa politique de meilleure sélection, pour chaque classe d'instruments financiers, les prestataires auxquels seront transmis les ordres pour exécution;lot 10;;
28;49;6;6.4;A;1000;Le Prestataire de Services d'Investissement (PSI) qui n'exécute pas lui-même les ordres reçus ou résultant de ses décisions d'investissement, est tenu d'examiner sa politique de meilleure sélection des intermédiaires :;Au moins une fois par an;lot 11;;
28;50;6;6.5;C;1001;"Quelle affirmation est conforme à la règlementation, au sujet de la ""commission de mouvement"" prélevée lors des transactions effectuées sur un compte géré sous mandat ?";Elle peut être partagée entre la société de gestion de portefeuille et le dépositaire;lot 13;;
28;51;6;6.5;C;1013;Les droits de garde sont :;Prélevés au titre de la conservation des titres;lot 14;;
28;52;6;6.6;C;1149;Une procuration :;Nécessite la signature d'un acte sous seing privé voire notarié entre le mandant et le mandataire;lot 13;;
28;53;6;6.7;C;1058;Une procédure de liquidation judiciaire peut être ouverte :;Lorsque le débiteur est en état de cessation de paiements et que son redressement est manifestement impossible;lot 9;;
28;54;6;6.8;C;1096;Le mécanisme de la garantie des titres est mis en œuvre à l'initiative de :;L'Autorité de Contrôle Prudentiel et de Résolution (ACPR);lot 14;;
28;55;6;6.8;C;1095;En ce qui concerne les titres, le FGDR intervient à hauteur de :;70 000 € maximum par déposant et par établissement;lot 14;;
28;56;6;6.9;C;1108;La publicité sur les CFD est-elle autorisée en France?;Non, sauf pour ceux bénéficiant d'une protection intrinsèque du capital;lot 4;;
28;57;7;7.1;C;1207;Comment se définit le risque opérationnel ?;Le risque lié aux processus et systèmes, aux personnes ou aux événements externes;lot 10;;
28;58;7;7.1;C;1230;lequel de ces instruments financiers n'est pas un titre financier ?;Un CFD;lot 10;;
28;59;7;7.1;C;1229;Le risque qu'un investisseur ne puisse pas revendre ses titres sur le marché est appelé :;Le risque de liquidité;lot 11;;
28;60;7;7.2;C;1303;Les actions sont négociables :;Dès l'immatriculation de la société au registre du commerce et des sociétés;lot 10;;
28;61;7;7.2;C;1307;Les bénéfices réalisés par une société peuvent être distribués aux actionnaires sous forme :;De dividende en espèces ou de dividende en actions;lot 10;;
28;62;7;7.2;C;1306;Les bénéfices non distribués deviennent :;Des réserves;lot 10;;
28;63;7;7.3;C;1359;Comment s'exprime le cours des obligations ?;En pourcentage de leur valeur nominale;lot 6;;
28;64;7;7.3;C;1337;Les OAT françaises indexées sur l'inflation sont des obligations dont les coupons :;Sont indexés sur l'indice des prix à la consommation hors tabac;lot 6;;
28;65;7;7.3;C;1369;La valeur de remboursement d'une obligation :;Est prévue dans le contrat d'émission;lot 7;;
28;66;7;7.4;C;2727;Sur le marché interbancaire, une banque :;Peut être prêteuse et émetteuse;lot 10;;
28;67;7;7.4;C;1412;De quel marché le marché des Titres de Créances Négociables est-il un compartiment ?;Monétaire;lot 11;;
28;68;7;7.5;C;1468;Lors de l'émission d'une obligation convertible, le prix proposé pour la conversion est :;Toujours supérieur au cours de l'action;lot 7;;
28;69;7;7.6;C;1491;Parmi les propositions suivantes concernant l'assurance-vie, laquelle est exacte ?;Elle peut permettre au souscripteur de préparer sa retraite;lot 12;;
28;70;7;7.6;C;1705;Le livret A est un livret d 'épargne dont la rémunération est :;Un taux fixe révisable par le Ministre de l 'Economie en fonction d 'une formule de calcul basée sur les taux à court terme et l 'inflation;lot 12;;
28;71;7;7.7;C;1533;Concernant la négociation d'un future, quelle affirmation est juste ?;L'acheteur et le vendeur sont irrémédiablement engagés et ne peuvent se dédire;lot 10;;
28;72;7;7.8;C;1590;Dans le fonctionnement d'un OPC (Organisme de Placement Collectif), les investisseurs peuvent souscrire ou demander le rachat de leur part :;A tout moment;nouvelle;;
28;73;7;7.8;C;706;Quel acteur a la responsabilité de la validation de la valeur liquidative d'un OPC ?;La société de gestion;nouvelle;;
28;74;7;7.9;C;1618;Avant la commercialisation d'un nouveau produit, les intermédiaires en biens divers :;Doivent déposer les projets de documents d'information et de contrats-types auprès de l'AMF;lot 12;;
28;75;7;7.9;C;1619;Un investissement en biens divers atypiques (diamants, vins, panneaux solaires, terres rares…) offre une perspective de rendement :;Qui peut être élevée, mais qui comporte également des risques importants de perte;lot 12;;
28;76;7;7.10;C;1668;Le Bitcoin est-il accepté par tous comme moyen de paiement ?;Non, il n'est accepté comme moyen de paiement que sur certains sites et auprès de certains commerces;lot 6;;
28;77;7;7.10;C;1673;En matière de prestataire de services sur actif numérique, quelle affirmation est exacte ?;Les prestataires de services sur actif numériques peuvent demander un agrément optionnel à l'AMF;lot 6;Réponse dépassée;"Le statut de PSAN (enregistrement obligatoire, agrément optionnel auprès de l'AMF) est remplacé par MiCA : les prestataires de services sur crypto-actifs (PSCA/CASP) doivent obtenir un agrément, délivré en France par l'AMF, avec passeport européen ; la période transitoire française a pris fin au plus tard le 1er juillet 2026. Réponses de la base : celles du régime PSAN."
28;78;8;8.1;C;1728;Quelles sont les deux missions principales du dépositaire d'OPC ?;Conserver les actifs et s'assurer de la régularité des décisions de l'OPC ou de sa société de gestion;lot 3;;
28;79;8;8.2.1;C;1960;Un mandat de gestion doit :;Mentionner la répartition recherchée par classe d'actifs et l'existence d'un plancher ou d'un plafond pour certaines catégories d'actifs (le minimum ou le maximum investi);lot 2;;
28;80;8;8.2.2;C;2747;La gestion active a pour objectif :;De surperformer le marché de référence;lot 13;;
28;81;8;8.2.2;C;2034;Comparer des fonds avec des objectifs de gestion similaires en fonction de leur performance de l 'année précédente est-il suffisant pour réaliser une sélection ?;Non, parce que la performance d 'un fonds peut varier d 'une année sur l 'autre;lot 13;;
28;82;8;8.4;C;1804;Les textes régissant la gestion collective émanent, entre autres :;Du Règlement général de l'AMF;lot 9;;
28;83;8;8.4;C;1802;Suite au règlement européen MMF :;La dénomination de fonds monétaire est dorénavant réservée aux fonds ayant reçu un agrément spécifique en tant que tel;lot 10;;
28;84;8;8.5;C;1850;Quelle est la réponse bonne concernant la souscription / rachat d'un ELTIF ?;Durant la période de souscription, et au moins deux semaines après la date de souscription des parts ou des actions de l'ELTIF, les investisseurs de détail peuvent annuler leur souscription et être remboursés sans pénalité;lot 5;;
28;85;8;8.5;C;1851;Parmi les propositions à propos des ETF (Echange Traded Funds), laquelle est fausse ?;Un ETF est un instrument financier hybride qui regroupe les caractéristiques d'un fonds et d'une action;lot 5;;
28;86;8;8.5;C;1856;A quelle famille d'OPC les fonds à valeur liquidative constante de dette publique appartiennent-ils ?;Monétaire;lot 5;;
28;87;8;8.6;C;1874;La gestion indicielle est une gestion qui consiste :;A détenir des titres financiers dans une proportion identique à leur pondération dans un indice;lot 11;;
28;88;8;8.7;C;2519;Comment définit-on la finance verte ?;Comme l'ensemble des actions et opérations financières qui favorisent la transition énergétique et la lutte contre le réchauffement climatique;lot 1;;
28;89;8;8.7;C;2465;Parmi ces propositions, laquelle définit le mieux ce que sont les critères ESG ?;Des critères d'analyse de performance extra financière;lot 1;;
28;90;8;8.7;C;2785;Les agences de notation extra-financière sont chargées d'évaluer :;La politique sociale et environnementale d’un acteur économique;lot 1;;
28;91;8;8.7;C;2495;La notation extra-financière :;Intègre les comportements environnementaux et sociaux d'une entreprise;lot 1;;
28;92;8;8.7;C;2478;"Que signifie l'approche ""Best in universe"" pour un gérant ?";La sélection d'entreprises ayant les meilleures pratiques de développement durable indépendamment de leur secteur d'activité;lot 1;;
28;93;8;8.7;C;2497;Parmi les propositions suivantes, quelle est celle qui décrit une procédure d'investissement ISR existante :;Best Effort;lot 1;;
28;94;8;8.7;C;2467;"Les bases d'un ""marché carbone"" , pour limiter les émissions de gaz responsables du changement climatique ont été établies lors :";Du protocole de Kyoto en 1997;lot 1;;
28;95;8;8.7;C;1937;Quelles entreprises sont soumises à l'obligation d'intégrer une déclaration de performance extra-financière à leur rapport de gestion ?;Cela concerne les sociétés dont les titres sont admis aux négociations sur un marché réglementé ainsi que les sociétés non cotées qui dépassent certains seuils fixés par décret;lot 1;Contexte;"La DPEF a été remplacée par le « rapport de durabilité » de la directive CSRD (ordonnance de décembre 2023, premiers rapports en 2025 pour les plus grandes entreprises ; le paquet Omnibus de 2025 a reporté et réduit le champ). La définition donnée par la base reste valable."
28;96;8;8.7;C;2496;La France est un des rares pays à mettre en avant la gestion ISR :;C'est faux, la gestion ISR se développe en Europe mais aussi en Amérique du nord et en Asie;lot 2;;
28;97;8;8.7;C;2522;En matière d'approche ISR, que signifie l'exclusion sectorielle?;Le fait d'exclure de l'univers d'investissement d'un fonds ISR, des entreprises ayant un comportement néfaste pour l'homme ou l'environnement;lot 2;;
28;98;8;8.7;C;1886;La gestion dont l'objectif est de systématiquement prendre en compte des critères liés à l'environnement, au social et à la gouvernance est :;Une gestion ISR;lot 2;;
28;99;8;8.7;C;1920;Dans le cadre de la gestion ISR, l'approche Best-in-Universe consiste à sélectionner selon les critères ESG :;Les entreprises les mieux notées, indépendamment de leur secteur d'activité, les secteurs les plus vertueux étant sur-représentés;lot 2;;
28;100;8;8.7;C;1911;Quelle affirmation est exacte concernant un placement ISR ?;Elle est un placement soumis aux aléas du marché;lot 2;;
28;101;8;8.7;C;2469;L'approche ESG :;Doit s'appuyer sur des critères objectifs;lot 2;;
28;102;8;8.7;C;2451;Qu'est-ce qu'un Green Bond ?;Une obligation pour laquelle les fonds levés sont exclusivement orientés vers des projets environnementaux;lot 2;;
28;103;9;9.1;C;2040;Un internalisateur systématique est un prestataire de services d'investissement qui, de façon organisée, fréquente et systématique, négocie pour compte propre en exécutant les ordres de ses clients :;En dehors d'un marché réglementé;lot 10;;
28;104;9;9.1;C;2177;Le marché des matières premières est un marché qui :;Permet notamment de se couvrir contres des risques d'évolutions défavorables des cours des matières premières;lot 10;;
28;105;9;9.2;A;2114;"Les ""ordres indexés"" ou ordres""à la meilleure limite"":";Suivent la meilleure demande ou la meilleure offre dans le carnet d'ordres;lot 3;;
28;106;9;9.2;A;2165;"Un ordre ""au marché"" est :";Prioritaire sur tout autre ordre;lot 3;;
28;107;9;9.3;C;2212;Sur les marchés actions, quelle différence existe-t-il entre l 'obligation de transparence pré-négociation qui échoit à un Système Multilatéral de Négociation (SMN) et celle qui échoit à un marché réglementé ?;Aucune, les deux sont soumis aux mêmes exigences;lot 8;;
28;108;9;9.4;C;2123;La directive MIF II exigent d'un marché réglementé qu'il soit en mesure d'identifier :;Les ordres générés par le trading algorithmique et les différents algorithmes utilisés par les acteurs ayant recours à la négociation algorithmique;lot 11;;
28;109;9;9.5;C;2107;L'Insee est :;L'institut chargé de calculer le PIB de la France;lot 6;;
28;110;10;10.1;C;2247;Quel est l'organisme qui garantit la bonne fin des opérations et qui est également la contrepartie unique des opérateurs de marché ?;La chambre de compensation;lot 13;;
28;111;10;10.1;C;2251;Lorsque des titres financiers sont conservés directement au nom de l'actionnaire par la société émettrice, on parle de :;Nominatif pur;lot 14;;
28;112;10;10.2;C;2760;Le règlement-livraison d'instruments financiers constitue la dernière étape du processus de traitement d'une transaction. Il est piloté, après la négociation du titre par :;L'établissement teneur de compte;lot 13;;
28;113;11;11.1;C;2301;"La technique de l'adjudication ""au prix demandé"" est dite :";A la hollandaise;lot 10;;
28;114;11;11.2;C;2294;"En quoi consiste un ""split"" ?";A diminuer la valeur nominale d'une action en la divisant en plusieurs titres;lot 7;;
28;115;12;12.1;C;2402;Dans le bilan, lequel parmi les éléments suivants fait partie de l'actif ?;Les créances client;lot 5;;
28;116;12;12.1;C;2334;Qu'est-ce que la marge commerciale ?;Il s'agit de la différence entre le montant hors taxe (HT) des ventes et le coût d'achat HT des marchandises vendues, au cours d'un exercice comptable;lot 6;;
28;117;12;12.2;C;2424;Les franchissements de seuil doivent être déclarés :;Dans tous les cas;lot 4;;
28;118;12;12.3;C;2349;Depuis janvier 2018, la nouvelle assiette de l'impôt sur la fortune est fondée :;Uniquement sur l'évaluation du patrimoine immobilier au 1er janvier de l'année d'imposition;lot 4;;
28;119;12;12.3;C;2367;L'IFI est un impôt qui frappe :;Le patrimoine immobilier;lot 5;;
28;120;12;12.4;C;2415;Une société soumise à l'impôt sur les sociétés (IS) qui détient des parts ou actions d'OPC :;Est imposée sur les plus-values latentes sur les parts ou actions d'OPC qu'elle détient à la clôture de l'exercice;lot 4;;
29;1;1;1.1;C;19;Quel organisme décide des dispositifs de résolution applicables aux banques défaillantes ?;L'ACPR (Autorité de Contrôle Prudentiel et de Résolution);lot 11;;
29;2;1;1.1;C;31;Quel est l'organe de tutelle et de contrôle des marchés financiers en France ?;L'AMF (Autorité des Marchés Financiers);lot 12;;
29;3;1;1.2.1;C;40;Quel est l'objectif de l'Union Bancaire Européenne ?;Anticiper les risques de crise bancaire et mieux en traiter les conséquences si elle survient;lot 13;;
29;4;1;1.2.1;C;54;Quelle est la caractéristique principale du passeport européen pour un prestataire de services d'investissement ?;Le prestataire de services d'investissement peut étendre ses activités à tous les pays membres de l'UE sur la base de l'agrément obtenu dans son pays d'origine;lot 13;;
29;5;1;1.2.2;C;66;Quel est la mission principale du Comité de Bâle ?;Renforcer la solidité du système financier mondial,l'efficacité du contrôle prudentiel et la coopération entre régulateurs;lot 10;;
29;6;1;1.3;C;86;Les conseillers en investissements financiers sont les personnes exerçant à titre de profession habituelle les activités :;De conseil en investissement et de réception/transmission d'ordres;lot 10;;
29;7;1;1.3;C;84;Quelle est la condition préalable pour qu'un CIF (Conseiller en Investissements Financiers) puisse formuler un conseil ?;Faire signer une lettre de mission à son client;lot 10;;
29;8;1;1.3;C;2633;Pour fournir des services d'investissement, les entreprises d'investissement et les établissements de crédit doivent obtenir un agrément délivré par :;L'ACPR;lot 11;;
29;9;1;1.5.1;C;140;Le régime de change d'une devise peut être :;Fixe;nouvelle;;
29;10;1;1.5.1;C;162;Pour la France, la politique monétaire est décidée par :;La BCE (Banque Centrale Européenne);nouvelle;;
29;11;1;1.5.2;C;198;Qu'est-ce que le PIB (Produit intérieur brut) ?;C'est un indicateur économique qui permet de mesurer la production de la richesse produite, en une année, par les acteurs économiques résidant à l'intérieur d'un pays;lot 10;;
29;12;1;1.5.2;C;185;Quel indicateur économique permet de comparer les niveaux de vie à l'échelle internationale ?;Le produit intérieur brut (PIB) par habitant;lot 11;;
29;13;1;1.8;C;321;Parmi les autorités suivantes, laquelle est en charge, en France, d'agréer les sociétés de gestion de portefeuille et de contrôler leur respect de la réglementation sur la commercialisation des services qu'elles proposent ?;L 'Autorité des Marchés Financiers (AMF);lot 13;;
29;14;1;1.8;C;318;Parmi les services suivants, lequel est défini comme un service d 'investissement ?;La Réception Transmission d 'Ordres (RTO) pour le compte de tiers;lot 14;;
29;15;2;2.1;A;461;Au sein des Prestataires de Services d 'Investissement (PSI) la mise en place d 'une fonction conformité est :;Obligatoire dans tous les cas;lot 9;;
29;16;2;2.1;A;355;La personne désignée comme responsable de la conformité :;Doit avoir obtenu une carte professionnelle délivrée par l'AMF;lot 9;;
29;17;2;2.2;A;363;Quelle est la conséquence pour un collaborateur qui signale un dysfonctionnement en utilisant, de bonne foi, la procédure d'alerte éthique existant au sein de sa société ?;Il est protégé et ne fera pas l'objet de mesures discriminatoires, notamment en matière de licenciement, de rémunération ou de formation;lot 10;;
29;18;2;2.2;A;447;"Qu'appelle-t-on ""liste d'interdiction"" ?";Une liste répertoriant les émetteurs ou les instruments financiers pour lesquels le PSI doit restreindre son activité;lot 10;;
29;19;2;2.3;A;422;En cas de litige avec un établissement de crédit, le client :;Peut recourir à la médiation bancaire;lot 12;;
29;20;2;2.3;A;2640;Le médiateur de l'AMF est compétent en matière :;Financière;lot 12;;
29;21;3;3;A;2575;Les mesures nationales de gel des avoirs :;Sont à mettre en œuvre par toute personne physique ou morale prestataire de services.;nouvelle;;
29;22;3;3;A;501;Les déclarations de soupçon à Tracfin concernent les sommes pouvant provenir d'une infraction passible d'une peine privative de liberté :;Supérieure à 1 an;nouvelle;;
29;23;3;3;A;503;Le déclarant d'un soupçon de financement de terrorisme :;Ne peut être poursuivi pour violation du secret professionnel sous réserve que la déclaration de soupçon ait été effectuée de bonne foi;lot 1;;
29;24;4;4;A;557;Pour parer les risques de late trading, quel acteur doit contrôler le respect de la date et de l'heure limite de centralisation des ordres de souscription et de rachat mentionnées dans le prospectus ?;Le centralisateur;lot 9;;
29;25;4;4;A;572;Quelle proposition, parmi les suivantes, est une manipulation de marché?;La diffusion de fausses informations;lot 10;;
29;26;5;5.1;A;639;Une banque n'a pas à se conformer aux règles du démarchage bancaire et financier lorsqu'elle :;Propose à son client de réaliser une opération habituelle;lot 8;;
29;27;5;5.1;A;674;L'ESMA Autorité européenne des marchés financiers;Peut interdire la commercialisation temporaire aux clients de détail et sur le territoire européen de produits financiers spéculatifs, notamment sur le forex;lot 8;;
29;28;5;5.1;A;583;Tout démarcheur détient à ce titre une carte. Quelle affirmation est exacte ?;Il doit systématiquement présenter sa carte lors de tout acte de démarchage;lot 8;;
29;29;5;5.1;A;588;Les règles du démarchage bancaire et financier :;S'ajoutent à toutes les autres règles en vigueur, lorsque le vendeur a recours à ce mode de commercialisation;lot 8;;
29;30;5;5.2;C;648;Le prospectus d'un OPC est un document à vocation …:;Informationnelle;lot 9;;
29;31;5;5.2;C;697;Quels sont les frais d'un OPC, non prélevés sur la valeur liquidative et payés directement par l'investisseur ?;Les frais de souscription et de rachat;lot 10;;
29;32;6;6.1.1;A;721;Quelle démarche le PSI doit-il effectuer dans le cadre de la catégorisation des clients ?;Le PSI informe ses clients de leur catégorisation;lot 12;;
29;33;6;6.1.1;A;741;Quelle proposition suivante est exacte ?;Un client professionnel peut demander au PSI à être traité comme un client non professionnel;lot 12;;
29;34;6;6.1.1;A;792;Lorsqu'un client non professionnel d'un prestataire de services d'investissement autre qu'une société de gestion de portefeuille souhaite renoncer à une partie de la protection que lui offrent les règles de bonne conduite applicables à la profession:;Cette diminution de la protection n'est réputée valide qu'à la condition qu'une évaluation adéquate de la compétence, de l'expérience et des connaissances du client procure au PSI l'assurance raisonnable que celui-ci est en mesure de prendre ses décisions;lot 12;;
29;35;6;6.1.1;A;763;Pour catégoriser ses clients, un PSI doit :;Recueillir des informations sur le client au moment de l'entrée en relation;lot 13;;
29;36;6;6.1.1;A;811;Durant la relation avec un client, le collaborateur a connaissance d'un changement de situation du client. Quelle attitude doit-il adopter ?;Actualiser les informations recueillies;lot 13;;
29;37;6;6.1.2;C;765;Quelles sont les règles de conservation des documents relatifs à la connaissance du client ?;Conservation pendant toute la durée de la relation et au minimum 5 ans à compter de la fin de la relation;lot 7;;
29;38;6;6.1.2;C;836;Parmi les missions suivantes, quelle est celle qui est confiée à la CNIL ?;Contrôler le traitement des données personnelles;lot 8;;
29;39;6;6.2;A;864;La description des risques que le prestataire de service financier doit fournir au client, varie en fonction :;Du type de client, et donc du niveau de connaissance de celui-ci;lot 14;;
29;40;6;6.2;A;885;Quel est le délai d'envoi d'un avis d'opération à un client non-professionnel ?;Au plus tard au cours du premier jour ouvrable suivant l'exécution de l'ordre;lot 14;;
29;41;6;6.2;A;932;Quelle indication sur les frais doit apparaître dans le cas où l'information sur un instrument financier fait état de performances passées ?;Il faut indiquer l'effet des frais et commissions sur la performance;lot 15;;
29;42;6;6.2;A;906;Dans le cadre d'un conseil en investissements financiers, l'information ex-post sur les coûts doit être fournie au client sur une base :;Annuelle;lot 15;;
29;43;6;6.2;A;1175;Lorsqu 'un Prestataire de Services d 'Investissement (PSI) propose un service d 'investissement à ses clients non-professionnels, il a l 'obligation de leur communiquer un ensemble d 'informations pour qu 'ils prennent leur décision en connaissance de cause. Parmi les informations suivantes, laquelle doit être obligatoirement communiquée ?;Les coûts et l 'ensemble des frais induits par l 'instrument financier;lot 1;;
29;44;6;6.3;A;927;Le délai dont dispose le prestataire de services d'investissement (PSI) pour vérifier qu'un vendeur nouvellement recruté justifie du niveau de connaissances minimales est de :;Six mois à partir de la date à laquelle le collaborateur concerné commence à exercer;lot 12;;
29;45;6;6.3;A;935;Quand un prestataire de conseils en investissement indépendant perçoit une rémunération d'un producteur, il doit :;La reverser à son client;lot 12;;
29;46;6;6.3;A;801;Lorsqu'un PSI propose des services d'investissement autres que l'exécution simple à un client non professionnel, quelles informations doit-il recueillir ?;Les informations sur ses connaissances et son expérience en matière d'instruments financiers;lot 13;;
29;47;6;6.4;A;980;"Dans quel cas le PSI (Prestataire de Services d'Investissement) est dégagé de son obligation de ""best execution"" ?";Lorsque le PSI exécute un ordre en suivant les instructions spécifiques de son client;lot 11;;
29;48;6;6.4;A;975;La politique de sélection des intermédiaires utilisés par une société de gestion pour l'exécution d'ordres pour le compte de ses OPCVM :;Figure dans son rapport de gestion;lot 11;;
29;49;6;6.4;A;974;"Quels sont les critères retenus pour définir la ""meilleure exécution"" ?";Le prix, le coût, la rapidité et la probabilité d'exécution et de règlement;lot 12;;
29;50;6;6.5;C;1010;Les frais de tenue de compte perçus par la banque :;Peuvent être assortis d'un minimum annuel de perception par compte;lot 14;;
29;51;6;6.5;C;2119;La Directive sur les Marchés d'Instruments Financiers (Directive MIF) impose entre autres :;La séparation de la facturation entre des frais de recherche/d'analyse et les commissions de négociation;lot 15;;
29;52;6;6.6;C;2714;Un compte bancaire appartenant à plusieurs cotitulaires, sur lequel toutes les opérations (retrait, dépôt…) doivent être validées par tous les cotitulaires est :;Un compte indivis;lot 14;;
29;53;6;6.7;C;1197;La procédure collective arrêtée par décision de justice qui a pour objectif de permettre à une entreprise en cessation des paiements de se réorganiser pour continuer son activité autant que possible est appelée :;La procédure de redressement judiciaire;lot 10;;
29;54;6;6.8;C;1156;Quel est le délai d'indemnisation des déposants par le Fonds de garantie des dépôts et de résolution ?;7 jours ouvrables;lot 1;;
29;55;6;6.8;C;1074;La réglementation sur les pratiques commerciales trompeuses vise essentiellement à protéger :;Les clients des prestataires de services d'investissement;lot 1;;
29;56;6;6.9;C;1102;"La Loi dite ""Sapin II"" relative à la transparence, à la lutte contre la corruption et à la modernisation de la vie économique :";Encadre la publicité par voie électronique adressée à des clients non professionnels portant sur des contrats financiers considérés comme spéculatifs et risqués;lot 5;;
29;57;7;7.1;C;1258;Quelle est la transaction, parmi les suivantes, qui exposerait une entreprise française au risque de change:;Une émission d'obligations en francs suisse;lot 11;;
29;58;7;7.1;C;1206;Comment s'appelle le risque de baisse de la valeur de marché d'un instrument financier ?;Risque de marché;lot 11;;
29;59;7;7.1;C;1222;Le risque de fluctuation du prix d'un actif financier est le risque de :;Volatilité;lot 12;;
29;60;7;7.2;C;1300;Les actions ordinaires versent un dividende d'un montant :;Calculé sur une fraction des bénéfices de l'année ou des bénéfices passés;lot 11;;
29;61;7;7.2;C;1333;Une société peut émettre à la fois des actions de préférence et des actions ordinaires :;Vrai, mais les actions de préférence sont émises en quantité limitée par rapport aux actions ordinaires;lot 11;;
29;62;7;7.2;C;1276;L'option de paiement du dividende en action est exercée par :;Chaque actionnaire;lot 11;;
29;63;7;7.3;C;1370;Quel est le prix à payer pour acheter une OAT (Obligation Assimilable du Trésor) à taux fixe ?;Le prix de la cote plus le coupon couru;lot 7;;
29;64;7;7.3;C;1395;L'amortissement des obligations est basé sur :;Le principal;lot 7;;
29;65;7;7.3;C;1362;Les OAT sont :;Des obligations assimilables du Trésor;lot 8;;
29;66;7;7.4;C;1418;Les BTF, Bons du Trésor à taux Fixe, sont émis par l'Etat :;Pour une durée inférieure ou égale à 1 an;lot 11;;
29;67;7;7.4;C;1719;Les Titres Négociables à Court Terme sont des instruments principalement échangés entre investisseurs professionnels de gré à gré. Comment un investisseur particulier peut-il néanmoins facilement accéder à ces instruments ?;Par l 'intermédiaire d 'Organismes de Placement Collectifs;lot 12;;
29;68;7;7.5;C;1461;Quel est l'intérêt des titres subordonnés ?;Les titres subordonnés permettent de renforcer la structure financière de l'émetteur;lot 8;;
29;69;7;7.6;C;1497;Les parts sociales de banques coopératives :;Donnent le droit de voter en assemblée générale;lot 13;;
29;70;7;7.6;C;1501;Comment est géré un organisme de titrisation ?;Par une société de gestion disposant d'un programme d'activité spécifique;lot 13;;
29;71;7;7.7;C;1531;"La valorisation théorique d'une ""option d'achat"" dépend :";Notamment du prix d'exercice, de la date d'échéance et de la volatilité anticipée du sous jacent;lot 11;;
29;72;7;7.8;C;1534;Sur la base de quelle valeur sont effectués les souscriptions et les rachats d'actions ou de parts d'OPC ?;La valeur liquidative;nouvelle;;
29;73;7;7.8;C;669;Quel organisme élabore les principes comptables d'évaluation des actifs des OPCVM ?;L'Autorité des normes comptables (ANC), dans le plan comptable OPC;nouvelle;;
29;74;7;7.9;C;1642;Dans le régime d'intermédiation des biens divers, les communications à caractère promotionnelles :;Font l'objet d'un document d'information qui doit être enregistré auprès de l'Autorité des Marchés Financiers;lot 13;;
29;75;7;7.9;C;1632;Dans le cadre de l'intermédiation de biens divers, le gestionnaire doit faire parvenir à l'AMF l'inventaire des biens dont il assure la gestion :;Dans un délai de 3 mois;lot 13;;
29;76;7;7.10;C;1659;Sur quelle technologie reposent les crypto-actifs ?;La blockchain (chaîne de blocs ou registre de transactions, en français), qui permet de garder la trace d'un ensemble de transactions, de manière décentralisée, sécurisée et transparente, sous forme d'une chaîne de blocs;lot 7;;
29;77;7;7.10;C;1660;Lorsqu'une entreprise réalise une ICO (initial coin offering), elle émet des jetons (token) ou des crypto-monnaies qui :;Comportent des risques liés aux monnaies virtuelles et au type d'investissement financé;lot 7;;
29;78;8;8.1;C;1732;L'exactitude et la régularité des comptes des OPC (Organismes de Placement Collectif) doivent être vérifiées par :;Un commissaire aux comptes;lot 4;;
29;79;8;8.2.1;C;1749;Dans le cadre de la gestion pour compte de tiers, le mandat de gestion :;Est une convention par laquelle un client donne pouvoir à un gérant de gérer un portefeuille incluant un ou plusieurs instruments financiers en fonction de ses objectifs, de son expérience et de sa situation;lot 3;;
29;80;8;8.2.2;C;2033;Le ratio d 'information est une mesure de qualité de performance d 'un fonds qui prend en compte la volatilité de la performance du portefeuille par rapport à son indice de référence. C 'est une mesure très utilisée pour mesurer la qualité de gestion dans le cadre d 'une :;Gestion benchmarkée;lot 14;;
29;81;8;8.2.2;C;1768;L'écart entre la performance d'un actif financier et celle d'un indice de référence sur une même période correspond à la :;Performance relative;lot 14;;
29;82;8;8.4;C;1791;Selon quelle fréquence les sociétés de gestion de FIA doivent-elles réaliser des simulations de crise dans des conditions normales et exceptionnelles de liquidité ?;De manière régulière et au moins une fois par an;lot 10;;
29;83;8;8.4;C;1788;Pour quel motif, un FIA (Fonds d'Investissement Alternatif) peut-il obtenir un passeport de son régulateur ?;Etre commercialisable librement dans l'espace économique européen;lot 11;;
29;84;8;8.5;C;1868;Un Fonds Commun de Placement dans l'innovation;Doit être notamment investi à plus de 70% en titres non cotés sur les marchés;lot 6;;
29;85;8;8.5;C;1979;Les sommes investies dans un PERCO sont disponibles :;Lors du départ à la retraite;lot 6;Contexte;Le PERCO n'est plus ouvert depuis le 1er octobre 2020 : il est remplacé par le PER collectif (PERECO, loi PACTE). Le principe (sommes disponibles à la retraite, sauf cas de déblocage anticipé) demeure.
29;86;8;8.5;C;1835;Une SICAV (Société d'Investissement à Capital Variable) monétaire intéressera plutôt un investisseur à la recherche :;D'un placement de court terme sécurisé;lot 6;;
29;87;8;8.6;C;1871;Le capital investissement :;Prend majoritairement des participations dans des entreprises non cotées;lot 12;;
29;88;8;8.7;C;2609;Quand l’objectif d’investissement d'un produit s’inscrit dans une optique durable et que ses caractéristiques environnementales ou sociales sont mises en avant, l’intermédiaire financier :;Doit détailler les différences avec un produit ou un indice de marché large comparable, et expliquer ainsi ses objectifs spécifiques de développement durable;lot 2;;
29;89;8;8.7;C;2542;"Parmi les différentes approches de l'investissement socialement responsable (ISR), que signifie la sélection ""best-in-universe"" ?";Investir dans les meilleurs émetteurs d'un point de vue des critères environnementaux, sociaux et de gouvernance (ESG), indépendamment de leur secteur d'activité.;lot 2;;
29;90;8;8.7;C;2446;Les bénéfices générés par une entreprise sociale et solidaire sont principalement consacrés :;Au développement de l'activité de l'entreprise;lot 2;;
29;91;8;8.7;C;1909;La finance verte a pour objectif :;De favoriser l'accélération de la transition énergétique et la lutte contre le réchauffement climatique;lot 2;;
29;92;8;8.7;C;2552;La notation extra-financière peut être demandée par :;Une entreprise qui souhaite connaître son positionnement en terme de responsabilité sociale;lot 2;;
29;93;8;8.7;C;1934;Laquelle de ces agences est une agence de notation extra-financière habilitée en France à délivrer le label ISR aux fonds d'investissement?;Afnor Certification;lot 2;;
29;94;8;8.7;C;2457;"Parmi les affirmations suivantes, laquelle décrit le mieux la stratégie d'investissement en matière d'ISR dite ""best in class"" ?";Avec cette stratégie, le gérant du fonds surpondère les émetteurs qui ont les meilleures pratiques en matière de développement durable et ont la meilleure notation ESG tout en conservant une allocation sectorielle ou géographique en ligne avec leur benchmark;lot 2;;
29;95;8;8.7;C;2526;Le label Greenfin est attribué aux fonds qui investissent dans :;Des instruments financiers qui favorisent l'accélération de la transition énergétique et la lutte contre le réchauffement climatique;lot 2;;
29;96;8;8.7;C;1901;"En quoi consiste l'approche ""Best in class"" parmi les différentes stratégies d'investissement socialement responsable (ISR) ?";Elle consiste consistant à sélectionner les meilleures entreprises de chaque secteur sans en exclure aucun;lot 3;;
29;97;8;8.7;C;1927;Que peut intégrer la notation extra financière ?;Elle peut intégrer l'étude de la qualité de codes de conduite;lot 3;;
29;98;8;8.7;C;2489;Un gérant d'un fonds d'investissement qui privilégie les entreprises les mieux notées d'un point de vue extra-financier dans leur secteur d'activité, sans privilégier ou exclure un secteur par rapport à l'indice de référence s'appuie sur :;L'approche Best-in-class;lot 3;;
29;99;8;8.7;C;2505;"La politique d'investissement ""investissement socialement responsable"" (ISR) d'un fonds :";Peut concerner la totalité du portefeuille ou une partie des actifs seulement;lot 3;;
29;100;8;8.7;C;1889;On entend par Investissement Socialement Responsable (ISR) :;Un processus de sélection d'investissement par des sociétés de gestion de portefeuilles qui investissent dans des entreprises respectueuses en matière d'environnement, de politique sociale et de gouvernance;lot 3;;
29;101;8;8.7;C;2449;Les SGP appliquant une politique d'investissement ISR doivent entre autres:;Organiser un contrôle et suivi des risques appropriés;lot 3;;
29;102;8;8.7;C;1923;Un OPCVM peut obtenir le label GreenFin si son portefeuille est investi :;"Dans des entreprises entrant dans le champ de la transition énergétique et écologique et de la lutte contre le changement climatique ( ""éco-activités"" )";lot 3;;
29;103;9;9.1;C;2191;Que signifie SMN ?;Système Multilatéral de Négociation;lot 11;;
29;104;9;9.1;C;2112;Afin d'établir si leur activité de négociation est accessoire par rapport à leur activité principale, les entités non financières qui effectuent des transactions sur matières premières doivent respecter :;Un ratio qui compare la taille de l'activité de négociation spéculative à l'activité principale de l'entité;lot 11;;
29;105;9;9.2;A;2183;"Un ordre de bourse ""à cours limité"" :";Est un ordre assorti d'un cours minimal pour un vendeur;lot 4;;
29;106;9;9.2;A;2753;L’ordre à cours limité peut garantir :;La vente d’un titre à prix minimum;lot 4;;
29;107;9;9.3;C;2151;Quelle règle s'applique en matière de transparence prénégociation pour les marchés réglementés et les SMN ?;Ils doivent publier le nombre d'ordres et d'actions correspondant aux cinq meilleures offres et aux cinq meilleures demandes;lot 9;;
29;108;9;9.4;C;2098;La réglementation impose aux PSI ayant fait exécuter des ordres pour compte de clients de fournir à leur autorité de tutelle :;La liste de tous les ordres exécutés, avec l'identification des clients concernés, ceci au plus tard au terme du jour ouvrable suivant;lot 12;;
29;109;9;9.5;C;2145;La loi MIF2 fait obligation aux APA (Approved Publication Arrangement - Dispositif de publication agréé) de diffuser les informations relatives aux négociations sur des plateformes dans les 15 minutes qui suivent la transaction. Cette diffusion est :;Publique et gratuite;lot 7;;
29;110;10;10.1;C;2215;"Que signifie l'expression de ""nominatif administré"" ?";L'inscription des titres dans le registre des titres nominatifs de l'émetteur et la gestion des titres par l'intermédiaire financier de l'actionnaire;lot 14;;
29;111;10;10.1;C;2244;Quelle est la définition correcte de la gestion du passif d'un OPC ?;La réception et l'enregistrement des ordres de souscription et rachat d'un OPC;lot 15;;
29;112;10;10.2;C;2237;"Les règlements imputés dans les comptes de la Banque Centrale sont dits ""en monnaie banque centrale"" . Ces règlements sont :";Irrévocables;lot 14;;
29;113;11;11.1;C;2305;Parmi les affirmations suivantes laquelle est vraie ?;La finance participative permet de financer les entreprises en leur prêtant de l 'argent ou en investissant en actions, obligations, ou encore minibons qui s 'apparentent à des bons de caisse;lot 11;Réponse dépassée;Les minibons ont été supprimés lors de l'entrée en vigueur du régime européen du financement participatif (ECSP, transition achevée le 10/11/2023). Le reste de la réponse (prêts, actions, obligations) reste juste.
29;114;11;11.2;C;2304;"Dans le cadre des offres publiques, une offre publique ""mixte"" est :";Une offre publique dans laquelle le règlement de l'apport des titres financiers à l'offre est rémunéré en numéraire et en titres financiers;lot 8;;
29;115;12;12.1;C;2336;Il permet, par sa simple lecture, de comparer l'actif et le passif d'une entreprise d'une année sur l'autre. De quoi s'agit-il ?;Le bilan;lot 6;;
29;116;12;12.1;C;2326;"Laquelle des trois propositions correspond à la définition suivante ? ""Recense l'ensemble des flux qui modifient positivement ou négativement le patrimoine de l'entreprise pendant une période donnée"" .";Le compte de résultat;lot 7;;
29;117;12;12.2;C;2436;"Le ""document de référence"" est un document qui regroupe des informations détaillées sur l'activité, la situation financière et les perspectives d'une société. Pour les sociétés dont les actions sont admises sur un marché réglementé ou un système multilatéral de négociation organisé, il est :";Facultatif, publié une fois par an;lot 5;;
29;118;12;12.3;C;2360;Les sorties en rentes viagères des contrats d'assurance vie sont :;Imposées à l'impôt sur le revenu pour une fraction qui dépend de l'âge du crédirentier au moment du premier versement de la rente;lot 5;;
29;119;12;12.3;C;2365;Les dividendes perçus par un contribuable sont imposables au titre de l'IR :;A un prélèvement forfaitaire de 12,8 % ou, sur option globale, au barème progressif de l'impôt sur le revenu;lot 6;;
29;120;12;12.4;C;2381;Les produits nets des participations, perçus par une société mère, ouvrant droit à l'application du régime des sociétés mères :;Peuvent être retranchés du bénéfice total de celle-ci, défalcation faite de 5% de leur produit total;lot 5;;
30;1;1;1.1;C;22;Qui est chargé de contrôler le respect par les sociétés de gestion de portefeuille des dispositions réglementaires qui leurs sont applicables :;L'AMF;lot 12;;
30;2;1;1.1;C;16;Qui agrée les SGP (Sociétés de Gestion de Portefeuille) ?;L'AMF (Autorité des Marchés Financiers);lot 13;;
30;3;1;1.2.1;C;298;Comment appelle-t-on le dispositif qui permet aux PSI agréés d'exercer librement leurs activités dans n'importe quel État membre de l'Union européenne ?;Le passeport européen;lot 14;;
30;4;1;1.2.1;C;47;L'ESMA (European Securities and Markets Authority) a parmi ses missions de :;Veiller à la stabilité financière de l'Union Européenne;lot 14;;
30;5;1;1.2.2;C;75;Parmi les affirmations suivantes relatives à l'OICV (Organisation Internationale des Commissions de Valeurs), laquelle est correcte?;Son principal objectif est d'établir des standards internationaux permettant notamment de renforcer l'efficacité et la transparence des marchés de valeurs mobilières;lot 11;;
30;6;1;1.3;C;105;Tout conseiller en investissements financiers :;A l'obligation d'adhérer à une association professionnelle agréée par l'Autorité des Marchés Financiers (AMF);lot 11;;
30;7;1;1.3;C;114;Les PSI (Prestataires de Services d'Investissement) sont des entreprises qui exercent leur activité :;Avec un agrément, quel que soit leur nombre de salariés;lot 11;;
30;8;1;1.3;C;118;Les entreprises d'investissements sont :;Des personnes morales, autres que les sociétés de gestion de portefeuille et les établissements de crédit, qui sont agréées pour fournir à titre de profession habituelle des services d'investissement;lot 12;;
30;9;1;1.5.1;C;316;L 'Eurosystème qui regroupe la Banque Centrale Européenne (BCE) et les banques centrales de la zone euro, met en œuvre la politique monétaire pour la zone Euro définie :;En totale indépendance par le Conseil des gouverneurs au sein de la BCE;nouvelle;;
30;10;1;1.5.1;C;296;Par quel événement un risque systémique peut-il être provoqué ?;Par une défaillance massive des emprunteurs d'un gros établissement financier;nouvelle;;
30;11;1;1.5.2;C;204;Quel indicateur permet de mesurer la croissance d'un Etat ?;La variation du PIB d'une année sur l'autre;lot 11;;
30;12;1;1.5.2;C;220;Parmi ces trois indicateurs, lequel permet de cibler le plus directement les pays à fort potentiel de développement économique ?;Le taux de croissance du PIB dans chaque pays;lot 12;;
30;13;1;1.8;C;238;La commission des sanctions de l'AMF peut prononcer des sanctions pécuniaires en cas de manquement :;Au respect de l'intégrité des marchés financiers;lot 14;;
30;14;1;1.8;C;255;Quelle règle s'applique à une entreprise qui ne fournit des services d'investissement qu'aux personnes morales faisant partie de son propre groupe ?;Elle n'est pas soumise à une procédure d'agrément;lot 15;;
30;15;2;2.1;A;359;Parmi les propositions suivantes, quelles sont celles qui relèvent des règles de bonne conduite que doit avoir un prestataire de services d'investissement (PSI) ?;Le PSI doit, d'une part, agir de manière honnête, loyale et professionnelle pour servir au mieux l'intérêt des clients, et, d'autre part, favoriser l'intégrité du marché;lot 10;;
30;16;2;2.1;A;345;Pour obtenir sa carte professionnelle, le RCCI (Responsable de la Conformité et du Contrôle Interne) doit :;Passer un examen organisé par l'AMF (Autorité des Marchés Financiers);lot 10;;
30;17;2;2.2;A;402;Les modalités de mise en œuvre des murailles de Chine sont les suivantes :;La séparation physique ou juridique ou hiérarchique ou logique ou une gestion des flux d'information;lot 11;;
30;18;2;2.2;A;464;Le Prestataire de Services d'Investissement (PSI) prend toute mesure raisonnable lui permettant de détecter les situations de conflits d'intérêts entre le PSI et ses clients. Quelle situation parmi les suivantes est une situation de conflit d'intérêts ?;Dans le cadre d 'un conseil en investissement, un PSI incite ses conseillers à proposer le produit procurant au PSI des commissions élevées plutôt que le produit le plus adapté à leur client;lot 11;;
30;19;2;2.3;A;410;Par qui est nommé le médiateur de l'AMF ?;Par le président de l'AMF après avis du collège;lot 13;;
30;20;2;2.3;A;435;Lorsqu'une société de gestion de portefeuille d'OPCVM agréée et ayant son siège social en France commercialise un OPCVM en Espagne:;Elle doit établir des procédures et des modalités appropriées afin de garantir qu'elle traitera correctement les réclamations des porteurs de parts ou actionnaires résidant en Espagne et que ceux-ci ne sont pas limités dans l'exercice de leurs droits;lot 13;;
30;21;3;3;A;495;Lorsqu'une opération qui aurait dû faire l'objet d'une déclaration de soupçon auprès de TRACFIN a malgré tout été réalisée:;Les services de TRACFIN doivent en être informés sans délai;lot 1;;
30;22;3;3;A;535;Dans le cadre de la lutte contre le blanchiment de capitaux, lorsque le client d'un Prestataire de Services d'Investissement (PSI) n'est pas physiquement présent lors de l'identification ni représenté par son représentant légal, le PSI doit :;Appliquer au moins une mesure de vigilance complémentaire notamment en vue de confirmer l'identité du client;lot 1;;
30;23;3;3;A;730;L'identification formelle du client doit se faire :;Avant l'établissement de la relation d'affaire;lot 2;;
30;24;4;4;A;576;L'opération d'arbitrage qui consiste à tirer profit d'un écart entre la valeur comptable d'un fonds et sa valeur de marché est dénommée :;"Du ""market timing""";lot 10;;
30;25;4;4;A;388;Une liste d'initiés est une liste recensant :;Les personnes travaillant pour le PSI ayant accès à des informations privilégiées;lot 11;;
30;26;5;5.1;A;598;La carte de démarchage :;Doit être présentée par le démarcheur à toute personne démarchée à son domicile, sur demande de cette dernière;lot 9;;
30;27;5;5.1;A;663;Aucun démarchage ne peut être réalisé pour la commercialisation des produits :;Dont le risque maximum n'est pas connu au moment de la souscription;lot 9;;
30;28;5;5.1;A;666;Quel est le délai de rétractation dont dispose un client qui aurait signé un contrat d'ouverture de compte de dépôt à la suite d'une action de démarchage à domicile ?;14 jours;lot 9;;
30;29;5;5.1;A;596;Qui est en charge de la délivrance des cartes de démarchage aux personnes se livrant à une activité de démarchage bancaire ou financier?;La personne pour le compte de laquelle ces personnes agissent;lot 9;;
30;30;5;5.2;C;664;Dans le cadre de la remise d'un support d'information aux clients, certaines des informations ci-dessous doivent être présentes lesquelles ?;Les coûts et frais liés à la souscription;lot 10;;
30;31;5;5.2;C;678;Quand un épargnant souscrit un service comme la gestion de son portefeuille auprès d'un prestataire, l'information concernant les frais est à donner :;Régulièrement et au moins une fois par an;lot 11;;
30;32;6;6.1.1;A;724;Qu'est-ce que la catégorisation des clients au sens de la directive Marchés d'Instruments Financiers (MIF) ?;Une procédure décrivant les modalités de classement des clients dans 3 catégories;lot 13;;
30;33;6;6.1.1;A;1164;Un Prestataire de Services d 'Investissement (PSI) a une obligation de classification de ses clients par catégorie. Dans ce cadre, parmi les affirmations suivantes, laquelle est vrai ?;Un client peut demander à changer de catégorie;lot 13;;
30;34;6;6.1.1;A;790;Le prestataire de services d'investissement doit-il revoir régulièrement la catégorisation de ses clients ?;Le prestataire qui constate qu'un client professionnel ou une contrepartie éligible par nature ne remplit plus les conditions relatives à sa catégorie doit prendre les mesures appropriées;lot 13;;
30;35;6;6.1.1;A;803;Dans le cadre de la procédure de connaissance de ses clients, le prestataire de services d'investissement autre qu'une société de gestion de portefeuille :;Doit informer ses clients de leur catégorisation en qualité de client non professionnel, de client professionnel ou de contrepartie éligible;lot 14;;
30;36;6;6.1.1;A;767;La classification d'un client par un PSI (Prestataire de Services d'Investissement) dans la catégorie la moins experte en matière financière a quel effet ?;Le client bénéficie d'un niveau de protection le plus élevé;lot 14;;
30;37;6;6.1.2;C;821;Quelle nature de conversations téléphoniques avec un client est-il obligatoire d'enregistrer ?;Uniquement celles destinées à conclure une transaction;lot 8;;
30;38;6;6.1.2;C;1094;En matière de protection des données personnelles présentes dans des fichiers informatiques, un client :;A un droit de rectification des données stockées;lot 9;;
30;39;6;6.2;A;1011;L'information que le PSI doit fournir à son client sur les frais relatifs à l'instrument financier souscrit doit porter :;Sur l'ensemble des frais et taxes de manière détaillée;lot 1;;
30;40;6;6.2;A;1177;Lorsqu 'il propose des services d 'investissements, quelle information parmi les suivantes, le Prestataire de Services d 'Investissement (PSI) doit-il communiquer à ses clients non professionnels ?;Si le prix total à payer par le client n 'est pas encore connu, sa base de calcul, permettant au client de le vérifier;lot 1;;
30;41;6;6.2;A;890;L'obligation d'enregistrement de tout service ou transaction, prévue par le Code monétaire et financier, qui incombe au prestataire et permet à l'AMF de contrôler qu'il respecte ses obligations, s'applique-t-elle à l'avis d'opéré ?;Oui, car elle permet au prestataire de justifier du respect de ses obligations d'information à l'égard de ses clients;lot 1;;
30;42;6;6.2;A;886;Les porteurs de parts et actionnaires doivent-ils être informés sur la gestion d'un OPCVM effectuée par la société de gestion de portefeuille ?;Oui, ils doivent recevoir toute l'information nécessaire sur cette gestion;lot 1;;
30;43;6;6.2;A;1132;dans le cadre de MIF 2, quels sont notamment les documents à adresser à son client par le CIF ?;La description du type de conseil : indépendant ou pas;lot 2;;
30;44;6;6.3;A;760;"Les prestataires de services d'investissement doivent recueillir les ""informations nécessaires"" concernant les connaissances, l'expérience, la situation financière et les objectifs d'investissement du client :";Toujours avant la fourniture des services de gestion de portefeuille pour le compte de tiers;lot 13;;
30;45;6;6.3;A;738;Quel est l'objectif de l'évaluation de l'adéquation réalisée par les prestataires de services d'investissement dans le cadre de la fourniture de services d'investissement de gestion de portefeuille pour le compte de tiers à des clients?;Permettre à ces prestataires d'agir au mieux des intérêts de leurs clients;lot 13;;
30;46;6;6.3;A;946;Si un PSI est dans l'impossibilité de réaliser le test d'adéquation réglementaire, il peut seulement rendre le service :;De crédit immobilier;lot 14;;
30;47;6;6.4;A;965;Lorsque le PSI qui fournit le service de gestion de portefeuille ou qui gère un OPCVM transmet des ordres à un intermédiaire :;Il doit s'assurer que le choix de cet intermédiaire procure le meilleur résultat pour son client;lot 12;;
30;48;6;6.4;A;997;Une politique d'exécution :;Peut n'inclure qu'un seul lieu d'exécution à condition de démontrer que le meilleur résultat possible dans la plupart des cas est obtenu avec la plateforme sélectionnée;lot 12;;
30;49;6;6.4;A;956;La politique d'exécution des ordres définie par un prestataire de services d'investissements autre qu'une société de gestion de portefeuille :;Doit lui permettre d'obtenir, pour les ordres de ses clients, le meilleur résultat possible;lot 13;;
30;50;6;6.5;C;1005;Comment sont calculés les frais de transaction sur achat et vente de titres (actions ou obligations) ?;"Ils sont libres et respectent le cadre juridique de la ""publicité des tarifs bancaires""";lot 1;;
30;51;6;6.5;C;1024;Les frais de courtage sont :;Les frais liés à l'exécution des ordres de bourse;lot 1;;
30;52;6;6.6;C;1041;Le compte joint peut être ouvert entre plusieurs personnes :;Pas nécessairement parentes;lot 15;;
30;53;6;6.7;C;1054;Lorsque la situation du débiteur est irrémédiablement compromise, que peut faire la commission de surendettement ?;Mettre en place une procédure de rétablissement personnel;lot 11;;
30;54;6;6.8;C;1083;Parmi les propositions suivantes, qu'est-ce qui est exclu du dispositif de protection du FGDR (Fonds de Garantie des Dépôts et de Résolution) ?;Le contenu du coffre-fort du client;lot 2;;
30;55;6;6.8;C;1139;Quel est le délai d'indemnisation des déposants en France ?;Il est de 7 jours ouvrables;lot 2;;
30;56;6;6.9;C;1115;Le règlement général de l'AMF définit des catégories de contrats financiers visés par des mesures renforcées de protection des consommateurs. Dans la liste suivante, quel produit est concerné ?;Les CFD (contract for difference);lot 6;;
30;57;7;7.1;C;1227;Le risque opérationnel correspond pour un PSI (Prestataire de Services d'Investissement) à un risque de :;Perte lié à une défaillance de procédure;lot 12;;
30;58;7;7.1;C;1212;La volatilité est la plus forte sur :;Les actions;lot 12;;
30;59;7;7.1;C;1219;Le risque de crédit est aussi appelé :;Risque de défaut;lot 13;;
30;60;7;7.2;C;1271;Des actions de préférence :;Peuvent être assorties de droits particuliers de toute nature;lot 12;;
30;61;7;7.2;C;1296;Les actions assorties d'un droit de vote double :;Constituent des actions de préférence;lot 12;Formulation discutable;Juridiquement, le droit de vote double (art. L225-123) s'attache aux actions ordinaires détenues au nominatif depuis 2 ans, pas aux actions de préférence. Mais les deux autres choix sont faux : la base attend « constituent des actions de préférence ».
30;62;7;7.2;C;1268;"Certaines ""actions de préférence"" peuvent conférer à son détenteur";L'avantage pécuniaire tel qu'un dividende majoré;lot 12;;
30;63;7;7.3;C;1348;Le taux d'actualisation utilisé pour le calcul du prix d'une obligation à taux fixe aujourd'hui est :;Le taux de rendement actuariel;lot 8;;
30;64;7;7.3;C;1398;"Quelle est la particularité d'une obligation ""zéro coupon"" ?";Elle ne verse les intérêts capitalisés qu'au moment du remboursement;lot 8;;
30;65;7;7.3;C;1345;Quelle obligation, parmi les suivantes, n'est pas sujette à un risque de taux ?;Obligation à taux variable;lot 9;;
30;66;7;7.4;C;1414;Quelle est la durée maximum des Bons du Trésor à taux fixe émis par l'état français ?;1 an;lot 12;;
30;67;7;7.4;C;1714;L'indice de référence EURIBOR (EURo InterBank Offered Rate) est déterminé pour des maturités allant de :;1 semaine à 1 an;lot 13;;
30;68;7;7.5;C;1691;Quel titre, parmi les suivants, est considéré comme un titre hybride ?;L'obligation convertible;lot 9;;
30;69;7;7.6;C;1480;"L'initiative Priips ( ""Produits d'investissement de détail packagés"" ) de la Commission Européenne :";Se réfère à des produits vendus aux particuliers;lot 14;;
30;70;7;7.6;C;1488;Les comptes à terme :;Peuvent être à taux fixe, progressif ou variable;lot 14;;
30;71;7;7.7;C;1693;A partir de quel cours l'appel de marge est-il calculé pour les contrats à terme ?;A partir du cours de compensation du contrat en fin de journée;lot 12;;
30;72;7;7.8;C;1602;La valeur liquidative d'un OPCVM est calculée :;En divisant l'actif net de l'OPCVM par le nombre de parts ou d'actions de l'OPCVM;nouvelle;;
30;73;7;7.8;C;1553;Les frais de gestion d'un OPCVM au profit de la société de gestion, sont :;Directement provisionnés sur l'actif de l'OPCVM, préalablement au calcul de la valeur liquidative;nouvelle;;
30;74;7;7.9;C;1614;L'intermédiation en biens divers est régulée par :;L'Autorité des marchés financiers;lot 14;;
30;75;7;7.9;C;1695;Les propositions publicitaires d'investissements en biens divers sont soumises à quel type de contrôle ?;Au contrôle préalable de l'AMF;lot 14;;
30;76;7;7.10;C;1666;Un prestataire de services sur actifs numériques :;Peut recevoir et transmettre des ordres de ses clients et conserver les actifs numériques;lot 8;;
30;77;7;7.10;C;1662;"Que signifie l'acronyme ""ICO"" ?";Initial Coin Offering;lot 8;;
30;78;8;8.1;C;1730;Le dépositaire d'un OPC assure la conservation :;De tous les actifs (titres et espèces) de l'OPC;lot 5;;
30;79;8;8.2.1;C;1747;Quelle est, entre autres, l'obligation qui s'impose aux gestionnaires d'actifs ?;Les gestionnaires doivent exercer leur activité dans l'intérêt exclusif de leurs mandants;lot 4;;
30;80;8;8.2.2;C;1765;Un administrateur peut-il externaliser les fonctions liées à la fourniture d'un indice de référence ?;Oui, à condition que cette externalisation ne compromette pas significativement le contrôle qu'il exerce sur cette fourniture ou la capacité de l'autorité compétente concernée à surveiller cet indice de référence;lot 15;;
30;81;8;8.2.2;C;2014;Qu'est-ce qu'un indice de référence (Benchmark) pour un OPC ?;Une référence qui sert d'objectif à atteindre et avec laquelle seront comparées les performances obtenues;lot 15;;
30;82;8;8.4;C;1799;Quelle directive européenne a introduit le document d'information clé pour l'investisseur (DICI) ?;"La directive du 13 juillet 2009 concernant certains organismes de placement collectif en valeurs mobilières (dite ""OPCVM IV"" )";lot 11;Contexte;Le DICI (UCITS IV, 2009) a lui-même été remplacé par le DIC PRIIPs pour les investisseurs de détail depuis le 1er janvier 2023.
30;83;8;8.4;C;2013;Le cadre législatif et réglementaire qui régit les produits de placements collectifs est :;issu de la règlementation nationale et européenne;lot 12;;
30;84;8;8.5;C;1978;Un fonds professionnel à vocation générale (ex OPCVM ARIA), par ses statuts et/ou règlement, fixe :;Un seuil au-delà duquel le plafonnement des rachats peut être décidé pour une même date de centralisation;lot 7;;
30;85;8;8.5;C;1869;Les organismes de titrisation ont vocation :;A être exposés à des risques résultant notamment de l'acquisition de créances;lot 7;;
30;86;8;8.5;C;1858;La distinction entre OPCVM et FIA (Fonds d'Investissement Alternatifs) repose notamment sur :;Les ratios réglementaires d'investissement;lot 7;;
30;87;8;8.6;C;225;Une politique de gestion des Hedge funds;Est de rechercher une performance absolue de rendement à travers différentes stratégies, ayant recours ou non à des produits dérivés ou à l'effet de levier;lot 13;;
30;88;8;8.7;C;1992;L'investissement socialement responsable :;Intègre des critères extra financiers;lot 3;;
30;89;8;8.7;C;2480;Pour un gérant d'OPC, laquelle de ces trois démarches se définit comme un investissement dans la finance solidaire ?;Investir dans des ateliers protégés faisant travailler des personnes en situations de handicap;lot 3;;
30;90;8;8.7;C;2024;Parmi les labels suivants, lequel est un label soutenu par le Ministère des Finances et qui garantit le respect par les fonds accessibles aux clients non-professionnels du respect de critères ESG ?;Label ISR;lot 3;;
30;91;8;8.7;C;2498;Quels types de fonds peuvent être labellisés ISR ?;Les fonds investis en actions, en obligations ou en instruments monétaires.;lot 3;;
30;92;8;8.7;C;2547;Une obligation verte émise par l'Etat français se distingue d'une OAT classique car :;L'Etat doit publier un rapport annuel sur les investissements qu'elle finance et leur caractère vert;lot 3;;
30;93;8;8.7;C;1908;Le label Greenfin est un label :;Gouvernemental qui exclut les fonds qui continuent à investir dans des entreprises opérant dans le secteur nucléaire et les énergies fossiles;lot 3;;
30;94;8;8.7;C;1885;"La stratégie d'investissement socialement responsable ""Best-in-Class"" consiste à :";Sélectionner les meilleures entreprises de chaque secteur sans en exclure aucun;lot 3;;
30;95;8;8.7;C;2455;Pour un gérant d'OPC, laquelle de ces 3 démarches se définit comme un investissement dans la finance solidaire ?;Investir dans des ateliers protégés faisant travailler des personnes en situation de handicap;lot 3;;
30;96;8;8.7;C;2023;Parmi les labels suivants, lequel est un label créé par le ministère de la Transition écologique qui garantit l 'orientation des investissements vers le financement de la Transition énergétique et écologique ?;Label Greenfin;lot 4;;
30;97;8;8.7;C;2466;Qu'est-ce que le label GREENFIN ?;Un label créé par le Ministère de la Transition Ecologique et Solidaire, attribué aux fonds investissant dans l'économie verte et excluant les entreprises opérant dans le secteur nucléaire et les énergies fossiles;lot 4;;
30;98;8;8.7;C;1905;Dans le cadre de la gestion socialement responsable, le gérant d'un fonds à stratégie d'engagement actionnarial :;A une participation active aux assemblées générales (AG) afin d'améliorer les pratiques de l'entreprise;lot 4;;
30;99;8;8.7;C;1903;La notation extra-financière est :;Une notation qui ne se base pas uniquement sur les performances économiques d'une entreprise mais sur son respect de l'environnement, des valeurs sociales et de gouvernance;lot 4;;
30;100;8;8.7;C;2793;RSE signifie :;Responsabilité Sociale des Entreprises;lot 4;;
30;101;8;8.7;C;2506;"Parmi les critères suivants, lequel est un critère pouvant être pris en compte dans le cadre du pilier ""S"" des critères ""Environnementaux, Sociaux et de Gouvernance"" (ESG) ?";L'emploi des personnes handicapées;lot 4;;
30;102;8;8.7;C;2557;Le règlement (EU) 2019/2088, aussi appelé SFDR :;Précise les exigences de transparence vis-à-vis des produits financiers selon leur degré d’intégration des considérations durables;lot 4;;
30;103;9;9.1;C;2178;Euronext Paris a organisé son marché en trois segments A, B, C, basés sur :;La capitalisation boursière des entreprises;lot 12;;
30;104;9;9.1;C;2118;Euronext a pour mission de :;D'organiser les transactions sur les marchés des actions, des obligations et des produits dérivés;lot 12;;
30;105;9;9.2;A;2209;Sur le marché réglementé des actions, lors de la négociation en continu, un ordre d 'achat qui devient un ordre à cours limité au prix de la meilleure offre lorsqu 'il est inséré dans le carnet d'ordres, est un ordre :;A la meilleure limite;lot 5;;
30;106;9;9.2;A;2193;A défaut de comporter une indication de durée de validité, un ordre est présumé :;N'être valide que pour la journée en cours;lot 5;;
30;107;9;9.3;C;2122;Euronext doit publier :;Immédiatement le volume et le prix attachés à tous les ordres introduits dans le carnet d'ordres central;lot 10;;
30;108;9;9.4;C;2199;"Parmi ces différents statuts, quel est celui que peut adopter un ""broker"" en instruments financiers ?";Négociateur sur les marchés;lot 13;;
30;109;9;9.5;C;2176;Quel est le principal indice de la Bourse de Paris ?;CAC 40;lot 8;;
30;110;10;10.1;C;2231;Le dépositaire d'OPCVM a essentiellement pour fonctions;La conservation des actifs pour le compte de l'OPCVM et le contrôle de la régularité des actes de gestion de l'OPCVM;lot 1;;
30;111;10;10.1;C;2216;Pour obtenir l'habilitation de teneur de compte conservateur, les requérants adressent leur demande à :;L'Autorité du Contrôle Prudentiel et de Résolution (ACPR);lot 1;;
30;112;10;10.2;C;2214;Le règlement EMIR porte principalement sur quel type d'activité ?:;Les marchés dérivés de gré à gré;lot 15;;
30;113;11;11.1;C;2264;Quelle règle s'applique dans le cadre d'un sondage de marché ?;Un PSI peut diffuser aux futurs investisseurs des informations privilégiées, sous réserve de les informer du caractère privilégié et d'obtenir leur accord;lot 12;;
30;114;11;11.2;C;2752;L'émission de titres financiers à l'occasion d'une introduction en bourse ou d'une augmentation de capital se fait sur un marché :;Primaire;lot 9;;
30;115;12;12.1;C;2318;Le compte de résultat d'une entreprise :;Récapitule les produits et les charges de l'exercice, sans qu'il soit tenu compte de leur date d'encaissement ou de paiement;lot 7;;
30;116;12;12.1;C;2434;Quel poste parmi les suivants figure à l'actif du bilan comptable d'une société ?;Les immobilisations;lot 8;;
30;117;12;12.2;C;2345;Vis-à-vis du marché, les sociétés cotées sur un marché réglementé ont des obligations d'informations périodiques relatives :;A leur niveau d'activité et à leur situation financière;lot 6;;
30;118;12;12.3;C;2438;Dans le cadre de l'impôt sur le revenu, le quotient familial d'un foyer fiscal est :;Le ratio, revenu imposable divisé par le nombre de parts du foyer, utilisé pour déterminer le taux d'imposition marginal du foyer fiscal;lot 6;;
30;119;12;12.3;C;2409;Les PEL (Plan d'Epargne Logement) ouverts depuis le 1er janvier 2018 sont :;Taxables au titre du PFU (Prélèvement Forfaitaire Unique) dès la 1ère année;lot 7;;
30;120;12;12.4;C;2383;Parmi les formes de sociétés suivantes, laquelle est soumise de plein droit à l'impôt sur les sociétés (IS)?;Les sociétés anonymes;lot 6;;
31;1;1;1.1;C;21;Quel est le statut de l'AMF ?;Une autorité publique indépendante;lot 13;;
31;2;1;1.1;C;34;L'agrément et le contrôle du respect de la règlementation des établissements de crédit sont assurés par :;L'Autorité de Contrôle Prudentiel et de Résolution;lot 14;;
31;3;1;1.2.1;C;309;En cas de crise bancaire, qui peut saisir l'ACPR pour entamer une résolution ?;Le Gouverneur de la Banque de France ou le Directeur Général du Trésor;lot 15;;
31;4;1;1.2.1;C;57;Au niveau européen, il existe deux organes de régulation pour la banque et l'assurance, lesquels ?;L'EBA et l'EIOPA;lot 15;;
31;5;1;1.2.2;C;295;Quelles sont les missions du Conseil de stabilité financière ?;Surveiller le système financier mondial;lot 12;;
31;6;1;1.3;C;112;Un agent général d'assurance :;Est généralement une personne physique;lot 12;;
31;7;1;1.3;C;87;Un Conseiller en Investissement Financier (CIF) :;Doit remplir des conditions d'âge et d'honorabilité fixées par décret;lot 12;;
31;8;1;1.3;C;80;Quelle règle s'applique aux CIF - Conseillers en Investissements Financiers ?;Ils doivent adhérer à une, et une seule, association professionnelle agréée par l'AMF;lot 13;;
31;9;1;1.5.1;C;145;L'Inflation mesure la variation :;Des prix des biens et services;nouvelle;;
31;10;1;1.5.1;C;135;Comment se définit l'inflation ?;La perte du pouvoir d'achat de la monnaie;nouvelle;;
31;11;1;1.5.2;C;183;Qui publie chaque année un rapport sur la stabilité financière dans le monde ?;Le FMI au titre des rapports qu'il juge utiles pour atteindre ses objectifs;lot 12;;
31;12;1;1.5.2;C;184;Un marché volatil est un marché :;Sur lequel les cours peuvent varier fortement en peu de temps;lot 13;;
31;13;1;1.8;C;261;Qui peut être sanctionné par l'AMF?;Les personnes physiques et morales au titre de tout manquement de nature à porter atteinte à la protection des investisseurs ou au bon fonctionnement du marché;lot 15;;
31;14;1;1.8;C;235;Parmi les catégories suivantes, quels produits peuvent être désignés sous le nom de contrats financiers ?;Les contrats d'option relatifs à des instruments financiers;lot 16;;
31;15;2;2.1;A;456;Quel est le rôle principal de la fonction de conformité pour un prestataire de services d'investissement (PSI) ?;Le contrôle et l'évaluation des procédures;lot 11;;
31;16;2;2.1;A;333;Quelle règle s'applique aux personnes travaillant dans la fonction conformité ?;Elles ne sont pas impliquées dans l'exécution des services et activités qu'elles contrôlent;lot 11;;
31;17;2;2.2;A;369;Lorsqu'un collaborateur signale un manquement au code de déontologie, il exerce :;Sa faculté d'alerte éthique;lot 12;;
31;18;2;2.2;A;806;"Dans quelle situation les ""personnes concernées"" sont-elles soumises à des règles particulières ?";Lors de transactions personnelles;lot 12;;
31;19;2;2.3;A;424;Quand les prestataires de services d'investissement traitent les réclamations des clients, un enregistrement :;Est obligatoire pour la réclamation et les mesures prises;lot 14;;
31;20;2;2.3;A;425;Constitue une réclamation au sens du Règlement Général de l'Autorité des Marchés Financiers (AMF):;Un appel téléphonique d'un client faisant acte de son mécontentement envers un prestataire ayant fourni un conseil en investissement;lot 14;;
31;21;3;3;A;493;TRACFIN (Traitement du Renseignement et Action contre les Circuits Financiers clandestins) doit remplir plusieurs missions. Lesquelles ?;Collecter les déclarations de soupçon, les analyser et enquêter;lot 2;;
31;22;3;3;A;475;Qu'est-ce que le GAFI ?;Le Groupe d'Action Financière (GAFI) est un organisme intergouvernemental qui a pour objectif de concevoir et de promouvoir des politiques de lutte contre le blanchiment de capitaux et le financement du terrorisme, aussi bien à l'échelon national qu'international;lot 2;;
31;23;3;3;A;522;Avant l'entrée en relation, puis pendant la durée de la relation, dans quel cas y-a-t-il obligation de vigilance renforcée ?;Le client est une personne politiquement exposée;lot 3;;
31;24;4;4;A;540;Que risque un salarié qui alerte l'AMF lorsqu'il soupçonne une opération potentiellement constitutive d'un abus de marché ?;Aucune sanction s'il agit de bonne foi et de manière désintéressée;lot 11;;
31;25;4;4;A;560;Une déclaration à l'AMF sur une opération doit être réalisée dès lors:;Qu'il y a suspicion de délit d'initié ou de manipulation de cours;lot 12;;
31;26;5;5.1;A;604;Le fait de se rendre physiquement au domicile des personnes constitue un acte de démarchage :;Quelle que soit la personne à l'initiative de la démarche;lot 10;;
31;27;5;5.1;A;2622;Une entreprise peut recourir au démarchage téléphonique :;Aux jours et horaires et selon la fréquence déterminée par décret;lot 10;;
31;28;5;5.1;A;584;Quels sont les produits pour lesquels le démarchage est interdit ?;Les produits dont le risque maximum n'est pas connu au moment de la souscription;lot 10;;
31;29;5;5.1;A;610;Dans le cadre de MIF 2, qui définit les canaux de distribution du produit ?;Le producteur;lot 10;;
31;30;5;5.2;C;665;Le DICI ou KID est un document d'information clé pour l'investisseur, ce document :;Remplace le prospectus simplifié présentant des informations essentielles sur les OPC;lot 11;Réponse dépassée;Depuis le 1er janvier 2023, le DICI des OPCVM est remplacé par le DIC PRIIPs pour les investisseurs non professionnels (indicateur de risque SRI de 1 à 7 et 4 scénarios de performance). Les questions sur le DICI restent dans la base : retiens leurs réponses (remise avant souscription, échelle 1 à 7, frais…), qui valent aussi pour le DIC.
31;31;5;5.2;C;689;Comment s'appelle le document d'information précontractuelle pour les OPCVM ?;Le Document d'informations clés pour l'investisseur;lot 12;Réponse dépassée;Depuis le 1er janvier 2023, le DICI des OPCVM est remplacé par le DIC PRIIPs pour les investisseurs non professionnels (indicateur de risque SRI de 1 à 7 et 4 scénarios de performance). Les questions sur le DICI restent dans la base : retiens leurs réponses (remise avant souscription, échelle 1 à 7, frais…), qui valent aussi pour le DIC.
31;32;6;6.1.1;A;1152;Que peut faire le PSI lors de la détermination des objectifs et de l'horizon d'investissement du client ?;Il peut proposer une liste d'objectifs d'investissement;lot 14;;
31;33;6;6.1.1;A;1128;Quelle catégorie de client ne fait pas partie des définitions contenues dans la directive européenne MIF2 ?;Les prospects;lot 14;;
31;34;6;6.1.1;A;742;Au regard de la réglementation, un client professionnel est un client qui :;Possède les connaissances, l'expérience et la compétence nécessaires pour prendre ses propres décisions d'investissement et évaluer correctement les risques encourus;lot 14;;
31;35;6;6.1.1;A;788;Que doit faire le PSI lorsqu'un client apporte des réponses manifestement incohérentes lors du questionnaire ?;Le PSI doit être capable de les identifier et d'attirer l'attention du client sur cette situation;lot 15;;
31;36;6;6.1.1;A;799;Quelles sont les obligations des Prestataires de Services d'Investissements (PSI) en matière de connaissance du client non professionnel ?;Déterminer les connaissances et expérience du client en matière d'investissements financiers;lot 15;;
31;37;6;6.1.2;C;1170;Toute personne dispose de droits concernant l 'enregistrement et les traitements d 'informations à caractère personnel. Ainsi, toute personne a le droit :;De savoir si des informations la concernant figurent dans un fichier informatique;lot 9;;
31;38;6;6.1.2;C;1147;Pendant combien de temps les prestataires de services d'investissements, autres que les sociétés de gestion de portefeuille, doivent-ils conserver, en principe, les enregistrements de tout service qu'ils fournissent et de toute transaction qu'ils effectuent?;Cinq ans;lot 10;;
31;39;6;6.2;A;879;Quel historique doit être mentionné dans l'indication des performances passées d'un instrument ou d'un indice financier ?;Les 5 dernières années;lot 2;;
31;40;6;6.2;A;854;Quelles doivent être les caractéristiques de l'information communiquée au client sur les performances passées d'un produit financier ?;Les données doivent porter sur les 5 dernières années minimum ou sur la durée depuis laquelle le service existe et pour des tranches complètes de 12 mois;lot 2;;
31;41;6;6.2;A;853;Que doit faire le PSI en matière d'information du client sur la politique en matière de conflits d'intérêt ?;Informer son client si les mesures prises pour éviter les conflits d'intérêt ne suffisent pas à garantir d'éviter les risques de porter atteinte à ses intérêts;lot 2;;
31;42;6;6.2;A;908;La politique d'exécution des ordres, pour un client non professionnel est un document :;Communiqué aux clients avant la prestation de services;lot 2;;
31;43;6;6.2;A;866;Quelles caractéristiques doit avoir l'information sur un instrument financier adressée par le PSI à ses clients non professionnels ?;Claire, exacte et non trompeuse;lot 3;;
31;44;6;6.3;A;757;Que doit faire un prestataire de services d'investissement si son client qui a sollicité un conseil en investissement financier ne lui fournit pas les informations demandées ?;Il doit s'abstenir de recommander à ce client des instruments financiers ou de gérer son portefeuille;lot 14;;
31;45;6;6.3;A;950;Quels sont les deux tests qui permettent aux PSI de formaliser leurs diligences règlementaires vis-à-vis de leurs clients ?;Le test d'adéquation et le test de caractère approprié;lot 14;;
31;46;6;6.3;A;2616;Les prestataires de services d'investissement qui reçoivent des rémunérations, commissions ou avantages non monétaires en rapport avec la fourniture d’un service d’investissement ou d’un service connexe :;Doivent fournir au moins une fois par an à leurs clients une information individualisée portant sur le montant réel du ou des paiements ou avantages reçus;lot 15;;
31;47;6;6.4;A;1186;Dans le cadre de la politique de meilleure exécution, lorsqu 'un Prestataire de Services d'Investissement (PSI) exécute des ordres pour le compte de clients non professionnels, le meilleur résultat possible doit être déterminé :;Sur la base du coût total c 'est-à-dire le prix de l'instrument financier augmenté des coûts liés à l'exécution;lot 13;;
31;48;6;6.4;A;2710;Lorsque les PSI exécutent des ordres pour le compte de clients non professionnels, le meilleur résultat possible est déterminé :;Sur la base du coût total;lot 13;;
31;49;6;6.4;A;987;Lorsque les ordres peuvent être exécutés en dehors d'un marché réglementé ou d'un système multilatéral de négociation (SMN) :;Le client doit l'accepter expressément;lot 14;;
31;50;6;6.5;C;1037;La commission de rachat équivaut :;Au droit de sortie;lot 2;;
31;51;6;6.5;C;1040;Que peut comprendre la rémunération de la gestion de portefeuille sous mandat ?;La commission de gestion et la commission de surperformance;lot 2;;
31;52;6;6.6;C;1046;Dans quel document les modalités de dénonciation d'un mandat de gestion doivent-elles figurer ?;Dans le mandat de gestion signé par les clients;lot 1;;
31;53;6;6.7;C;1062;Les particuliers concernés par des incidents de paiement caractérisés et les plans conventionnels ou judiciaires de redressement sont recensés par le fichier :;FICP;lot 12;;
31;54;6;6.8;C;1092;Comment est calculé le plafond d'indemnisation par le fonds de garantie des dépôts et de résolution ?;Par déposant et par établissement;lot 3;;
31;55;6;6.8;C;1200;Le système de garantie des dépôts :;Est progressivement harmonisé au niveau européen dans un système de fonds européen de garantie des dépôts;lot 3;;
31;56;6;6.9;C;1123;L'AMF interdit la commercialisation, la distribution et la vente, en France ou à partir de la France, d'options binaires à des :;Clients non professionnels;lot 7;;
31;57;7;7.1;C;1213;Le rendement d'une action est égal :;Au rapport du dividende sur le cours de l'action;lot 13;;
31;58;7;7.1;C;1228;Le risque opérationnel est :;Le risque de pertes résultant d'une inadéquation ou d'une défaillance des processus, du personnel et systèmes internes, ou à des événements extérieurs;lot 13;;
31;59;7;7.1;C;1211;La volatilité d'un instrument financier est définie généralement à partir de :;L'écart-type des variations de cours;lot 14;;
31;60;7;7.2;C;1702;Parmi les titres suivants, lequel peut être admis à la négociation sur un marché réglementé ?;Les actions des sociétés anonymes;lot 13;;
31;61;7;7.2;C;1305;Les assemblées d'actionnaires dans les sociétés anonymes :;Nomment, révoquent ou remplacent les conseils d'administration;lot 13;;
31;62;7;7.2;C;1332;Une action ordinaire :;Peut distribuer un dividende et confère un droit de vote à son détenteur;lot 13;;
31;63;7;7.3;C;1374;Le remboursement des obligations zéro-coupon se fait :;In fine;lot 9;;
31;64;7;7.3;C;2726;Quand les taux d'intérêt évoluent, la valeur du coupon d'une obligation à taux variable :;Varie;lot 9;;
31;65;7;7.3;C;1400;A quoi correspond le coupon couru d'une obligation ?;Au prorata d'intérêt depuis le dernier paiement de coupon;lot 10;;
31;66;7;7.4;C;2565;Qui calcule et publie l'€STER (EURO Short Term Rate) ?;La Banque centrale européenne (BCE) publie l'€STER calculé sur la base des transactions des prêts interbancaires de plus d’un million d’euros réalisées la veille;lot 13;;
31;67;7;7.4;C;1408;Que signifie le sigle EURIBOR ?;Euro Interbank Offered Rate;lot 14;;
31;68;7;7.5;C;1462;Les titres subordonnés :;Sont des titres représentatifs d'une dette mais qui peuvent être néanmoins assimilés à des fonds propres;lot 10;;
31;69;7;7.6;C;1507;Le taux du livret jeune est :;Librement fixé par chaque établissement bancaire mais ne peut être inférieur à 0,75 %;lot 15;Réponse dépassée;"Le taux du livret jeune est libre mais ne peut pas être inférieur au taux du livret A. Les 0,75 % de la base correspondent à l'ancien taux du livret A ; la question figure d'ailleurs aussi dans la liste des questions supprimées."
31;70;7;7.6;C;1482;Les fonds investis dans un compte à terme :;Peuvent être débloqués si le contrat le prévoit, avec éventuellement des pénalités;lot 15;;
31;71;7;7.7;C;1526;Dans une transaction sur contrat Future, le prix d'achat ou de vente à la date future :;Est fixé à la date de la transaction;lot 13;;
31;72;7;7.8;C;1555;L'actif d'un OPCI (Organisme de Placement Collectif Immobilier) est principalement investi en :;Actifs immobiliers;nouvelle;;
31;73;7;7.8;C;2734;L’introduction ou la modification concernant des gates dans le règlement et les statuts d’un organisme de placement collectif :;Doit être agréée par l’AMF puis faire l’objet d’une information particulière des porteurs leur proposant de sortir de l’organisme de placement collectif sans frais.;nouvelle;;
31;74;7;7.9;C;1608;L'AMF contrôle les documents d'information des investissements en biens divers :;A priori pour tous les biens divers;lot 15;;
31;75;7;7.9;C;1615;Toute personne qui propose à un ou plusieurs clients ou clients potentiels d'acquérir des droits sur un ou plusieurs biens en mettant en avant la possibilité d'un rendement financier direct ou indirect ou ayant un effet économique similaire est :;Intermédiaire en biens divers;lot 15;;
31;76;7;7.10;C;1672;Un émetteur qui souhaite lever des fonds grâce à une Initial Coin Offering (ICO) doit-il demander un VISA à l'AMF pour ce faire ?;Non, ce VISA est optionnel;lot 9;Réponse dépassée;Régime français des ICO (loi PACTE, visa AMF optionnel) remplacé par le règlement européen MiCA (applicable depuis le 30/12/2024) : pour une offre au public de crypto-actifs, un livre blanc est obligatoire et notifié à l'autorité. Réponse de la base : visa optionnel.
31;77;7;7.10;C;2562;Quelle est la caractéristique qui rend l'usage des actifs numériques attractif pour les opérations frauduleuses ?;Ils permettent des transactions sous pseudonyme ou sous anonymat;lot 9;;
31;78;8;8.1;C;1729;La fonction principale d'un dépositaire est :;La conservation des actifs et le contrôle de la régularité des décisions de l'OPCVM;lot 6;;
31;79;8;8.2.1;C;1755;Quel est l'objectif du ratio d'emprise pour un OPCVM :;Il limite la capacité d'un OPCVM d'exercer une influence notable sur la gestion d'un émetteur;lot 5;;
31;80;8;8.2.2;C;2780;La performance relative d'un fonds :;Est évaluée par comparaison à une autre référence;lot 1;;
31;81;8;8.2.2;C;1964;Concernant la gestion benchmarkée, laquelle de ces affirmations est juste ?;La performance de l'OPC s'analyse par rapport à l'indice de référence indiqué dans son DICI;lot 1;;
31;82;8;8.4;C;2743;Le fait de gérer des portefeuilles incluant un ou plusieurs instruments financiers dans le cadre d'un mandat donné par un tiers relève d'une gestion sous mandat :;Discrétionnaire et individualisée;lot 12;;
31;83;8;8.4;C;1813;Dans le cadre de la gestion individuelle sous mandat, l'investisseur :;Donne procuration au gérant;lot 13;;
31;84;8;8.5;C;1857;A quelle condition une SCPI peut-elle faire une offre au public ?;Après avoir établi une note d'information visée par l'AMF et un bulletin de souscription;lot 8;;
31;85;8;8.5;C;2777;Les Organismes de Placement Collectif dans l'Immobilier :;Sont une catégorie de FIA;lot 8;;
31;86;8;8.5;C;1838;Qu'est-ce qu'un Exchange traded fund - (ETF) ?;Un fonds indiciel coté en continu et négocié en bourse;lot 8;;
31;87;8;8.6;C;1883;La gestion active d'un fonds d'investissement consiste à :;Choisir chacun des titres composant le portefeuille, dans le but d'obtenir une performance supérieure à celle du marché;lot 14;;
31;88;8;8.7;C;2544;Quel indice est un indice boursier éthique ?;Le Dow Jones Sustainability (DJSI) Monde;lot 4;;
31;89;8;8.7;C;2593;Dans le cadre du règlement européen sur la publication d'informations en matière de durabilité, quelles sont les informations institutionnelles à publier ?;Les informations relatives aux politiques générales adoptées dans les processus de décision d’investissement;lot 4;;
31;90;8;8.7;C;2592;Quel est le principal objectif du règlement européen relatif à la publication d’informations en matière de durabilité dans le secteur des services financiers ?;Renforcer les obligations d'information concernant les produits financiers liés aux facteurs environnementaux, sociaux ou de gouvernance;lot 4;;
31;91;8;8.7;C;2484;Les critères ESG regroupent des critères :;Environnementaux, Sociaux et de Gouvernance;lot 4;;
31;92;8;8.7;C;1888;Pour obtenir le label ISR (Investissement Socialement Responsable) pour un fonds d'investissement, une société de gestion doit déposer un dossier spécifique auprès :;D'un organisme de certification accrédité;lot 4;;
31;93;8;8.7;C;2789;Les critères ESG permettent d'évaluer :;La prise en compte du développement durable et des enjeux de long terme dans la stratégie des acteurs économiques;lot 4;;
31;94;8;8.7;C;2485;S'agissant des critères ESG, laquelle de ces pratiques relève du pilier E (environnement) ?;Le recyclage des déchets;lot 4;;
31;95;8;8.7;C;1906;Parmi les affirmations suivantes relatives au label Finansol, laquelle est correcte ?;Il a été créé pour distinguer les produits d'épargne solidaire des autres produits d'épargne auprès du grand public;lot 4;;
31;96;8;8.7;C;2541;Qui est en charge de la surveillance de la qualité de l'information fournie par les sociétés de gestion de portefeuille (SGP) en matière d'impact climatique de leurs investissements ?;l'AMF;lot 5;;
31;97;8;8.7;C;2515;Les FIA sont-ils assujettis à l'obligation de communiquer sur l'aspect Finance durable de leurs investissements ?;Oui, au même titre que les autres intervenants de marché;lot 5;;
31;98;8;8.7;C;2795;Le label ISR a été créé par :;Le Ministère des Finances;lot 5;;
31;99;8;8.7;C;2458;Parmi les affirmations suivantes, laquelle décrit le mieux la stratégie d'investissement en matière d'ISR, dite d'exclusion ?;Avec cette stratégie, les émetteurs ou secteurs qui ont une part significative de leur activité liée à des pratiques jugées néfastes pour l'environnement ou la société sont exclus de l'univers d'investissement;lot 5;;
31;100;8;8.7;C;2550;"Le label ""Investissement Socialement Responsable"" est attribué pour une durée :";De 3 ans renouvelable;lot 5;;
31;101;8;8.7;C;2482;Trucost est une agence spécialisée sur l'analyse et la notation :;Des impacts environnementaux des entreprises;lot 5;;
31;102;8;8.7;C;2501;Dans la mise en place d'une démarche de type RSE, une entreprise doit :;Limiter son impact sur ses sites de production, les sites de ses sous-traitants et sa chaine d'approvisionnement;lot 5;;
31;103;9;9.1;C;2676;Euronext Growth est :;Un MTF;lot 13;;
31;104;9;9.1;C;2182;Les produits dérivés négociés sur des marchés organisés :;Sont standardisés en termes d'échéances et de montants;lot 13;;
31;105;9;9.2;A;2067;Sur le marché Euronext Paris, à quel moment des séances de cotation, le système détermine un prix d'équilibre (i.e. prix qui maximise le volume de titres échangés) ?;Au fixing d'ouverture et au fixing de clôture;lot 6;;
31;106;9;9.2;A;2167;Quelle est la bonne réponse sur les modalités de transmission des ordres de bourse ?;Les ordres sont exécutés en priorité en fonction du meilleur prix proposé;lot 6;;
31;107;9;9.3;C;2080;Les cours auxquels sont effectuées les transactions sur les marchés réglementés sont :;Publiés par l'entreprise de marché;lot 11;;
31;108;9;9.4;C;2135;Le teneur de marché sur Euronext Paris:;Est doté d'un accès direct et continu à la négociation des ordres et transmet en continu des prix à l'achat et à la vente;lot 14;;
31;109;9;9.5;C;2211;Parmi les prestataires de services de communication de données suivant, lequel correspond à un APA, Approved Publication Arrangement (dispositif de déclaration agréé) ?;Un prestataire qui publie les transactions réalisées par des entreprises d 'investissement en dehors des plateformes de négociation;lot 9;;
31;110;10;10.1;C;2240;Qui approuve les règles de fonctionnement du dépositaire central ?;L'AMF;lot 2;;
31;111;10;10.1;C;2239;Le dépositaire central de titres Euroclear France a notamment pour rôle :;D'assurer les virements de compte à compte des titres financiers entre participants;lot 2;;
31;112;10;10.2;C;2261;Si un investisseur ne peut répondre à l 'appel de marge exigé par la chambre de compensation suite à une variation défavorable de sa position sur des instruments financiers à terme :;La chambre de compensation peut procéder à la clôture de la position du client et utiliser le dépôt de garantie pour faire face à la perte potentielle;lot 1;;
31;113;11;11.1;C;2271;Qui est autorisé à diffuser les documents officiels relatifs à une émission de titres sur le marché ?;L'AMF et l'émetteur;lot 13;;
31;114;11;11.2;C;2290;Dans le cadre d'une introduction sur Euronext Paris, quel pourcentage de capital la société doit-elle au minimum diffuser ?;Au minimum 25 % de son capital ou 5 % si cela représente au moins 5 millions d'euros;lot 10;;
31;115;12;12.1;C;2435;Quel poste parmi les suivants figure au passif du bilan comptable d 'une société ?;Les dettes fournisseurs;lot 8;;
31;116;12;12.1;C;2444;Parmi les Soldes Intermédiaires de Gestion déterminés d 'après le compte de résultat de l 'entreprise, lequel est égal à la Valeur Ajoutée moins le montant des charges de personnel, les impôts et les taxes de l 'entreprise ?;L'Excédent Brut d 'Exploitation (EBE);lot 9;;
31;117;12;12.2;C;2624;Le Document d'Enregistrement Universel (DEU) doit être soumis à la fois à l'AMF et à l'AEMF (Autorité Européenne des Marchés Financiers) ?;Non. L'AMF notifie le certificat d'approbation à l'AEMF;lot 7;;
31;118;12;12.3;C;2766;Lors de la vente de titres financiers, le fait générateur de l'imposition est :;Le transfert de propriété, lequel intervient 2 jours ouvrés après l'exécution de l'ordre de bourse;lot 7;;
31;119;12;12.3;C;2377;Quelle est la caractéristique de l'impôt sur le revenu des particuliers (IRPP) ?;Il s'agit d'un impôt progressif;lot 8;;
31;120;12;12.4;C;2389;Quelle est la société dont les bénéfices sont soumis de plein droit (sans option) à l‘impôt sur les sociétés ?;La SA (Société anonyme);lot 7;;
32;1;1;1.1;C;23;L'autorité de Contrôle Prudentiel et de résolution (ACPR) est une autorité :;Adossée à la Banque de France;lot 14;Piège;L'ACPR est juridiquement une autorité administrative indépendante ET adossée à la Banque de France. La base attend « adossée à la Banque de France ».
32;2;1;1.1;C;1079;Le Comité Consultatif du Secteur Financier (CCSF) a pour fonction :;D'étudier les questions liées aux relations entre les établissements financiers et leurs clientèles;lot 15;;
32;3;1;1.2.1;C;38;Le passeport européen pour les instruments et les établissements financiers permet :;Ce passeport permet la reconnaissance mutuelle des agréments délivrés dans chaque pays européen par les autorités compétentes;lot 16;;
32;4;1;1.2.1;C;62;La Directive sur les systèmes de garantie des dépôts (SGD) prévoit une contribution des banques basée :;Sur leur profil de risque et le montant des dépôts garantis;lot 16;;
32;5;1;1.2.2;C;2670;Le Financial Stability Board est un organisme;International;lot 13;Erreur de la base;La base donne « Européen » : c'est FAUX. Le FSB (Conseil de stabilité financière) est un organisme INTERNATIONAL créé par le G20 en 2009. Si la question tombe, réponds « International ».
32;6;1;1.3;C;77;Quelle est l'une des conditions d'accès à la profession de Conseiller en Investissements Financiers ?;Une formation professionnelle adaptée;lot 13;;
32;7;1;1.3;C;96;Outre le conseil, quelles activités un CIF (conseiller en investissements financiers) peut-il pratiquer, sous réserve de respecter les obligations légales afférentes ?;Il peut faire des opérations de démarchage financier en vue d'obtenir un accord sur une prestation de conseil en investissement (sous certaines conditions);lot 13;;
32;8;1;1.3;C;98;Un IOBSP (Intermédiaire en opérations de banque et en services de paiement) est :;Une personne qui, contre rémunération, aide à la conclusion d'opérations de banque ou de services de paiement;lot 14;;
32;9;1;1.5.1;C;159;Dans le cadre de la politique monétaire, la Banque centrale européenne fixe :;Les taux directeurs;nouvelle;;
32;10;1;1.5.1;C;2751;Un marché financier est un lieu où les acteurs du marché (acheteurs, vendeurs) se rencontrent pour négocier des produits financiers. Il permet de financer l'économie, tout en permettant aux investisseurs de placer leur épargne :;Ce lieu est physique ou virtuel;nouvelle;;
32;11;1;1.5.2;C;272;le marché des changes;Est un marché non régulé;lot 13;;
32;12;1;1.5.2;C;208;"La ""liquidité"" d'un marché est étroitement liée au :";Volume de transactions quotidiennes effectuées sur ce marché;lot 14;;
32;13;1;1.8;C;243;Quel est l'organe de l'AMF qui peut ordonner qu'il soit mis fin aux manquements aux obligations législatives, réglementaires ou professionnelles :;Le collège;lot 1;;
32;14;1;1.8;C;232;Dans quel cas les sociétés de gestion ont elles besoin d'être agréées par l'AMF ?;Quand leur objet social unique est la gestion de produits collectifs;lot 1;;
32;15;2;2.1;A;358;Quel est le champ d'intervention de la conformité pour un PSI ?;Tous les secteurs d'activité du PSI;lot 12;;
32;16;2;2.1;A;469;L 'obligation pour les PSI de diffuser une information dont le contenu est exact, clair et non trompeur et permet le cas échéant aux clients de prendre leur décision en connaissance de cause s 'impose :;Pour toutes les communications à destination des clients;lot 12;;
32;17;2;2.2;A;375;"Les procédures dites ""muraille de Chine"" doivent permettre :";De prévenir la circulation indue d'informations privilégiées;lot 13;;
32;18;2;2.2;A;366;"Que signifient les expressions ""murailles de Chine"" ou ""barrières à l'information""?";L'identification de toute entité (secteur, service, département...) susceptible de détenir des informations privilégiées et la séparation de ces entités au sein desquelles des personnes concernées sont susceptibles de détenir des informations privilégiées;lot 13;;
32;19;2;2.3;A;467;La procédure de traitement des réclamations au sein des PSI implique que le client puisse d 'abord présenter sa réclamation à son interlocuteur habituel avant de se tourner vers un service dédié au traitement des réclamations. Ce service doit être autant que possible :;Séparé des équipes opérationnelles pouvant être mises en cause;lot 15;;
32;20;2;2.3;A;414;Entre dans le champ de compétence du médiateur de l'AMF en cas de litige :;L'épargne salariale;lot 15;;
32;21;3;3;A;2589;Dans le cadre d'une entrée en relation à distance, que doit faire un organisme financier pour vérifier l'identité du client ?;Recueillir la copie d’un document officiel en cours de validité et une signature électronique certifiée par un prestataire de service qualifié;lot 3;;
32;22;3;3;A;486;A partir de quel montant les opérations en espèces effectuées sur un compte dépôt doivent-elles être déclarées à TRACFIN ?;10 000 € sur un mois calendaire;lot 3;;
32;23;3;3;A;534;Quel type d'organisation est le GAFI (Groupe d'action financière) ?;Un organisme intergouvernemental regroupant un nombre limité de pays;lot 4;;
32;24;4;4;A;378;Quelles personnes sont concernées par les listes d'initiés ?;"Uniquement les ""personnes concernées"" c'est-à-dire celles disposant d'informations privilégiées";lot 12;;
32;25;4;4;A;550;Combien de temps, au minimum, tout émetteur doit-il afficher et conserver sur son site internet toutes les informations privilégiées qu'il est tenu de publier?;Cinq ans;lot 13;;
32;26;5;5.1;A;580;La personne démarchée et qui a signé un contrat pour la fourniture d'un service d'investissement dispose d'un délai de :;Quatorze jours calendaires révolus pour exercer son droit de rétractation, sans avoir à justifier de motifs ni à supporter de pénalités;lot 11;;
32;27;5;5.1;A;636;Un client démarché à son domicile :;Peut demander à consulter la carte du démarcheur;lot 11;;
32;28;5;5.1;A;2649;Toutes les informations adréssées par un PSI autre qu'une société de gestion de portefeuille à des clients présentent :;Un contenu exact, clair et non trompeur;lot 11;;
32;29;5;5.1;A;626;Il y a démarchage bancaire et financier lorsqu'un contact commercial auprès d'un prospect s'exerce :;Par téléphone;lot 11;;
32;30;5;5.2;C;658;Parmi les affirmations suivantes relatives au document d'information clé pour l'investisseur d'un OPCVM, laquelle est correcte ?;Il contient des informations correctes, claires et non trompeuses et cohérentes avec les parties correspondantes du prospectus de l'OPCVM;lot 12;;
32;31;5;5.2;C;686;Le DICI (Document d'information clé pour l'investisseur) d'un OPCVM :;Comporte les informations sur les frais d'entrée et de sortie ainsi que les frais courants;lot 13;Réponse dépassée;Depuis le 1er janvier 2023, le DICI des OPCVM est remplacé par le DIC PRIIPs pour les investisseurs non professionnels (indicateur de risque SRI de 1 à 7 et 4 scénarios de performance). Les questions sur le DICI restent dans la base : retiens leurs réponses (remise avant souscription, échelle 1 à 7, frais…), qui valent aussi pour le DIC.
32;32;6;6.1.1;A;786;La catégorisation des clients est faite par :;Le prestataire de services financiers;lot 15;;
32;33;6;6.1.1;A;1162;"Depuis la mise en place de Directive européenne 2004/39/CE dite ""Marchés d'Instruments Financiers"" , les clients sont en droit de connaître la catégorie de classification à laquelle ils appartiennent :";Dans tous les cas;lot 15;;
32;34;6;6.1.1;A;723;Les catégorisations de clients suivantes sont possibles : 1. Client professionnel 2. Client non professionnel 3. Contrepartie non éligible;"1 et 2
A. 1 et 2
B. 2 et 3
C. 1, 2 et 3";lot 15;;
32;35;6;6.1.1;A;1168;Pour répondre à l 'obligation de s'assurer de l 'identité d'un client personne morale, il suffit que celui-ci présente au Prestataire de Services d 'Investissement (PSI) :;Un extrait de registre officiel de moins de trois mois indiquant la dénomination, la forme juridique, l'adresse du siège social et l'identité des associés et dirigeants sociaux de la personne morale;lot 16;;
32;36;6;6.1.1;A;798;Concernant la catégorisation d'un client, que pouvez-vous affirmer ?;Un client professionnel peut demander au PSI de le considérer comme non professionnel pour une transaction déterminée;lot 16;;
32;37;6;6.1.2;C;815;En cas de non-respect de la loi Informatique et Liberté, la CNIL :;Peut infliger une sanction financière dès le premier manquement;lot 10;;
32;38;6;6.1.2;C;2700;En matière de RGPD, le «consentement» d'une personne à ce que ses données à caractère personnel fassent l'objet d'un traitement n'est valable par une déclaration ou par un acte positif clair, de façon :;Libre, spécifique, éclairée et univoque;lot 11;;
32;39;6;6.2;A;845;Lorsqu'un PSI communique des informations sur des performances futures d'un instrument financier, laquelle de ces affirmations est exacte ?;Les informations reposent sur des hypothèses raisonnables fondées sur des éléments objectifs;lot 3;;
32;40;6;6.2;A;900;Quelle information le PSI doit-il obligatoirement donner au client non professionnel ?;Une brève description des mesures de protection des instruments financiers ou des espèces qu'il détient pour le compte des clients;lot 3;;
32;41;6;6.2;A;735;Quelles informations le prestataire de services d'investissement (PSI) doit-il donner à ses clients sur les instruments financiers ?;Il doit donner une description générale de la nature et des risques des instruments financiers en tenant compte notamment de la catégorisation de son client en tant que client non professionnel ou client professionnel;lot 3;;
32;42;6;6.2;A;881;Un avis d'opéré doit obligatoirement être adressé au client :;Après chaque exécution d'ordre;lot 3;;
32;43;6;6.2;A;877;Quel degré de précision doit apparaître sur l'avis d'opération envoyé au client ?;Il doit préciser la journée et l'heure d'exécution de l'ordre;lot 4;;
32;44;6;6.3;A;931;"Pour un PSI, servir au mieux ""l'intérêt du client"" repose sur quel type d'obligation ?";Une obligation de moyens;lot 15;;
32;45;6;6.3;A;916;Dans quel cas le PSI n'est-il pas tenu d'évaluer si l'instrument financier ou le service est adapté au client ?;Lors de la fourniture du service d'exécution simple des ordres;lot 15;;
32;46;6;6.3;A;942;De quelle manière les prestataires de services d'investissement doivent-ils informer leurs clients que l'évaluation de l'adéquation a pour objectif de permettre au prestataire d'agir au mieux de leurs intérêts ?;De manière claire et simple;lot 16;;
32;47;6;6.4;A;970;Quelle est l'obligation des prestataires de services d'investissement (PSI) en matière de politique d'exécution des ordres ?;Les prestataires de services d'investissement obtiennent le consentement préalable de leurs clients sur leur politique d'exécution des ordres;lot 14;;
32;48;6;6.4;A;967;A quelle fréquence le PSI réexamine-t-il sa politique de sélection des intermédiaires ?;Annuellement et à chaque modification substantielle;lot 14;;
32;49;6;6.4;A;2705;La politique d'exécution :;Contient des informations générales et standard;lot 15;;
32;50;6;6.5;C;1008;Les droits de garde sont prélevés par :;Le prestataire de services d'investissement (PSI), teneur du compte;lot 3;;
32;51;6;6.5;C;1028;Dans quel cas la commission de gestion d'un OPC peut-elle comprendre une part variable liée à la surperformance de l'OPC ?;Lorsqu'elle est expressément prévue dans le DICI et qu'elle est cohérente avec l'objectif de gestion;lot 3;;
32;52;6;6.6;C;1050;Quel régime de protection permet à une personne majeure incapable de conserver l'exercice de ses droits mais dont les actes peuvent être annulés s'ils nuisent à ses intérêts ?;Le régime de la curatelle;lot 2;Piège;"La définition donnée (conserve l'exercice de ses droits, actes annulables s'ils lui nuisent) correspond juridiquement à la sauvegarde de justice ; comme elle n'est pas proposée, la base attend « curatelle »."
32;53;6;6.7;C;1061;Parmi les situations suivantes, laquelle doit attirer l'attention du prestataire de services d'investissement (PSI) sur la situation financière de son client personne physique ?;L'inscription du client sur le fichier FICP;lot 13;;
32;54;6;6.8;C;1138;en France, quel est le plafond d'indemnisation des comptes courants par déposant et par établissement, en cas de résolution bancaire ?;100 000 Euros;lot 4;;
32;55;6;6.8;C;1072;Le fonds de garantie et de résolution intervient sur demande :;De l'Autorité de contrôle prudentiel et de résolution;lot 4;;
32;56;6;6.9;C;1203;"Les CFD (contracts for difference) sont des instruments financiers spéculatifs pariant sur des variations à la hausse ou à la baisse d 'un ""actif sous-jacent"" (un indice, une action, etc) que l 'investisseur ne détient pas. Depuis le 1er août 2018, la commercialisation des CFD aux investisseurs particuliers :";A été restreinte avec notamment une limitation de l 'effet de levier possible selon les sous-jacents;lot 8;;
32;57;7;7.1;C;1246;Parmi les instruments suivants, lequel représente un titre de propriété ?;Une action;lot 14;;
32;58;7;7.1;C;1264;Un investisseur qui détient une obligation et qui compte la vendre avant sa maturité encourt :;Un risque de liquidité, risque de marché et un risque de crédit;lot 14;;
32;59;7;7.1;C;1221;Le risque de dysfonctionnement du marché est un risque :;Opérationnel;lot 15;;
32;60;7;7.2;C;1288;Le PER (Price Earning Ratio) correspond :;Au cours de bourse divisé par le bénéfice net par action;lot 14;;
32;61;7;7.2;C;1299;Les actions ordinaires confèrent aux détenteurs :;Un droit de vote et un droit au dividende;lot 14;;
32;62;7;7.2;C;1295;Les actions à droit de vote double permettent à l'actionnaire :;D'avoir deux fois plus de droits de vote qu'avec les actions ordinaires;lot 14;;
32;63;7;7.3;C;1376;Les obligations assimilables du Trésor (OAT) :;Sont des obligations émises par l'Etat;lot 10;;
32;64;7;7.3;C;1349;Une OATi est une :;Obligation assimilable du Trésor indexée sur l'inflation;lot 10;;
32;65;7;7.3;C;1394;Une obligation à taux fixe est une obligation dont :;Le coupon est fixé dès son émission et demeure invariable pendant sa durée de vie;lot 11;;
32;66;7;7.4;C;1293;Lequel de ces instruments permet aux émetteurs de se financer sur le marché monétaire :;Les titres de créances négociables;lot 14;;
32;67;7;7.4;C;1430;Les titres de créances négociables sont émis :;Sur le marché monétaire;lot 15;;
32;68;7;7.5;C;1466;Une obligation convertible en action :;Donne à l'investisseur la possibilité de convertir ses obligations en actions;lot 11;;
32;69;7;7.6;C;1492;Qu'est-ce qu'un compte à terme ?;Un placement bancaire rémunéré dont la durée est fixée préalablement;lot 16;;
32;70;7;7.6;C;1498;La sortie d'un contrat PERP est possible:;En cas d'invalidité sévère;lot 16;Réponse dépassée;Le PERP n'est plus commercialisé depuis le 1er octobre 2020 : il est remplacé par le PER (loi PACTE). Les cas de sortie anticipée (invalidité, décès du conjoint, surendettement, fin de droits au chômage, cessation d'activité après liquidation judiciaire, et achat de la résidence principale pour l'épargne volontaire du PER) restent proches.
32;71;7;7.7;C;1711;"L'achat d'une option ""put"" conduit à :";"Verser une prime pour avoir le droit de vendre sur une période déterminée un actif sous-jacent à un prix fixé à l'émission du ""put""";lot 14;;
32;72;7;7.8;C;1562;Les fonds de capital investissement sont :;Ouverts à tous les investisseurs;nouvelle;;
32;73;7;7.8;C;1544;La constitution d'un OPCVM est soumise à l'agrément de :;L'Autorité des Marchés Financiers (AMF);nouvelle;;
32;74;7;7.9;C;1724;Les biens divers regroupent un ensemble d 'actifs atypiques tels que les diamants, le vin, les métaux rares. Ces actifs :;Constituent des placements qui peuvent être intéressants mais présentent des risques élevés notamment car ils ne sont pas standardisés et ne s 'échangent pas sur des marchés encadrés;lot 16;;
32;75;7;7.9;C;1636;La communication à caractère promotionnel sur les biens divers et les placements atypiques :;Doit présenter un contenu exact, clair et non trompeur et permettre raisonnablement de comprendre les risques afférents au placement;lot 16;;
32;76;7;7.10;C;1683;En France, les ICO peuvent faire l'objet d'un démarchage auprès du public :;Uniquement pour les offres au public de jetons ayant reçu le visa de l'AMF;lot 10;Réponse dépassée;Régime français des ICO (loi PACTE, visa AMF optionnel) remplacé par le règlement européen MiCA (applicable depuis le 30/12/2024) : pour une offre au public de crypto-actifs, un livre blanc est obligatoire et notifié à l'autorité. Réponse de la base : visa optionnel.
32;77;7;7.10;C;1671;En cas de défaut de la plateforme sur laquelle un épargnant a stocké ses crypto-monnaies, le FGDR (fonds de garantie des dépôts et de résolution) :;Ne couvre pas les pertes de l'épargnant;lot 10;;
32;78;8;8.1;C;1742;Qui est chargé de contrôler le respect par le gérant d'OPCVM des règles d'investissement et de composition de l'actif?;Le dépositaire de l'OPCVM;lot 7;;
32;79;8;8.2.1;C;1757;Que doit préciser, a minima, un mandat de gestion de portefeuille ?;Les objectifs de la gestion, les catégories d'instruments financier et les modalités d'information du mandant;lot 6;;
32;80;8;8.2.2;C;2000;"Quel est l'objectif du règlement (UE) 2016/1011, dit ""règlement Benchmark"" ?";Encadrer, au sein de l'Union européenne, la fourniture et l'utilisation d'indices de référence;lot 2;;
32;81;8;8.2.2;C;1963;La performance absolue d'un fonds sert à :;Mesurer sa performance sans relation avec un autre fonds ou un benchmark;lot 2;;
32;82;8;8.4;C;1794;Quelle règle s'applique au dirigeant d'une SICAV ?;Il ne doit absolument pas être conjointement dirigeant de l'établissement dépositaire;lot 13;;
32;83;8;8.4;C;874;Le PSI doit-il gérer les risques au niveau de chaque portefeuille individuel ?;Oui;lot 14;;
32;84;8;8.5;C;1950;Qui donne l'agrément pour qu'un fonds français dont le gestionnaire est européen devienne un FEILT (Fonds Européen d'Investissement de Long Terme) ?;L'AMF (Autorité des Marchés Financiers);lot 9;;
32;85;8;8.5;C;1852;Réglementairement, les Fonds professionnels à vocation générale sont classés parmi :;Les Fonds d'Investissement Alternatifs (FIA);lot 9;;
32;86;8;8.5;C;1986;Pour un fonds nourricier, laquelle de ces propositions est juste ?;"L'actif est investi en totalité et en permanence en parts ou actions d'un seul OPCVM, dit ""maître"" , à titre accessoire en dépôts détenus dans la limite des besoins de la gestion des flux";lot 9;;
32;87;8;8.6;C;1872;Un fonds investi uniquement dans des titres d'entreprises spécialisées dans le développement de Sources d'énergie alternatives (à l'exception de tout autre type de stratégie) est : 1. Un fonds à gestion thématique 2. Un fonds à gestion alternative 3. Un fonds à gestion indicielle;1 uniquement;lot 15;;
32;88;8;8.7;C;2551;Une entreprise engagée dans une démarche RSE (Responsabilité Sociétale de l'Entreprise) cherche à :;Concilier performance économique et performance sociale;lot 5;;
32;89;8;8.7;C;2606;"Les fonds labellisés ""Relance"" doivent établir un reporting quant à leurs obligations relatives au respect du label:";Tous les semestres;lot 5;;
32;90;8;8.7;C;1997;Les données environnementales, sociales et sociétales d'une société française sont-elles vérifiées par :;Un organisme tiers indépendant;lot 5;;
32;91;8;8.7;C;1895;"La gestion ""investissement socialement responsable"" (ISR), au-delà de la recherche du rendement, tient compte de l'impact des émetteurs :";Sur un ensemble de critères environnementaux, de société, et de gouvernance d'entreprise;lot 5;;
32;92;8;8.7;C;1953;"Qui qualifie une émission obligataire, d'obligations vertes ( ""green bonds"" ) ?";L'émetteur;lot 5;;
32;93;8;8.7;C;2463;Quel type d'entreprise peut mettre en oeuvre une démarche RSE ?;Toutes les entreprises, quelle que soit leur taille, leur statut ou leur secteur d'activité;lot 5;;
32;94;8;8.7;C;2586;En application du règlement Disclosure (Sustainable Finance Disclosure Régulation, SFDR - Règlement UE 2019/2088) les acteurs des marchés financiers :;Doivent prendre en compte l'incidence négative en matière de durabilité dans le choix de produits financiers;lot 5;;
32;95;8;8.7;C;2461;Parmi les affirmations suivantes, laquelle est vraie ?;L'indépendance du label ISR est garantie car il est accordé par des organismes certificateurs indépendants;lot 5;;
32;96;8;8.7;C;2567;Les conseillers financiers employant moins de trois personnes :;Doivent prendre en compte et intégrer les risques en matière de durabilité dans le cadre de leurs processus de conseil;lot 6;;
32;97;8;8.7;C;2539;Les agences de notation extra-financière évaluent les entreprises :;A partir de documents publics, d'entretiens avec le personnel, de questionnaires envoyés aux entreprises et de rencontres avec la direction et les syndicats, ONG, fournisseurs, clients…;lot 6;;
32;98;8;8.7;C;1930;Qu'est-ce que l'agrément ESUS en matière de finance solidaire ?;"Il signifie ""Entreprise Solidaire d'Utilité Sociale"" , seules les entreprises de l'économie sociale et solidaire sont éligibles, à condition de remplir certains critères";lot 6;;
32;99;8;8.7;C;2749;Un placement dans un fonds ISR vise :;A concilier performance financière avec impact social et environnemental;lot 6;;
32;100;8;8.7;C;2569;Les gestionnaires de Fonds d'Investissement Alternatifs (FIA) :;Doivent publier des informations sur les méthodes utilisées pour évaluer, mesurer et surveiller les caractéristiques environnementales ou sociales dans leurs rapports annuels;lot 6;;
32;101;8;8.7;C;2022;Parmi les labels suivants, lequel vise à distinguer les produits d 'épargne solidaire qui contribuent au financement d 'activités génératrices d 'utilité sociale et/ou environnementale par le biais de critères de solidarité et de transparence ?;Label Finansol;lot 6;;
32;102;8;8.7;C;2007;Les critères de notation extra financières concernent-ils tout type d'entreprises ?;OUI puisque ces critères comportent notamment des éléments de gouvernance et de RH;lot 6;;
32;103;9;9.1;C;2044;Que permet le SRD (Service à Règlement Différé) aux investisseurs ?;De régler les titres achetés ou de livrer les titres vendus en fin de mois boursier;lot 14;;
32;104;9;9.1;C;2204;"En France, le marché des actions ""Euronext Access"" est dédié :";Essentiellement aux petites et moyennes entreprises qui ne sont pas admises sur le marché réglementé;lot 14;;
32;105;9;9.2;A;2184;Lors de la préouverture de la séance de bourse (de 7h15 à 9h) :;Les ordres s'accumulent mais aucune transaction n'intervient;lot 7;;
32;106;9;9.2;A;2150;"Qu'est-ce qu'un ordre ""à la meilleure limite"" ?";Un ordre qui se transforme en ordre à cours limite avec comme limite la meilleure offre au moment où il est mis sur le marché;lot 7;;
32;107;9;9.3;C;2173;Quelles informations Euronext doit-il rendre publiques dans le cadre de la transparence post-négociation ?;En temps réel, le prix, le volume d'actions négociées et l'heure de la transaction;lot 12;;
32;108;9;9.4;C;2092;L'activité de tenue de marché sur un ou plusieurs instruments financiers admis sur une plate-forme de négociation :;Nécessite la conclusion d'un accord entre le membre de marché et le gestionnaire de la plate-forme de négociation;lot 15;;
32;109;9;9.5;C;2757;L'entité qui assure pour le compte d’entreprises d’investissement la publication de leurs transactions correspond au :;Dispositif de publication agréé;lot 10;;
32;110;10;10.1;C;2230;La fonction de teneur de compte-conservateur consiste à :;Inscrire les titres financiers sur le compte ouvert au nom de l'investisseur;lot 3;;
32;111;10;10.1;C;2228;Le TCC (teneur de compte conservateur) :;Inscrit en compte les instruments financiers au nom du bénéficiaire;lot 3;;
32;112;10;10.2;C;2236;Une fois passées les phases de négociation et de compensation, intervient la phase de :;Règlement-livraison;lot 2;;
32;113;11;11.1;C;2270;Sur les plateformes de financement participatif, les investisseurs peuvent financer des projets sous forme :;D'achat d'actions, de prêts ou de dons;lot 14;;
32;114;11;11.2;C;2279;Lors d'une OPA (Offre Publique d'Achat), l'initiateur propose aux actionnaires d'échanger leurs titres contre :;Des liquidités;lot 11;;
32;115;12;12.1;C;2311;Dans la comptabilité d'une société, le passif représente :;L'ensemble des ressources de l'entreprise, principalement : les capitaux propres, les dettes d'exploitation ou bancaires;lot 9;;
32;116;12;12.1;C;2309;A partir de quel document sont calculés les SIG - Soldes intermédiaires de gestion ?;Du compte de résultat;lot 10;;
32;117;12;12.2;C;2406;Le visa apposé par l'AMF sur l'information établie par une société dans le cas d'une introduction en bourse:;Atteste que tous les éléments nécessaires pour décider de l'acquisition de titres de la société sont bien mis à la disposition du public;lot 8;;
32;118;12;12.3;C;2418;En France, quelle est la nature du barème de l'impôt sur le revenu ?;Progressif;lot 8;;
32;119;12;12.3;C;2407;Les gains nets réalisés dans le cadre d'un PEA sont :;En cas de rachat ou de retrait après 5 ans : totalement exonérés d'impôt sur le revenu mais soumis aux prélèvements sociaux, quel que soit le montant des cessions réalisées au cours de l'année considérée;lot 9;;
32;120;12;12.4;C;2391;Les placements de trésorerie des entreprises sont généralement faits en :;Supports et titres peu risqués;lot 8;;
33;1;1;1.1;C;2669;Le collège de l’AMF est composé de 16 membres dont :;Un magistrat de la Cour des comptes, proposé par le premier président de la Cour des comptes;lot 15;;
33;2;1;1.1;C;35;L'entreprise de marché est habilitée à exercer les droits correspondant au marché réglementé uniquement quand cette qualité est reconnue par:;Ministre chargé de l'économie sur proposition de l'Autorité des Marchés Financiers (AMF);lot 16;;
33;3;1;1.2.1;C;60;Qui assure la cohérence globale de la régulation des marchés financiers en Europe ?;L'Autorité européenne des marchés financiers - ESMA;lot 1;;
33;4;1;1.2.1;C;50;L'Union européenne impose aux marchés financiers des règles communes qui portent sur :;Le fonctionnement des marchés et la protection des épargnants;lot 1;;
33;5;1;1.2.2;C;67;Quelle est la mission essentielle du Fonds Monétaire International ?;Veiller à la stabilité financière et faciliter le commerce international;lot 14;;
33;6;1;1.3;C;91;L'inscription au registre de l'ORIAS (Organisme pour le registre unique des intermédiaires en assurance, banque et finance) :;Doit être renouvelée chaque année;lot 14;;
33;7;1;1.3;C;110;Quels établissements peuvent recevoir un agrément en tant que prestataires de services d'investissement ?;Les établissements de crédit, les entreprises d'investissement et les sociétés de gestion de portefeuille;lot 14;;
33;8;1;1.3;C;323;"Le sigle CGPI signifie ""Conseiller en Gestion de Patrimoine Indépendant"" , il s 'agit :";D 'un statut qui n 'a pas d 'existence légale et ne donne aucun droit à celui qui s 'en prévaut;lot 15;;
33;9;1;1.5.1;C;169;La politique fiscale dans les pays de l'Union européenne, est du ressort :;De chaque Etat qui peut lui-même en déléguer une partie au niveau régional ou local;lot 1;;
33;10;1;1.5.1;C;143;La Banque centrale européenne :;A la personnalité juridique;lot 1;;
33;11;1;1.5.2;C;200;Le PIB mondial indicateur économique qui mesure les richesses mondiales créées est :;La somme de tous les PIB nationaux convertis en dollars;lot 14;;
33;12;1;1.5.2;C;202;Par rapport aux marchés financiers des pays développés, les marchés financiers émergents présentent globalement un niveau de risque :;Supérieur;lot 15;;
33;13;1;1.8;C;231;Sont soumis(es) à un agrément de l'AMF :;Les Organismes de Placement Collectif Immobilier (OPCI);lot 2;;
33;14;1;1.8;C;246;Parmi les produits suivants, lesquels sont des instruments financiers ?;Les titres financiers;lot 2;;
33;15;2;2.1;A;460;Le Prestataire de Services d'Investissement (PSI) doit agir d 'une manière honnête, loyale et professionnelle afin de :;Servir au mieux l 'intérêt du client et respecter l 'intégrité des marchés;lot 13;;
33;16;2;2.1;A;343;Quel est l'un des principes fondamentaux des règles de bonne conduite en matière de services d'investissement ?;Fournir à ses clients des informations claires, exactes et non trompeuses;lot 13;;
33;17;2;2.2;A;452;Un établissement financier qui exerce différentes activités, par exemple pour compte propre et pour compte de clients :;Doit instaurer des mesures permettant d'empêcher les conflits d'intérêts avec ses clients;lot 14;;
33;18;2;2.2;A;396;La politique de gestion des conflits d'intérêts appliquée par un PSI est déterminée :;Par le PSI lui-même;lot 14;;
33;19;2;2.3;A;432;Quel est le rôle du médiateur interne d'un PSI sur les dossiers de réclamation qui lui sont transmis ?;Il émet un avis après avoir examiné le dossier en droit et en équité;lot 16;;
33;20;2;2.3;A;433;Dans quel cas le médiateur de l'AMF peut-il intervenir ?;Pour les réclamations émanant des clients professionnels ou non professionnels;lot 16;;
33;21;3;3;A;517;La déclaration de soupçon d'une transaction doit être envoyée à TRACFIN (Traitement du Renseignement et Action contre les Circuits FINanciers clandestins) :;Préalablement à l'exécution de la transaction;lot 4;;
33;22;3;3;A;2576;Les PSAN (Prestataires de Service sur Actifs Numériques), une fois enregistrés auprès de l'AMF :;Doivent mettre en œuvre l’intégralité des obligations relatives à la LCB-FT et au gel des avoirs;lot 4;;
33;23;3;3;A;498;Le client bénéficiaire de la relation d'affaires :;Doit être identifié dès l'entrée en relation;lot 5;;
33;24;4;4;A;563;Le market timing est l'opération qui consiste à :;Tirer profit d'un décalage entre la valeur comptable et la valeur de marché d'un fonds;lot 13;;
33;25;4;4;A;555;La communication d'informations, avant l'annonce d'une transaction, par un émetteur coté à des investisseurs éventuels est-elle systématiquement constitutive d'un abus de marché ?;Non, s'il s'agit d'un sondage de marché dans le respect de règles contraignantes;lot 14;;
33;26;5;5.1;A;587;Sont autorisés au démarchage les produits financiers suivants :;Les parts ou actions d'OPCVM;lot 12;;
33;27;5;5.1;A;688;A qui incombe la charge de la preuve en cas de litige sur les informations relatives à une vente à distance de produit ou service financier ?;Au vendeur;lot 12;;
33;28;5;5.1;A;680;Les communications à caractère promotionnel adressées par une société de gestion de portefeuille à des investisseurs :;Sont autorisées mais doivent être clairement identifiables en tant que telles;lot 12;;
33;29;5;5.1;A;590;Lorsque la personne démarchée exerce son droit de rétractation, elle dispose d'un délai maximum de :;30 jours pour restituer toute somme et tout bien qu'elle a reçus du démarcheur;lot 12;;
33;30;5;5.2;C;652;Quelles informations la société de gestion de portefeuille doit-elle obligatoirement fournir aux clients non professionnels, en matière de gestion d'OPC ?;Les frais et commissions;lot 13;;
33;31;5;5.2;C;670;"Que contient obligatoirement la rubrique ""profil de risque et de rendement"" du DICI d'un OPCVM français ?";Un indicateur synthétique du risque et du rendement;lot 14;Réponse dépassée;Depuis le 1er janvier 2023, le DICI des OPCVM est remplacé par le DIC PRIIPs pour les investisseurs non professionnels (indicateur de risque SRI de 1 à 7 et 4 scénarios de performance). Les questions sur le DICI restent dans la base : retiens leurs réponses (remise avant souscription, échelle 1 à 7, frais…), qui valent aussi pour le DIC.
33;32;6;6.1.1;A;810;Pour les Prestataires de Services d'Investissement, sont considérés comme clients professionnels par nature :;Les sociétés de capital risque;lot 16;;
33;33;6;6.1.1;A;1165;Lors de l 'entrée en relation, un Prestataire de Services d'Investissement doit déterminer la catégorie d 'appartenance de son client. Parmi les clients suivants, lesquels entreront dans la catégorie des clients professionnels ?;Les grandes sociétés industrielles ou commerciales;lot 16;;
33;34;6;6.1.1;A;780;Les clients des prestataires de services d'investissement autre que les sociétés de gestion de portefeuille doivent-ils être informés de leur catégorisation ?;Oui, notamment car cela influence leur degré de protection;lot 16;;
33;35;6;6.1.1;A;776;Parmi les critères qu'une entreprise doit satisfaire pour être considérée comme un client professionnel, quel est le montant minimum du total du bilan ?;Un total du bilan égal ou supérieur à 20 millions d'euros;lot 17;;
33;36;6;6.1.1;A;746;Lorsqu'un prestataire de services d'investissement autre qu'une société de gestion de portefeuille constate qu'un client professionnel ou une contrepartie éligible ne remplit plus les conditions qui lui valaient d'être catégorisé comme tel :;Il doit prendre les mesures appropriées;lot 17;;
33;37;6;6.1.2;C;843;A quel organisme le secret professionnel peut-il être opposable ?;AFTI;lot 11;;
33;38;6;6.1.2;C;820;L'obligation de conservation des enregistrements par les prestataires de services d'investissement (PSI) autres que les sociétés de gestion de portefeuille en relation avec les transactions conclues concerne :;L'enregistrement des conversations téléphoniques ou des communications électroniques;lot 12;;
33;39;6;6.2;A;905;Que doit faire le PSI lorsque l'information sur un instrument financier comporte des simulations de performances passées ou y fait référence ?;Préciser que les chiffres se réfèrent à des simulations des performances passées et que les performances passées ne préjugent pas des performances futures;lot 4;;
33;40;6;6.2;A;873;Que mentionne le compte-rendu d'exécution d'un ordre adressé au client non professionnel par un PSI ?;L'identification du lieu d'exécution de cet ordre;lot 4;;
33;41;6;6.2;A;2614;Une société de gestion de portefeuille :;Doit disposer d'une politique de gestion des conflits d'intérêts écrite;lot 4;;
33;42;6;6.2;A;868;Dans quel délai, le PSI doit fournir à son client les informations essentielles concernant l'exécution d'un ordre (sauf option du client pour une périodicité particulière d'information avec le PSI) ?;Sans délai;lot 4;;
33;43;6;6.2;A;1131;Dans le cadre d'un conseil indépendant, le CIF;Ne peut pas conserver les avantages monétaires reçus d'un tiers;lot 5;;
33;44;6;6.3;A;1184;Dans le cadre d 'un conseil en investissement, avant de recommander un instrument financier à un client professionnel par nature, un Prestataire de Services d'Investissement doit recueillir des informations pour vérifier :;Que l 'instrument financier répond à ses objectifs d 'investissement y compris à sa tolérance au risque;lot 16;;
33;45;6;6.3;A;945;Comment une recommandation personnalisée doit-elle être présentée au client ?;Elle doit lui être présentée comme étant adaptée à sa situation, ou fondée sur l'examen de sa situation propre;lot 16;;
33;46;6;6.3;A;800;Le test de caractère approprié pratiqué par un Prestataire de Services d'Investissement auprès de son client est facultatif lorsqu'il porte sur :;L'exécution simple des ordres;lot 17;;
33;47;6;6.4;A;966;"Qu'impose l'obligation de ""meilleure exécution"" au PSI ?";L'obligation de mettre en œuvre tous les moyens possibles pour garantir les meilleures conditions en termes de prix, rapidité et montants;lot 15;;
33;48;6;6.4;A;1134;Parmi les propositions suivantes, laquelle peut constituer un lieu d'exécution des ordres ?;Un internalisateur systématique;lot 15;;
33;49;6;6.4;A;1185;"La politique dite de ""meilleure exécution"" concerne la sélection des marchés sur lesquels un Prestataire de Services d 'Investissement (PSI) va pouvoir exécuter les ordres de ses clients dans les meilleures conditions. Pour la réalisation de quel service d 'investissement parmi les suivants le PSI doit-il définir et appliquer cette politique ?";L 'exécution d 'ordres pour compte de tiers;lot 16;;
33;50;6;6.5;C;1020;La commission de gestion d'un OPCVM (Organisme de Placement Collectif en Valeurs Mobilières) peut comprendre une part variable liée :;A la surperformance de l'OPCVM;lot 4;;
33;51;6;6.5;C;1018;Dans le cadre de l'épargne salariale, les frais de tenue de compte sont :;Obligatoirement à la charge de l'employeur;lot 4;;
33;52;6;6.6;C;1195;Un compte d 'instruments financiers joint :;Permet à chaque personne pour laquelle le compte est ouvert de faire, séparément, toutes opérations sur ce compte d 'instruments financiers;lot 3;;
33;53;6;6.7;C;1146;La cessation de paiement est une situation où une entreprise :;Est dans l'impossibilité de faire face à son passif exigible avec son actif disponible;lot 14;;
33;54;6;6.8;C;1076;Les PSI peuvent-ils utiliser les titres appartenant à leur client ?;Oui, s'ils ont le consentement exprès des clients;lot 5;;
33;55;6;6.8;C;2613;En matière de commercialisation de produits financiers à des personnes âgées vulnérables, les mesures de vigilance renforcée peuvent prévoir :;Une procédure d'examen systématique des souscriptions, désinvestissements et arbitrages au-delà d'un âge de référence défini en interne;lot 5;;
33;56;6;6.9;C;1116;La publicité électronique sur les produits Forex, les options binaires est interdite car :;Ces produits sont complexes et il est difficile d'appréhender leurs risques;lot 9;;
33;57;7;7.1;C;2608;Qu'est-ce que le risque de durabilité ?;C'est un événement ou une situation dans le domaine environnemental, social ou de la gouvernance qui, s’il survient, pourrait avoir une incidence négative importante, réelle ou potentielle, sur la valeur de l’investissement;lot 15;;
33;58;7;7.1;C;1263;Un investisseur en euros qui acquiert une obligation libellée en dollars et qui compte la garder jusqu'à l'échéance encourt :;Des risques de change et de crédit;lot 15;;
33;59;7;7.1;C;1248;Parmi les suivants, à quel risque s'expose un investisseur qui achète une obligation et qui la garde jusqu'à échéance ?;Au risque émetteur;lot 16;;
33;60;7;7.2;C;1310;Lorsqu'une société distribue une part de ses bénéfices, la somme éventuelle revenant à chaque actionnaire s'appelle :;Un dividende;lot 15;;
33;61;7;7.2;C;1282;La volatilité d'une action est une :;Mesure statistique de son risque;lot 15;;
33;62;7;7.2;C;1722;Pour déterminer le prix auquel un investisseur peut acheter une action à un moment donné sur un marché donné, quelle information parmi les suivantes est la plus pertinente ?;Les niveaux de prix proposés par les vendeurs en attente dans le carnet d 'ordres;lot 15;;
33;63;7;7.3;C;1396;Le coupon d'une obligation est défini comme :;L'intérêt perçu par le porteur de l'obligation;lot 11;;
33;64;7;7.3;C;1393;La valeur d'une obligation à taux fixe dépend :;Du taux d'intérêt de référence et des caractéristiques propres de l'obligation;lot 11;;
33;65;7;7.3;C;1344;Une obligation ayant un profil de remboursement in fine est :;Une obligation dont le capital est remboursé en une seule fois à l'échéance;lot 12;;
33;66;7;7.4;C;1439;Les Titres de Créances Négociables (TCN) sont :;Des instruments financiers;lot 15;;
33;67;7;7.4;C;1315;Parmi les TCN, les titres négociables à court terme sont émis pour une durée maximale de :;1 an;lot 16;;
33;68;7;7.5;C;1459;Un bon de souscription donne droit à son titulaire de souscrire à un autre titre financier à un prix fixé à l'avance, pendant une période :;Donnée, déterminée par l'émetteur;lot 12;;
33;69;7;7.6;C;1472;Quelles sont les conditions de dénouement d'un contrat d'assurance vie ?;Le souscripteur a le choix entre un dénouement du contrat en rente ou en capital;lot 1;;
33;70;7;7.6;C;1489;Les livrets d'épargne populaire :;Sont réservés aux personnes ne dépassant pas un certain plafond de revenu;lot 1;;
33;71;7;7.7;C;1514;Les produits dérivés :;Sont des produits dont la valeur fluctue en fonction d'un actif appelé sous-jacent;lot 15;;
33;72;7;7.8;C;1586;Quel est le statut d'un détenteur de SICAV ?;Il est actionnaire;nouvelle;;
33;73;7;7.8;C;1603;Un FIA (fonds d'investissement alternatif) :;Est un OPC (organisme de placement collectif);nouvelle;;
33;74;7;7.9;C;1696;Les propositions publicitaires d'investissements en chevaux de courses sont-ils soumis au contrôle préalable de l'AMF ?;OUI;lot 1;;
33;75;7;7.9;C;1638;Quel est le critère principal permettant de définir un intermédiaire en bien divers ?;Les modalités de commercialisation des biens divers;lot 1;;
33;76;7;7.10;C;1650;Que peut être un actif numérique ?;Un jeton émis lors d'ICO;lot 11;;
33;77;7;7.10;C;1644;Le visa octroyé par l'AMF aux émetteurs d'une ICO (Initial Coin Offering) au public est-il ?;Optionnel;lot 11;Réponse dépassée;Régime français des ICO (loi PACTE, visa AMF optionnel) remplacé par le règlement européen MiCA (applicable depuis le 30/12/2024) : pour une offre au public de crypto-actifs, un livre blanc est obligatoire et notifié à l'autorité. Réponse de la base : visa optionnel.
33;78;8;8.1;C;1744;Une société de gestion est tenue à certaines obligations en matière d'information :;Une société de gestion a un devoir d'information et de conseil vis-à-vis de l'investisseur;lot 8;;
33;79;8;8.2.1;C;1958;Les OPC doivent respecter les règles de répartition des actifs (ratios) :;En permanence;lot 7;;
33;80;8;8.2.2;C;1778;La méthodologie utilisée par un administrateur pour déterminer un indice de référence doit être développée, utilisée et gérée de manière :;Transparente;lot 3;;
33;81;8;8.2.2;C;2001;Que mesure la volatilité ?;Elle mesure l'amplitude des variations de la valeur d'un instrument financier;lot 3;;
33;82;8;8.4;C;1944;"Le concept de ""pré-commercialisation"" des OPCVM (Organismes de Placement Collectif en Valeurs Mobilières) et FIA (Fonds d'Investissement Alternatifs) permet de :";Tester l'appétence du fonds par les investisseurs avant de le commercialiser;lot 14;;
33;83;8;8.4;C;2615;Dans la cadre de la gestion de FIA (Fonds d'investissement alternatifs), une société de gestion de portefeuille :;Doit identifier tous les conflits d'intérêts existants et potentiels susceptibles d'influencer la gestion des FIA;lot 15;;
33;84;8;8.5;C;2020;Un Fonds de placement Immobilier est un Organisme de Placement Collectif en immobilier qui doit être investi en immobilier à hauteur minimum :;De 60%;lot 10;;
33;85;8;8.5;C;1842;Quelle règle d'investissement s'applique à un fonds européen d'investissement à long terme (ELTIF) peut-il investir ?;Il doit investir au moins 70% dans des entreprises non cotées ou ayant une capitalisation boursière < 500 millions €;lot 10;;
33;86;8;8.5;C;1981;Les sommes investies dans les SEF (Sociétés d'Epargne Forestière) bénéficient d'une réduction d'impôts immédiate :;Après un engagement de l'investisseur sur durée de placement de 8 ans;lot 10;;
33;87;8;8.6;C;2030;"Une gestion est dite ""passive"" si l 'objectif du gérant consiste :";A répliquer un indice de référence comme le CAC 40 pour les actions ou l 'Euribor 3 mois pour les taux;lot 16;;
33;88;8;8.7;C;2462;Qu'est ce que la responsabilité sociétale des entreprises (RSE) ?;L'intégration volontaire par les entreprises de préoccupations sociales et environnementales à leurs activités commerciales;lot 6;;
33;89;8;8.7;C;2605;"Quelles sont les conditions que doit respecter un fonds affichant le label ""Relance"" ?";Il doit investir au moins 60% de ses actifs dans des entreprises françaises, dont au moins 20% dans des fonds propres (essentiellement en actions) de TPE et PME;lot 6;;
33;90;8;8.7;C;2748;Les sociétés de gestion sont tenues d'expliquer comment elles prennent en compte les critères ESG quand elles sélectionnent les valeurs qui figurent dans les fonds ISR qu’elles proposent :;Dans tous les cas;lot 6;;
33;91;8;8.7;C;1922;Quand un fonds investit dans des obligations vertes, qu'est-ce que cela signifie ?;Il investit dans des obligations qui servent à financer des projets à vocation écologique;lot 6;;
33;92;8;8.7;C;1914;Le label Finansol distingue :;Les produits qui respectent les critères de solidarité, de transparence et d'information;lot 6;;
33;93;8;8.7;C;2021;Une obligation verte se distingue d 'une obligation classique :;Par l 'utilisation des fonds levés par l 'émetteur au bénéfice de projets d 'investissement favorables à la transition énergétique et écologique;lot 6;;
33;94;8;8.7;C;2538;Le reporting extra-financier :;Est obligatoire en France depuis 2017 pour les grandes entreprises;lot 6;Contexte;"La DPEF a été remplacée par le « rapport de durabilité » de la directive CSRD (ordonnance de décembre 2023, premiers rapports en 2025 pour les plus grandes entreprises ; le paquet Omnibus de 2025 a reporté et réduit le champ). La définition donnée par la base reste valable."
33;95;8;8.7;C;1915;Parmi les affirmations suivantes relatives à l'épargne solidaire, laquelle est correcte ?;Ce type d'épargne investit dans des activités de lutte contre l'exclusion, de cohésion sociale ou de développement durable;lot 6;;
33;96;8;8.7;C;1929;Parmi les émissions obligataires de l'Etat français, il existe :;Des OAT vertes;lot 7;;
33;97;8;8.7;C;2791;Les critères extra-financiers :;Prennent en compte la gestion des ressources humaines;lot 7;;
33;98;8;8.7;C;2499;Quelle affirmation est vraie ?;"Les deux notions sont différentes et ne doivent pas être confondues
A. La finance solidaire inclut l'investissement socialement responsable
B. L'investissement socialement responsable inclut la finance solidaire
C. Les deux notions sont différentes et ne doivent pas être confondues";lot 7;;
33;99;8;8.7;C;2453;"Qu'est-ce que l'approche ""best-in-class"" ?";Une approche thématique, sélectionnant par secteur, les sociétés qui mettent le mieux en œuvre des pratiques de développement durable;lot 7;;
33;100;8;8.7;C;1951;Parmi ces investissements, lequel n'est pas considéré comme de la finance durable ?;Les œuvres d'art;lot 7;;
33;101;8;8.7;C;2490;La stratégie d'investissement qui consiste à privilégier les entreprises les mieux notées d'un point de vue extra-financier indépendamment de leur secteur d'activité, en privilégiant les secteurs les plus vertueux est :;L'approche Best-in-universe;lot 7;;
33;102;8;8.7;C;2476;Quel est l'objectif du Pacte vert pour l'Europe (European Green Deal) présenté par la Commission européenne en décembre 2019 ?;"ire de l'Europe le premier continent ""carbone neutre "" en 2050";lot 7;;
33;103;9;9.1;C;2675;Euronext est :;Une entreprise privée;lot 15;;
33;104;9;9.1;C;2050;Un Système Multilatéral de Négociation (SMN) a pour principale mission :;D'assurer la rencontre de multiples intérêts acheteurs et vendeurs sur des instruments financiers;lot 15;;
33;105;9;9.2;A;2126;Un ordre à la meilleure limite :;N'est assorti d'aucune indication de prix;lot 8;;
33;106;9;9.2;A;2197;"Un ordre ""jour"" :";Sera retiré du marché en cas de non-exécution dans la journée;lot 8;;
33;107;9;9.3;C;2115;L'entreprise de marché peut différer la publication des transactions sur un marché réglementé avec l'accord de :;L'AMF (Autorité des Marchés Financiers);lot 13;;
33;108;9;9.4;C;2170;Quel est le rôle principal d'un market maker ?;Il assure la liquidité des titres en proposant en permanence des prix à l'achat et à la vente;lot 16;;
33;109;9;9.5;C;2200;Quelle mission peut, entre autres, assurer un prestataire de services de communication de données ?;Gérer un système de consolidation de données boursières;lot 11;;
33;110;10;10.1;C;2229;Depuis le 1er janvier 2004, la tenue administrative de compte d'épargne salariale est déléguée à des opérateurs dédiés appelés :;TCCP (Teneurs de Comptes Conservateurs de Parts);lot 4;;
33;111;10;10.1;C;2252;L'un des rôles exercés par un dépositaire de fonds :;Est d'assurer le contrôle de la régularité des décisions de gestion prises pour le compte de l'OPC;lot 4;;
33;112;10;10.2;C;2249;Les titres financiers faisant l'objet d'une transaction sont traités par des infrastructures post-marchés. La chaîne de traitement des titres comprend plusieurs étapes. Quelles sont-elles ?;La négociation, la compensation, le règlement livraison;lot 3;;
33;113;11;11.1;C;2274;Lors de l'admission aux négociations sur un marché réglementé français, un émetteur doit rédiger un prospectus. Quelle règle doit respecter ce prospectus ?;Il doit contenir les informations permettant aux investisseurs d'évaluer le patrimoine, la situation financière, le résultat et les perspectives de l'émetteur ainsi que les droits attachés aux titres et les conditions d'émission de ces derniers;lot 15;;
33;114;11;11.2;C;2298;Parmi les opérations suivantes, laquelle constitue une opération sur titres ?;Le paiement des dividendes;lot 12;;
33;115;12;12.1;C;2331;Dans le bilan d'une société, le passif représente :;L'ensemble des ressources (capitaux propres et dettes);lot 10;;
33;116;12;12.1;C;2338;La marge commerciale :;Est la différence entre le montant des ventes de marchandises et leur coût d'achat;lot 11;;
33;117;12;12.2;C;2619;Le document d’enregistrement universel (« DEU ») des sociétés cotées est un document d'information financière :;Facultatif;lot 9;;
33;118;12;12.3;C;2408;Les droits de succession et de donation sont calculés :;Sur la part nette (après déduction des dettes) du patrimoine revenant à chaque bénéficiaire après abattements;lot 9;;
33;119;12;12.3;C;2356;Dans le cadre du Plan d'Épargne en Actions (PEA), l'exonération d'impôt sur le revenu n'est acquise que si le PEA est détenu pendant au moins :;5 ans;lot 10;;
33;120;12;12.4;C;2385;Les produits de titre à revenu fixe perçus par une société anonyme sont :;Soumis à l'impôt sur les sociétés;lot 9;;
34;1;1;1.1;C;8;Qui agrée les associations représentatives des CIF (Conseillers en Investissements Financiers) ?;L'AMF (Autorité des Marchés Financiers);lot 16;;
34;2;1;1.1;C;2628;L'AMF est une :;Autorité publique indépendante;lot 17;;
34;3;1;1.2.1;C;41;Qu'est-ce que l'AEMF (ou ESMA)?;L'autorité européenne des marchés financiers;lot 2;;
34;4;1;1.2.1;C;305;Quelle institution vote les nouvelles lois européennes?;Le Parlement européen;lot 2;;
34;5;1;1.2.2;C;299;Parmi les organisations suivantes, laquelle appartient à l'architecture internationale de la régulation financière ?;Le Comité de Bâle;lot 15;;
34;6;1;1.3;C;2672;Les sociétés de gestion de portefeuille ont un agrément délivré par :;L'AMF;lot 15;;
34;7;1;1.3;C;115;Quelle obligation est commune aux Conseillers en Investissements Financiers (CIF) et aux Conseillers en Investissements Participatifs(CIP) ?;L'immatriculation sur le registre unique prévu à l'article L512-1 du Code des Assurances (ORIAS);lot 15;Réponse dépassée;Mentionne les CIP, statut supprimé depuis le 10/11/2023 (ECSP). Le CIF reste immatriculé à l'ORIAS : la réponse « ORIAS » reste juste.
34;8;1;1.3;C;127;Pour exercer une activité d'intermédiaire en opération de banque et de service de paiement, de Conseiller en investissement financier et d'agents liés de Prestataires d'investissement, la personne doit être enregistrée auprès de;L'ORIAS (Organisme pour le registre unique des intermédiaires en assurance, banque et finance);lot 16;;
34;9;1;1.5.1;C;163;La volatilité des marchés financiers est une mesure :;De variabilité des prix et donc de risque;lot 2;;
34;10;1;1.5.1;C;172;Quel est l'un des principaux effets de l'inflation sur l'économie ?;L'érosion de l'épargne liquide des ménages;lot 2;;
34;11;1;1.5.2;C;182;On dit qu'un actif financier est volatil lorsque :;L'ampleur des variations du cours de cet actif financier est importante;lot 15;;
34;12;1;1.5.2;C;223;La diversification géographique;N'est pas toujours suffisante pour réduire le risque du portefeuille suite à une forte corrélation entre les mêmes classes d'actifs de différents pays;lot 16;;
34;13;1;1.8;C;244;Dans le cadre de quel statut, un établissement de crédit peut-il proposer le service d'investissement de gestion de portefeuille ?;Le statut de prestataire de service d'investissement (PSI);lot 3;;
34;14;1;1.8;C;234;La voie de composition administrative implique un engagement :;A verser au Trésor public une somme définie par la commission des sanctions;lot 3;;
34;15;2;2.1;A;356;Le dirigeant d'une société de gestion de portefeuille d'OPCVM peut-il exercer la fonction de responsable de la conformité et du contrôle interne?;Oui, dans ce cas il doit également être responsable du contrôle périodique et du contrôle permanent hors conformité;lot 14;;
34;16;2;2.1;A;349;Le code monétaire et financier impose aux PSI d'agir d'une manière qui :;Sert au mieux l'intérêt du client et respecte l'intégrité des marchés;lot 14;;
34;17;2;2.2;A;374;A quoi sert une liste de surveillance?;A recenser les émetteurs et les instruments financiers sur lesquels le PSI dispose d'une information privilégiée;lot 15;;
34;18;2;2.2;A;2594;Un lanceur d'alerte salarié d'une entreprise doit effectuer son signalement :;Directement aux autorités s'il y a urgence;lot 15;Contexte;Loi Waserman (2022) : le lanceur d'alerte choisit librement le signalement interne OU externe (autorité). La réponse « directement aux autorités s'il y a urgence » reste la seule juste parmi les choix.
34;19;2;2.3;A;444;Le médiateur de l'AMF, peut être saisi :;Par tout épargnant, personne physique ou morale, quel que soit le montant du préjudice;lot 17;;
34;20;2;2.3;A;409;Le traitement des réclamations adressées par les porteurs de parts ou actionnaires d'OPCVM à la société de gestion de portefeuille lorsqu'aucun service d'investissement ne leur est fourni à l'occasion de la souscription:;Est gratuit;lot 17;;
34;21;3;3;A;2577;Parmi les propositions suivantes concernant la 5ème Directive LCB-FT sur l'entrée en relation d'affaires à distance, laquelle de ces informations est juste ?;La 5ème Directive LCB-FT a allégé les mesures de vérification de l'identité des clients concernant la nature du justificatif supplémentaire d'identité.;lot 5;;
34;22;3;3;A;514;À quels clients les PSI doivent-ils appliquer des mesures de vigilance complémentaire ?;"Aux clients ""Personnes Politiquement Exposées (PPE)""";lot 5;;
34;23;3;3;A;485;Après la cessation de la relation, quelle est la durée de conservation et d'archivage des documents relatifs à l'identité du client et ses opérations ?;5 ans;lot 6;;
34;24;4;4;A;571;Le front running consiste pour un membre de marché :;A exploiter abusivement des informations ayant trait aux ordres de clients en attente d'exécution;lot 14;;
34;25;4;4;A;577;Une information privilégiée est :;Une information précise qui n'a pas été rendue publique, et qui, si elle était rendue publique, serait susceptible d'avoir une influence sensible sur le cours des instruments financiers qui lui sont liés;lot 15;;
34;26;5;5.1;A;681;Qui définit dans MIF 2, la cible d'un produit financier ?;Le producteur;lot 13;;
34;27;5;5.1;A;1026;Lorsqu'une personne démarchée pour des services bancaires ou financiers exerce son droit de rétractation :;Elle ne peut être tenue qu'au paiement du prix correspondant à l'utilisation du produit ou du service financier effectivement fourni entre la date de conclusion du contrat et celle de l'exercice du droit de rétractation;lot 13;;
34;28;5;5.1;A;593;Constitue un acte de démarchage le fait :;D'envoyer un mailing à des clients sélectionnés pour leur présenter des produits d'investissement susceptibles de répondre à leurs attentes, et qu'ils peuvent souscrire en retournant le coupon-réponse joint à la lettre;lot 13;;
34;29;5;5.1;A;710;Parmi les actions suivantes réalisées auprès d 'une petite entreprise industrielle ou commerciale en vue d 'obtenir son accord pour la prestation d 'un service d 'investissement, laquelle constitue un acte de démarchage bancaire ou financier ?;Un appel téléphonique non sollicité à destination du représentant légal;lot 13;;
34;30;5;5.2;C;2646;Le DICI est communiqué :;Aux investisseurs préalablement à la souscription;lot 14;Réponse dépassée;Depuis le 1er janvier 2023, le DICI des OPCVM est remplacé par le DIC PRIIPs pour les investisseurs non professionnels (indicateur de risque SRI de 1 à 7 et 4 scénarios de performance). Les questions sur le DICI restent dans la base : retiens leurs réponses (remise avant souscription, échelle 1 à 7, frais…), qui valent aussi pour le DIC.
34;31;5;5.2;C;650;Quels sont les produits concernés par le DICI (Document d'Information Clé pour l'Investisseur) ?;Les OPCVM (Organismes de Placement Collectif en Valeurs Mobilières);lot 15;Réponse dépassée;Depuis le 1er janvier 2023, le DICI des OPCVM est remplacé par le DIC PRIIPs pour les investisseurs non professionnels (indicateur de risque SRI de 1 à 7 et 4 scénarios de performance). Les questions sur le DICI restent dans la base : retiens leurs réponses (remise avant souscription, échelle 1 à 7, frais…), qui valent aussi pour le DIC.
34;32;6;6.1.1;A;1163;Dans le cadre de la catégorisation des clients parmi ces 3 propositions, laquelle est vraie ?;Un client peut appartenir à plusieurs catégories d 'investisseur en fonction des différents services qui lui sont proposés;lot 17;;
34;33;6;6.1.1;A;779;Quel est l'objectif de la catégorisation de la clientèle ?;Déterminer le niveau de protection dont pourra bénéficier le client;lot 1;;
34;34;6;6.1.1;A;769;Un client est classé dans la catégorie des clients professionnels par le PSI (Prestataire de Services d'Investissement), lorsqu'il :;Possède l'expérience, les connaissances et la compétence lui permettant d'évaluer correctement les risques encourus par ses décisions d'investissement;lot 1;;
34;35;6;6.1.1;A;793;Le prestataire de services d'investissement peut classer ses clients dans les catégories suivantes :;Client professionnel, client non professionnel, contrepartie éligible;lot 1;;
34;36;6;6.1.1;A;772;MIF 2 a ajouté des critères d'évaluation de l'adéquation client/conseil. Désormais, le conseiller devra examiner, en plus des critères existant auparavant :;La tolérance du client au risque;lot 1;;
34;37;6;6.1.2;C;1129;à quels organismes, notamment, le secret bancaire n'est-il pas opposable ?;Aux commissions d'enquêtes parlementaires;lot 12;;
34;38;6;6.1.2;C;247;Le commissaire aux comptes d'une société de gestion de portefeuille peut-il opposer le secret professionnel lors d'une enquête de l'Autorité des Marchés Financiers :;En aucun cas;lot 13;;
34;39;6;6.2;A;888;Quelles mentions doivent apparaître sur l'avis d'opération envoyé au client pour les souscriptions de parts ou actions d'un placement collectif ?;Le montant total des commissions et des frais facturés;lot 5;;
34;40;6;6.2;A;849;Les conseillers en investissement agissant de manière indépendante :;Ne peuvent pas recevoir des rétrocessions de commissions de la part des producteurs;lot 5;;
34;41;6;6.2;A;850;Parmi les propositions suivantes, quel instrument financier est considéré comme complexe ?;Un fonds d'investissement alternatif (FIA) à formule;lot 5;;
34;42;6;6.2;A;1153;Quelle règle s'applique sur la communication de l'agrément utilisé pour délivrer un service d'investissement ?;Il doit être déclaré au client, avec le nom de l'autorité qui l'a délivré;lot 5;;
34;43;6;6.2;A;892;Au niveau réglementaire, l'avis d'opéré lié à l'exécution d'un ordre de vente d'un instrument financier doit mentionner obligatoirement :;Le jour et l'heure de négociation de la vente;lot 6;;
34;44;6;6.3;A;952;Avant de fournir un conseil en investissement à un client non-professionnel, le Prestataire de Services d'Investissement (PSI) doit évaluer :;Ses objectifs d'investissement, sa situation financière (notamment sa capacité à subir des pertes), son expérience et ses connaissances pour appréhender les risques;lot 17;;
34;45;6;6.3;A;1154;Quelle règle s'applique lorsque les recommandations personnalisées orientent un client vers un produit illiquide ?;La recommandation doit tenir compte de la durée pendant laquelle le client est prêt à conserver le placement;lot 1;;
34;46;6;6.3;A;948;Dans le cas d'un client qui refuse de communiquer des informations sur sa situation financière, le prestataire :;Ne doit pas lui fournir le service de gestion de portefeuille pour compte de tiers;lot 1;;
34;47;6;6.4;A;1187;Un Prestataire de Services d 'Investissement (PSI) qui a déterminé une politique dite de meilleure exécution pour l 'exécution des ordres de ses clients :;Doit réexaminer cette politique de meilleure exécution a minima une fois par an;lot 16;;
34;48;6;6.4;A;979;"Un PSI (Prestataire en Services d'Investissement) est dégagé de son obligation de ""meilleure exécution"" quand :";Son client dépose une instruction spécifique;lot 16;;
34;49;6;6.4;A;961;Le PSI doit mettre en place une politique de sélection des intermédiaires. Celle-ci :;Est réexaminée tous les ans;lot 17;;
34;50;6;6.5;C;1014;Les droits de garde relatifs aux services fournis par le teneur de compte-conservateur sont :;Fixés par une convention entre le teneur de compte-conservateur et son client;lot 5;;
34;51;6;6.5;C;1007;Qui fixe la rémunération perçue par un PSI en tant qu'intermédiaire négociateur et transmetteur d'ordre ?;Le PSI lui-même;lot 5;;
34;52;6;6.6;C;1045;Le compte-titres peut prendre la forme :;D'un compte individuel, d'un compte joint ou d'un compte indivis;lot 4;;
34;53;6;6.7;C;1064;Une entreprise est en cessation des paiements :;Lorsque son actif disponible ne peut pas couvrir son passif exigible;lot 15;;
34;54;6;6.8;C;1097;Comment est déterminé le plafond du système d'indemnisation des investisseurs par le Fonds de garantie des titres ?;Par investisseur et par établissement pour l'ensemble des comptes titres ouverts dans cet établissement;lot 6;;
34;55;6;6.8;C;1090;Dans quel délai les titulaires de dépôts bancaires doivent-ils être indemnisés en cas de défaillance de la banque (dans la limite du montant garanti)?;7 jours ouvrables;lot 6;;
34;56;6;6.9;C;1110;S'agissant des Contracts For Differences (CFD), l'AMF :;Restreint la commercialisation des CFD aux clients non professionnels aux contrats présentant des limites à l'effet de levier;lot 10;;
34;57;7;7.1;C;1245;Parmi les instruments financiers, une obligation est :;Un titre de dette;lot 16;;
34;58;7;7.1;C;1704;Les instruments financiers à terme comprennent notamment :;Les contrats d 'options;lot 16;;
34;59;7;7.1;C;1233;Les instruments financiers présentent un risque de taux variable en fonction de leur nature. Parmi les instruments financiers suivants, quel est celui qui présente le risque de taux le plus élevé ?;Les obligations;lot 17;;
34;60;7;7.2;C;1685;En théorie, comment évolue le cours d'une action lors du détachement du dividende ?;Par une baisse mécanique du cours de l'action, d'un montant égal au dividende versé;lot 16;;
34;61;7;7.2;C;1286;Le dividende est :;Une part des bénéfices réalisés que la société distribue à ses actionnaires;lot 16;;
34;62;7;7.2;C;1278;La responsabilité d'un actionnaire dans la gestion de l'entreprise est engagée :;A hauteur de son apport;lot 16;;
34;63;7;7.3;C;1338;Quelle est la définition d'une obligation démembrée ?;Une obligation dont le principal et les coupons peuvent être négociés séparément;lot 12;;
34;64;7;7.3;C;1341;Pour obtenir le prix à payer pour acheter une obligation, il faut :;Ajouter au prix pied de coupon le montant du coupon couru, puis le multiplier par le nominal de l'obligation;lot 12;;
34;65;7;7.3;C;1384;Est-il possible de vendre une obligation avant son échéance ?;Oui, mais il existe alors un risque de perte en capital;lot 13;;
34;66;7;7.4;C;1415;L'Euribor 6 mois est un taux de référence du marché monétaire :;Calculé chaque jour ouvré;lot 16;;
34;67;7;7.4;C;1443;La surveillance du marché des titres de créances négociables est assurée par :;La Banque de France;lot 17;;
34;68;7;7.5;C;1464;Un bon de souscription d'actions est :;Un titre donnant accès au capital social au choix du porteur;lot 13;;
34;69;7;7.6;C;1504;Par rapport à un contrat d'assurance monosupport en euros, un contrat d'assurance multisupport :;Est plus risqué;lot 2;;
34;70;7;7.6;C;1473;Le compte à terme (CAT) est un contrat d'épargne dans lequel :;La somme épargnée est bloquée pendant toute la durée du contrat et le taux d'intérêt garanti peut être fixe ou progressif;lot 2;;
34;71;7;7.7;C;1521;Un CFD (contract for difference) est :;Un produit dérivé hautement spéculatif permettant de parier sur la hausse ou la baisse d'un actif sous-jacent;lot 16;;
34;72;7;7.8;C;1547;Un OPCVM est un :;Organisme de Placement Collectif en Valeurs Mobilières;nouvelle;;
34;73;7;7.8;C;1592;La valeur liquidative d'une part ou d'une action d'OPCVM (Organisme de Placement Collectif en Valeurs Mobilières) est calculée :;Par la société de gestion;nouvelle;;
34;74;7;7.9;C;1627;Quel peut être le statut d'un intermédiaire en biens divers ?;Un conseiller en investissements et gestion de biens immobiliers;lot 2;;
34;75;7;7.9;C;1609;"Parmi ces produits, lequel fait partie des ""biens divers"" ?";Un placement dans des bouteilles de vin;lot 2;;
34;76;7;7.10;C;1651;Dans le cadre d'une levée de fonds numérique (ICO), les jetons :;Représentent un ou plusieurs droits;lot 12;;
34;77;7;7.10;C;1665;Préalablement à toute offre au public de jetons, les émetteurs :;Peuvent solliciter un visa de l'Autorité des marchés financiers;lot 12;Réponse dépassée;Régime français des ICO (loi PACTE, visa AMF optionnel) remplacé par le règlement européen MiCA (applicable depuis le 30/12/2024) : pour une offre au public de crypto-actifs, un livre blanc est obligatoire et notifié à l'autorité. Réponse de la base : visa optionnel.
34;78;8;8.1;C;1957;Le middle-office d'une société de gestion de portefeuille doit, entre autres, assurer la fonction de :;Suivi des positions des portefeuilles des OPC;lot 9;;
34;79;8;8.2.1;C;1999;Un mandat de gestion implique-t-il une obligation de résultat ?;NON;lot 8;;
34;80;8;8.2.2;C;2031;L 'attribution de performance de fonds sur une période donnée consiste à :;Expliquer la performance de fonds sur une période donnée grâce aux comportement des marchés, le solde de performance inexpliquée étant attribué au talent des gérants;lot 4;;
34;81;8;8.2.2;C;1772;Le règlement Benchmark définit et distingue :;Les indices de référence d'importance critique et les indices de référence d'importance significative;lot 4;;
34;82;8;8.4;C;2018;Un fonds qui n 'est pas un OPCVM mais dont le gérant ne remplit pas les critères pour pouvoir faire agréer ou enregistrer l 'OPC comme Fonds d 'Investissement Alternatif est :;"Classé dans une troisième catégorie ""autres placements collectifs""";lot 15;;
34;83;8;8.4;C;1809;Que prévoit la directive UCITS V (OPCVM V - 2014/91/UE) ?;La directive UCITS V renforce la protection des actifs, la transparence et l'information aux investisseurs;lot 16;;
34;84;8;8.5;C;1817;"Un OPCVM classé dans la catégorie ""obligations et autres titres de créance"" :";Est sensible aux taux d'intérêt;lot 11;;
34;85;8;8.5;C;1864;Les fonds d'épargne salariale détenus en PEE (Plan d'épargne entreprise) peuvent prendre la forme de :;FCPE (fonds communs de placement d'entreprise) ou de SICAVAS (sociétés d'investissement à capital variable d'actionnariat salarié);lot 11;;
34;86;8;8.5;C;1862;Un organisme de titrisation peut;Faire l'objet d'une offre au public;lot 11;;
34;87;8;8.6;C;1881;Parmi les affirmations suivantes relatives aux différents types de gestion, laquelle est exacte ?;La gestion indicielle cherche à reproduire la performance d'un indice;lot 17;;
34;88;8;8.7;C;2529;"Les ""green bonds"" sont :";Des obligations qui permettent de financer des projets d'entreprises respectueux de l'environnement;lot 7;;
34;89;8;8.7;C;2532;"L'approche dite ""thématique"" repose sur une sélection :";Des entreprises présentes dans les secteurs d'activité du développement durable, à l'exclusion de tous les autres secteurs;lot 7;;
34;90;8;8.7;C;1936;"Lorsqu'un épargnant investit dans une entreprise ayant obtenu l'agrément ""ESUS"" (entreprise solidaire d'utilité sociale), :";Il bénéficie d'une fiscalité avantageuse avec des réductions d'impôts;lot 7;;
34;91;8;8.7;C;2487;L'émission d'obligations vertes :;Peut être réalisée par des entités publiques ou des entreprises;lot 7;;
34;92;8;8.7;C;2513;"Quelle loi est venue renforcer la responsabilité sociétale des entreprises (RSE) en ajoutant à l'article 1833 du code civil que les sociétés doivent prendre ""en considération les enjeux sociaux et environnementaux de son activité"" ?";La loi PACTE du 22 mai 2019;lot 7;;
34;93;8;8.7;C;2528;La notation extra-financière des acteurs économiques met en évidence :;leur niveau d'implication face aux enjeux environnementaux, sociaux et liés à leur gouvernance;lot 7;;
34;94;8;8.7;C;2473;A laquelle des trois catégories de critères ESG (Environnementaux, Sociaux et de Gouvernance), l'absence de discriminations est-elle rattachée ?;Aux critères sociaux;lot 7;;
34;95;8;8.7;C;2481;Qu'est-ce qu'une déclaration de performance extra-financière ?;Un document d'informations sur la manière dont une société cotée prend en compte les conséquences sociales et environnementales de son activité;lot 7;Contexte;"La DPEF a été remplacée par le « rapport de durabilité » de la directive CSRD (ordonnance de décembre 2023, premiers rapports en 2025 pour les plus grandes entreprises ; le paquet Omnibus de 2025 a reporté et réduit le champ). La définition donnée par la base reste valable."
34;96;8;8.7;C;2456;Qu'est-ce que la RSE ?;La traduction managériale dans les entreprises des objectifs de développement durable, en intégrant des enjeux extra-financiers à la stratégie économique;lot 8;;
34;97;8;8.7;C;2459;Parmi les affirmations suivantes, laquelle explique le mieux la différence entre l'ESG et l'ISR ?;L'ISR est une typologie d'investissement et l'ESG fait référence à certains critères permettant de réaliser ces investissements particuliers;lot 8;;
34;98;8;8.7;C;2477;Dans une gestion de portefeuille ISR, que signifie pratiquer une exclusion normative ?;Le gérant exclut les entreprises qui ne respectent pas les normes ou conventions internationales;lot 8;;
34;99;8;8.7;C;2452;Quelle est la bonne définition du greenwashing ?;Une publicité mensongère utilisant de faux arguments écologiques;lot 8;;
34;100;8;8.7;C;2511;"Dans le cadre de la prise en compte des critères ""Environnementaux, Sociaux et de Gouvernance"" (ESG), en quoi consiste l'approche ""Best-in-universe"" ?";Elle consiste à privilégier les émetteurs les mieux notés d'un point de vue extra-financier indépendamment de leur secteur d'activité, en assumant des biais sectoriels, puisque les secteurs qui sont dans l'ensemble considérés plus vertueux seront plus représentés;lot 8;;
34;101;8;8.7;C;1921;Dans le cadre d'une gestion ISR, les fonds thématiques :;Investissent dans des entreprises ou des secteurs liés au développement durable telles que les énergies renouvelables, l'eau, la santé, ou plus généralement le changement climatique;lot 8;;
34;102;8;8.7;C;2494;"La ""notation sollicitée"" désigne l'évaluation extra-financière d'entreprises réalisée par une agence de notation spécialisée, sur demande :";Des émetteurs;lot 8;;
34;103;9;9.1;C;875;Est-il permis à un prestataire de services d'investissement (PSI) de grouper les ordres de clients entre eux ou avec des transactions pour compte propre en vue de les exécuter ?;Oui sous certaines conditions;lot 16;;
34;104;9;9.1;C;2111;Les négociation des dérivés soumis à l'obligation de compensation centrale ne peuvent se faire sur :;Le système des IS (Internalisateurs Systématiques);lot 16;;
34;105;9;9.2;A;2075;A partir de quelle heure se déroule la séance de cotation en continu du marché Euronext Paris :;9h;lot 9;;
34;106;9;9.2;A;2166;"L'ordre ""au marché"" permet :";D'acheter ou de vendre sans limite de prix;lot 9;;
34;107;9;9.3;C;2084;Les gestionnaires de systèmes assurant la cotation de valeurs en continu doivent publier :;Au moins les cinq meilleures limites de prix à l'achat et à la vente sur ces valeurs;lot 14;;
34;108;9;9.4;C;2141;Le trading algorithmique est la négociation d'instruments financiers pour laquelle :;Un algorithme informatique détermine automatiquement les différents paramètres des ordres avec une intervention humaine limitée ou inexistante;lot 17;;
34;109;9;9.5;C;2152;Qui est en charge de la supervision des agences de notation ?;L'Autorité européenne des marchés financiers (AEMF);lot 12;;
34;110;10;10.1;C;2254;La fonction de tenue du registre des porteurs de titres au nominatif peut être assurée par :;L'émetteur des titres, lui-même;lot 5;;
34;111;10;10.1;C;2242;Le rôle de la chambre de compensation est :;De garantir la bonne fin des paiements et des livraisons des ordres exécutés;lot 5;;
34;112;10;10.2;C;2232;Le dépôt de garantie versé par l'adhérent d'une chambre de compensation est;Obligatoire et sa nature et son étendue sont fixées par les règles de fonctionnement de la chambre de compensation;lot 4;;
34;113;11;11.1;C;2269;Quelle est la bonne définition du service de placement non garanti ?;Rechercher des souscripteurs pour le compte d'un émetteur sans lui garantir un montant de souscription;lot 16;;
34;114;11;11.2;C;2297;Une fusion-absorption entre deux sociétés est une opération à l'issue de laquelle;Une seule société conserve une personnalité juridique, l'autre étant dissoute (absorbée);lot 13;;
34;115;12;12.1;C;2423;Pour une entreprise, que trouve-t-on, entre autres, dans les immobilisations financières ?;Les titres financiers acquis par l'entreprise pour être détenus à long terme;lot 11;;
34;116;12;12.1;C;2324;Quelle affirmation concernant la comptabilité est exacte ?;Le bilan et le compte de résultat sont regroupés dans la liasse fiscale;lot 12;;
34;117;12;12.2;C;2343;Parmi les informations périodiques indiquées ci-dessous, quelle est celle qui doit être publiée et déposée auprès de l'AMF par les émetteurs français dont les titres sont admis sur un marché réglementé ?;Un rapport financier annuel dans les quatre mois qui suivent la clôture de l'exercice;lot 10;;
34;118;12;12.3;C;2400;Le taux de la TTF (Taxe sur les Transactions Financières) sur l'acquisition d'actions françaises cotées a été modifié au 1er janvier 2017 pour atteindre un taux de :;0,3% de la valeur de la transaction concernée;lot 10;Réponse dépassée;Taux de la TTF : 0,3 % depuis 2017 (réponse de la base), porté à 0,4 % à compter du 1er avril 2025 (loi de finances 2025). Si les choix sont 0,3 / 0,5 / 0,2 %, la base attend 0,3 %.
34;119;12;12.3;C;2811;"Le dispositif ""Pinel"" prend la forme d'une réduction d'impôt sur le revenu accordée aux particuliers lorsqu'ils :";Acquièrent et mettent en location un logement neuf;lot 11;Réponse dépassée;Le dispositif Pinel a pris fin pour les acquisitions réalisées après le 31 décembre 2024. Sa définition (logement neuf mis en location) reste la bonne réponse.
34;120;12;12.4;C;2417;L'IS (Impôt sur les Sociétés) s'applique :;Aux bénéfices réalisés par l'entreprise;lot 10;;
35;1;1;1.1;C;25;Quelle autorité assure les contrôles et enquêtes relatives à la régularité des opérations effectuées sur des instruments financiers ?;L'AMF;lot 17;;
35;2;1;1.1;C;9;Quelle est la composition de l'AMF?;Un Collège, une Commission des sanctions et des commissions consultatives;lot 18;;
35;3;1;1.2.1;C;325;Parmi les autorités suivantes laquelle a un rôle de conseil de la Commission Européenne sur les lois concernant les marchés financiers, de rédaction de normes techniques pour l 'application de ces lois et de contrôle de la mise en œuvre par les Etats membre de l 'UE ?;L 'Esma (autorité européenne des marches financiers);lot 3;;
35;4;1;1.2.1;C;266;Lequel des organismes français suivants fait partie de l'ESMA (ou AEMF) ?;L'AMF;lot 3;;
35;5;1;1.2.2;C;74;De qui relève l'élaboration des standards internationaux sur les marchés de valeurs mobilières?;De l'Organisation Internationale des Commissions de Valeurs;lot 16;;
35;6;1;1.3;C;2629;L’AMF est habilitée à délivrer un agrément :;Pour les sociétés de gestion de portefeuille;lot 16;;
35;7;1;1.3;C;100;Un CIF (conseiller en investissement financier) qui fournit un service de conseil en investissement doit :;Informer ses clients si les conseils sont fournis de manière indépendante ou non;lot 16;;
35;8;1;1.3;C;267;Quelle est l'une des obligations des Conseillers en Investissements Financiers ?;Disposer de moyens techniques et de procédures adaptés à son activité;lot 17;;
35;9;1;1.5.1;C;271;Comment la BCE agit-elle sur les taux d'intérêt?;En fixant les taux d'intérêt auxquels les banques peuvent se refinancer auprès de la banque centrale;lot 3;;
35;10;1;1.5.1;C;291;Le risque systémique correspond au :;Risque de perturbation dans le système financier susceptible d'avoir de graves répercussions sur les marchés et l'économie réelle;lot 3;;
35;11;1;1.5.2;C;273;le sigle BRICS désigne :;Le Brésil, la Russie, l'Inde, la Chine, l'Afrique du sud;lot 16;;
35;12;1;1.5.2;C;222;"Qu'est-ce qui a provoqué la fameuse crise des ""subprimes"" ?";La hausse des taux directeurs de la Fed qui a alourdi les charges des emprunteurs à taux variable;lot 17;;
35;13;1;1.8;C;252;Un établissement dûment agréé :;Peut avoir le statut d'établissement de crédit et de prestataire de services d'investissements;lot 4;;
35;14;1;1.8;C;260;Parmi les sanctions suivantes, laquelle est du ressort de la Commission des sanctions de l'AMF ?;Les interdictions d'exercer;lot 4;;
35;15;2;2.1;A;264;Parmi les fonctions suivantes exercées au sein d'une société de gestion de portefeuille, laquelle nécessite une carte professionnelle délivrée par l'AMF ?;Le Responsable de la Conformité et du Contrôle Interne (RCCI);lot 15;;
35;16;2;2.1;A;237;Quelle fonction, parmi les suivantes, fait partie des fonctions dites'réglementées'?;Responsable de la conformité et du contrôle interne;lot 15;;
35;17;2;2.2;A;391;L'existence de barrières à l'information :;Impose à un PSI d'identifier et de contrôler spécifiquement les secteurs de son activité où peuvent circuler des informations privilégiées;lot 16;;
35;18;2;2.2;A;2574;En matière de gestion des conflits d'intérêts, le conseiller en investissements financiers est tenu de mettre à jour :;Régulièrement un registre consignant notamment les types de services d'investissement pour lesquels un conflit d'intérêts comportant un risque d'atteinte aux intérêts de ses clients pourrait se produire;lot 16;;
35;19;2;2.3;A;421;La médiation est un mode de :;Règlement amiable des conflits;lot 1;;
35;20;2;2.3;A;468;La procédure de réclamation :;Doit toujours être gratuite pour le client;lot 1;;
35;21;3;3;A;2596;Les assujettis définissent et mettent en place des dispositifs d’identification et d’évaluation des risques de blanchiment des capitaux et de financement du terrorisme. Lequel de ces risques ne participe pas à cette évaluation ?;Le risque de change;lot 6;;
35;22;3;3;A;505;Quelle peine maximale encourt un collaborateur d'un organisme financier qui porte son concours à une opération de blanchiment, voire qui utilise les facilités que procure l'exercice de son activité professionnelle ?;10 ans d'emprisonnement et 750.000 euros d'amende;lot 6;;
35;23;3;3;A;753;La qualification de personne exposée politiquement peut s'étendre :;Au bénéficiaire effectif;lot 7;;
35;24;4;4;A;547;Le market timing correspond :;A une opération d'arbitrage sur la valeur liquidative d'un fonds d'investissement;lot 15;;
35;25;4;4;A;573;"L'une des opérations décrites ci-après constitue une opération de ""market timing"" jugée répréhensible par l'AMF. Laquelle ?";L'opération d'arbitrage consistant à tirer profit d'un écart entre la valeur comptable d'un fonds et sa valeur de marché et qui porte atteinte à l'égalité de traitement des porteurs;lot 16;;
35;26;5;5.1;A;2644;Le distributeur d'un instrument financier obtient du producteur des informations nécessaires à la compréhension et la connaissance de l'instrument financier qu'il a l'intention de recommander ou vendre afin que la distribution soit conforme :;Aux besoins, caractéristiques et objectifs du marché cible défini;lot 14;;
35;27;5;5.1;A;662;Quelle obligation ont les personnes mandatées pour pratiquer des activités de démarchage financier ?;Les démarcheurs financiers doivent pouvoir justifier d'une assurance responsabilité civile professionnelle et posséder une carte de démarchage;lot 14;;
35;28;5;5.1;A;2691;En matière de vente à distance, le délai de rétractation est, en principe, de :;14 jours;lot 14;;
35;29;5;5.1;A;628;Quelle autorité est compétente pour prononcer des sanctions disciplinaires en cas de non-respect des règles de démarchage ?;Selon la nature du démarcheur, les sanctions peuvent être prononcées par l'AMF ou par l'ACPR;lot 14;;
35;30;5;5.2;C;649;Le document clé de l'investisseur (DICI) doit être visé par :;L'autorité des marchés financiers (AMF);lot 15;Réponse dépassée;Depuis le 1er janvier 2023, le DICI des OPCVM est remplacé par le DIC PRIIPs pour les investisseurs non professionnels (indicateur de risque SRI de 1 à 7 et 4 scénarios de performance). Les questions sur le DICI restent dans la base : retiens leurs réponses (remise avant souscription, échelle 1 à 7, frais…), qui valent aussi pour le DIC.
35;31;5;5.2;C;2694;Le DICI est obligatoire pour :;Tous les OPCVM commercialisés en Europe;lot 16;Réponse dépassée;Depuis le 1er janvier 2023, le DICI des OPCVM est remplacé par le DIC PRIIPs pour les investisseurs non professionnels (indicateur de risque SRI de 1 à 7 et 4 scénarios de performance). Les questions sur le DICI restent dans la base : retiens leurs réponses (remise avant souscription, échelle 1 à 7, frais…), qui valent aussi pour le DIC.
35;32;6;6.1.1;A;797;Le prestataire de services d'investissement doit classer ses clients en catégories. Laquelle des affirmations suivantes est correcte ?;Le client non professionnel peut, sous certaines conditions, demander à changer de catégorie;lot 1;;
35;33;6;6.1.1;A;804;Un client non-professionnel personne physique :;Renoncer à une partie de sa protection uniquement après l'évaluation adéquate de ses compétences, expériences et situation financière par le Prestataire de Services d'Investissement (PSI) concerné;lot 2;;
35;34;6;6.1.1;A;812;Les personnes physiques sont par nature des :;Clients non professionnels;lot 2;;
35;35;6;6.1.1;A;2695;Les clients qui ont le droit de demander une catégorisation différente sont :;Les clients non professionnels, les clients professionnels et les contreparties éligibles;lot 2;;
35;36;6;6.1.1;A;1161;Le Prestataire de Services d'Investissement établit et met en œuvre des politiques et des procédures appropriées et écrites permettant de classer ses clients. Dans quelle catégorie seront classés les clients particuliers personnes physiques ou encore les entreprises de petite taille ou les professions libérales ?;Clients non professionnels;lot 2;;
35;37;6;6.1.2;C;813;Un client peut avoir accès à ses informations personnelles détenues par son PSI :;A tout moment à sa demande;lot 13;;
35;38;6;6.1.2;C;824;Au sein d'une entreprise d'investissement, le secret professionnel :;Interdit la communication d'informations sauf accord du client ou circonstances particulières;lot 14;;
35;39;6;6.2;A;1141;Les Prestataires de Services d'Investissement doivent communiquer des informations :;Claires, exactes et non trompeuses, quelle que soit la catégorie du client et le type de communication;lot 6;;
35;40;6;6.2;A;1178;Dans le cadre d 'un service d 'exécution d 'ordres, un compte rendu avec les informations essentielles concernant la transaction doit être envoyé au client (professionnel ou non professionnel) :;Sans délai dès qu 'une transaction a lieu;lot 6;;
35;41;6;6.2;A;1173;Parmi les informations suivantes le concernant, laquelle doit être obligatoirement communiquée par le PSI à ses clients non professionnels, lorsqu 'il leur propose un service d 'investissement ?;La nature, la fréquence et les dates des comptes rendus concernant les performances du service à fournir par le PSI;lot 6;;
35;42;6;6.2;A;883;Lorsqu'une société de gestion de portefeuille reçoit un ordre de souscription ou de rachat de parts ou actions d'OPCVM, elle doit transmettre à l'investisseur les informations essentielles concernant l'exécution de cet ordre :;Sans délai;lot 6;;
35;43;6;6.2;A;903;Quel historique doit être mentionné dans l'indication des performances passées d'un instrument ou d'un indice financier ?;5 dernières années;lot 7;;
35;44;6;6.3;A;1033;Comment le service de conseil en investissement délivré de manière indépendante peut-il être rémunéré ?;Uniquement par le client, sous forme d'honoraires ou de commissions;lot 1;;
35;45;6;6.3;A;764;Concernant les informations recueillies sur le client, de quoi doit s'assurer le PSI ?;Que le questionnaire est compréhensible et permet d'évaluer l'adéquation des produits ou services proposés;lot 2;;
35;46;6;6.3;A;1181;Dans le cadre d 'une prestation de conseil en investissement non-indépendant, le prestataire pourra-t-il conserver d 'éventuelles rétrocessions de commission versées par les producteurs des fonds ou instruments qu 'il recommandera à son client, si ce dernier y souscrit où les achète ?;Oui mais à la condition que le client en soit informé;lot 2;;
35;47;6;6.4;A;1190;Dans le cadre d 'un service d 'exécution d 'ordres pour le compte d 'un client non professionnel, si le Prestataire de Services d 'Investissement (PSI) souhaite réaliser des transactions en dehors des marchés organisés, le PSI doit :;Obtenir un consentement exprès du client auparavant;lot 17;;
35;48;6;6.4;A;963;Dans le cadre de l'exécution des ordres des clients en dehors d'une plate-forme de négociation :;Le prestataire de services d'investissement doit obtenir le consentement préalable exprès de ses clients avant de procéder à l'exécution des ordres;lot 17;;
35;49;6;6.4;A;968;Avant de procéder à l'exécution des ordres de leurs clients en dehors d'une plate-forme de négociation, les prestataires de services d'investissement autres que les sociétés de gestion de portefeuille doivent :;Obtenir le consentement préalable exprès de leurs clients;lot 18;;
35;50;6;6.5;C;1038;Laquelle des trois caractéristiques ci-dessous la commission de surperformance doit-elle respecter en matière d'Organisme de Placement Collectif (OPC) ?;Elle peut être calculée au regard d'un indicateur de référence (benchmark);lot 6;;
35;51;6;6.5;C;851;Quelle information sur les tarifications des instruments financiers doit fournir le démarcheur au client ?;Le prix total dû ou la base de calcul permettant de le déterminer;lot 6;;
35;52;6;6.6;C;1044;La capacité civile :;Concerne les majeurs et les mineurs;lot 5;;
35;53;6;6.7;C;2715;La survenance de la cessation des paiements oblige l'entreprise en difficulté à déposer la déclaration de sa situation dans les :;45 jours de sa survenance;lot 16;;
35;54;6;6.8;C;1199;En France, la gestion de l 'ensemble des mécanismes de protection des dépôts, titres ou cautions est à la charge :;Du Fonds de garantie des dépôts et de résolution;lot 7;;
35;55;6;6.8;C;1198;En France, dans le cadre du dispositif de garantie des titres, le montant maximum de l 'indemnisation pour les pertes subies suite à l 'incapacité du Prestataire de Services d 'Investissement qui détenait les instruments financiers à les restituer, s 'élève pour un compte d'instruments financiers donné à :;70 000 €;lot 7;;
35;56;6;6.9;C;1103;La publicité, directe ou indirecte, adressée par voie électronique à des clients non professionnels relative à la fourniture de services d'investissement portant sur les contrats d'options binaires est :;Interdite;lot 11;;
35;57;7;7.1;C;1209;Existe-t-il un risque de marché sur la valeur d'une obligation ?;Oui, la revente avant l'échéance peut entraîner un gain ou une perte;lot 17;;
35;58;7;7.1;C;1684;A quoi correspond le risque de change ?;Au risque d'évolution défavorable du taux de change;lot 17;;
35;59;7;7.1;C;1252;Qu'appelle-t-on le risque encouru par un investisseur qui n'a pas réussi à vendre ses actions à cause d'une panne informatique ?;Risque opérationnel;lot 18;;
35;60;7;7.2;C;1279;La totalité des actions d'une société représente :;Le capital social de la société;lot 17;;
35;61;7;7.2;C;1323;Que représente la capitalisation boursière d'une entreprise ?;Sa valeur de marché;lot 17;;
35;62;7;7.2;C;1330;Une action de préférence se distingue d'une action ordinaire par :;Le montant du dividende ou le nombre de droits de vote;lot 17;;
35;63;7;7.3;C;1375;Les obligations à haut rendement (ou high yields bonds) :;Sont des obligations émises par des sociétés dont le risque de défaut est élevé;lot 13;;
35;64;7;7.3;C;1688;A quoi correspond la différence entre la valeur nominale et le prix d'émission d'une obligation ?;A la prime d'émission;lot 13;;
35;65;7;7.3;C;1346;Le taux de rendement actuariel d'une obligation à taux fixe est :;Le taux d'actualisation qui permet d'égaliser le prix de marché avec la somme actuelle des flux futurs;lot 14;;
35;66;7;7.4;C;1432;Dans la liste suivante, quels sont les instruments pouvant être émis pour une durée supérieure à un an ?;"Les titres négociables à moyen terme ou ""Neu MTN""";lot 17;;
35;67;7;7.4;C;2602;L'objectif de la réforme de l'EURIBOR (Euro Interbank Offered Rate) est de :;Renforcer l'intégrité et la transparence du marché en évitant les manipulations de taux;lot 18;;
35;68;7;7.5;C;1449;La rémunération de la composante obligataire d'une obligation convertible est :;Habituellement plus faible que celle dont pourrait bénéficier l'investisseur de la part d'une obligation classique;lot 14;;
35;69;7;7.6;C;1490;Le Livret d'Epargne Populaire est destiné :;Aux seuls foyers fiscaux ne dépassant pas un certain plafond d'imposition;lot 3;;
35;70;7;7.6;C;1485;Lors de la souscription d'un contrat d'assurance vie, quel choix s'offre au souscripteur ?;Le souscripteur peut opter soit pour un contrat monosupport, généralement un fonds en euros, soit pour un contrat multisupport, en unités de compte (UC) ou alliant fonds en euros et UC;lot 3;;
35;71;7;7.7;C;1523;Les cours des produits dérivés sont influencés par les cours d'un autre actif appelé :;Sous-jacent;lot 17;;
35;72;7;7.8;C;1564;Quelle directive européenne régule les sociétés civiles de placements immobiliers ?;AIFM;nouvelle;;
35;73;7;7.8;C;1571;La valeur liquidative d'un OPC (Organisme de Placement Collectif) :;Est égale à l'actif net de l'OPC divisé par le nombre de parts;lot 1;;
35;74;7;7.9;C;1629;A qui sont transmis les documents annuels établis par un gestionnaire de biens divers ?;Aux détenteurs des droits et à l'AMF;lot 3;;
35;75;7;7.9;C;2736;L'intermédiaire en biens divers doit :;Agir dans l'intérêt exclusif des investisseurs;lot 3;;
35;76;7;7.10;C;1647;Est un crypto-actif :;Le Bitcoin;lot 13;;
35;77;7;7.10;C;1676;Les PSAN (Prestataires de Services sur Actifs Numériques) commercialisant des crypto-actifs peuvent être agréés par :;L'AMF (Autorité des Marchés Financiers);lot 13;Réponse dépassée;"Le statut de PSAN (enregistrement obligatoire, agrément optionnel auprès de l'AMF) est remplacé par MiCA : les prestataires de services sur crypto-actifs (PSCA/CASP) doivent obtenir un agrément, délivré en France par l'AMF, avec passeport européen ; la période transitoire française a pris fin au plus tard le 1er juillet 2026. Réponses de la base : celles du régime PSAN."
35;78;8;8.1;C;1955;Sauf mention spécifique contraire, dans le cadre de son activité de gestion pour compte de tiers, une société de gestion a une obligation :;De moyens;lot 10;;
35;79;8;8.2.1;C;1761;Sous quelles formes sociales une SICAV peut-elle être constituée ?;Société anonyme (SA) ou société par actions simplifiée (SAS);lot 9;;
35;80;8;8.2.2;C;2017;Qu'est-ce que la volatilité ?;Une mesure des amplitudes des variations du cours d'un titre;lot 5;;
35;81;8;8.2.2;C;2723;Plus la volatilité d'un actif est élevée :;Plus l'investissement dans cet actif sera considéré comme risqué;lot 5;;
35;82;8;8.4;C;1971;Sont intégralement soumises à la directive AIFM, les sociétés de gestion qui gèrent des FIA dont les actifs dépassent un seuil de :;500 millions d'euros au total;lot 16;;
35;83;8;8.4;C;1973;Dans le cadre des liens entre la société de gestion et le dépositaire;Personne ne peut être à la fois membre de l'organe de direction de la société de gestion et membre de l'organe de direction du dépositaire;lot 17;;
35;84;8;8.5;C;2607;"Les fonds labellisés ""Relance"" s'adressent plus particulièrement aux investisseurs :";Prêts à réaliser un placement non garanti pour une partie de leur épargne, et disposant d'un horizon de placement de moyen ou de long terme;lot 12;;
35;85;8;8.5;C;1948;Les FIA (Fonds d'Investissement Alternatifs) sont :;Peuvent être des OPC (Organismes de Placement Collectif);lot 12;;
35;86;8;8.5;C;2002;Quelle est l'institution qui régule les fonds d'épargne salariale ?;L'AMF;lot 12;;
35;87;8;8.6;C;2005;A qui s'adresse la gestion alternative ?;Aux investisseurs ayant une bonne connaissance des instruments financiers;lot 1;;
35;88;8;8.7;C;1993;Les fonds thématiques sont :;Ouverts aux investisseurs institutionnels et aux investisseurs particuliers;lot 8;;
35;89;8;8.7;C;2527;Le Label ISR (Investissement Socialement Responsable) s'applique à :;Un fonds qui a développé une méthodologie d'évaluation des acteurs financiers sur la base des critères ESG, et qu'il les intègre dans sa politique d'investissement;lot 8;;
35;90;8;8.7;C;1995;Les entreprises proposant un PERCO à leurs collaborateurs ont l'obligation de créer un FCPE (Fonds commun de placement d'entreprise) :;Solidaire, investi pour au plus 10 % dans des entreprises non cotées à forte utilité sociale et sans but lucratif;lot 8;Contexte;Le PERCO n'est plus ouvert depuis le 1er octobre 2020 : il est remplacé par le PER collectif (PERECO, loi PACTE). Le principe (sommes disponibles à la retraite, sauf cas de déblocage anticipé) demeure.
35;91;8;8.7;C;2512;Le label Finansol peut être attribué à :;Un produit d'épargne;lot 8;;
35;92;8;8.7;C;1899;"En quoi consiste l'approche ""impact investing"" (investissement à impact en français) parmi les différentes stratégies d'investissement socialement responsable (ISR) ?";Elle consiste à investir dans des entreprises, souvent dans le non coté, qui cherchent à générer un impact social ou environnemental mesurable;lot 8;;
35;93;8;8.7;C;1918;Quel est le principal objectif du label ISR (Investissement Socialement Responsable) ?;Permettre aux épargnants de choisir des placements financiers responsables et durables;lot 8;;
35;94;8;8.7;C;2537;Le standard international norme ISO 26000 définit le périmètre de la RSE (responsabilité sociétale des entreprises) autour de questions centrales comme :;La gouvernance des organisations, les conditions de travail et l'environnement;lot 8;;
35;95;8;8.7;C;2524;Les fonds labellisés ISR :;Sont des placements remplissant des objectifs financiers et extra-financiers suivant les critères ESG;lot 8;;
35;96;8;8.7;C;2507;Quelle autorité est chargée de la mission spécifique de veiller à la qualité de l'information fournie par les sociétés de gestion sur leur stratégie d'investissement et leur gestion des risques liés aux effets du changement climatique ?;L'Autorité des Marchés Financiers (AMF);lot 9;;
35;97;8;8.7;C;2750;Les fonds ISR :;Font l'objet en toutes circonstances d'un DICI, comme n'importe quel autre fonds commercialisé auprès du grand public;lot 9;;
35;98;8;8.7;C;2523;Concernant la gestion ISR, qu'appelle t-on l'approche thématique ?;Celle consistant à investir dans des entreprises présentes dans les secteurs d'activité liés au développement durable (changement climatique, énergies renouvelables, eau, etc);lot 9;;
35;99;8;8.7;C;1932;Un FCP ISR (Investissement Socialement Responsable) :;Doit obligatoirement préciser dans un document les critères de sélection utilisés dans l'analyse des considérations sociales environnementales et éthiques;lot 9;;
35;100;8;8.7;C;2011;Le label Greenfin peut être attribué :;A une large palette de fonds français et originaires de pays tiers;lot 9;;
35;101;8;8.7;C;2479;Parmi ces trois stratégies d'investissement d'un OPC, laquelle correspond à une approche ISR / ESG ?;Best in Universe;lot 9;;
35;102;8;8.7;C;1935;Qu'est-ce que la notation extra financière ?;Une évaluation d'entreprise intégrant des aspects environnementaux, sociaux et de gouvernement d'entreprise;lot 9;;
35;103;9;9.1;C;2733;Un produit dérivé de gré à gré est un contrat dérivé :;Dont l'exécution a lieu en dehors d'un marché réglementé;lot 17;;
35;104;9;9.1;C;2208;Sur le marché réglementé d'Euronext Paris, le Service de Règlement Différé (SRD) permet :;De différer le paiement des titres financiers achetés, au dernier jour ouvré du mois;lot 17;;
35;105;9;9.2;A;2186;Sur le marché français, les OAT aux particuliers :;Ont en permanence un cours représentatif de l'offre et de la demande;lot 10;;
35;106;9;9.2;A;2130;Lequel de ces ordres de bourse est prioritaire sur les autres ?;L'ordre au marché;lot 10;;
35;107;9;9.3;C;2755;Les transactions pour lesquelles le LEI n'est pas obligatoire portent :;Sur les parts sociales;lot 15;;
35;108;9;9.4;C;2203;La Directive MIF2 a renforcé l 'encadrement du trading algorithmique. Les PSI réalisant du trading algorithmique doivent notamment :;Notifier les autorités compétentes, tester les algorithmes qu 'elles utilisent et leurs ordres doivent être marqués pour être identifiés par les autorités;lot 1;;
35;109;9;9.5;C;2171;Qui calcule l'indice CAC 40 ?;L'entreprise de marché Euronext Paris;lot 13;;
35;110;10;10.1;C;2224;Dans la liste ci-dessous, quelle activité fait partie des missions de la chambre de compensation ?;Assurer la protection des clients contre les risques de défaillance des contreparties;lot 6;;
35;111;10;10.1;C;2220;En France, la fonction de dépositaire central est assurée par :;Euroclear France;lot 6;;
35;112;10;10.2;C;2245;La Directive EMIR instaure entre autres :;Une obligation de compensation des dérivés de gré à gré standardisables;lot 5;;
35;113;11;11.1;C;2295;Qu'est-ce que le marché primaire ?;Le marché de l'émission de titres nouveaux;lot 17;;
35;114;11;11.2;C;2286;Laquelle des propositions suivantes ne constitue pas une modalité d'augmentation du capital social d'une société anonyme ?;La division du nominal de l'action de cette société;lot 14;;
35;115;12;12.1;C;2395;La valeur ajoutée mesure :;La richesse brute créée par l'entreprise dans le cadre de son activité;lot 12;;
35;116;12;12.1;C;2312;Lequel de ces éléments figure dans le compte de résultat?;Les charges financières;lot 13;;
35;117;12;12.2;C;2403;Sur le marché réglementé des actions, l'obligation d'information dans le cas de franchissement de seuils s'applique :;Dans le cas d'un franchissement à la hausse comme à la baisse;lot 11;;
35;118;12;12.3;C;2404;L'IFI (Impôt sur la Fortune Immobilière) est l'impôt qui remplace :;L'ISF (Impôt de Solidarité sur la Fortune);lot 11;;
35;119;12;12.3;C;2352;Sont soumises à l'impôt sur la fortune immobilière (IFI) :;Les personnes physiques ayant leur domicile fiscal en France, à raison de leurs biens et droits immobiliers situés en France ou hors de France;lot 12;;
35;120;12;12.4;C;2380;Comment sont imposés les intérêts d'un dépôt à terme perçus par une entreprise passible de l'impôt sur les sociétés (IS) ?;Ils doivent être rattachés aux résultats de l'exercice au cours duquel ils ont couru;lot 11;;
